{"params": {"3": {"alpha": 2.0}, "1": {"alpha": 0.1}, "4": {"alpha": 3.0}, "2": {"alpha": 1.0}, "0": {"alpha": 0.01}}, "best_a_choice": 0.01, "rank_test_score": {"3": 4, "1": 2, "4": 5, "2": 3, "0": 1}, "param_alpha": {"3": 2.0, "1": 0.1, "4": 3.0, "2": 1.0, "0": 0.01}, "split0_test_score": {"3": 0.7025911748, "1": 0.7070794025, "4": 0.7017176272, "2": 0.7039276632, "0": 0.7085995154}}