{"params": {"1": {"alpha": 0.1}, "3": {"alpha": 2.0}, "2": {"alpha": 1.0}, "0": {"alpha": 0.01}, "4": {"alpha": 3.0}}, "best_a_choice": 3.0, "param_alpha": {"1": 0.1, "3": 2.0, "2": 1.0, "0": 0.01, "4": 3.0}, "rank_test_score": {"1": 4, "3": 2, "2": 3, "0": 5, "4": 1}, "split0_test_score": {"1": 0.6486572573, "3": 0.6679382033, "2": 0.6634999046, "0": 0.6370913599, "4": 0.6704444021}}