{"params": {"4": {"alpha": 3.0}, "3": {"alpha": 2.0}, "0": {"alpha": 0.01}, "1": {"alpha": 0.1}, "2": {"alpha": 1.0}}, "rank_test_score": {"4": 5, "3": 4, "0": 1, "1": 2, "2": 3}, "param_alpha": {"4": 3.0, "3": 2.0, "0": 0.01, "1": 0.1, "2": 1.0}, "split0_test_score": {"4": 0.7127028465, "3": 0.7136885162, "0": 0.7181012859, "1": 0.7174821046, "2": 0.7151132417}, "best_a_choice": 0.01}