{"best_a_choice": 0.1, "split0_test_score": {"3": 0.7656322716, "0": 0.7694468816, "2": 0.7675033378, "1": 0.7694468816, "4": 0.7646137707}, "rank_test_score": {"3": 4, "0": 2, "2": 3, "1": 1, "4": 5}, "param_alpha": {"3": 2.0, "0": 0.01, "2": 1.0, "1": 0.1, "4": 3.0}, "params": {"3": {"alpha": 2.0}, "0": {"alpha": 0.01}, "2": {"alpha": 1.0}, "1": {"alpha": 0.1}, "4": {"alpha": 3.0}}}