{"params": {"4": {"alpha": 3.0}, "3": {"alpha": 2.0}, "1": {"alpha": 0.1}, "0": {"alpha": 0.01}, "2": {"alpha": 1.0}}, "param_alpha": {"4": 3.0, "3": 2.0, "1": 0.1, "0": 0.01, "2": 1.0}, "split0_test_score": {"4": 0.6725435389, "3": 0.6728213338, "1": 0.6760339263, "0": 0.6784869187, "2": 0.6734688118}, "best_a_choice": 0.01, "rank_test_score": {"4": 5, "3": 4, "1": 2, "0": 1, "2": 3}}