{"Pos_0:Pos_1_CT": 0.015743004468364144, "AtoC": -0.0020634301956923267, "Pos_0:Pos_1_GG": -0.004526416457541412, "Pos_0:Pos_1_AC": -0.03015223069320416, "Pos_0:Pos_1_GC": 0.06733421787771016, "Pos_0:Pos_1_GT": 0.0, "Pos_0:Pos_1_TT": -0.06576627825840502, "TtoG": 0.604221551862876, "Pos_0:Pos_1_GA": 0.07597379718758462, "GtoA": -0.21444863508182752, "Pos_0_C": -0.13243636272492265, "Pos_1_A": 0.0, "Pos_0_G": 0.2656467296023105, "Pos_0_A": 0.016743325654007, "GtoC": -2.142334853198051, "Pos_0:Pos_1_TA": -0.060305065676396756, "AtoG": 0.3649132210744342, "TtoA": 1.160233899021501, "GtoT": 0.6092351211531253, "Pos_0:Pos_1_CG": -0.0030997870423538176, "Pos_1_G": -0.16319598174803063, "CtoG": -2.0146159270124073, "Pos_0:Pos_1_AG": 0.0, "Pos_0:Pos_1_AA": 0.10208615622418474, "CtoA": 0.4855809635484236, "AtoT": 1.1221533958779994, "CtoT": -0.2333452572235205, "Pos_0:Pos_1_CC": 0.0, "Pos_0:Pos_1_CA": -0.062149737536195127, "Pos_0:Pos_1_AT": 0.036979826973527904, "Pos_0_T": 0.0, "Pos_0:Pos_1_TC": 0.035265420807908676, "TtoC": 0.3632083775603641, "Pos_1_C": 0.22747779620892777, "Pos_0:Pos_1_TG": 0.1333421585834586, "Pos_1_T": 0.14138056605486965}