{"best_c_choice": 1.0, "split0_test_score": {"3": 0.7629939217, "1": 0.7635177817, "2": 0.762976746, "0": 0.7602386473}, "param_penalty": {"3": "l1", "1": "l1", "2": "l1", "0": "l1"}, "rank_test_score": {"3": 2, "1": 1, "2": 3, "0": 4}, "param_C": {"3": 100.0, "1": 1.0, "2": 10.0, "0": 0.1}, "params": {"3": {"penalty": "l1", "C": 100.0}, "1": {"penalty": "l1", "C": 1.0}, "2": {"penalty": "l1", "C": 10.0}, "0": {"penalty": "l1", "C": 0.1}}}