{"best_a_choice": 0.1, "param_alpha": {"2": 1.0, "0": 0.01, "4": 3.0, "1": 0.1, "3": 2.0}, "rank_test_score": {"2": 3, "0": 2, "4": 5, "1": 1, "3": 4}, "split0_test_score": {"2": 0.744910283, "0": 0.7456631533, "4": 0.7418046929, "1": 0.7458200013, "3": 0.7433104335}, "params": {"2": {"alpha": 1.0}, "0": {"alpha": 0.01}, "4": {"alpha": 3.0}, "1": {"alpha": 0.1}, "3": {"alpha": 2.0}}}