{"Pos_7_G": 0.0, "Pos_13_G": -0.043030464452169764, "Pos_54_T": 0.125557565374488, "Pos_5_T": 0.0, "Pos_32_C": -0.12348712745697303, "Pos_55_T": 0.0, "Pos_46_T": 0.0, "Pos_12_A": 0.0, "Pos_42_A": -0.029479717706568462, "Pos_53_T": 0.0, "Pos_45_A": -0.08045103620296933, "Pos_47_G": 0.0, "Pos_24_G": 0.0, "CtoT": -0.3245003825143815, "Pos_33_C": 0.0, "Pos_26_A": 0.0, "TtoA": 0.9416310619085718, "Pos_22_A": -0.06063850147381984, "Pos_32_T": 0.0, "Pos_2_T": -0.0014546250286026708, "Pos_23_G": 0.02888661705235899, "Pos_43_C": 0.0, "Pos_43_A": -0.00846752482914922, "Pos_17_A": 0.0, "Pos_25_C": 0.0, "Pos_29_A": 0.0, "Pos_20_G": 0.05942568997175167, "Pos_23_A": 0.0, "Pos_9_C": 0.0, "Pos_3_C": -0.07580423724012907, "Pos_19_A": -0.05832823361782635, "Pos_13_C": 0.011429422713083294, "Pos_1_T": 0.0, "Pos_41_C": 0.0, "Pos_33_T": 0.05353691282323733, "TtoC": 0.30390879474445276, "Pos_45_G": -0.15576602811060383, "Pos_58_T": 0.0, "Pos_42_C": 0.0438038851406101, "Pos_18_C": -0.017592361048625618, "AtoG": 0.08691231267146798, "Pos_41_G": 0.0, "Pos_3_G": -0.08335712774969999, "Pos_56_A": 0.04952332471986525, "Pos_57_A": 0.14880612305429625, "Pos_12_C": -0.0629963260412859, "Pos_3_T": 0.025943287802101395, "Pos_9_A": 0.0, "Pos_6_A": 0.0, "Pos_20_C": 0.0, "Pos_4_C": 0.03086836989243619, "Pos_4_G": -0.13350147264375162, "Pos_48_T": 0.0, "Pos_35_A": 0.0, "Pos_11_A": 0.0, "Pos_44_C": -0.1709239616174274, "Pos_15_C": -0.08028971101615484, "Pos_36_C": 0.07754247133564429, "Pos_25_T": 0.029253714062672784, "Pos_12_G": 0.0, "Pos_33_G": -0.10031889354265157, "Pos_30_A": 0.0, "Pos_40_C": 0.0012265287785014631, "Pos_13_T": 0.0, "Pos_47_T": 0.16073172543403996, "Pos_53_G": 0.0, "Pos_37_A": 0.0, "Pos_18_A": 0.0, "Pos_59_G": 0.0, "Pos_10_G": -0.037403983090915305, "Pos_2_A": 0.0, "Pos_42_G": -0.05806788117018571, "Pos_25_G": 0.0, "Pos_21_G": 0.0, "Pos_15_A": -0.0397234244955734, "Pos_0_T": 0.0026578754200996405, "Pos_17_T": 0.0, "Pos_50_G": 0.0, "Pos_39_T": 0.04937832717935581, "Pos_23_T": 0.0, "Pos_26_T": 0.09291711409488704, "Pos_30_G": -0.15447555513691136, "CtoG": -0.5768575516547256, "Pos_8_A": -0.023229614104271643, "Pos_40_A": -0.004005572664637633, "Pos_40_T": 0.0, "Pos_15_T": 0.05910230312170596, "Pos_17_C": 0.015091210354148512, "Pos_59_T": 0.0, "Pos_23_C": -0.037889706191264166, "Pos_19_G": 0.0, "Pos_52_G": 0.0, "Pos_58_G": 0.11931327215127709, "Pos_34_A": 0.0, "Pos_53_A": 0.02576740911793199, "Pos_28_T": 0.05586863022556633, "Pos_41_T": 0.0, "CtoA": 0.0, "Pos_9_G": 0.0, "Pos_17_G": 0.0, "Pos_5_G": 0.10408555400934219, "Pos_32_A": 0.005451806522959908, "Pos_15_G": 0.0, "Pos_34_T": -0.049463262438730365, "Pos_35_C": 0.0, "Pos_30_T": 0.0, "Pos_40_G": 0.0, "Pos_31_G": -0.047442750928152956, "Pos_56_G": 0.0, "Pos_29_C": -0.09962056434096568, "Pos_56_C": -0.1007854647204191, "Pos_6_T": 0.07458412140308726, "Pos_34_C": -0.04414199366976702, "Pos_31_T": 0.017421664717278813, "Pos_28_G": 0.0, "Pos_29_T": 0.0, "Pos_5_A": -0.10387164297209918, "Pos_2_G": 0.07426523043502319, "Pos_48_C": 0.01933158308796573, "Pos_46_C": 0.0, "Pos_8_G": 0.0, "Pos_16_G": 0.0, "Pos_26_C": -0.0018230161892150059, "Pos_14_C": 0.0, "Pos_51_T": 0.0, "AtoT": 0.7018328370432018, "Pos_49_G": 0.0038056811906098473, "Pos_51_C": 0.0, "Pos_1_C": 0.0366203650535743, "Pos_57_T": 0.0, "Pos_52_A": 0.0, "Pos_10_A": -0.026003013461478933, "Pos_14_T": 0.0, "Pos_58_A": 0.0, "Pos_27_T": 0.12042222346618842, "TtoG": 0.0, "Pos_37_T": -0.016237252180931427, "GtoC": -0.8071454431232487, "Pos_7_T": 0.05560331240226872, "Pos_50_A": 0.08870392990618588, "Pos_25_A": -0.026251575489082957, "Pos_47_C": -0.09092159580057665, "Pos_46_G": 0.042427692354830286, "Pos_11_T": -0.05305261014506906, "Pos_32_G": -0.06168194549831623, "Pos_4_A": -0.06548660112272814, "AtoC": 0.0, "Pos_29_G": 0.26259739212951544, "Pos_2_C": 0.0, "Pos_22_T": 0.08611013585806486, "Pos_36_G": -0.004831266792191459, "Pos_52_T": 0.0, "Pos_55_C": 0.021327565204414773, "Pos_54_G": 0.0, "Pos_8_T": 0.02460664589032158, "Pos_55_A": -0.009928192851674816, "Pos_48_G": 0.0, "Pos_28_C": -0.04825149115636007, "Pos_49_C": 0.0, "Pos_31_A": 0.0, "Pos_28_A": 0.0, "Pos_0_A": 0.0, "Pos_33_A": 0.0, "Pos_46_A": -0.10322933780728293, "Pos_24_A": -0.03044365164953278, "Pos_22_C": 0.0, "Pos_27_G": 0.0, "Pos_54_A": 0.0, "Pos_27_C": -0.0074628324852829015, "Pos_39_A": 0.0, "Pos_38_G": 0.0, "Pos_53_C": -0.05327609166618388, "Pos_35_T": 0.0, "Pos_20_T": 0.0, "Pos_7_C": 0.0, "Pos_44_A": 0.0066121372768000964, "Pos_44_G": -0.06389789835849392, "Pos_54_C": -0.012988885917780017, "Pos_43_G": 0.02505796110678249, "Pos_10_C": 0.0, "Pos_30_C": 0.041322007926368566, "Pos_7_A": 0.0, "Pos_45_C": 0.0, "Pos_50_T": -0.006923781788140219, "Pos_16_T": 0.07918370610760844, "Pos_34_G": 0.04120220304992751, "Pos_21_C": 0.0, "Pos_19_T": 0.0, "Pos_0_G": -0.029262931340492175, "Pos_39_G": 0.0, "Pos_41_A": 0.06792264276108416, "Pos_21_A": -0.00988186145967145, "Pos_57_C": 0.0, "Pos_59_C": -0.056346978888565935, "Pos_44_T": 0.06825289201049016, "Pos_52_C": 0.0, "Pos_50_C": 0.0, "Pos_8_C": 0.0, "Pos_6_G": -0.08059568672551143, "Pos_43_T": -0.06567575670277188, "Pos_37_C": 0.0, "Pos_18_T": 0.0252259515261607, "Pos_39_C": 0.0, "Pos_36_T": 0.0, "Pos_1_A": 0.0, "Pos_42_T": 0.0, "GtoT": 0.1360486751962581, "Pos_37_G": 0.061182659708947165, "Pos_38_T": 0.0, "Pos_58_C": 0.0, "Pos_51_G": 0.0, "Pos_14_G": 0.09555802298411528, "Pos_57_G": -0.06765748708996928, "Pos_45_T": 0.10927057487287102, "Pos_12_T": 0.09875118883158536, "Pos_31_C": 0.0, "Pos_51_A": 0.019882822434762075, "Pos_59_A": 0.0, "Pos_6_C": -0.0771189389162367, "Pos_47_A": 0.0, "Pos_11_G": 0.1340772901776481, "Pos_4_T": 0.00880791024186091, "Pos_55_G": 0.0, "Pos_10_T": 0.014914373009771149, "Pos_35_G": 0.0, "Pos_19_C": 0.047126488294146805, "Pos_21_T": 0.1534688624244092, "Pos_0_C": 0.0, "Pos_20_A": -0.05702568665003924, "Pos_18_G": 0.0, "Pos_49_T": 0.0, "Pos_16_C": 0.0, "Pos_48_A": -0.01525264609485013, "Pos_38_C": -0.12162045256470218, "Pos_14_A": -0.02919546075625273, "Pos_56_T": 0.0, "GtoA": -0.3760339042655297, "Pos_5_C": -0.13739826159543053, "Pos_9_T": 0.09882332858841836, "Pos_36_A": -0.01107967371245985, "Pos_49_A": -0.04768914650081443, "Pos_13_A": -0.03224636899111429, "Pos_24_T": 0.03616798924364916, "Pos_22_G": -0.04971660047863452, "Pos_16_A": 0.0, "Pos_3_A": 0.0, "Pos_24_C": 0.0, "Pos_1_G": -0.010700485211962802, "Pos_26_G": 0.0, "Pos_27_A": 0.0, "Pos_38_A": 0.02058067189681205, "Pos_11_C": 0.0}