{"best_a_choice": 3.0, "param_alpha": {"0": 0.01, "2": 1.0, "3": 2.0, "4": 3.0, "1": 0.1}, "split0_test_score": {"0": 0.6668021157, "2": 0.6710680771, "3": 0.6711956406, "4": 0.6713497513, "1": 0.6696228136}, "params": {"0": {"alpha": 0.01}, "2": {"alpha": 1.0}, "3": {"alpha": 2.0}, "4": {"alpha": 3.0}, "1": {"alpha": 0.1}}, "rank_test_score": {"0": 5, "2": 3, "3": 2, "4": 1, "1": 4}}