{"TtoG": 0.47220811419664166, "AtoC": -0.018150991249388966, "CtoT": -0.2837677932253311, "AtoT": 0.9612163248838838, "GtoC": -1.251019481686651, "CtoA": 0.35373674927332244, "AtoG": 0.39896274919667857, "TtoA": 1.0329929499567934, "TtoC": 0.5587930159971259, "GtoA": -0.43889239426411114, "GtoT": 0.14391956161758837, "CtoG": -1.5163755134296635}