{"TtoC": 0.1280161948337918, "Pos_1:Pos_3_GT": 0.04855172585185767, "Pos_3_C": 0.0, "Pos_1:Pos_3_TT": 0.0, "Pos_2_G": -0.05686639033906169, "CtoT": -0.38939202617622604, "TtoG": 0.0076736320830871705, "Pos_0:Pos_1_AG": 0.023361434973224657, "Pos_0:Pos_2_TC": 0.01418300059391062, "Pos_0:Pos_3_AT": 0.0, "Pos_2:Pos_3_AA": 0.0, "Pos_1:Pos_2_GC": 0.15164327626153215, "Pos_0:Pos_2_GG": 0.0, "Pos_0:Pos_3_CT": 0.0, "Pos_0:Pos_2_AT": 0.0, "Pos_1_T": 0.0, "AtoC": -0.018297468570959458, "Pos_1:Pos_2_AT": -0.009980325471983546, "Pos_0:Pos_3_AA": 0.0, "GtoA": -0.3535160407170963, "Pos_1:Pos_2_TG": 0.0, "Pos_0:Pos_3_TC": 0.038484361610238785, "Pos_2:Pos_3_AG": 0.15291123348393362, "Pos_1:Pos_3_TA": 0.0, "Pos_0:Pos_2_CG": 0.03129457010941953, "Pos_1:Pos_3_AC": 0.0, "Pos_2_T": 0.15130832504088682, "Pos_0:Pos_1_CC": 0.02816212579195495, "Pos_0:Pos_1_TA": 0.0, "Pos_2:Pos_3_GT": 0.0, "Pos_0:Pos_2_AG": -0.06837077119659607, "Pos_0:Pos_1_CG": -0.5131367479139741, "Pos_2:Pos_3_TT": 0.05301572783729445, "Pos_2:Pos_3_CA": 0.1921468210841465, "Pos_1:Pos_2_GG": 0.0, "Pos_0:Pos_2_TA": 0.0, "Pos_2:Pos_3_CT": 0.0, "Pos_1_A": 0.001169945381170171, "Pos_0:Pos_2_GC": 0.0, "Pos_1:Pos_2_AC": 0.0183293212341096, "Pos_1:Pos_3_GC": 0.0, "Pos_0_A": 0.0, "Pos_0:Pos_2_CC": 0.0, "Pos_2:Pos_3_TA": 0.0, "Pos_1:Pos_3_GG": 0.0, "Pos_2_C": 0.0, "Pos_0:Pos_3_TG": 0.0, "GtoT": 0.1604432371583013, "AtoT": 0.9768063861342665, "Pos_0:Pos_3_AC": 0.08323920494879901, "Pos_1:Pos_2_AA": 0.08688627291289858, "Pos_0:Pos_3_CG": 0.0, "Pos_1:Pos_2_CG": 0.0, "Pos_1:Pos_2_GT": 0.0, "Pos_0:Pos_1_GC": 0.0, "TtoA": 0.887725996237577, "Pos_1_C": -0.2565237392851049, "Pos_0:Pos_3_CA": 0.0, "Pos_0:Pos_2_GA": 0.0, "Pos_0:Pos_1_AA": 0.0, "Pos_0:Pos_3_TT": 0.0, "Pos_1:Pos_2_CA": 0.0, "Pos_1:Pos_3_CA": 0.0, "Pos_2_A": 0.0, "Pos_1:Pos_2_CC": 0.0, "Pos_0:Pos_1_CT": 0.0, "Pos_2:Pos_3_AC": -0.015894504349651242, "Pos_0:Pos_2_TT": 0.01593597193112665, "Pos_0:Pos_1_GT": 0.0, "Pos_0:Pos_3_GA": 0.0, "Pos_1:Pos_3_CT": -0.009393941393657118, "Pos_0:Pos_1_CA": 0.044682174669249085, "GtoC": -1.087202165404713, "Pos_3_G": 0.0, "Pos_0:Pos_1_GG": 0.0, "Pos_0:Pos_3_TA": 0.0, "Pos_1:Pos_2_CT": 0.0728164469667892, "Pos_3_A": 0.0, "Pos_1:Pos_3_AT": 0.0, "Pos_1:Pos_3_TC": 0.0, "Pos_0:Pos_1_GA": 0.0, "Pos_1:Pos_3_TG": 0.0, "Pos_1:Pos_2_TC": 0.0, "Pos_0:Pos_1_AT": 0.0, "Pos_0:Pos_1_AC": 0.0, "Pos_0_C": 0.0, "Pos_1:Pos_2_TA": -0.0651881379511765, "Pos_2:Pos_3_GC": 0.0, "Pos_0:Pos_2_CA": -0.023027454587723185, "Pos_2:Pos_3_AT": 0.0, "Pos_0:Pos_3_GC": 0.0, "Pos_0:Pos_2_AC": 0.0, "Pos_0:Pos_3_AG": 0.0, "Pos_1:Pos_2_AG": 0.0, "Pos_0:Pos_3_GT": -0.010354348673976598, "Pos_1:Pos_3_AG": 0.0, "Pos_1:Pos_3_CC": 0.0, "Pos_0:Pos_3_GG": 0.0, "Pos_2:Pos_3_TC": 0.135882319027576, "Pos_1:Pos_3_CG": 0.04704061554873776, "Pos_2:Pos_3_CG": 0.0, "Pos_0:Pos_1_TT": 0.0, "Pos_0:Pos_2_TG": 0.0, "Pos_0:Pos_1_TG": 0.02376772261895653, "Pos_1:Pos_2_GA": 0.0, "Pos_2:Pos_3_GG": 0.016977039290112062, "Pos_0_T": 0.059483401748216945, "Pos_1:Pos_2_TT": 0.0, "Pos_0_G": -0.0639751104117966, "CtoA": 0.06541715802855183, "Pos_0:Pos_3_CC": 0.0, "Pos_0:Pos_2_GT": -0.0286047719682372, "Pos_1:Pos_3_GA": 0.0, "AtoG": 0.16219963474518836, "Pos_2:Pos_3_GA": -0.08007648839430115, "Pos_1_G": 0.21918494731152213, "Pos_2:Pos_3_TG": -0.03209710742056862, "Pos_3_T": 0.0, "Pos_0:Pos_2_CT": 0.0, "CtoG": -0.9537028389079886, "Pos_0:Pos_1_TC": 0.0, "Pos_2:Pos_3_CC": 0.16065057665297353, "Pos_0:Pos_2_AA": 0.0, "Pos_1:Pos_3_AA": 0.0}