{"Pos_0_C": -0.11364291080227676, "Pos_0:Pos_1_TG": 0.0, "Pos_0:Pos_1_CG": -0.06497784076400205, "Pos_0:Pos_1_TA": -0.11918601042578668, "Pos_0:Pos_1_AA": 0.0, "Pos_0:Pos_1_CA": -0.02547679387838559, "Pos_1_C": 0.0, "AtoG": 0.006760412492740573, "TtoA": 0.45198217581708977, "AtoT": 0.39680977574204146, "Pos_0:Pos_1_CC": 0.0, "Pos_0:Pos_1_TT": 0.0, "GC_feature": -0.13491627510299536, "Pos_0:Pos_1_GA": -0.015782162228622474, "GtoC": -0.6503589227933048, "AtoC": -0.09602718203831298, "Pos_0:Pos_1_AT": -0.06678765267050218, "Pos_0:Pos_1_GC": 0.09758872471967832, "Pos_0:Pos_1_GT": 0.025066491850494182, "Pos_0:Pos_1_AC": 0.014487576500750091, "Pos_0_G": 0.1707238969175151, "Pos_0:Pos_1_TC": 0.0, "CtoA": -0.04979116254684899, "GtoA": -0.4579369118958692, "Pos_0:Pos_1_AG": -0.0024461147848980655, "Pos_0_T": 0.0, "Pos_0:Pos_1_GG": 0.0, "Pos_1_A": -0.016826245579602963, "Pos_1_T": 0.04875807372354168, "CtoG": -0.6645974249908211, "TtoC": 0.018868836023659904, "TtoG": 0.0, "Pos_0_A": 0.0, "Pos_0:Pos_1_CT": 0.007801492494929974, "CtoT": -0.43874638275523126, "GtoT": 0.018257252986930712, "Pos_1_G": -0.22323295833749565}