{"best_a_choice": 0.1, "params": {"3": {"alpha": 2.0}, "0": {"alpha": 0.01}, "1": {"alpha": 0.1}, "2": {"alpha": 1.0}, "4": {"alpha": 3.0}}, "rank_test_score": {"3": 4, "0": 2, "1": 1, "2": 3, "4": 5}, "param_alpha": {"3": 2.0, "0": 0.01, "1": 0.1, "2": 1.0, "4": 3.0}, "split0_test_score": {"3": 0.7625920275, "0": 0.7654491703, "1": 0.765472058, "2": 0.7642170513, "4": 0.7609403014}}