{"Pos_0:Pos_4_TA": 0.0, "Pos_4:Pos_5_CT": 0.0, "Pos_2:Pos_5_GA": 0.0, "Pos_1:Pos_3_GC": 0.0, "Pos_2:Pos_5_AC": -1.7609542590045783e-05, "Pos_1:Pos_4_TT": 0.03426165206972708, "Pos_3:Pos_4_TG": 0.0, "Pos_0:Pos_3_TA": 0.0, "Pos_0:Pos_5_AC": 0.0, "Pos_3:Pos_4_GC": 0.0, "Pos_4_A": 0.0, "GtoA": -0.5056540488915798, "Pos_3:Pos_5_GA": 0.0, "Pos_3_A": 0.0, "Pos_5_A": 0.11373199394116484, "Pos_2:Pos_4_AC": -0.02964467363876009, "Pos_0:Pos_1_TG": 0.0, "Pos_5_T": 0.0, "Pos_5_G": 0.0, "Pos_0:Pos_5_AT": 0.09398507461819568, "Pos_2:Pos_5_GG": 0.0, "Pos_1:Pos_4_AT": 0.0, "Pos_1:Pos_4_CG": 0.0, "Pos_1:Pos_2_TT": 0.0, "Pos_3:Pos_4_TC": 0.0351734452452895, "Pos_1:Pos_5_TG": 0.0, "Pos_0_A": 0.0, "Pos_3:Pos_4_GG": 0.002337371322649986, "Pos_1:Pos_5_TC": 0.0, "Pos_3:Pos_5_TG": 0.05047698079731481, "Pos_2:Pos_3_GA": 0.0, "Pos_1:Pos_5_CC": 0.0, "Pos_4:Pos_5_GT": 0.0, "Pos_3:Pos_5_AC": 0.0, "Pos_0:Pos_1_AC": 0.0, "Pos_1:Pos_3_AG": 0.0, "Pos_1:Pos_3_TT": 0.0, "Pos_2:Pos_5_AA": 0.0, "Pos_3:Pos_5_AT": -0.042776875006802315, "Pos_2:Pos_3_GG": 0.0, "Pos_3:Pos_4_GT": 0.0, "Pos_1:Pos_3_TC": 0.0, "Pos_1:Pos_5_TT": 0.0, "Pos_0:Pos_2_GA": -0.004374063022195735, "Pos_2:Pos_5_TG": 0.0, "Pos_1:Pos_2_GA": -0.08733870031597793, "Pos_0:Pos_1_AT": 0.037643881908886095, "Pos_3:Pos_5_CC": 0.0, "TtoG": 0.08793167082940884, "Pos_0:Pos_5_TA": 0.0, "CtoG": -1.2585557409794281, "AtoT": 0.765105073940731, "Pos_2:Pos_4_TT": 0.0, "Pos_0:Pos_1_CC": 0.0, "Pos_1:Pos_5_AC": 0.0, "Pos_1:Pos_4_TG": 0.0, "Pos_2:Pos_5_CA": 0.0, "Pos_2:Pos_4_AT": 0.0, "Pos_0:Pos_5_GC": 0.0, "Pos_2:Pos_5_AT": 0.04896426518962971, "Pos_0:Pos_4_CA": 0.0, "Pos_0:Pos_1_AA": 0.0, "Pos_1:Pos_5_GT": 0.0, "Pos_1:Pos_2_CA": 0.019018515161022147, "Pos_0:Pos_2_AG": 0.0, "Pos_0:Pos_4_GT": 0.0, "Pos_0:Pos_1_GT": 0.0, "Pos_1:Pos_4_GT": 0.0, "Pos_1:Pos_3_CC": 0.0, "Pos_1:Pos_3_TG": -0.09833337318136501, "Pos_2:Pos_4_GC": 0.0584272941782586, "Pos_0:Pos_1_CG": 0.0, "Pos_2_A": 0.0, "GtoT": 0.1604313456657799, "Pos_0:Pos_2_AC": 0.0, "Pos_0:Pos_5_AA": 0.0, "Pos_1:Pos_2_CG": -0.11072832617469655, "Pos_3:Pos_4_CG": -0.009289830175089185, "Pos_0:Pos_3_GA": 0.0, "Pos_4:Pos_5_GC": 0.0, "Pos_1:Pos_3_TA": 0.0, "Pos_0:Pos_4_CT": 0.0, "Pos_2:Pos_4_TA": 0.0, "Pos_3:Pos_4_CT": 0.0972632768775385, "Pos_1:Pos_3_AT": 0.21356314311699753, "Pos_2:Pos_3_TC": 0.0, "Pos_0:Pos_3_AA": 0.0, "Pos_2:Pos_4_TG": 0.005792566024717517, "Pos_1:Pos_4_AA": 0.0, "Pos_2:Pos_4_CT": 0.0, "Pos_0_G": 0.0, "Pos_1:Pos_4_AC": 0.0, "Pos_0:Pos_2_AT": 0.0009680044300504912, "Pos_4:Pos_5_AA": 0.06225405361999569, "Pos_2:Pos_4_TC": -0.09859156935720088, "Pos_0:Pos_3_CA": 0.0, "Pos_0_C": -0.018921890841047374, "Pos_1:Pos_4_CT": 0.0, "Pos_0:Pos_4_TT": 0.0048145645563865015, "Pos_3:Pos_4_GA": -0.24934325200674085, "Pos_2:Pos_5_CC": 0.0, "Pos_2:Pos_5_CG": 0.0, "Pos_2:Pos_4_GA": 0.0, "Pos_2:Pos_5_GC": 0.13502341614340907, "Pos_1:Pos_4_TA": 0.0, "TtoC": 0.011117854812527882, "Pos_1:Pos_4_CC": -0.042841148879721805, "Pos_3:Pos_4_AA": 0.0, "Pos_3:Pos_5_AA": 0.0, "Pos_2:Pos_4_CG": -0.013746458304404225, "Pos_0:Pos_5_TC": 0.0010852139031300608, "Pos_3:Pos_5_TT": -0.05435214951883805, "Pos_4:Pos_5_TA": 0.0, "Pos_1:Pos_5_GG": 0.0, "Pos_0:Pos_3_TT": 0.0, "Pos_2:Pos_3_TG": 0.0, "Pos_0:Pos_1_GG": -0.04690879406995015, "Pos_1:Pos_2_GG": 0.0, "Pos_4:Pos_5_AT": 0.0, "Pos_1:Pos_3_GA": 0.050866437701656705, "Pos_0:Pos_2_GC": 0.0, "Pos_0:Pos_2_TA": 0.024213123207185216, "Pos_0:Pos_4_AC": 0.058391903319373724, "Pos_2:Pos_5_GT": 0.0, "Pos_0:Pos_3_GT": -0.022259257537846452, "Pos_1:Pos_5_CA": 0.0, "Pos_1:Pos_5_CT": 0.0, "Pos_0:Pos_4_AA": 0.0, "Pos_5_C": 0.0, "Pos_0:Pos_1_TC": 0.02890899524563852, "Pos_2_G": 0.08916215023761398, "Pos_1:Pos_3_CT": 0.0, "Pos_4:Pos_5_TT": 0.13315874586634938, "Pos_1:Pos_4_TC": 0.0, "Pos_1_G": -0.11152787064450423, "Pos_1_A": 0.0, "Pos_0:Pos_4_CC": 0.0, "Pos_0:Pos_4_CG": 0.0, "CtoA": 0.0, "Pos_0:Pos_1_GC": -0.02688742958846407, "Pos_2:Pos_5_AG": 0.0, "Pos_0:Pos_2_TG": 0.0, "Pos_1:Pos_3_GT": 0.0, "Pos_3:Pos_5_CG": 0.0, "Pos_4:Pos_5_AG": 0.0, "Pos_1:Pos_2_CC": 0.0, "Pos_3_T": 0.0, "Pos_0:Pos_3_TC": 0.17757916213372313, "Pos_4:Pos_5_GA": 0.08784586794855102, "Pos_0:Pos_4_GA": 0.1198396177526719, "Pos_0:Pos_1_CT": 0.0, "Pos_1:Pos_3_GG": 0.0, "Pos_1:Pos_3_CA": 0.0, "Pos_3:Pos_4_AC": 0.0, "Pos_2:Pos_3_CA": 0.0, "Pos_3:Pos_5_GC": 0.0, "Pos_3_G": -0.0035654786651629095, "Pos_0:Pos_4_GC": 0.0, "Pos_2:Pos_5_TA": 0.0, "Pos_1:Pos_2_AA": 0.025010790133490328, "Pos_0:Pos_1_TT": 0.0, "Pos_2:Pos_3_CG": 0.0, "Pos_0:Pos_5_CG": 0.0, "Pos_3:Pos_4_AT": -0.0025131590118045843, "Pos_0:Pos_3_GC": 0.0, "Pos_2:Pos_3_AT": 0.0, "Pos_1:Pos_2_GC": 0.0, "Pos_0:Pos_5_CT": 0.0, "Pos_0_T": 0.14396228067461422, "Pos_1_C": 0.0, "Pos_0:Pos_2_AA": 0.0, "Pos_0:Pos_4_TG": 0.0, "Pos_1:Pos_5_TA": 0.0, "Pos_3:Pos_5_GG": 0.0, "Pos_3:Pos_5_CT": 0.013270968156138655, "Pos_1_T": 0.12132936202365854, "Pos_1:Pos_5_AG": 0.06197826847948902, "Pos_0:Pos_2_CG": 0.0, "Pos_0:Pos_2_CC": 0.0, "Pos_2_C": -0.21804989665509744, "Pos_1:Pos_3_CG": 0.01651110959442039, "Pos_3:Pos_4_TA": 0.0, "Pos_0:Pos_3_TG": 0.0, "Pos_0:Pos_5_TG": 0.0, "Pos_2:Pos_4_CA": -0.04263787445490976, "Pos_1:Pos_5_AT": 0.0, "Pos_2:Pos_3_AC": 0.0, "Pos_0:Pos_5_TT": 0.0, "Pos_1:Pos_3_AA": 0.0, "Pos_1:Pos_4_AG": 0.0, "Pos_1:Pos_5_GA": 0.0, "Pos_2:Pos_3_AA": 0.10686236416795496, "Pos_4_C": 0.0, "Pos_1:Pos_4_GA": 0.0, "Pos_0:Pos_3_CT": 0.0, "Pos_1:Pos_2_TA": 0.0, "Pos_0:Pos_1_GA": 0.02981813761943867, "Pos_4:Pos_5_TG": 0.0, "GtoC": -1.106198278520358, "Pos_2:Pos_3_GC": 0.08344931801921004, "Pos_3_C": 0.0, "Pos_1:Pos_5_AA": 0.02734932110264262, "Pos_2:Pos_5_CT": 0.0, "Pos_0:Pos_5_GA": 0.0, "Pos_1:Pos_5_GC": 0.0, "Pos_0:Pos_4_TC": 0.0, "Pos_0:Pos_1_CA": 0.0, "Pos_3:Pos_4_CC": 0.0, "Pos_1:Pos_2_TG": 0.10630701360875967, "Pos_1:Pos_2_TC": 0.0, "Pos_0:Pos_5_AG": 0.0, "Pos_3:Pos_5_TA": 0.0, "Pos_2:Pos_3_TA": -0.20845558920191176, "Pos_1:Pos_2_GT": 0.0, "Pos_1:Pos_5_CG": -0.11070545095044385, "Pos_3:Pos_5_CA": 0.0, "Pos_3:Pos_4_TT": 0.1180160612008959, "Pos_0:Pos_3_CC": 0.0, "Pos_2:Pos_3_TT": 0.0, "Pos_0:Pos_3_CG": -0.1313251650122079, "Pos_4_T": 0.0, "Pos_0:Pos_3_AT": 0.0, "Pos_3:Pos_5_AG": -0.0008355182899724994, "Pos_2:Pos_4_CC": 0.0, "Pos_0:Pos_4_GG": -0.02003518778657753, "Pos_3:Pos_4_AG": 0.09361431720139742, "Pos_1:Pos_4_GG": -0.006389134428245592, "Pos_1:Pos_4_CA": 0.09362009752275723, "Pos_1:Pos_2_AC": -0.021694423546852328, "Pos_1:Pos_2_AT": 0.0, "Pos_0:Pos_1_TA": 0.0, "Pos_2:Pos_4_GT": 0.0, "Pos_0:Pos_4_AT": 0.0, "Pos_1:Pos_2_CT": 0.0, "Pos_0:Pos_2_GT": 0.0, "Pos_0:Pos_3_GG": 0.02044917716948172, "Pos_2:Pos_4_AG": 0.0, "Pos_0:Pos_5_GG": 0.0, "Pos_4_G": 0.0, "Pos_0:Pos_5_GT": 0.0, "Pos_0:Pos_1_AG": 0.0, "TtoA": 0.8802156273087449, "Pos_0:Pos_5_CC": -0.07677674513410221, "Pos_2:Pos_4_AA": 0.018508815520302684, "Pos_3:Pos_5_TC": 0.0, "Pos_2:Pos_3_CT": 0.09231793550701006, "Pos_2:Pos_5_TT": 0.0, "AtoG": 0.039162403876252756, "Pos_3:Pos_5_GT": 0.07962196727967581, "Pos_2:Pos_3_AG": -0.12418929938350161, "Pos_0:Pos_4_AG": 0.0, "Pos_2:Pos_3_GT": -0.016792860668965556, "Pos_0:Pos_2_TT": 0.0, "Pos_4:Pos_5_CA": 0.0, "Pos_4:Pos_5_TC": 0.0, "Pos_2_T": 0.0, "Pos_1:Pos_2_AG": 0.1404017124849109, "Pos_0:Pos_2_TC": 0.0, "Pos_4:Pos_5_AC": 0.0, "Pos_0:Pos_2_CT": 0.0, "Pos_0:Pos_2_CA": 0.0, "Pos_1:Pos_4_GC": 0.022116611177761616, "Pos_2:Pos_3_CC": 0.0, "Pos_4:Pos_5_GG": 0.0, "CtoT": -0.4779720863853154, "Pos_0:Pos_2_GG": 0.0, "Pos_2:Pos_4_GG": 0.0, "Pos_0:Pos_3_AC": 0.0655677999303898, "Pos_3:Pos_4_CA": 0.09685322164352698, "Pos_4:Pos_5_CG": 0.339885668759508, "Pos_0:Pos_5_CA": 0.0, "Pos_0:Pos_3_AG": 0.0, "Pos_4:Pos_5_CC": 0.0, "AtoC": -0.15731697495491173, "Pos_2:Pos_5_TC": 0.0, "Pos_1:Pos_3_AC": 0.0}