{"split0_test_score": {"2": 0.6666039275, "1": 0.6905075601, "0": 0.7566111425, "3": 0.6623533471}, "param_penalty": {"2": "l1", "1": "l1", "0": "l1", "3": "l1"}, "best_c_choice": 0.1, "params": {"2": {"penalty": "l1", "C": 10.0}, "1": {"penalty": "l1", "C": 1.0}, "0": {"penalty": "l1", "C": 0.1}, "3": {"penalty": "l1", "C": 100.0}}, "param_C": {"2": 10.0, "1": 1.0, "0": 0.1, "3": 100.0}, "rank_test_score": {"2": 3, "1": 2, "0": 1, "3": 4}}