{"CtoG": -1.7087246701428476, "TtoA": 1.191546153379938, "CtoT": -0.23211367641351377, "GtoT": 0.520993768733448, "TtoC": 0.3013431075912504, "CtoA": 0.09314870377255295, "GtoC": -1.5003843880055665, "GtoA": -0.2975091646652374, "AtoG": 0.5043253467314602, "AtoT": 1.0978101585074789, "TtoG": 0.3416148476478066, "AtoC": 0.15838648519028095}