{"param_alpha": {"3": 2.0, "1": 0.1, "4": 3.0, "0": 0.01, "2": 1.0}, "params": {"3": {"alpha": 2.0}, "1": {"alpha": 0.1}, "4": {"alpha": 3.0}, "0": {"alpha": 0.01}, "2": {"alpha": 1.0}}, "rank_test_score": {"3": 4, "1": 1, "4": 5, "0": 2, "2": 3}, "best_a_choice": 0.1, "split0_test_score": {"3": 0.7293195935, "1": 0.7329741515, "4": 0.7268884497, "0": 0.7328957275, "2": 0.7312488236}}