{"rank_test_score": {"1": 2, "2": 3, "3": 4, "0": 1, "4": 5}, "best_a_choice": 0.01, "param_alpha": {"1": 0.1, "2": 1.0, "3": 2.0, "0": 0.01, "4": 3.0}, "params": {"1": {"alpha": 0.1}, "2": {"alpha": 1.0}, "3": {"alpha": 2.0}, "0": {"alpha": 0.01}, "4": {"alpha": 3.0}}, "split0_test_score": {"1": 0.7325228093, "2": 0.7301177388, "3": 0.7286943825, "0": 0.7330389966, "4": 0.7276557705}}