{"param_alpha": {"3": 2.0, "0": 0.01, "2": 1.0, "1": 0.1, "4": 3.0}, "rank_test_score": {"3": 4, "0": 1, "2": 3, "1": 2, "4": 5}, "best_a_choice": 0.01, "params": {"3": {"alpha": 2.0}, "0": {"alpha": 0.01}, "2": {"alpha": 1.0}, "1": {"alpha": 0.1}, "4": {"alpha": 3.0}}, "split0_test_score": {"3": 0.7106252423, "0": 0.7151114922, "2": 0.7120647247, "1": 0.714485617, "4": 0.7096429195}}