{"Pos_0:Pos_1_AA": 0.027296154085515504, "Pos_0:Pos_1_AT": -0.028760175967779453, "Pos_0:Pos_1_CA": -0.06007169956016074, "CtoA": -0.048128626902170804, "Pos_0:Pos_1_GG": -0.03815046266536503, "Pos_1_G": -0.16364090131440007, "Pos_0:Pos_1_TG": 0.045214548277135516, "GtoC": -1.008495341065942, "GtoA": -0.4098110742065628, "TtoC": 0.038122363820129956, "Pos_0:Pos_1_TT": 0.0, "Pos_1_T": 0.13322373431412765, "CtoT": -0.34261217220454043, "Pos_0:Pos_1_GC": 0.0814693312095254, "Pos_0:Pos_1_AG": -0.0803173644750146, "GC_feature": -0.17276272348257263, "AtoC": -0.043828503126994336, "Pos_0:Pos_1_TC": 0.08286336669644197, "Pos_0:Pos_1_GT": 3.9517715652131205e-05, "GtoT": 0.11148699033556432, "Pos_0_T": -0.050910019114828474, "Pos_0_A": -0.04209815143344064, "Pos_0_G": 0.22224617066972915, "Pos_0:Pos_1_CT": -0.009028118168573173, "Pos_0:Pos_1_GA": -0.10655561823570275, "Pos_0:Pos_1_CC": 0.015914536011623077, "Pos_0:Pos_1_CG": -0.14409850697868318, "Pos_0:Pos_1_TA": -0.07244385360798392, "TtoA": 0.5312341763318049, "Pos_1_A": 0.0, "AtoT": 0.4151155210920219, "AtoG": 0.13674270053762116, "Pos_0_C": -0.04095538902192223, "TtoG": 0.03291678973085725, "Pos_0:Pos_1_AC": 0.11736857205509428, "CtoG": -1.2338036319232402, "Pos_1_C": 0.029775430000155843}