{"param_alpha": {"3": 2.0, "1": 0.1, "4": 3.0, "2": 1.0, "0": 0.01}, "best_a_choice": 0.01, "rank_test_score": {"3": 4, "1": 2, "4": 5, "2": 3, "0": 1}, "params": {"3": {"alpha": 2.0}, "1": {"alpha": 0.1}, "4": {"alpha": 3.0}, "2": {"alpha": 1.0}, "0": {"alpha": 0.01}}, "split0_test_score": {"3": 0.6998050111, "1": 0.7045984176, "4": 0.6989413521, "2": 0.7012125456, "0": 0.7064494197}}