{"param_alpha": {"2": 1.0, "3": 2.0, "1": 0.1, "0": 0.01, "4": 3.0}, "rank_test_score": {"2": 3, "3": 4, "1": 1, "0": 2, "4": 5}, "best_a_choice": 0.1, "params": {"2": {"alpha": 1.0}, "3": {"alpha": 2.0}, "1": {"alpha": 0.1}, "0": {"alpha": 0.01}, "4": {"alpha": 3.0}}, "split0_test_score": {"2": 0.7605525816, "3": 0.7595392132, "1": 0.7606766286, "0": 0.7606527734, "4": 0.7586708843}}