{"CtoG": -1.513789991800899, "CtoT": -0.2795486053054426, "AtoT": 1.1271576519379407, "AtoG": 0.38988379491472847, "AtoC": 0.11758702979543682, "GtoA": -0.287266094588267, "TtoG": 0.26260781538996164, "TtoA": 1.1222505615574834, "GtoC": -1.5028651458111726, "GtoT": 0.34898209377499706, "CtoA": 0.26725471385112287, "TtoC": 0.37346554761875356}