{"Pos_0_T": -0.003217011714514105, "Pos_0_C": -0.12950478493754056, "TtoA": 0.46240239419121276, "GtoC": -0.6329072352288189, "AtoT": 0.43618385047973957, "Pos_1_G": -0.25483328249870724, "CtoT": -0.4211426366430099, "CtoA": 0.0, "Pos_1_C": 0.038784840953772326, "TtoC": 0.03686575719021063, "GtoT": 0.03189614676663511, "TtoG": -0.0017402084295645081, "AtoG": 0.02976508564228856, "Pos_1_A": -0.09658950994988617, "GC_feature": -0.14991514453860788, "GtoA": -0.42051573325967156, "Pos_1_T": 0.0, "AtoC": -0.06453960923012939, "Pos_0_G": 0.2513835927975384, "Pos_0_A": 0.0, "CtoG": -0.6316656106920179}