{"Pos_4_G": 0.035214924789581104, "AtoG": 0.03368184348540595, "Pos_0_G": -0.04914943322424042, "Pos_2_A": 0.0, "Pos_5_C": -0.05192255440314807, "Pos_1_G": -0.06522162024347924, "GtoA": -0.41104816317416965, "GtoT": 0.03633084205909963, "Pos_3_G": -0.23782872778672845, "CtoA": -0.0008793880500386092, "Pos_2_G": 0.2339848444140518, "TtoC": 0.032737315342040156, "Pos_0_A": 0.00506467042040142, "Pos_0_C": -0.06655495865790995, "Pos_1_T": 0.1221744399164774, "Pos_0_T": 0.10656090320447127, "AtoT": 0.4425162490607964, "AtoC": -0.06745886659428894, "Pos_3_C": 0.05764637423971279, "CtoT": -0.43030498186399885, "GC_feature": -0.10487100493103639, "Pos_1_C": 0.0, "Pos_3_T": 0.0, "Pos_4_C": 0.0, "Pos_3_A": -0.09249218450782706, "TtoG": 0.0, "Pos_2_C": -0.1489985413727555, "Pos_5_A": 0.05537679922041532, "CtoG": -0.6321802552464052, "Pos_1_A": 0.030587594598949868, "GtoC": -0.6326721648545418, "TtoA": 0.45373784899672553, "Pos_5_G": -0.10170081116647926, "Pos_4_T": 0.05523008588309069, "Pos_2_T": -0.020101884237132564, "Pos_5_T": 0.0328647232899475, "Pos_4_A": -0.03598101238871375}