{"split0_test_score": {"1": 0.5956145304, "2": 0.6119580902, "4": 0.6197299078, "0": 0.5876858649, "3": 0.6168752745}, "rank_test_score": {"1": 4, "2": 3, "4": 1, "0": 5, "3": 2}, "best_a_choice": 3.0, "param_alpha": {"1": 0.1, "2": 1.0, "4": 3.0, "0": 0.01, "3": 2.0}, "params": {"1": {"alpha": 0.1}, "2": {"alpha": 1.0}, "4": {"alpha": 3.0}, "0": {"alpha": 0.01}, "3": {"alpha": 2.0}}}