{"Pos_54_T": 0.0, "Pos_43_T": -0.04377158643351633, "Pos_31_T": 0.11464179022336804, "Pos_57_G": 0.0, "CtoG": -0.27484502952383066, "Pos_11_T": 0.039890711867007725, "Pos_22_G": 0.0, "Pos_3_A": 0.0, "Pos_55_T": 0.0, "Pos_44_A": 0.0, "Pos_50_T": 0.0, "AtoT": 0.6069750333649719, "Pos_47_A": 0.0, "Pos_54_G": -0.06676603539487276, "Pos_32_G": -0.04869555600067144, "Pos_38_C": 0.0, "Pos_23_T": 0.0, "Pos_57_T": 0.0, "Pos_9_G": -0.06437248021836191, "Pos_59_C": -0.04337624859621534, "Pos_36_C": 0.0, "Pos_26_A": 0.0, "Pos_25_G": 0.0, "Pos_3_C": -0.0549151035131903, "Pos_25_T": 0.0, "Pos_2_G": 0.00798660380576968, "CtoT": -0.4974251130087465, "Pos_40_G": 0.03316832107850367, "Pos_2_A": 0.0, "Pos_39_C": 0.008757063346531336, "Pos_58_A": 0.0, "Pos_18_C": 0.0, "Pos_41_G": 0.0, "Pos_2_T": 0.0, "Pos_27_G": 0.0, "Pos_5_G": 0.04341601479616886, "Pos_44_G": -0.0414519138424833, "Pos_11_G": -0.04445518644428546, "Pos_42_C": 0.0, "Pos_47_C": 0.0, "Pos_48_A": 0.0, "Pos_4_A": 0.0, "Pos_5_A": 0.0, "Pos_22_T": 0.014332971378592872, "Pos_38_A": 0.0, "Pos_29_G": 0.03356027566161955, "Pos_22_A": -0.16076062446784356, "Pos_24_A": 0.0, "Pos_8_C": 0.0, "Pos_16_G": 0.0, "TtoC": 0.0, "Pos_24_G": -0.028932976084682628, "AtoC": 0.0, "Pos_40_A": 0.0, "Pos_6_G": 0.0, "Pos_24_C": 0.0, "Pos_43_A": 0.0, "Pos_16_A": 0.0, "Pos_29_C": -0.2504646903797174, "Pos_8_A": 0.0, "Pos_10_A": -0.018249874901339176, "Pos_20_C": 0.0, "Pos_16_T": 0.04801682995626117, "Pos_23_A": 0.0, "Pos_12_C": -0.09003241436264225, "CtoA": 0.0, "Pos_30_G": -0.13184553433547877, "Pos_1_T": 0.0, "Pos_59_A": 0.0, "Pos_1_A": 0.0, "Pos_50_G": -0.057754257528150346, "Pos_20_G": 0.2269140005506684, "Pos_51_C": 0.0, "Pos_29_T": 0.0, "Pos_4_T": 0.04473449201795465, "Pos_20_T": 0.0, "Pos_21_T": 0.07003509961475782, "Pos_2_C": -0.04523912179180336, "Pos_37_A": -0.11293775258340787, "Pos_28_T": 0.0, "Pos_42_T": 0.028708128735845124, "Pos_1_C": 0.017848131739180945, "Pos_10_C": 0.0035168215768353987, "Pos_33_T": 0.09518959188824823, "GtoT": 0.0, "Pos_21_A": -0.0417442525666596, "Pos_51_A": 0.0, "Pos_41_T": 0.0, "Pos_12_G": -0.14841466530776062, "Pos_19_G": -0.013723212310651016, "Pos_49_C": 0.07499734095879586, "Pos_4_G": 0.0, "Pos_13_C": 0.0, "Pos_42_A": -0.0017981148299563996, "Pos_12_A": 0.0, "Pos_26_G": 0.005690669739238333, "Pos_17_T": 0.0, "Pos_52_C": 0.0, "Pos_17_A": 0.0, "Pos_52_A": 0.0, "Pos_35_C": 0.0, "Pos_38_T": 0.07353767231695818, "Pos_30_T": 0.0, "Pos_3_G": -0.14924840030653136, "Pos_32_T": 0.0, "Pos_8_G": 0.0, "Pos_30_C": 0.011253273870495819, "Pos_12_T": 0.018270455849584945, "Pos_27_T": 0.0, "GtoA": -0.5382458636642639, "Pos_39_A": -0.002212081348755035, "Pos_6_T": 0.03859517864921379, "Pos_52_T": 0.0, "Pos_45_A": -0.016700841147585334, "Pos_33_C": 0.0, "Pos_43_C": 0.0, "Pos_53_G": -0.06351483892104935, "Pos_18_G": 0.0, "Pos_22_C": 0.0, "Pos_31_A": -0.00750492559871168, "Pos_25_A": -0.10846259582827548, "Pos_10_T": 0.0, "Pos_46_C": 0.0, "Pos_11_A": 0.0, "Pos_48_G": -0.014012277673085629, "Pos_15_C": 0.0, "Pos_34_A": -0.029247290559931034, "Pos_54_A": -0.04269743260478222, "Pos_9_T": 0.0, "Pos_26_C": -0.058745527311869515, "Pos_32_A": 0.06372251984032942, "Pos_55_G": 0.028560335151151264, "Pos_35_G": 0.0, "Pos_40_C": -0.0008909379725490242, "Pos_13_A": -0.029845400259077105, "Pos_41_C": 0.0, "Pos_17_C": 0.0, "AtoG": 0.0863351485477846, "Pos_13_T": 0.0, "Pos_14_G": 0.0, "Pos_28_A": 0.0, "Pos_51_T": 0.0, "Pos_17_G": 0.10210185561394347, "Pos_29_A": 0.0, "Pos_20_A": 0.0, "Pos_45_C": 0.0, "GtoC": -0.04419931826223252, "Pos_0_C": 0.0, "Pos_57_C": 0.0067500338360950846, "Pos_6_A": -0.05198066720491966, "Pos_15_T": 0.0019852423183460838, "Pos_58_G": 0.08958210744895294, "Pos_7_G": 0.0, "Pos_35_A": 0.0, "Pos_53_C": -0.029923471467166174, "Pos_7_A": 0.0, "Pos_13_G": 0.0, "Pos_39_G": 0.0, "Pos_0_G": 0.0, "Pos_1_G": 0.0, "Pos_36_G": 0.0, "Pos_37_T": 0.0, "Pos_0_T": 0.0, "Pos_59_G": 0.0, "Pos_39_T": 0.0, "Pos_37_C": 0.0, "Pos_41_A": 0.0, "Pos_19_T": 0.0, "Pos_35_T": 0.0, "Pos_32_C": 0.0, "Pos_16_C": 0.0, "Pos_54_C": 0.04210266392113556, "Pos_49_T": 0.0, "Pos_48_C": 0.0, "Pos_11_C": 0.0, "Pos_47_G": 0.0, "Pos_6_C": 0.0, "Pos_8_T": 0.0, "Pos_36_T": 0.0, "Pos_58_C": 0.0, "Pos_0_A": 0.0, "Pos_55_A": -0.15462665174941803, "Pos_31_C": 0.0, "Pos_34_G": 0.09621600268345566, "Pos_28_C": -0.17117545981283072, "Pos_56_C": -0.03389229936052715, "Pos_56_A": 0.0, "Pos_28_G": 0.0, "Pos_19_A": 0.0, "Pos_55_C": 0.0, "Pos_50_C": 0.0, "Pos_43_G": 0.10647134683816668, "Pos_30_A": -0.17626983776464092, "Pos_4_C": 0.0, "Pos_45_G": 0.0, "Pos_33_G": -0.010989513923188693, "Pos_14_T": 0.0, "Pos_46_G": 0.03117968067199445, "Pos_14_C": 0.0, "Pos_44_T": 0.17180068300174067, "Pos_15_A": 0.0, "Pos_23_C": 0.0, "TtoA": 0.7543170792843957, "Pos_57_A": -0.07424301078383169, "Pos_7_T": 0.0, "Pos_26_T": 0.0, "Pos_36_A": 0.0, "Pos_58_T": 0.0, "Pos_51_G": -0.06411098372221602, "Pos_45_T": 0.030716050322578126, "Pos_48_T": 0.14374334903873948, "Pos_44_C": 0.0, "Pos_46_A": 0.0, "Pos_31_G": -0.014555220069033297, "Pos_21_C": 0.0, "Pos_49_G": -0.009842149570500414, "Pos_14_A": -0.08931161776502101, "Pos_27_C": -0.003440362875535235, "Pos_19_C": 0.0, "Pos_27_A": 0.0, "Pos_59_T": 0.0, "Pos_40_T": 0.0, "Pos_46_T": 0.0, "Pos_9_A": 0.10603322036790763, "Pos_25_C": 0.0, "Pos_34_C": 0.0, "Pos_24_T": 0.0458547149923328, "Pos_21_G": 0.0, "Pos_56_T": 0.0, "Pos_18_A": 0.008540631839194481, "Pos_9_C": 0.0, "Pos_34_T": 0.0, "Pos_49_A": 0.0, "Pos_15_G": 0.0, "Pos_42_G": -0.10378852034501368, "Pos_18_T": 0.0, "Pos_52_G": 0.13731173709612127, "Pos_5_T": 0.0, "Pos_38_G": 0.0, "Pos_5_C": 0.0, "Pos_53_A": 0.0, "Pos_50_A": 0.0, "Pos_23_G": 0.11432174527016006, "Pos_53_T": 0.05180361156633201, "Pos_10_G": 0.0, "TtoG": 0.0, "Pos_56_G": 0.0, "Pos_33_A": 0.0, "Pos_7_C": 0.0, "Pos_3_T": 0.012502576276976573, "Pos_37_G": 0.03160031528531515, "Pos_47_T": 0.0}