{"params": {"0": {"alpha": 0.01}, "1": {"alpha": 0.1}, "3": {"alpha": 2.0}, "4": {"alpha": 3.0}, "2": {"alpha": 1.0}}, "param_alpha": {"0": 0.01, "1": 0.1, "3": 2.0, "4": 3.0, "2": 1.0}, "rank_test_score": {"0": 1, "1": 2, "3": 4, "4": 5, "2": 3}, "best_a_choice": 0.01, "split0_test_score": {"0": 0.7574112896, "1": 0.7574105165, "3": 0.7571164549, "4": 0.7568961317, "2": 0.7573457575}}