{"rank_test_score": {"0": 4, "2": 3, "4": 1, "1": 4, "3": 2}, "param_alpha": {"0": 0.01, "2": 1.0, "4": 3.0, "1": 0.1, "3": 2.0}, "split0_test_score": {"0": 0.7384873581, "2": 0.7431771127, "4": 0.7488393249, "1": 0.7384873581, "3": 0.7470198883}, "best_a_choice": 3.0, "params": {"0": {"alpha": 0.01}, "2": {"alpha": 1.0}, "4": {"alpha": 3.0}, "1": {"alpha": 0.1}, "3": {"alpha": 2.0}}}