{"rank_test_score": {"1": 4, "0": 5, "4": 1, "2": 3, "3": 2}, "params": {"1": {"alpha": 0.1}, "0": {"alpha": 0.01}, "4": {"alpha": 3.0}, "2": {"alpha": 1.0}, "3": {"alpha": 2.0}}, "best_a_choice": 3.0, "param_alpha": {"1": 0.1, "0": 0.01, "4": 3.0, "2": 1.0, "3": 2.0}, "split0_test_score": {"1": 0.663725767, "0": 0.6533424305, "4": 0.6776068135, "2": 0.6739052011, "3": 0.676634356}}