{"best_a_choice": 3.0, "params": {"2": {"alpha": 1.0}, "4": {"alpha": 3.0}, "3": {"alpha": 2.0}, "1": {"alpha": 0.1}, "0": {"alpha": 0.01}}, "param_alpha": {"2": 1.0, "4": 3.0, "3": 2.0, "1": 0.1, "0": 0.01}, "rank_test_score": {"2": 3, "4": 1, "3": 2, "1": 4, "0": 5}, "split0_test_score": {"2": 0.6411631846, "4": 0.6471783048, "3": 0.6455627706, "1": 0.6293133195, "0": 0.6181222159}}