{"best_a_choice": 3.0, "split0_test_score": {"0": 0.6521622344, "4": 0.6554475711, "1": 0.6534208342, "2": 0.6543511866, "3": 0.654932299}, "params": {"0": {"alpha": 0.01}, "4": {"alpha": 3.0}, "1": {"alpha": 0.1}, "2": {"alpha": 1.0}, "3": {"alpha": 2.0}}, "param_alpha": {"0": 0.01, "4": 3.0, "1": 0.1, "2": 1.0, "3": 2.0}, "rank_test_score": {"0": 5, "4": 1, "1": 4, "2": 3, "3": 2}}