{"Pos_39_T": 0.06609092892438567, "Pos_47_A": 0.024128314261517417, "Pos_59_T": 0.020959928280391886, "Pos_31_A": -0.0006866477700960248, "Pos_13_T": 0.08653016715415483, "CtoT": -0.48217953262317614, "Pos_43_G": 0.019260448318502158, "Pos_9_A": 0.03413998049190241, "Pos_40_A": 0.0, "Pos_31_C": 0.008479748250939091, "Pos_37_T": -0.0007372217318740951, "AtoC": -0.2303779534610821, "Pos_40_G": 0.05586396590643907, "CtoA": 0.0, "Pos_46_G": 0.08815641102211381, "Pos_49_T": 0.0, "Pos_49_A": -0.024332713860972893, "Pos_26_G": 0.09577707703278429, "Pos_22_G": 0.0, "Pos_38_G": 0.0, "Pos_17_A": -0.04585377266349719, "Pos_52_A": 0.013753771311305233, "Pos_54_A": -0.0017209518323709587, "Pos_10_C": 0.10933311265119676, "Pos_5_G": 0.09440797141104079, "Pos_9_T": 0.04258370903143912, "Pos_4_C": 0.013921108759446294, "Pos_43_T": 0.0, "Pos_43_A": -0.02632221090897342, "Pos_19_G": -0.03999071893225159, "Pos_34_T": 0.0, "Pos_41_C": -0.008244882476149781, "Pos_25_T": 0.10473022676550095, "Pos_10_A": -0.02662921490759954, "Pos_41_T": 0.06127582773899877, "Pos_14_G": 0.06535876400938331, "Pos_21_G": -0.011447022300756558, "Pos_48_C": 0.08949386854197887, "Pos_33_C": 0.0, "Pos_4_T": 0.011262676786570775, "CtoG": -1.9927073800533586, "Pos_17_G": 0.0570924425039107, "Pos_26_C": -0.025440193875874827, "Pos_15_C": -0.05449956214690729, "Pos_37_G": 0.16307199616008644, "Pos_5_A": -0.022323505189721014, "Pos_33_A": 0.0, "Pos_20_C": 0.0, "Pos_20_T": 0.04034449584061945, "TtoC": 0.07996665879894879, "Pos_27_C": -0.01636793796336232, "Pos_55_C": 0.0, "Pos_37_C": 0.0027213940920859663, "Pos_51_G": -0.01306242620364657, "AtoG": 0.06093058326882395, "Pos_8_G": 0.07547374496911069, "Pos_56_C": -0.08019646546189513, "Pos_42_C": 0.114275565706225, "Pos_34_C": 0.029342093615704657, "Pos_45_G": 0.0, "Pos_50_A": 0.06615166124995857, "Pos_40_C": 0.00602815736135205, "Pos_16_G": -0.009991958022015503, "Pos_36_G": 0.0, "Pos_14_C": 0.0, "Pos_15_G": 0.0, "Pos_6_T": 0.07320845132102968, "Pos_48_A": -0.018789850321105177, "Pos_27_A": 0.017207450297931547, "Pos_54_G": 0.0, "Pos_32_C": 0.0, "Pos_58_G": 0.05885901509628883, "Pos_12_G": -0.01698325467575268, "Pos_25_G": 0.0, "Pos_22_C": 0.07110607296425156, "Pos_13_G": -0.016880491824933137, "Pos_52_T": 0.0, "Pos_47_T": 0.0247243258501327, "Pos_0_A": 0.020651496414754333, "Pos_36_C": 0.10952061756160361, "Pos_4_A": -0.027328937873342892, "Pos_7_C": 0.05116358931975338, "Pos_38_A": 0.07239142778131225, "Pos_53_C": 0.0, "Pos_32_A": 0.11007902552724352, "Pos_46_C": 0.0, "Pos_28_G": 0.0, "Pos_24_C": -0.0018980235780877445, "Pos_21_C": 0.0, "Pos_22_A": -0.06241365945178101, "Pos_42_G": 0.0, "Pos_5_T": 0.03567400458010875, "Pos_57_A": 0.0, "Pos_23_C": 0.0, "Pos_47_C": 0.0, "Pos_30_T": 0.01608368355766991, "Pos_59_C": 0.0, "Pos_49_C": 0.0594051042941157, "Pos_54_C": 0.06074236000158191, "Pos_10_G": 0.0, "Pos_26_T": 0.01582067764483892, "Pos_17_T": 0.0, "TtoA": 0.9384117351855593, "Pos_18_G": 0.0, "Pos_14_T": 0.011246523584813574, "Pos_39_G": -0.007208284845135793, "Pos_13_A": 0.0, "Pos_29_C": -0.17117350363480488, "Pos_30_A": 0.0, "Pos_29_T": 0.0, "Pos_2_C": 0.058736046089723534, "Pos_1_C": 0.08863763718494758, "Pos_35_A": 0.08642708518827504, "Pos_8_T": 0.0, "Pos_15_T": 0.055818505919715045, "Pos_23_T": 0.050246396172371734, "Pos_12_C": 0.0, "Pos_2_G": 0.10095830155315118, "Pos_29_G": 0.22537762489016927, "Pos_56_G": 0.0, "Pos_39_C": 0.061625704685953436, "Pos_58_A": -0.022850315130592144, "Pos_6_A": 0.07993432399984791, "Pos_29_A": 0.02047194936254627, "Pos_27_G": 0.0, "Pos_32_G": -0.018865571534572183, "TtoG": 0.08343196951166622, "Pos_46_A": -0.005065194978286518, "Pos_18_C": -0.0049647775280673, "Pos_36_T": 0.08472329839896686, "Pos_20_A": -0.03312478814776379, "Pos_11_C": -0.0028572089263563557, "Pos_12_T": 0.11214498437334436, "Pos_27_T": 0.11316919624371395, "Pos_13_C": 0.015093662461709964, "Pos_48_G": 0.0, "Pos_57_G": -0.03626480967991787, "Pos_49_G": 0.06618072964724735, "Pos_51_A": 0.0, "Pos_24_A": 0.036079605254842946, "Pos_34_G": 0.06924297843655215, "Pos_45_C": 0.09408217760231012, "Pos_37_A": 0.0, "Pos_25_C": 0.040839376030906746, "Pos_55_A": -0.04251317793947822, "Pos_31_T": 0.09692900649606566, "Pos_30_G": -0.2027654284793397, "Pos_8_A": 0.0, "Pos_46_T": 0.01275068806805551, "Pos_38_T": 0.11167380466042101, "Pos_15_A": 0.06681598209353175, "Pos_57_C": 0.00774594168648839, "Pos_1_A": -0.010152945917485456, "Pos_41_G": 0.0, "Pos_59_A": 0.04788533248293534, "Pos_28_C": -0.059929289137606985, "Pos_5_C": 0.0, "Pos_53_T": 0.13405431253001032, "Pos_0_C": -0.006128468555897536, "Pos_6_G": 0.0, "Pos_21_A": 0.01957592144267262, "Pos_56_A": 0.006418424394176024, "Pos_51_C": 0.0867597319078815, "GtoC": -1.856548846318849, "Pos_51_T": 0.03574767361175615, "Pos_16_C": 0.028631619515628558, "Pos_58_T": 0.0, "Pos_16_A": 0.0, "Pos_25_A": -0.03709886649811058, "Pos_59_G": -0.022086296641071035, "Pos_35_G": 0.0, "Pos_45_T": 0.11619200233507902, "Pos_35_C": -0.03951853414759404, "Pos_32_T": 0.06855921550572923, "Pos_3_G": 0.0, "Pos_12_A": 0.03225804884180765, "Pos_53_A": 0.0864110512015299, "Pos_10_T": 0.07082971071848157, "Pos_50_C": -0.003400885954129283, "Pos_1_T": 0.08982193603062749, "Pos_52_G": 0.06392747462040803, "Pos_21_T": 0.08712364676995656, "Pos_11_G": 0.07466516610470729, "Pos_40_T": -0.0029785218817528357, "Pos_50_T": 0.06828374807346284, "Pos_2_A": 0.0, "Pos_28_A": 0.04893904392835524, "Pos_55_G": 0.09361904502999134, "Pos_43_C": 0.0073586770418742915, "Pos_44_A": 0.052042587046825815, "Pos_8_C": -0.005568641400743761, "GtoA": -0.5256319226279411, "Pos_33_G": -0.10815367136189796, "Pos_18_T": 0.059661255693242043, "Pos_41_A": 0.07988991251514603, "Pos_24_G": 0.0, "Pos_18_A": 0.021106105428525427, "Pos_44_G": 0.0, "Pos_44_C": -0.01867158453745674, "Pos_23_G": 0.0607961486892831, "Pos_47_G": -0.0013448173584046756, "Pos_0_G": 0.0, "Pos_11_T": 0.01866186810211077, "Pos_0_T": 0.04863587617951256, "Pos_23_A": -0.07706877716276801, "Pos_50_G": 0.0, "Pos_22_T": 0.14309385039178918, "Pos_30_C": 0.07020228710943946, "Pos_52_C": -0.015550197714747723, "Pos_17_C": 0.0013987807826812007, "GtoT": 0.11503257318702716, "Pos_3_A": 0.0006623330805345775, "Pos_55_T": 0.008591530371609672, "Pos_45_A": -0.013409358309523734, "Pos_20_G": 0.0795215392658534, "AtoT": 0.8092519983464415, "Pos_7_A": -0.04178956048183235, "Pos_24_T": 0.09930638312013133, "Pos_48_T": 0.05471201810656179, "Pos_38_C": -0.013173448034652212, "Pos_26_A": 0.0, "Pos_19_A": 0.0, "Pos_57_T": 0.02296719013246196, "Pos_9_G": 0.0, "Pos_11_A": 0.0, "Pos_39_A": 0.0, "Pos_31_G": 0.0, "Pos_1_G": 0.0, "Pos_7_T": 0.005864895087843897, "Pos_42_T": 0.13921381006776226, "Pos_16_T": 0.08362552060030241, "Pos_28_T": 0.12369832364709618, "Pos_58_C": 0.0, "Pos_44_T": 0.06537956036127449, "Pos_34_A": -0.004906796576349937, "Pos_9_C": -0.008340236646927231, "Pos_4_G": 0.0, "Pos_36_A": -0.020932470167026908, "Pos_3_C": -0.05522112716286021, "Pos_2_T": -6.943626830088677e-05, "Pos_54_T": 0.08236825483974847, "Pos_7_G": 0.0, "Pos_6_C": -0.00037766651229083136, "Pos_53_G": -0.00973765949531183, "Pos_42_A": -0.008189867989293989, "Pos_19_C": 0.099449322374469, "Pos_3_T": 0.0, "Pos_33_T": 0.08016941421733788, "Pos_35_T": 0.06333602316888302, "Pos_56_T": 0.030145636053631648, "Pos_14_A": -0.011692916021251039, "Pos_19_T": 0.1178802048764286}