{"GC_feature": 0.0, "Pos_4_C": 0.0, "Pos_5_A": 0.0, "Pos_4_A": -0.004847640305544424, "Pos_2_T": -0.0435535106516708, "Pos_0_T": 0.016929067466253295, "Pos_2_A": 0.0, "GtoT": 0.0, "Pos_5_T": 0.0, "Pos_1_C": -0.01812148731324378, "Pos_0_G": 0.0, "CtoA": 0.0, "TtoG": 0.0, "Pos_1_G": 0.0, "Pos_5_G": 0.0, "Pos_0_C": -0.10880189968863906, "Pos_4_G": 0.0, "Pos_2_C": -0.10923996874092416, "Pos_1_A": 0.0, "Pos_3_C": 0.10455901226733544, "Pos_5_C": 0.0, "AtoG": 0.015642259027754776, "Pos_1_T": 0.03299730464851271, "Pos_3_G": -0.14370076912849336, "GtoC": -0.25368461075109183, "Pos_2_G": 0.13378684766132187, "Pos_4_T": 0.0986529434665103, "GtoA": -0.3872029815563412, "AtoT": 0.3793376119600433, "Pos_3_A": 0.002889377691048947, "CtoG": -0.2564496634283755, "Pos_3_T": 0.0, "Pos_0_A": 0.0, "AtoC": 0.0, "TtoA": 0.37433488148549876, "CtoT": -0.4483261516547629, "TtoC": 0.1014707636784106}