{"params": {"1": {"alpha": 0.1}, "2": {"alpha": 1.0}, "0": {"alpha": 0.01}, "4": {"alpha": 3.0}, "3": {"alpha": 2.0}}, "rank_test_score": {"1": 2, "2": 3, "0": 1, "4": 5, "3": 4}, "param_alpha": {"1": 0.1, "2": 1.0, "0": 0.01, "4": 3.0, "3": 2.0}, "split0_test_score": {"1": 0.7585983645, "2": 0.7578893883, "0": 0.7586164944, "4": 0.755612649, "3": 0.7567977748}, "best_a_choice": 0.01}