{"best_a_choice": 3.0, "split0_test_score": {"2": 0.6647668805, "3": 0.6653436928, "4": 0.6657415966, "1": 0.6628478749, "0": 0.6606499335}, "param_alpha": {"2": 1.0, "3": 2.0, "4": 3.0, "1": 0.1, "0": 0.01}, "rank_test_score": {"2": 3, "3": 2, "4": 1, "1": 4, "0": 5}, "params": {"2": {"alpha": 1.0}, "3": {"alpha": 2.0}, "4": {"alpha": 3.0}, "1": {"alpha": 0.1}, "0": {"alpha": 0.01}}}