{"param_alpha": {"1": 0.1, "0": 0.01, "4": 3.0, "3": 2.0, "2": 1.0}, "params": {"1": {"alpha": 0.1}, "0": {"alpha": 0.01}, "4": {"alpha": 3.0}, "3": {"alpha": 2.0}, "2": {"alpha": 1.0}}, "rank_test_score": {"1": 5, "0": 4, "4": 1, "3": 2, "2": 3}, "split0_test_score": {"1": 0.6456255098, "0": 0.6462685865, "4": 0.6538286593, "3": 0.6526522994, "2": 0.6494839701}, "best_a_choice": 3.0}