{"param_alpha": {"0": 0.01, "4": 3.0, "2": 1.0, "3": 2.0, "1": 0.1}, "best_a_choice": 0.01, "params": {"0": {"alpha": 0.01}, "4": {"alpha": 3.0}, "2": {"alpha": 1.0}, "3": {"alpha": 2.0}, "1": {"alpha": 0.1}}, "split0_test_score": {"0": 0.6544718938, "4": 0.6528192063, "2": 0.6518153799, "3": 0.652247636, "1": 0.653112148}, "rank_test_score": {"0": 1, "4": 3, "2": 5, "3": 4, "1": 2}}