{"Pos_2:Pos_5_AT": 0.022162952292882832, "Pos_0:Pos_4_CT": 0.0, "Pos_1:Pos_5_CC": -0.023231582769585667, "Pos_0:Pos_2_CA": 0.05630092113957878, "Pos_2:Pos_4_AT": 0.0, "Pos_3:Pos_5_AA": 0.0, "Pos_0:Pos_4_TA": 0.0, "Pos_1:Pos_4_GG": 0.0, "TtoC": 0.0, "Pos_0_C": 0.0, "Pos_0:Pos_5_CT": 0.0, "Pos_2:Pos_5_CG": 0.0, "Pos_4_A": 0.0, "Pos_1:Pos_3_GC": 0.0, "Pos_1:Pos_3_TT": 0.0, "Pos_2:Pos_3_GA": 0.0, "Pos_0:Pos_3_GC": 0.0, "Pos_1:Pos_2_GA": 0.0, "Pos_0:Pos_4_CA": 0.0, "Pos_0:Pos_1_GA": 0.0, "Pos_4:Pos_5_TA": -0.0516330223850536, "Pos_1:Pos_2_GG": 0.08986541643005598, "Pos_2:Pos_5_AA": 0.0, "Pos_1:Pos_3_TG": 0.0, "Pos_2:Pos_3_AT": -0.015599521820100853, "Pos_2:Pos_3_CT": 0.0, "Pos_0:Pos_3_TG": 0.0, "Pos_2:Pos_3_GC": 0.056711045328453655, "Pos_2_G": 0.09163447972386392, "Pos_1:Pos_4_AT": 0.0, "Pos_0:Pos_3_CT": 0.013531872840342666, "Pos_2:Pos_3_TC": 0.0, "CtoA": -0.048844483899037755, "Pos_1:Pos_5_AG": 0.0, "Pos_1:Pos_5_TG": 0.0, "Pos_2:Pos_5_TG": 0.0, "Pos_2:Pos_3_CC": -0.021757394205467673, "Pos_4:Pos_5_CA": -0.03253871161106511, "Pos_2:Pos_4_AC": -0.05588523483496087, "Pos_2:Pos_3_AG": -0.07957818227632633, "Pos_2_C": -0.08634346082068581, "Pos_0:Pos_1_CC": 0.0, "Pos_2:Pos_3_CG": -0.07684753100667378, "Pos_0:Pos_4_CG": -0.014616349412077852, "Pos_0:Pos_2_TC": 0.0, "Pos_0:Pos_2_TA": 0.0, "AtoT": 0.34920852253281015, "Pos_0:Pos_4_TG": 0.0, "Pos_4:Pos_5_CC": 0.0, "Pos_1:Pos_3_GT": 0.015272088611922986, "Pos_0:Pos_5_GA": 0.0, "Pos_0:Pos_1_CG": -0.022005210951565574, "Pos_1:Pos_2_CC": 0.0, "Pos_4:Pos_5_CG": 0.065175357080534, "Pos_2:Pos_3_GG": 0.0, "Pos_3:Pos_4_GA": -0.15989775441145765, "Pos_5_G": 0.0, "Pos_2:Pos_5_TA": 0.0, "Pos_1:Pos_5_CT": 0.0, "Pos_0:Pos_2_AC": 0.0, "Pos_1:Pos_2_CA": 0.003378566418217951, "Pos_4:Pos_5_AT": 0.0, "Pos_1:Pos_3_AC": 0.005669719561619622, "Pos_2:Pos_4_TG": 0.0, "Pos_1:Pos_2_TA": 0.0, "Pos_0:Pos_2_GA": 0.0, "Pos_2:Pos_4_GA": -0.07672727819079418, "Pos_2:Pos_4_AA": 0.0, "Pos_5_T": 0.0, "Pos_2:Pos_3_TA": -0.039184689432219984, "Pos_1:Pos_2_AT": 0.02673032691405524, "Pos_5_C": 0.0, "Pos_0:Pos_5_GC": 0.0, "Pos_4:Pos_5_TC": 0.07967384573251678, "Pos_0:Pos_1_GT": 0.022955334766110315, "Pos_2_T": 0.0, "Pos_0:Pos_5_AG": -0.09920333333908297, "Pos_0:Pos_2_GC": 0.0, "Pos_0:Pos_5_CC": -0.08843196887659811, "Pos_1:Pos_2_AC": -0.06703947653627591, "Pos_1:Pos_2_TG": 0.015245860264704956, "Pos_4:Pos_5_GG": 0.0, "Pos_1:Pos_4_TG": -0.09937313703915729, "Pos_0:Pos_5_GT": 0.0, "Pos_3_G": 0.0, "TtoA": 0.47060607471625315, "Pos_3:Pos_4_TG": 0.0, "Pos_1:Pos_4_CT": 0.05990396492501486, "Pos_0:Pos_4_AT": 0.0, "Pos_3:Pos_4_CC": 0.0, "Pos_0:Pos_2_GG": 0.0, "Pos_1:Pos_5_GC": 0.0, "Pos_1:Pos_4_CC": -0.0013260054665743223, "Pos_0:Pos_4_GT": 0.0, "Pos_2:Pos_4_CA": 0.0, "Pos_1:Pos_5_TA": 0.020031907251294705, "Pos_1:Pos_2_CG": -0.14115626241131218, "Pos_0:Pos_3_GG": 0.0, "Pos_1:Pos_4_GC": 0.0, "Pos_3:Pos_5_CC": 0.0, "Pos_3:Pos_4_CA": 0.12312207430838926, "Pos_0:Pos_1_AC": 0.0, "Pos_0:Pos_1_CT": 0.0, "Pos_3:Pos_4_TC": 0.023352995523225197, "Pos_0:Pos_5_GG": 0.0, "Pos_0:Pos_5_TT": 0.0, "Pos_1:Pos_3_GA": -0.029133721882561477, "Pos_2:Pos_5_AC": 0.0, "Pos_4:Pos_5_AG": -0.03875363197504679, "Pos_1:Pos_2_GT": 0.0, "Pos_0_G": 0.0, "Pos_1:Pos_4_AG": 0.0965834596575675, "Pos_3:Pos_4_TT": 0.0, "Pos_1:Pos_3_TA": 0.06276698190531818, "Pos_3:Pos_4_AG": 0.013457819390564152, "Pos_0:Pos_1_TC": 0.0, "Pos_1:Pos_5_TC": -0.0028419209073208, "Pos_1:Pos_2_AA": 0.0, "Pos_4:Pos_5_AA": 0.022280590438895253, "Pos_4:Pos_5_GA": 0.0, "Pos_0:Pos_2_AA": 0.0, "Pos_0:Pos_1_CA": 0.0, "Pos_1:Pos_4_CA": -0.04737213520011974, "Pos_3:Pos_5_GT": 0.0, "Pos_2:Pos_4_CC": -0.01657957861181559, "Pos_0:Pos_2_GT": 0.03575230896238427, "Pos_2:Pos_4_CG": 0.0, "Pos_2:Pos_4_AG": 0.0019248818467363414, "Pos_1_A": 0.0, "Pos_2:Pos_5_CC": -0.025084855719881203, "Pos_3:Pos_5_CA": 0.0, "Pos_2:Pos_4_GG": 0.0, "Pos_1:Pos_5_AT": 0.0, "Pos_4:Pos_5_TT": 0.0, "Pos_0_T": 0.054033710746163616, "Pos_1:Pos_3_CA": 0.0, "Pos_0:Pos_5_CA": -0.05495220915630803, "Pos_1:Pos_5_GT": 0.0, "Pos_1:Pos_5_GG": 0.0, "Pos_3:Pos_4_TA": 0.0, "Pos_0:Pos_5_AA": 0.0, "Pos_2:Pos_4_CT": 0.0, "Pos_0:Pos_3_GA": 0.0, "Pos_1:Pos_4_TC": 0.0, "Pos_1:Pos_5_AC": 0.025995107327905456, "AtoG": 0.08455056120807014, "Pos_4:Pos_5_GT": -0.004844079811649185, "GtoA": -0.4316067427878583, "Pos_1:Pos_4_TT": 0.005638312183536662, "Pos_0:Pos_2_TG": 0.0, "Pos_0:Pos_4_GG": 0.016233292370607614, "Pos_2:Pos_4_TT": 0.0, "Pos_0:Pos_5_CG": 0.0018133292660739992, "Pos_4:Pos_5_CT": 0.004182365338899574, "Pos_0:Pos_5_AT": 0.017804023011983583, "Pos_0:Pos_3_GT": -0.009722477238227016, "Pos_2:Pos_3_GT": 0.03305296573853598, "TtoG": 0.03275429384729374, "Pos_5_A": 0.0, "Pos_0:Pos_2_TT": 0.013918889545895248, "Pos_1:Pos_4_CG": 0.0, "Pos_0:Pos_2_CG": 0.0, "Pos_1:Pos_4_GT": -0.060012935581696784, "Pos_4_T": 0.0, "Pos_3:Pos_5_GA": 0.0, "Pos_1:Pos_5_GA": -0.05304435291243656, "Pos_3:Pos_4_AT": -0.0036384750865645172, "Pos_0:Pos_3_AT": 0.029636853911716984, "Pos_2:Pos_3_AA": 0.012393736111015088, "Pos_2:Pos_3_AC": 0.0, "Pos_0:Pos_1_AG": 0.05602280379928689, "CtoG": -0.42018132837794536, "Pos_3:Pos_4_GG": 0.0, "Pos_1:Pos_3_GG": 0.0, "Pos_4:Pos_5_GC": 0.0, "Pos_2:Pos_5_CA": 0.07806476416018915, "Pos_2:Pos_4_GT": 0.04712000931328245, "Pos_2:Pos_4_TC": 0.0, "Pos_0:Pos_4_CC": 0.0, "Pos_0:Pos_1_TA": 0.0, "Pos_3_T": 0.0, "Pos_3:Pos_5_CG": 0.0, "Pos_2:Pos_5_GC": 0.0, "Pos_2:Pos_5_GA": 0.0, "Pos_0_A": 0.0, "CtoT": -0.3698931126682863, "Pos_1:Pos_3_AG": -0.01606261470612461, "Pos_0:Pos_1_TT": 0.0, "Pos_4:Pos_5_AC": -0.007778658461363201, "Pos_4_G": 0.0, "Pos_2:Pos_3_TT": 0.0, "Pos_3:Pos_4_GT": 0.0, "Pos_0:Pos_2_AG": 0.041032825650542455, "Pos_2:Pos_5_TC": 0.0, "GtoC": -0.3515123361817745, "Pos_1:Pos_3_CG": -0.016648023761824032, "Pos_4:Pos_5_TG": 0.0, "Pos_1:Pos_4_AA": -0.021571857786437453, "AtoC": -0.05411831889596299, "Pos_0:Pos_1_AT": -0.06712946249818694, "Pos_3:Pos_5_TA": 0.0, "Pos_0:Pos_3_AG": -0.012815992307394395, "Pos_1:Pos_3_CT": 0.0, "Pos_0:Pos_4_TT": 0.026233746472307487, "Pos_0:Pos_3_TC": 0.017577928168409532, "Pos_3:Pos_5_TC": 0.0, "Pos_3:Pos_4_CT": 0.0, "Pos_3_C": 0.0, "Pos_2:Pos_5_GG": 0.0, "Pos_3:Pos_5_GG": -0.05381624893602146, "Pos_1_C": 0.0, "Pos_0:Pos_1_GG": -0.08256511747690574, "Pos_0:Pos_3_TA": 0.0, "Pos_0:Pos_2_CC": -0.004088182131752338, "Pos_0:Pos_4_GA": -0.011815109560660154, "Pos_0:Pos_4_AG": 0.017788176238741907, "Pos_0:Pos_4_AA": 0.0, "Pos_1:Pos_4_GA": 0.0, "Pos_4_C": 0.0, "Pos_0:Pos_4_GC": 0.0, "Pos_3:Pos_5_AG": -0.026013655942667847, "Pos_1:Pos_4_AC": 0.0, "GC_feature": -0.08464352524542494, "Pos_0:Pos_3_TT": 0.0, "Pos_3:Pos_5_AC": -0.09044176432214843, "Pos_0:Pos_4_TC": 0.0, "Pos_1:Pos_3_CC": 0.0, "Pos_2_A": 0.0, "Pos_3:Pos_4_AC": -0.04629713170675834, "Pos_1:Pos_2_CT": 0.0, "GtoT": 0.0941113102820067, "Pos_0:Pos_5_AC": 0.0, "Pos_0:Pos_1_GC": -0.010440381284437557, "Pos_0:Pos_2_CT": -0.008295449916766161, "Pos_0:Pos_5_TA": 0.06026469616817569, "Pos_1:Pos_5_CA": 0.0, "Pos_3:Pos_5_CT": 0.09022492398090891, "Pos_2:Pos_5_TT": 0.0, "Pos_1:Pos_2_GC": 0.0, "Pos_0:Pos_5_TG": 0.0, "Pos_3:Pos_5_TG": 0.0, "Pos_0:Pos_3_AC": 0.0, "Pos_2:Pos_3_TG": 0.0, "Pos_2:Pos_5_AG": -0.006658861142473666, "Pos_1_T": 0.0, "Pos_2:Pos_4_GC": 0.011931995638380509, "Pos_1:Pos_3_TC": 0.0, "Pos_3:Pos_5_GC": -0.06715918025104554, "Pos_2:Pos_5_CT": 0.0, "Pos_2:Pos_4_TA": -0.06609959978255034, "Pos_0:Pos_1_AA": 0.0, "Pos_1:Pos_5_AA": 0.0, "Pos_1:Pos_5_TT": 0.006600537467626876, "Pos_2:Pos_3_CA": -0.024583418982988128, "Pos_3:Pos_4_CG": 0.0, "Pos_0:Pos_1_TG": 0.0, "Pos_0:Pos_4_AC": 0.0, "Pos_0:Pos_3_CC": 0.0, "Pos_1:Pos_4_TA": 0.014136569107674846, "Pos_0:Pos_5_TC": 0.0, "Pos_1_G": 0.0, "Pos_0:Pos_3_CA": -0.04525302871759087, "Pos_1:Pos_3_AT": 0.043450802735185604, "Pos_3:Pos_5_TT": 0.0, "Pos_1:Pos_5_CG": -0.07626407040982511, "Pos_1:Pos_3_AA": -0.014094142528674875, "Pos_0:Pos_3_AA": -0.03430821283886744, "Pos_2:Pos_5_GT": 0.0, "Pos_3:Pos_5_AT": 0.0, "Pos_0:Pos_2_AT": -0.03428960808121726, "Pos_3_A": 0.0, "Pos_0:Pos_3_CG": -0.15517974080759186, "Pos_1:Pos_2_AG": 0.0, "Pos_3:Pos_4_GC": 0.0,