{"pos2": {"df": 3, "rel_entropy": 4.265115633569886e-05, "prob": 0.03667032855886605, "stats": "{\"group\":{\"8\":\"1\",\"9\":\"1\",\"10\":\"1\",\"11\":\"1\",\"12\":\"1\",\"13\":\"1\",\"14\":\"1\",\"15\":\"1\",\"0\":\"2\",\"1\":\"2\",\"2\":\"2\",\"3\":\"2\",\"4\":\"2\",\"5\":\"2\",\"6\":\"2\",\"7\":\"2\"},\"mut\":{\"8\":\"M\",\"9\":\"M\",\"10\":\"M\",\"11\":\"M\",\"12\":\"R\",\"13\":\"R\",\"14\":\"R\",\"15\":\"R\",\"0\":\"M\",\"1\":\"M\",\"2\":\"M\",\"3\":\"M\",\"4\":\"R\",\"5\":\"R\",\"6\":\"R\",\"7\":\"R\"},\"base\":{\"8\":\"A\",\"9\":\"C\",\"10\":\"G\",\"11\":\"T\",\"12\":\"A\",\"13\":\"C\",\"14\":\"G\",\"15\":\"T\",\"0\":\"A\",\"1\":\"C\",\"2\":\"G\",\"3\":\"T\",\"4\":\"A\",\"5\":\"C\",\"6\":\"G\",\"7\":\"T\"},\"count\":{\"8\":8833,\"9\":24715,\"10\":8097,\"11\":8017,\"12\":7079,\"13\":14658,\"14\":15016,\"15\":12909,\"0\":29,\"1\":87,\"2\":32,\"3\":35,\"4\":42,\"5\":46,\"6\":43,\"7\":52},\"fitted\":{\"8\":8822.5304933561,\"9\":24718.3203197719,\"10\":8102.6072247926,\"11\":8018.5419620795,\"12\":7089.4695066439,\"13\":14654.6796802281,\"14\":15010.3927752074,\"15\":12907.4580379206,\"0\":39.4695066439,\"1\":83.6796802281,\"2\":26.3927752074,\"3\":33.4580379206,\"4\":31.5304933561,\"5\":49.3203197719,\"6\":48.6072247926,\"7\":53.5419620794},\"ret\":{\"8\":0.0001050829,\"9\":-0.0000333042,\"10\":-0.0000562271,\"11\":-0.0000154661,\"12\":-0.000104943,\"13\":0.0000333102,\"14\":0.0000562571,\"15\":0.0000154685,\"0\":-0.0000896654,\"1\":0.0000339587,\"2\":0.0000618383,\"3\":0.0000158186,\"4\":0.0001207946,\"5\":-0.0000321593,\"6\":-0.0000528699,\"7\":-0.0000152427}}", "deviance": 8.503787550211639, "formula": "count ~ group * mut * base - group : mut : base"}, "pos1": {"df": 3, "rel_entropy": 8.690802165709892e-06, "prob": 0.629672546302219, "stats": "{\"group\":{\"8\":\"1\",\"9\":\"1\",\"10\":\"1\",\"11\":\"1\",\"12\":\"1\",\"13\":\"1\",\"14\":\"1\",\"15\":\"1\",\"0\":\"2\",\"1\":\"2\",\"2\":\"2\",\"3\":\"2\",\"4\":\"2\",\"5\":\"2\",\"6\":\"2\",\"7\":\"2\"},\"mut\":{\"8\":\"M\",\"9\":\"M\",\"10\":\"M\",\"11\":\"M\",\"12\":\"R\",\"13\":\"R\",\"14\":\"R\",\"15\":\"R\",\"0\":\"M\",\"1\":\"M\",\"2\":\"M\",\"3\":\"M\",\"4\":\"R\",\"5\":\"R\",\"6\":\"R\",\"7\":\"R\"},\"base\":{\"8\":\"A\",\"9\":\"C\",\"10\":\"G\",\"11\":\"T\",\"12\":\"A\",\"13\":\"C\",\"14\":\"G\",\"15\":\"T\",\"0\":\"A\",\"1\":\"C\",\"2\":\"G\",\"3\":\"T\",\"4\":\"A\",\"5\":\"C\",\"6\":\"G\",\"7\":\"T\"},\"count\":{\"8\":10668,\"9\":9693,\"10\":23224,\"11\":6077,\"12\":10388,\"13\":15533,\"14\":11212,\"15\":12529,\"0\":47,\"1\":28,\"2\":77,\"3\":31,\"4\":49,\"5\":51,\"6\":33,\"7\":50},\"fitted\":{\"8\":10665.4205706376,\"9\":9689.9084292728,\"10\":23225.8561855362,\"11\":6080.8148145533,\"12\":10390.5794293623,\"13\":15536.0915707271,\"14\":11210.1438144637,\"15\":12525.1851854467,\"0\":49.5794293627,\"1\":31.0915707282,\"2\":75.1438144638,\"3\":27.1851854497,\"4\":46.4205706376,\"5\":47.9084292732,\"6\":34.8561855364,\"7\":53.8148145563},\"ret\":{\"8\":0.0000258776,\"9\":0.0000310168,\"10\":-0.0000186188,\"11\":-0.0000382548,\"12\":-0.0000258713,\"13\":-0.0000310088,\"14\":0.0000186211,\"15\":0.0000382726,\"0\":-0.0000251894,\"1\":-0.0000294162,\"2\":0.0000188477,\"3\":0.0000408342,\"4\":0.0000265804,\"5\":0.0000319916,\"6\":-0.0000181148,\"7\":-0.0000368772}}", "deviance": 1.7327721357992383, "formula": "count ~ group * mut * base - group : mut : base"}, "pos3": {"df": 3, "rel_entropy": 3.584984438903058e-05, "prob": 0.06733488443594236, "stats": "{\"group\":{\"8\":\"1\",\"9\":\"1\",\"10\":\"1\",\"11\":\"1\",\"12\":\"1\",\"13\":\"1\",\"14\":\"1\",\"15\":\"1\",\"0\":\"2\",\"1\":\"2\",\"2\":\"2\",\"3\":\"2\",\"4\":\"2\",\"5\":\"2\",\"6\":\"2\",\"7\":\"2\"},\"mut\":{\"8\":\"M\",\"9\":\"M\",\"10\":\"M\",\"11\":\"M\",\"12\":\"R\",\"13\":\"R\",\"14\":\"R\",\"15\":\"R\",\"0\":\"M\",\"1\":\"M\",\"2\":\"M\",\"3\":\"M\",\"4\":\"R\",\"5\":\"R\",\"6\":\"R\",\"7\":\"R\"},\"base\":{\"8\":\"A\",\"9\":\"C\",\"10\":\"G\",\"11\":\"T\",\"12\":\"A\",\"13\":\"C\",\"14\":\"G\",\"15\":\"T\",\"0\":\"A\",\"1\":\"C\",\"2\":\"G\",\"3\":\"T\",\"4\":\"A\",\"5\":\"C\",\"6\":\"G\",\"7\":\"T\"},\"count\":{\"8\":11756,\"9\":15193,\"10\":8169,\"11\":14544,\"12\":11607,\"13\":13522,\"14\":11452,\"15\":13081,\"0\":34,\"1\":45,\"2\":34,\"3\":70,\"4\":52,\"5\":43,\"6\":32,\"7\":56},\"fitted\":{\"8\":11746.9133949022,\"9\":15191.6010850618,\"10\":8175.6143088409,\"11\":14547.8712111951,\"12\":11616.0866050978,\"13\":13523.3989149382,\"14\":11445.3856911591,\"15\":13077.1287888049,\"0\":43.0866050978,\"1\":46.3989149382,\"2\":27.3856911591,\"3\":66.1287888049,\"4\":42.9133949022,\"5\":41.6010850618,\"6\":38.6143088409,\"7\":59.8712111951},\"ret\":{\"8\":0.0000911839,\"9\":0.0000140333,\"10\":-0.0000663219,\"11\":-0.0000388273,\"12\":-0.000091113,\"13\":-0.0000140319,\"14\":0.0000663679,\"15\":0.0000388382,\"0\":-0.00008078,\"1\":-0.000013819,\"2\":0.0000737843,\"3\":0.0000399476,\"4\":0.0001001816,\"5\":0.000014266,\"6\":-0.0000603108,\"7\":-0.0000375491}}", "deviance": 7.1477419742849175, "formula": "count ~ group * mut * base - group : mut : base"}, "pos0": {"df": 3, "rel_entropy": 1.083715976503338e-05, "prob": 0.5397280981469015, "stats": "{\"group\":{\"8\":\"1\",\"9\":\"1\",\"10\":\"1\",\"11\":\"1\",\"12\":\"1\",\"13\":\"1\",\"14\":\"1\",\"15\":\"1\",\"0\":\"2\",\"1\":\"2\",\"2\":\"2\",\"3\":\"2\",\"4\":\"2\",\"5\":\"2\",\"6\":\"2\",\"7\":\"2\"},\"mut\":{\"8\":\"M\",\"9\":\"M\",\"10\":\"M\",\"11\":\"M\",\"12\":\"R\",\"13\":\"R\",\"14\":\"R\",\"15\":\"R\",\"0\":\"M\",\"1\":\"M\",\"2\":\"M\",\"3\":\"M\",\"4\":\"R\",\"5\":\"R\",\"6\":\"R\",\"7\":\"R\"},\"base\":{\"8\":\"A\",\"9\":\"C\",\"10\":\"G\",\"11\":\"T\",\"12\":\"A\",\"13\":\"C\",\"14\":\"G\",\"15\":\"T\",\"0\":\"A\",\"1\":\"C\",\"2\":\"G\",\"3\":\"T\",\"4\":\"A\",\"5\":\"C\",\"6\":\"G\",\"7\":\"T\"},\"count\":{\"8\":12187,\"9\":11087,\"10\":13092,\"11\":13296,\"12\":10403,\"13\":14258,\"14\":11817,\"15\":13184,\"0\":54,\"1\":36,\"2\":41,\"3\":52,\"4\":39,\"5\":42,\"6\":38,\"7\":64},\"fitted\":{\"8\":12191.0793262421,\"9\":11089.0956796205,\"10\":13091.7078386346,\"11\":13290.1171555028,\"12\":10398.9206737579,\"13\":14255.9043203795,\"14\":11817.2921613654,\"15\":13189.8828444972,\"0\":49.9206737579,\"1\":33.9043203795,\"2\":41.2921613654,\"3\":57.8828444972,\"4\":43.0793262421,\"5\":44.0956796205,\"6\":37.7078386346,\"7\":58.1171555028},\"ret\":{\"8\":-0.0000409133,\"9\":-0.00002102,\"10\":0.0000029307,\"11\":0.0000590244,\"12\":0.0000409281,\"13\":0.0000210235,\"14\":-0.0000029307,\"15\":-0.0000589982,\"0\":0.0000425483,\"1\":0.0000216587,\"2\":-0.0000029203,\"3\":-0.0000559055,\"4\":-0.0000389185,\"5\":-0.0000205143,\"6\":0.000002942,\"7\":0.0000619021}}", "deviance": 2.1607129139523553, "formula": "count ~ group * mut * base - group : mut : base"}}