{"Pos_2_C": -0.15493856318482047, "TtoG": 0.06653200598720567, "Pos_3_A": -0.08765095735566304, "Pos_2_A": 0.0, "TtoC": 0.0001642683133735322, "Pos_1_A": 0.05495372254294346, "AtoT": 0.3950504059256028, "Pos_4_T": 0.06615131446579033, "Pos_4_C": -0.045855342776343025, "CtoA": 0.05751230935696438, "CtoG": -0.7072372351781828, "Pos_2_G": 0.22858789366427046, "Pos_3_T": 0.0, "Pos_3_G": -0.25361854359864805, "Pos_5_A": 0.08358982644216098, "GC_feature": -0.02398925644117406, "GtoA": -0.40214637285139304, "Pos_1_C": -0.02639179413253396, "Pos_4_G": 0.05325253005067992, "AtoG": 0.0, "GtoC": -0.7825623151625929, "Pos_5_C": -0.057906958856354, "Pos_5_G": -0.05979579500950611, "Pos_4_A": 0.0, "TtoA": 0.4068684156907689, "Pos_3_C": 0.10745680065001291, "Pos_0_A": 0.000313600002113004, "Pos_0_G": -0.08782573676535234, "GtoT": 0.09685588445989428, "Pos_2_T": -0.022044733395325148, "CtoT": -0.4636086444780035, "Pos_0_T": 0.11674545668529548, "Pos_1_G": -0.06423034569676848, "Pos_1_T": 0.10212172195701791, "AtoC": -0.13560336141639645, "Pos_0_C": -0.0890614697828129, "Pos_5_T": 0.002306213767326877}