{"params": {"1": {"C": 1.0, "penalty": "l1"}, "2": {"C": 10.0, "penalty": "l1"}, "3": {"C": 100.0, "penalty": "l1"}, "0": {"C": 0.1, "penalty": "l1"}}, "param_penalty": {"1": "l1", "2": "l1", "3": "l1", "0": "l1"}, "rank_test_score": {"1": 1, "2": 3, "3": 2, "0": 4}, "param_C": {"1": 1.0, "2": 10.0, "3": 100.0, "0": 0.1}, "split0_test_score": {"1": 0.7686208838, "2": 0.7685302341, "3": 0.7685359593, "0": 0.7684567601}, "best_c_choice": 1.0}