{"split0_test_score": {"3": 0.7746486605, "1": 0.7753544764, "0": 0.7753387916, "4": 0.7729390175, "2": 0.7749466717}, "param_alpha": {"3": 2.0, "1": 0.1, "0": 0.01, "4": 3.0, "2": 1.0}, "params": {"3": {"alpha": 2.0}, "1": {"alpha": 0.1}, "0": {"alpha": 0.01}, "4": {"alpha": 3.0}, "2": {"alpha": 1.0}}, "best_a_choice": 0.1, "rank_test_score": {"3": 4, "1": 1, "0": 2, "4": 5, "2": 3}}