{"param_alpha": {"4": 3.0, "2": 1.0, "1": 0.1, "3": 2.0, "0": 0.01}, "best_a_choice": 1.0, "split0_test_score": {"4": 0.6712718592, "2": 0.6712885178, "1": 0.6711362327, "3": 0.6711978465, "0": 0.6700805818}, "rank_test_score": {"4": 2, "2": 1, "1": 4, "3": 3, "0": 5}, "params": {"4": {"alpha": 3.0}, "2": {"alpha": 1.0}, "1": {"alpha": 0.1}, "3": {"alpha": 2.0}, "0": {"alpha": 0.01}}}