{"Pos_0_C": -0.07285699490913912, "Pos_0:Pos_1_CT": 0.149336477351506, "Pos_0_T": 0.0, "Pos_0:Pos_1_TG": 0.08671652804397871, "Pos_0:Pos_1_AC": 0.2093377356061913, "Pos_0:Pos_1_GA": 0.0, "Pos_0:Pos_1_AG": 0.0, "Pos_0:Pos_1_GC": 0.28538782875427404, "Pos_0:Pos_1_GG": 0.0, "AtoC": 0.015455948400561782, "Pos_0:Pos_1_AT": 0.0, "Pos_0:Pos_1_CA": 0.0938381890149628, "CtoG": -1.7405188169088774, "CtoT": -0.3034920172606299, "TtoG": 0.17750337937989488, "GtoC": -1.8491348029448265, "Pos_1_T": 0.11374065855344041, "Pos_0:Pos_1_TA": -0.1658755535903587, "CtoA": 0.23926990806333112, "AtoG": 0.3031199943245592, "TtoA": 1.219989817057309, "Pos_0:Pos_1_CC": 0.0, "Pos_0:Pos_1_CG": -0.07895912663020827, "TtoC": 0.3134345186698303, "Pos_1_A": 0.0, "Pos_0_G": 0.3142492244681351, "Pos_0:Pos_1_GT": 0.0696172501167354, "Pos_0:Pos_1_AA": 0.26813849124828715, "Pos_1_G": -0.2132607006284965, "Pos_0_A": 0.0, "AtoT": 0.9675194861245855, "GtoT": 0.30390987649874285, "GtoA": -0.465210243457286, "Pos_0:Pos_1_TT": 0.0832939076049269, "Pos_0:Pos_1_TC": 0.1382299507685201, "Pos_1_C": 0.11680983431948526}