{"best_c_choice": 1.0, "params": {"1": {"C": 1.0, "penalty": "l1"}, "0": {"C": 0.1, "penalty": "l1"}, "3": {"C": 100.0, "penalty": "l1"}, "2": {"C": 10.0, "penalty": "l1"}}, "split0_test_score": {"1": 0.7721113866, "0": 0.7648273889, "3": 0.7700743849, "2": 0.7700896433}, "param_C": {"1": 1.0, "0": 0.1, "3": 100.0, "2": 10.0}, "rank_test_score": {"1": 1, "0": 4, "3": 3, "2": 2}, "param_penalty": {"1": "l1", "0": "l1", "3": "l1", "2": "l1"}}