{"TtoC": 0.09678315188534944, "GC_feature": -0.09223467567340264, "Pos_1_T": 0.08235955230635436, "Pos_0:Pos_1_GT": 0.0, "Pos_0:Pos_1_AC": 0.0, "Pos_0:Pos_1_TT": 0.03975001501587831, "Pos_0:Pos_1_AA": 0.0, "Pos_0:Pos_1_AG": 0.0, "Pos_0:Pos_1_TG": -0.07581320477800363, "Pos_0:Pos_1_CC": -0.047443197323117, "Pos_0:Pos_1_CA": -0.008644771388610578, "TtoG": 0.0, "Pos_0:Pos_1_GG": 0.0, "Pos_0:Pos_1_TC": 0.0480670633938453, "Pos_0:Pos_1_TA": 0.0423765470107647, "GtoT": -0.0028898756992289834, "Pos_1_A": -0.016529541607685615, "Pos_0_C": -0.01113801264649863, "CtoG": -0.39464853128802385, "AtoC": -0.11687851073878656, "GtoC": -0.30813520730987415, "Pos_0_G": 0.21598354124952646, "Pos_1_G": -0.11040401478348628, "Pos_0:Pos_1_GA": 0.0, "Pos_0:Pos_1_CG": 0.0, "Pos_0_A": 0.0, "CtoA": 0.0, "CtoT": -0.43786633017159543, "Pos_0:Pos_1_CT": 0.0, "AtoG": 0.0, "TtoA": 0.34912817236095434, "GtoA": -0.5220149559888222, "Pos_1_C": 0.0, "Pos_0_T": 0.0, "Pos_0:Pos_1_GC": 0.12045816431069507, "AtoT": 0.25870123908972215, "Pos_0:Pos_1_AT": -0.014135009645473545}