{"param_alpha": {"2": 1.0, "0": 0.01, "1": 0.1, "4": 3.0, "3": 2.0}, "best_a_choice": 3.0, "rank_test_score": {"2": 3, "0": 5, "1": 4, "4": 1, "3": 2}, "params": {"2": {"alpha": 1.0}, "0": {"alpha": 0.01}, "1": {"alpha": 0.1}, "4": {"alpha": 3.0}, "3": {"alpha": 2.0}}, "split0_test_score": {"2": 0.6636372306, "0": 0.6494087355, "1": 0.655203128, "4": 0.6692599657, "3": 0.6671810032}}