{"Pos_26_A": 0.0, "Pos_17_G": 0.0, "Pos_20_G": 0.0, "Pos_47_A": 0.0, "Pos_7_C": 0.0, "Pos_23_A": 0.0, "Pos_25_T": 0.05972988678976558, "Pos_55_C": 0.0, "Pos_40_G": 0.0, "Pos_48_A": -0.029655846570906225, "Pos_37_G": 0.04328308138327366, "Pos_50_G": 0.0, "Pos_51_T": 0.0, "Pos_40_T": -0.08791573504790164, "Pos_56_T": 0.0, "Pos_41_T": 0.0, "Pos_12_G": 0.0, "Pos_2_G": 0.0, "Pos_44_T": 0.0, "TtoC": 0.2777912539480173, "Pos_45_A": -0.03205488113460071, "Pos_3_T": 0.035391603721113926, "Pos_33_T": 0.017005275646211314, "Pos_58_A": -0.013324540953052055, "Pos_55_A": -0.007925481999917997, "Pos_4_G": -0.031213921062422004, "Pos_3_C": -0.0533717296460114, "Pos_14_G": 0.01998263251039325, "Pos_37_C": -0.00064271286737982, "Pos_6_T": 0.05504313305770989, "Pos_16_C": 0.0, "Pos_33_G": -0.05242577648277688, "Pos_31_A": 0.0, "Pos_20_C": 0.0, "Pos_55_T": 0.0, "Pos_31_C": 0.0, "Pos_18_C": -0.051560193431150314, "Pos_24_T": 0.05555320865888781, "Pos_45_C": 0.0, "Pos_35_A": 0.0, "Pos_28_A": 0.0, "Pos_50_T": 0.0, "Pos_0_G": 0.0, "Pos_40_C": 0.0, "Pos_36_C": 0.09603893680843152, "Pos_53_T": 0.0, "Pos_11_A": 0.0, "Pos_17_T": 0.0, "Pos_43_T": -0.06894733567151534, "Pos_16_T": 0.14483630852850504, "Pos_28_C": 0.0, "Pos_2_T": -0.027646972955189364, "Pos_6_C": -0.002988984454058116, "Pos_41_A": 0.10498973859230187, "Pos_50_A": 0.11032214628626316, "AtoG": 0.012833666707293164, "Pos_57_T": 0.0, "CtoG": 0.0, "Pos_30_C": 0.03585171631715805, "Pos_32_C": -0.09088655096490238, "Pos_39_A": 0.0, "Pos_29_G": 0.1565945305632907, "Pos_58_G": 0.04459605919421985, "Pos_56_G": 0.0, "CtoA": 0.0, "Pos_50_C": -0.008782983236311255, "Pos_31_T": 0.12063117702607581, "Pos_49_A": 0.0, "Pos_34_T": 0.0, "Pos_5_C": -0.09738384006087752, "Pos_57_A": 0.1193051778485322, "Pos_25_C": 0.0, "Pos_35_G": 0.0, "Pos_49_T": 0.0, "Pos_36_T": 0.0, "Pos_10_T": 0.08408551921963946, "GtoT": 0.02760285879465415, "Pos_20_T": 0.0, "Pos_18_G": 0.0, "Pos_52_G": 0.0, "Pos_19_C": 0.0, "Pos_45_T": 0.12098488004058447, "Pos_46_C": 0.0, "Pos_38_A": 0.0, "Pos_13_G": 0.0, "Pos_9_T": 0.024818608084623776, "Pos_46_A": -0.0719521205370057, "Pos_8_T": 0.0, "Pos_2_A": -0.1517754219528762, "Pos_52_T": 0.0, "Pos_13_A": 0.0, "Pos_12_A": 0.0, "Pos_36_A": -0.09726489907097412, "Pos_31_G": -0.0034715481744977328, "Pos_7_A": 0.0, "Pos_32_T": 0.0, "Pos_51_A": 0.0, "Pos_27_C": 0.0, "Pos_48_T": 0.001755838064443797, "Pos_19_T": 0.0, "Pos_35_C": 0.0, "Pos_43_G": 0.012310576630876681, "Pos_9_C": 0.0, "AtoT": 0.37017097664678944, "Pos_37_A": 0.0, "Pos_19_G": 0.0, "Pos_6_G": -0.04413992204619021, "Pos_30_T": -0.01907898262014975, "Pos_28_T": 0.0, "Pos_18_A": 0.0, "Pos_46_G": 0.0, "Pos_21_A": -0.06492682300053663, "GtoC": -0.3882048532537183, "Pos_22_T": 0.0, "Pos_1_C": 0.0, "Pos_26_G": 0.0, "Pos_15_C": -0.1327278648645712, "Pos_42_G": 0.0, "Pos_4_T": 0.022790280212932675, "Pos_26_C": 0.0, "TtoA": 0.8081244012438441, "Pos_47_T": 0.10955287815388341, "Pos_0_C": 0.0, "Pos_32_G": 0.0, "Pos_16_G": 0.0, "Pos_44_A": 0.008727672189792798, "Pos_24_A": -0.03771863866586977, "Pos_20_A": 0.0, "Pos_59_T": 0.0023237321277039323, "Pos_29_T": -0.02196623088954019, "Pos_7_T": 0.0, "Pos_9_G": 0.0, "Pos_5_G": 0.18997552914112686, "Pos_0_T": 0.0, "Pos_40_A": 0.0, "Pos_38_C": -0.07395326034619498, "Pos_59_G": 0.0, "Pos_33_C": 0.0, "Pos_52_A": 0.0, "Pos_47_G": 0.0, "Pos_51_G": -0.06254824488463043, "Pos_36_G": 0.0, "Pos_10_A": -0.0495987030319578, "Pos_43_A": -0.07504378801525992, "Pos_18_T": 0.06896632876617236, "Pos_23_T": -0.050231948091767106, "Pos_8_G": 0.026650502675372802, "Pos_34_G": 0.0, "Pos_23_G": 0.0028306016349864556, "Pos_28_G": 0.0, "Pos_54_G": 0.0, "Pos_48_C": 0.0, "Pos_1_T": 0.0, "Pos_14_C": 0.0, "Pos_46_T": 0.0, "Pos_1_A": 0.0, "Pos_43_C": 0.0, "Pos_22_A": -0.16906597006343982, "AtoC": 0.0, "Pos_42_C": 0.0, "Pos_15_G": 0.0, "Pos_30_A": 0.0, "Pos_14_A": -0.022639278906445116, "Pos_35_T": 0.0, "Pos_59_C": -0.045924867042295585, "Pos_56_C": -0.045084866307347274, "Pos_38_G": 0.0, "Pos_0_A": 0.0, "Pos_11_T": -0.04155466341937644, "Pos_17_A": 0.0, "Pos_7_G": -0.02045858406572827, "Pos_48_G": 0.0, "Pos_44_C": -0.11426163574444748, "Pos_13_C": 0.0, "Pos_23_C": 0.0, "Pos_4_A": 0.0, "Pos_27_T": 0.1320847801573814, "Pos_3_G": -0.02187195713845061, "Pos_53_A": 0.0007501434306614632, "GtoA": -0.5341814209563855, "Pos_41_G": -0.0030513383279554183, "Pos_58_T": -0.01063246560749355, "Pos_45_G": -0.08141078627600185, "Pos_33_A": 0.0, "Pos_25_A": 0.0, "Pos_58_C": 0.0, "Pos_34_A": 0.035178583631109324, "Pos_49_C": 0.0, "Pos_30_G": -0.24317816014295818, "Pos_3_A": 0.0, "Pos_12_T": 0.019049734047703062, "Pos_54_A": 0.0, "Pos_17_C": 0.0, "Pos_10_G": 0.0, "Pos_37_T": 0.0, "Pos_55_G": 0.002518202466922076, "Pos_47_C": 0.0, "Pos_14_T": 0.0, "Pos_9_A": 0.0, "Pos_15_T": 0.054980519290469966, "Pos_12_C": -0.17933494681091391, "Pos_27_G": -0.06182624672914613, "Pos_22_C": 0.0, "Pos_8_C": 0.0, "Pos_53_C": -0.0908478274904889, "Pos_38_T": 0.0, "Pos_34_C": -0.03424756970228236, "Pos_42_T": 0.0, "Pos_42_A": -0.12143107637714155, "Pos_54_T": 0.12626885436520185, "Pos_11_C": 0.0, "CtoT": -0.46679101827485414, "Pos_1_G": 0.0, "Pos_52_C": 0.027333609359447533, "Pos_10_C": 0.0, "Pos_29_C": -0.11497290912615145, "Pos_5_A": -0.02959775630603689, "Pos_54_C": 0.0, "Pos_8_A": -0.0882169924083012, "Pos_59_A": 0.0, "Pos_24_C": 0.0, "Pos_32_A": 0.026657831839815353, "Pos_13_T": 0.05968651097764663, "Pos_26_T": 0.0974954633682701, "Pos_39_G": 0.0, "Pos_44_G": -0.02812177262426407, "Pos_6_A": 0.0, "Pos_39_C": 0.0, "Pos_57_C": 0.0, "Pos_15_A": 0.0, "Pos_4_C": 0.0, "Pos_49_G": 0.0, "Pos_16_A": -0.051943172006041635, "Pos_51_C": 0.0, "Pos_39_T": 0.15336465402776556, "Pos_22_G": 0.0, "Pos_2_C": 0.015133804218152512, "Pos_21_G": 0.018294551531578405, "Pos_57_G": -0.07352538436295467, "Pos_5_T": 0.0, "Pos_56_A": 0.08793015425895141, "Pos_19_A": 0.0, "Pos_21_C": -0.10270350566828018, "Pos_27_A": 0.0, "Pos_53_G": 0.0, "Pos_21_T": 0.0, "Pos_41_C": 0.0, "Pos_25_G": 0.0, "Pos_11_G": 0.1146966619511133, "Pos_29_A": 0.0, "TtoG": 0.0, "Pos_24_G": 0.0}