{"param_alpha": {"1": 0.1, "3": 2.0, "2": 1.0, "0": 0.01, "4": 3.0}, "params": {"1": {"alpha": 0.1}, "3": {"alpha": 2.0}, "2": {"alpha": 1.0}, "0": {"alpha": 0.01}, "4": {"alpha": 3.0}}, "rank_test_score": {"1": 2, "3": 4, "2": 3, "0": 1, "4": 5}, "best_a_choice": 0.01, "split0_test_score": {"1": 0.6770356542, "3": 0.6750919634, "2": 0.6754691889, "0": 0.678639078, "4": 0.675020455}}