{"params": {"3": {"alpha": 2.0}, "4": {"alpha": 3.0}, "2": {"alpha": 1.0}, "1": {"alpha": 0.1}, "0": {"alpha": 0.01}}, "rank_test_score": {"3": 4, "4": 5, "2": 3, "1": 2, "0": 1}, "split0_test_score": {"3": 0.7297273982, "4": 0.7287235711, "2": 0.732001694, "1": 0.7339622937, "0": 0.7340720873}, "param_alpha": {"3": 2.0, "4": 3.0, "2": 1.0, "1": 0.1, "0": 0.01}, "best_a_choice": 0.01}