{"Pos_1_A": 0.0, "Pos_1_T": -0.02040679736377518, "CtoG": -0.6288521172332866, "Pos_0_C": 0.0, "GtoT": 0.03624970989992732, "Pos_1_C": -0.14979755591215962, "Pos_1_G": 0.23103359058149728, "Pos_3_C": 0.0, "TtoA": 0.45861299378124554, "TtoG": 0.0, "Pos_2_G": -0.23739891720331469, "Pos_2_T": 0.0, "TtoC": 0.03737380248619194, "Pos_3_G": 0.019090029146996652, "GtoC": -0.6343880778647141, "Pos_3_A": -0.06026467645686605, "Pos_3_T": 0.018833279317600066, "Pos_0_G": -0.05010094890846121, "GC_feature": -0.14549648688491043, "Pos_0_T": 0.1161749704962136, "AtoC": -0.0642810357058982, "AtoG": 0.040430441331554094, "GtoA": -0.40794216069725525, "CtoA": -0.00043709361851467334, "Pos_2_A": -0.08855937757771622, "Pos_0_A": 0.0034826355295138295, "Pos_2_C": 0.05546091887276312, "CtoT": -0.4278940679414965, "AtoT": 0.4487997398730608}