{"GC_feature": -0.12682466304767331, "GtoA": -0.3091379118935047, "TtoA": 0.5252560800849123, "CtoA": 0.04587258445289531, "CtoG": -1.1905964993661706, "TtoG": 0.07669726352911863, "AtoT": 0.503761030849051, "AtoC": -0.036658470118706044, "GtoT": 0.07932955751321528, "CtoT": -0.2872896519611683, "AtoG": 0.17466014969496294, "TtoC": 0.18516254661547216, "GtoC": -1.0889745307291328}