{"Pos_0:Pos_1_AG": -0.01646453958009966, "TtoC": 0.18324644236449258, "Pos_0_C": -0.169529521161801, "Pos_0_A": 0.0, "Pos_0:Pos_1_GC": 0.0, "AtoG": 0.03457062398207088, "Pos_0_T": 0.057047189944564154, "Pos_0:Pos_1_GA": 0.0, "Pos_1_C": 0.09337843560251059, "Pos_0:Pos_1_AC": 0.0, "Pos_0:Pos_1_TT": 0.0, "Pos_0:Pos_1_CA": 0.0, "Pos_0:Pos_1_TC": 0.0, "Pos_0:Pos_1_AA": 0.011714162582847675, "Pos_0:Pos_1_TA": 0.0, "TtoG": 0.0, "Pos_0:Pos_1_GG": 0.0, "Pos_0:Pos_1_CC": 0.0, "GtoT": 0.11060717530291136, "CtoT": -0.3974953022256135, "CtoG": -0.7056381233299246, "Pos_0:Pos_1_AT": 0.0, "AtoT": 0.7138263463247199, "Pos_0:Pos_1_GT": 0.0, "Pos_1_T": 0.02599778000306828, "Pos_0:Pos_1_CG": 0.0, "Pos_1_G": -0.23460009149480843, "GtoA": -0.42415615130134215, "GtoC": -0.563020337725485, "Pos_0:Pos_1_TG": 0.08041179204338597, "CtoA": 0.0, "AtoC": 0.0, "TtoA": 0.910468747540089, "Pos_1_A": 0.0, "Pos_0_G": 0.23195575802204432, "Pos_0:Pos_1_CT": 0.05635221040885144}