{"params": {"0": {"alpha": 0.01}, "1": {"alpha": 0.1}, "3": {"alpha": 2.0}, "4": {"alpha": 3.0}, "2": {"alpha": 1.0}}, "rank_test_score": {"0": 2, "1": 1, "3": 4, "4": 5, "2": 3}, "best_a_choice": 0.1, "param_alpha": {"0": 0.01, "1": 0.1, "3": 2.0, "4": 3.0, "2": 1.0}, "split0_test_score": {"0": 0.753427427, "1": 0.7535075339, "3": 0.7529010109, "4": 0.7521571619, "2": 0.7533930956}}