{"TtoA": 0.37541932590973415, "AtoC": -0.03739106739878792, "AtoG": 0.0, "CtoA": -0.053668641390588474, "TtoC": 0.032948049468783186, "CtoT": -0.34371425821221374, "CtoG": -0.41805600570167023, "GtoT": 0.016486103500952583, "GtoA": -0.3592728557233279, "GC_feature": -0.1376582376524473, "TtoG": 0.010802793699487818, "GtoC": -0.46275952946550053, "AtoT": 0.3644681605101789}