{"best_a_choice": 3.0, "params": {"1": {"alpha": 0.1}, "4": {"alpha": 3.0}, "2": {"alpha": 1.0}, "0": {"alpha": 0.01}, "3": {"alpha": 2.0}}, "split0_test_score": {"1": 0.6649178117, "4": 0.6795517285, "2": 0.6753168329, "0": 0.654471736, "3": 0.6779832486}, "param_alpha": {"1": 0.1, "4": 3.0, "2": 1.0, "0": 0.01, "3": 2.0}, "rank_test_score": {"1": 4, "4": 1, "2": 3, "0": 5, "3": 2}}