{"param_C": {"3": 100.0, "1": 1.0, "0": 0.1, "2": 10.0}, "best_c_choice": 0.1, "param_penalty": {"3": "l1", "1": "l1", "0": "l1", "2": "l1"}, "split0_test_score": {"3": 0.736758268, "1": 0.739325208, "0": 0.7575809393, "2": 0.7369942262}, "params": {"3": {"penalty": "l1", "C": 100.0}, "1": {"penalty": "l1", "C": 1.0}, "0": {"penalty": "l1", "C": 0.1}, "2": {"penalty": "l1", "C": 10.0}}, "rank_test_score": {"3": 4, "1": 2, "0": 1, "2": 3}}