{"Pos_2:Pos_4_AG": 0.020019148527953733, "Pos_3:Pos_4_CA": 0.12258298544397231, "Pos_2:Pos_5_TT": 0.0, "Pos_3:Pos_5_GC": -0.0324683793980679, "Pos_3:Pos_5_AT": 0.0, "Pos_3:Pos_5_TA": 0.08783775209707743, "Pos_1:Pos_5_AT": 0.010049249825255291, "Pos_0:Pos_1_CG": 0.009045693860229713, "Pos_0:Pos_5_GA": 0.08610072401140854, "Pos_2:Pos_3_GA": 0.0, "Pos_2:Pos_3_CT": 0.01809780869654406, "Pos_2:Pos_4_CC": 0.0, "TtoC": 0.17038426463303374, "Pos_1:Pos_5_GG": -0.006518388300334532, "Pos_3_T": 0.03012899785689377, "Pos_0:Pos_5_AC": 0.04521811278945349, "Pos_0:Pos_4_AG": 0.0, "Pos_0:Pos_4_TT": 0.0, "Pos_0:Pos_1_AT": -0.01700355945301793, "Pos_1:Pos_2_CT": 0.0, "Pos_3:Pos_4_TA": 0.0, "Pos_3:Pos_5_CT": 0.11049146452072621, "Pos_2:Pos_5_CT": -0.044385752149424265, "TtoG": 0.1416875240127358, "Pos_0:Pos_1_TA": 0.0, "Pos_2:Pos_3_GG": 0.0, "Pos_1:Pos_2_GA": 0.0, "Pos_3:Pos_4_TC": 0.024829588936711125, "Pos_1:Pos_5_GC": 0.0159685982986426, "Pos_4:Pos_5_CC": -0.0641662038238048, "Pos_4:Pos_5_GT": 0.0, "Pos_4:Pos_5_GC": 0.0, "Pos_3:Pos_5_GG": -0.10589646571709158, "Pos_2:Pos_4_CG": 0.0, "Pos_0:Pos_5_CT": 0.0, "Pos_2:Pos_4_AC": 0.0, "Pos_1:Pos_3_TC": 0.0, "Pos_3:Pos_5_AA": 0.0, "Pos_1:Pos_3_GT": 0.0, "Pos_3:Pos_5_TG": 0.04357627348185566, "Pos_5_A": 0.08607401650718992, "Pos_2:Pos_3_TG": 0.008467480676371352, "Pos_2:Pos_3_CC": 0.0, "Pos_0:Pos_5_AA": 0.0, "Pos_1:Pos_4_AA": 0.0, "Pos_1:Pos_5_TG": 0.0, "Pos_4:Pos_5_TA": 0.0, "Pos_2:Pos_3_TC": 0.0, "Pos_2:Pos_5_GG": 0.0, "Pos_1:Pos_2_AG": 0.004969691910218893, "Pos_1:Pos_5_CC": 0.0, "Pos_0:Pos_3_CC": 0.0, "Pos_4:Pos_5_GG": 0.0, "Pos_2:Pos_5_AG": 0.0, "Pos_0:Pos_2_GA": 0.0, "Pos_2:Pos_3_CG": -0.11014812467674255, "Pos_4:Pos_5_AG": 0.0, "Pos_0:Pos_5_TC": 0.0, "Pos_2:Pos_4_GG": 0.0, "Pos_3:Pos_4_CT": 0.027365833747123116, "Pos_0:Pos_3_TT": 0.0, "Pos_1:Pos_4_CG": 0.0, "Pos_4:Pos_5_CT": 0.005412171749685922, "Pos_0:Pos_1_GC": 0.0, "Pos_1:Pos_5_TT": 0.0, "Pos_2:Pos_4_GA": -0.00789718264566156, "Pos_3:Pos_5_AC": 0.0, "Pos_4:Pos_5_CG": 0.15688598671519557, "Pos_1:Pos_2_TG": 0.11706766680730704, "CtoA": 0.0, "Pos_5_T": 0.0, "Pos_3_A": 0.0, "Pos_0:Pos_2_CC": 0.0, "Pos_1:Pos_5_AC": 0.0, "Pos_0:Pos_1_AG": 0.0, "Pos_0:Pos_4_AA": -0.05578315739481726, "Pos_0:Pos_3_TA": 0.014124778170108794, "Pos_3:Pos_5_GA": 0.0, "Pos_1:Pos_2_CA": 0.14128953983286985, "Pos_1:Pos_5_CT": 0.1517243072529717, "Pos_2:Pos_5_AC": 0.0, "Pos_0:Pos_1_CA": -0.02621759196195343, "Pos_0:Pos_1_TC": 0.0, "Pos_1:Pos_4_TG": 0.0, "Pos_0:Pos_3_AG": 0.11667083376893862, "Pos_0:Pos_4_TA": 0.0, "Pos_1:Pos_4_CT": 0.0, "Pos_0:Pos_2_GC": 0.0, "Pos_1:Pos_5_AA": -0.00664009012615021, "Pos_0_G": 0.0, "Pos_1:Pos_4_TC": 0.0858822732565177, "Pos_3:Pos_4_GA": -0.0911090774804404, "Pos_3:Pos_5_TT": 0.0, "Pos_0:Pos_2_TT": -0.004811245242378738, "Pos_0:Pos_1_CT": 0.0, "Pos_2:Pos_5_TA": 0.0, "Pos_1:Pos_3_AT": 0.12487382376979554, "Pos_3:Pos_4_GT": 0.0, "Pos_1:Pos_3_TA": 0.0, "Pos_1:Pos_2_TA": 0.0, "GtoT": 0.19894412076871998, "Pos_1:Pos_3_CG": 0.02604643443575483, "Pos_2_C": 0.0, "Pos_2:Pos_5_CG": 0.004759293155085642, "Pos_0_A": 0.0, "Pos_1:Pos_5_TC": 0.0, "Pos_3:Pos_4_TG": -0.040406978012210236, "GtoC": -1.563319105807368, "CtoG": -1.6098978784887, "Pos_2:Pos_4_GC": 0.0013021158971928204, "Pos_1:Pos_2_CG": -0.2763038809656344, "Pos_1:Pos_3_CC": 0.0, "Pos_2:Pos_5_AT": 0.021805591715853275, "Pos_0:Pos_5_TT": 0.07303258878028444, "Pos_0:Pos_5_AT": 0.060075445481449816, "Pos_0:Pos_1_CC": 0.0, "Pos_5_C": -0.018407682342129073, "Pos_4:Pos_5_AC": 0.0, "Pos_2:Pos_5_GC": 0.0, "Pos_1:Pos_4_TA": 0.0, "Pos_1:Pos_4_GT": -0.04551991387871238, "Pos_2:Pos_3_AG": 0.0, "Pos_0:Pos_4_AT": 0.0, "Pos_0:Pos_2_GT": 0.03374991041829099, "Pos_0:Pos_4_TG": 0.0, "Pos_1_G": 0.0, "Pos_1:Pos_4_CC": 0.0, "Pos_1:Pos_3_CA": -0.07351053410365876, "Pos_2:Pos_5_GT": 0.0, "Pos_1:Pos_2_TC": -0.1014345511419308, "Pos_0:Pos_4_GT": -0.031106588686818166, "Pos_2:Pos_3_AC": 0.04696195900849101, "Pos_1:Pos_4_AC": 0.0, "Pos_0:Pos_1_GA": 0.0, "Pos_0_T": 0.04872453004555172, "Pos_0:Pos_2_AG": 0.0, "Pos_1:Pos_5_TA": 0.005858776377351446, "Pos_3:Pos_5_CC": 0.02204539657794961, "Pos_3:Pos_4_AA": 0.0, "Pos_0:Pos_5_CC": -0.026773010552803605, "Pos_1:Pos_3_AA": 0.011022328681455447, "Pos_0:Pos_1_GT": 0.029925130256814737, "Pos_1:Pos_5_GT": -0.014173344825443631, "Pos_2:Pos_5_CC": 0.0, "Pos_0:Pos_4_CC": -0.02823129534282942, "Pos_0:Pos_3_AT": 0.014618896897046173, "Pos_0:Pos_3_TG": 0.0, "Pos_1:Pos_4_GC": 0.0, "Pos_4:Pos_5_GA": 0.0, "Pos_4:Pos_5_AT": 0.0, "Pos_1:Pos_3_GC": 0.0022710181740148586, "Pos_0:Pos_5_AG": 0.0, "Pos_1:Pos_5_CA": 0.029800044661264867, "Pos_2:Pos_3_AA": 0.12898053353026911, "Pos_3_G": -0.10622740655604022, "TtoA": 0.927689658480847, "Pos_2:Pos_3_TT": 0.042570068072361036, "Pos_1:Pos_2_TT": 0.06738149227987392, "Pos_0:Pos_1_AA": 0.10922555395036201, "Pos_0:Pos_3_GT": -0.052655845487150556, "Pos_1:Pos_3_TG": 0.0, "Pos_1:Pos_2_GC": 0.0, "Pos_1:Pos_2_GT": -0.0005097073944718842, "Pos_2:Pos_4_TC": 0.0, "Pos_3:Pos_5_TC": 0.0, "Pos_2:Pos_5_TG": 0.0, "Pos_0:Pos_1_GG": -0.11615620074846096, "Pos_0:Pos_2_TC": 0.0701621404715422, "Pos_3:Pos_5_AG": 0.0, "Pos_0:Pos_3_GC": 0.02590860540411192, "Pos_1:Pos_5_GA": 0.0, "Pos_1:Pos_4_GG": 0.0, "Pos_0:Pos_2_TG": 0.0041121127396743905, "Pos_3_C": 0.0, "Pos_0:Pos_3_GG": 0.0, "GtoA": -0.48047322447379, "Pos_0:Pos_4_CT": 0.0, "Pos_0:Pos_4_TC": 0.0, "Pos_0:Pos_3_CA": 0.0, "Pos_1:Pos_3_GA": -0.04363127143954219, "Pos_2:Pos_3_GT": 0.0, "Pos_0:Pos_2_AT": 0.0818756988913754, "Pos_1:Pos_5_AG": 0.07825551471513101, "Pos_0:Pos_2_AA": 0.0, "Pos_3:Pos_4_GG": 0.14190394168837098, "Pos_2:Pos_3_AT": -0.11121707478788216, "Pos_3:Pos_4_AG": 0.18046794626532991, "Pos_2:Pos_5_TC": 0.0, "Pos_0:Pos_2_AC": 0.0, "Pos_0:Pos_4_GA": 0.0, "Pos_3:Pos_4_AT": 0.0, "Pos_2:Pos_3_CA": 0.0, "CtoT": -0.4121040436580779, "Pos_4_A": 0.0, "Pos_0:Pos_5_GT": -0.009085125797996321, "Pos_2:Pos_5_CA": 0.0, "Pos_1:Pos_3_TT": 0.0, "Pos_0:Pos_2_GG": 0.0, "Pos_3:Pos_5_CG": 0.0, "Pos_2:Pos_5_AA": 0.0, "Pos_0:Pos_5_GG": 0.0, "Pos_2:Pos_5_GA": 0.0, "Pos_4:Pos_5_TG": -0.0364671957455489, "Pos_4:Pos_5_CA": 0.0, "Pos_2:Pos_3_TA": -0.15751937301757715, "Pos_0:Pos_4_AC": 0.03928485616188886, "Pos_0:Pos_2_CT": -0.06643321491855973, "Pos_3:Pos_4_CC": 0.0, "Pos_4:Pos_5_AA": 0.034691466735545705, "Pos_0:Pos_5_CG": 0.0, "Pos_0:Pos_1_AC": 0.0, "Pos_0:Pos_3_GA": 0.0, "Pos_0:Pos_3_CG": -0.15827938169605255, "Pos_3:Pos_4_GC": 0.0, "Pos_0:Pos_5_TA": 0.0, "Pos_1_C": 0.0, "Pos_0:Pos_3_TC": 0.0, "Pos_1_A": 0.0, "Pos_1:Pos_2_AC": -0.20150858533541585, "Pos_2:Pos_3_GC": 0.09712299781696838, "Pos_0:Pos_1_TT": 0.10335200712621616, "Pos_2:Pos_4_TA": 0.0798817484863638, "Pos_4_C": 0.0, "Pos_1:Pos_2_CC": 0.007073212672627695, "Pos_1:Pos_2_AA": 0.0, "Pos_2_T": 0.0, "Pos_0:Pos_4_GG": 0.0, "Pos_0:Pos_3_CT": 0.04423247295019341, "Pos_0:Pos_1_TG": 0.0, "AtoT": 0.888987919179305, "Pos_0:Pos_3_AC": 0.0, "Pos_1_T": 0.0827346826749873, "Pos_1:Pos_4_GA": -0.008240908681582221, "AtoG": 0.13378115809679308, "Pos_1:Pos_4_AT": 0.0773113777775552, "Pos_0:Pos_3_AA": -0.056708009533642065, "Pos_4:Pos_5_TT": 0.12014418285862334, "Pos_0:Pos_4_GC": 0.09847120300890491, "Pos_2:Pos_4_AA": -0.011448020246907062, "Pos_1:Pos_3_AG": -0.07885093607322578, "Pos_2:Pos_4_CA": 0.0, "Pos_3:Pos_4_CG": -0.030441120009646765, "Pos_0:Pos_2_CA": 0.07504098226656078, "Pos_1:Pos_3_GG": 0.0, "Pos_4_G": 0.0, "Pos_1:Pos_4_TT": 0.02626593392612313, "Pos_3:Pos_4_AC": 0.0, "Pos_0:Pos_2_TA": 0.0, "Pos_5_G": 0.0, "Pos_2:Pos_4_TT": 0.0, "Pos_2_G": 0.30484721719978575, "Pos_0_C": 0.0, "Pos_2:Pos_4_AT": 0.047066393910762, "Pos_1:Pos_5_CG": 0.0, "Pos_0:Pos_4_CG": 0.011152850408056919, "Pos_3:Pos_4_TT": 0.08553316577327069, "AtoC": -0.1117211701472631, "Pos_0:Pos_5_CA": 0.04519536911261097, "Pos_1:Pos_4_CA": 0.0, "Pos_2_A": 0.0, "Pos_1:Pos_3_CT": 0.0, "Pos_2:Pos_4_CT": -0.0757888848029856, "Pos_3:Pos_5_GT": 0.025355900478869757, "Pos_4:Pos_5_TC": 0.1434538355344923, "Pos_2:Pos_4_GT": 0.016383927184523594, "Pos_3:Pos_5_CA": 0.0, "Pos_0:Pos_4_CA": 0.0, "Pos_0:Pos_5_TG": 0.1293672626926875, "Pos_0:Pos_2_CG": 0.0,