{"GtoA": -0.3600897744566385, "TtoG": 0.0, "Pos_3_A": -0.0421517083456709, "Pos_0_C": 0.0, "Pos_3_T": 0.025707821067733085, "Pos_1_C": -0.17125118823386076, "Pos_2_T": 0.0, "Pos_0_T": 0.14270046299338193, "GC_feature": -0.053478551782023244, "Pos_3_C": 0.0, "CtoG": -0.402961343827087, "CtoA": 0.0, "CtoT": -0.3739526192829403, "Pos_1_G": 0.19087499854557427, "AtoG": 0.0, "GtoC": -0.3510820284588324, "Pos_2_G": -0.24016940565647285, "AtoC": -0.038202337992256266, "Pos_3_G": 0.0, "Pos_1_A": 0.0, "TtoA": 0.44466737482926166, "Pos_0_G": -0.05897465369029483, "Pos_1_T": 0.04563976694037122, "AtoT": 0.3684008351087491, "Pos_0_A": 0.004973007730502693, "Pos_2_A": -0.020124439095861733, "GtoT": 0.043084359037146164, "Pos_2_C": 0.05478597690441203, "TtoC": 0.07836125113412952}