{"pos2": {"deviance": 7.845822781802734, "stats": "{\"group\":{\"8\":\"1\",\"9\":\"1\",\"10\":\"1\",\"11\":\"1\",\"12\":\"1\",\"13\":\"1\",\"14\":\"1\",\"15\":\"1\",\"0\":\"2\",\"1\":\"2\",\"2\":\"2\",\"3\":\"2\",\"4\":\"2\",\"5\":\"2\",\"6\":\"2\",\"7\":\"2\"},\"mut\":{\"8\":\"M\",\"9\":\"M\",\"10\":\"M\",\"11\":\"M\",\"12\":\"R\",\"13\":\"R\",\"14\":\"R\",\"15\":\"R\",\"0\":\"M\",\"1\":\"M\",\"2\":\"M\",\"3\":\"M\",\"4\":\"R\",\"5\":\"R\",\"6\":\"R\",\"7\":\"R\"},\"base\":{\"8\":\"A\",\"9\":\"C\",\"10\":\"G\",\"11\":\"T\",\"12\":\"A\",\"13\":\"C\",\"14\":\"G\",\"15\":\"T\",\"0\":\"A\",\"1\":\"C\",\"2\":\"G\",\"3\":\"T\",\"4\":\"A\",\"5\":\"C\",\"6\":\"G\",\"7\":\"T\"},\"count\":{\"8\":25,\"9\":65,\"10\":33,\"11\":42,\"12\":49,\"13\":33,\"14\":52,\"15\":31,\"0\":181,\"1\":209,\"2\":223,\"3\":238,\"4\":235,\"5\":174,\"6\":292,\"7\":150},\"fitted\":{\"8\":30.5304265087,\"9\":55.0981695842,\"10\":35.5906487444,\"11\":43.7807551627,\"12\":43.4695734913,\"13\":42.9018304158,\"14\":49.4093512556,\"15\":29.2192448373,\"0\":175.4695734913,\"1\":218.9018304158,\"2\":220.4093512556,\"3\":236.2192448373,\"4\":240.5304265087,\"5\":164.0981695842,\"6\":294.5906487444,\"7\":151.7807551627},\"ret\":{\"8\":-0.0024587593,\"9\":0.0052867128,\"10\":-0.0012273558,\"11\":-0.0008582866,\"12\":0.0028878908,\"13\":-0.0042615299,\"14\":0.0013077799,\"15\":0.0009025339,\"0\":0.0027641135,\"1\":-0.0047610359,\"2\":0.001282389,\"3\":0.0008796509,\"4\":-0.0026901349,\"5\":0.0050170961,\"6\":-0.0012693032,\"7\":-0.0008711948}}", "df": 3, "prob": 0.04930790143839058, "formula": "count ~ group * mut * base - group : mut : base", "rel_entropy": 0.001930566629380594}, "pos3": {"deviance": 1.9349047054294655, "stats": "{\"group\":{\"8\":\"1\",\"9\":\"1\",\"10\":\"1\",\"11\":\"1\",\"12\":\"1\",\"13\":\"1\",\"14\":\"1\",\"15\":\"1\",\"0\":\"2\",\"1\":\"2\",\"2\":\"2\",\"3\":\"2\",\"4\":\"2\",\"5\":\"2\",\"6\":\"2\",\"7\":\"2\"},\"mut\":{\"8\":\"M\",\"9\":\"M\",\"10\":\"M\",\"11\":\"M\",\"12\":\"R\",\"13\":\"R\",\"14\":\"R\",\"15\":\"R\",\"0\":\"M\",\"1\":\"M\",\"2\":\"M\",\"3\":\"M\",\"4\":\"R\",\"5\":\"R\",\"6\":\"R\",\"7\":\"R\"},\"base\":{\"8\":\"A\",\"9\":\"C\",\"10\":\"G\",\"11\":\"T\",\"12\":\"A\",\"13\":\"C\",\"14\":\"G\",\"15\":\"T\",\"0\":\"A\",\"1\":\"C\",\"2\":\"G\",\"3\":\"T\",\"4\":\"A\",\"5\":\"C\",\"6\":\"G\",\"7\":\"T\"},\"count\":{\"8\":44,\"9\":38,\"10\":32,\"11\":51,\"12\":43,\"13\":42,\"14\":38,\"15\":42,\"0\":261,\"1\":215,\"2\":180,\"3\":195,\"4\":268,\"5\":193,\"6\":189,\"7\":201},\"fitted\":{\"8\":43.038052938,\"9\":41.4412131902,\"10\":33.7740134523,\"11\":46.746720422,\"12\":43.961947062,\"13\":38.5587868117,\"14\":36.2259865477,\"15\":46.2532795816,\"0\":261.961947062,\"1\":211.5587868107,\"2\":178.2259865477,\"3\":199.2532795796,\"4\":267.038052938,\"5\":196.4412131893,\"6\":190.7740134523,\"7\":196.7467204204},\"ret\":{\"8\":0.0004786507,\"9\":-0.0016211659,\"10\":-0.0008496972,\"11\":0.0021856093,\"12\":-0.0004681816,\"13\":0.001766927,\"14\":0.0008940741,\"15\":-0.0019938167,\"0\":-0.0004725289,\"1\":0.0017072097,\"2\":0.0008773688,\"3\":-0.0020706484,\"4\":0.0004742508,\"5\":-0.0016785898,\"6\":-0.0008689663,\"7\":0.002115613}}", "df": 3, "prob": 0.5860267843104097, "formula": "count ~ group * mut * base - group : mut : base", "rel_entropy": 0.00047610844129662044}, "pos0": {"deviance": 17.227109475784978, "stats": "{\"group\":{\"8\":\"1\",\"9\":\"1\",\"10\":\"1\",\"11\":\"1\",\"12\":\"1\",\"13\":\"1\",\"14\":\"1\",\"15\":\"1\",\"0\":\"2\",\"1\":\"2\",\"2\":\"2\",\"3\":\"2\",\"4\":\"2\",\"5\":\"2\",\"6\":\"2\",\"7\":\"2\"},\"mut\":{\"8\":\"M\",\"9\":\"M\",\"10\":\"M\",\"11\":\"M\",\"12\":\"R\",\"13\":\"R\",\"14\":\"R\",\"15\":\"R\",\"0\":\"M\",\"1\":\"M\",\"2\":\"M\",\"3\":\"M\",\"4\":\"R\",\"5\":\"R\",\"6\":\"R\",\"7\":\"R\"},\"base\":{\"8\":\"A\",\"9\":\"C\",\"10\":\"G\",\"11\":\"T\",\"12\":\"A\",\"13\":\"C\",\"14\":\"G\",\"15\":\"T\",\"0\":\"A\",\"1\":\"C\",\"2\":\"G\",\"3\":\"T\",\"4\":\"A\",\"5\":\"C\",\"6\":\"G\",\"7\":\"T\"},\"count\":{\"8\":60,\"9\":22,\"10\":40,\"11\":43,\"12\":38,\"13\":34,\"14\":39,\"15\":54,\"0\":202,\"1\":258,\"2\":269,\"3\":122,\"4\":255,\"5\":185,\"6\":226,\"7\":185},\"fitted\":{\"8\":47.8145486819,\"9\":32.3625460985,\"10\":43.8294389226,\"11\":40.9934662971,\"12\":50.1854513181,\"13\":23.6374539017,\"14\":35.1705610774,\"15\":56.0065337029,\"0\":214.1854513181,\"1\":247.6374539016,\"2\":265.1705610774,\"3\":124.0065337029,\"4\":242.8145486819,\"5\":195.3625460984,\"6\":229.8294389226,\"7\":182.9934662971},\"ret\":{\"8\":0.0067031871,\"9\":-0.0041786934,\"10\":-0.0017997295,\"11\":0.0010112495,\"12\":-0.0052014185,\"13\":0.0060826542,\"14\":0.0019836307,\"15\":-0.0009695634,\"0\":-0.0058228625,\"1\":0.0052049199,\"2\":0.0018981093,\"3\":-0.0009794349,\"4\":0.0061447931,\"5\":-0.0049619711,\"6\":-0.0018687781,\"7\":0.0009928615}}", "df": 3, "prob": 0.0006346549709080869, "formula": "count ~ group * mut * base - group : mut : base", "rel_entropy": 0.004238954103293548}, "pos1": {"deviance": 49.68879702451074, "stats": "{\"group\":{\"8\":\"1\",\"9\":\"1\",\"10\":\"1\",\"11\":\"1\",\"12\":\"1\",\"13\":\"1\",\"14\":\"1\",\"15\":\"1\",\"0\":\"2\",\"1\":\"2\",\"2\":\"2\",\"3\":\"2\",\"4\":\"2\",\"5\":\"2\",\"6\":\"2\",\"7\":\"2\"},\"mut\":{\"8\":\"M\",\"9\":\"M\",\"10\":\"M\",\"11\":\"M\",\"12\":\"R\",\"13\":\"R\",\"14\":\"R\",\"15\":\"R\",\"0\":\"M\",\"1\":\"M\",\"2\":\"M\",\"3\":\"M\",\"4\":\"R\",\"5\":\"R\",\"6\":\"R\",\"7\":\"R\"},\"base\":{\"8\":\"A\",\"9\":\"C\",\"10\":\"G\",\"11\":\"T\",\"12\":\"A\",\"13\":\"C\",\"14\":\"G\",\"15\":\"T\",\"0\":\"A\",\"1\":\"C\",\"2\":\"G\",\"3\":\"T\",\"4\":\"A\",\"5\":\"C\",\"6\":\"G\",\"7\":\"T\"},\"count\":{\"8\":23,\"9\":27,\"10\":85,\"11\":30,\"12\":42,\"13\":51,\"14\":51,\"15\":21,\"0\":262,\"1\":348,\"2\":139,\"3\":102,\"4\":250,\"5\":236,\"6\":211,\"7\":154},\"fitted\":{\"8\":33.0001229793,\"9\":45.2290214119,\"10\":64.1941706077,\"11\":22.5766850113,\"12\":31.9998770208,\"13\":32.7709786038,\"14\":71.8058293923,\"15\":28.4233149888,\"0\":251.9998770208,\"1\":329.7709785981,\"2\":159.8058293923,\"3\":109.4233149888,\"4\":260.0001229792,\"5\":254.2290214019,\"6\":190.1941706077,\"7\":146.5766850112},\"ret\":{\"8\":-0.0040863153,\"9\":-0.0068549981,\"10\":0.0117435051,\"11\":0.004197042,\"12\":0.0056207566,\"13\":0.0111005894,\"14\":-0.0085871759,\"15\":-0.0031281662,\"0\":0.0050177003,\"1\":0.0092144766,\"2\":-0.0095415824,\"3\":-0.0035263875,\"4\":-0.0048254412,\"5\":-0.0086413763,\"6\":0.0107797566,\"7\":0.0037441905}}", "df": 3, "prob": 9.306248652200666e-11, "formula": "count ~ group * mut * base - group : mut : base", "rel_entropy": 0.012226574070991817}}