{"CtoT": -0.31698448667314366, "GtoA": -0.2721842690236134, "TtoG": 0.28728499233040156, "AtoT": 1.0377603628878234, "CtoG": -1.384983993685402, "AtoC": 0.009678804961900597, "AtoG": 0.34080392563859063, "TtoC": 0.32790371765472537, "CtoA": 0.20244502892982802, "GtoT": 0.33392192329490183, "GtoC": -1.335619905487968, "TtoA": 1.107425271063792}