{"Pos_17_T": 0.0, "Pos_8_G": 0.05392264520020523, "Pos_15_G": 0.0, "Pos_31_G": -0.020434179298680685, "Pos_39_A": -0.017226064169614225, "Pos_52_G": 0.13312163150054623, "Pos_29_C": -0.13163136736484718, "Pos_8_T": -0.029644828914180084, "Pos_30_A": 0.0, "Pos_30_G": -0.17261560005231924, "Pos_22_C": 0.07916996267394472, "Pos_14_T": 0.0, "Pos_21_T": 0.057621331884828576, "Pos_48_A": 0.0, "Pos_25_A": -0.05216083303860311, "Pos_11_A": -0.020377923491663934, "Pos_50_T": 0.05438105952224688, "Pos_4_C": 0.004277059745465807, "Pos_40_G": 0.053261192783297925, "Pos_11_C": 0.0, "AtoT": 0.8705942403776711, "GtoA": -0.491909019330143, "Pos_3_C": -0.005636240887786955, "Pos_36_T": 0.0848034959514664, "Pos_48_T": 0.11581836598245816, "Pos_41_G": -0.01074191834297321, "Pos_55_C": 0.0, "Pos_9_T": 0.044951208089586366, "Pos_44_G": 0.0, "Pos_49_A": -0.03450655658446907, "Pos_31_A": 0.010315279144357632, "Pos_7_C": 0.05219755755645749, "Pos_45_G": -0.03201053658638104, "Pos_51_T": 0.008339488918025864, "Pos_28_A": 0.07889829404256546, "Pos_0_G": 0.0, "Pos_23_T": 0.05160886251786545, "Pos_53_A": 0.055696538368369276, "Pos_50_G": 0.0, "Pos_21_G": 0.0, "Pos_41_T": 0.029972492911102624, "Pos_17_A": -0.029624624863358692, "Pos_5_A": 0.0, "Pos_35_G": 0.0, "Pos_54_T": 0.0526218612918071, "Pos_13_T": 0.07917379433475791, "Pos_12_T": 0.10912026251116651, "Pos_42_C": 0.13894161273050737, "Pos_59_T": 0.04520352190110273, "Pos_55_G": 0.09329669092043122, "TtoA": 0.9548582451390617, "Pos_42_T": 0.14247925357160934, "Pos_10_T": 0.06818790461516264, "Pos_2_A": 0.0, "CtoG": -1.9161548834844255, "Pos_52_T": -0.005914247147060517, "Pos_1_G": 0.0, "Pos_33_A": 0.0, "Pos_35_C": -0.016057085556255134, "Pos_48_G": -0.000245627152513237, "Pos_33_T": 0.1092724745496361, "Pos_1_C": 0.06144833595438339, "Pos_42_G": 0.0, "Pos_54_C": 0.05138857005406782, "Pos_28_C": -0.008219250787029815, "Pos_34_A": -0.023539050378655092, "Pos_51_G": -0.03633679937973265, "Pos_20_C": 0.0, "Pos_36_A": 0.0, "Pos_51_C": 0.09894586784666744, "Pos_47_C": -0.01616808798179923, "Pos_35_A": 0.06793166340917241, "Pos_3_G": 0.0, "Pos_32_C": 0.0, "Pos_39_C": 0.05458310732576777, "Pos_29_A": 0.07735662026603728, "Pos_27_C": -0.03074401787300954, "Pos_47_A": 0.056759913623378226, "Pos_50_C": -0.021129983799729586, "Pos_11_T": 0.020561884880369804, "Pos_46_A": 0.0, "Pos_38_T": 0.0733087174653737, "Pos_44_C": -0.04791761713767891, "Pos_53_C": 0.0, "Pos_8_C": 0.027026389371997632, "Pos_7_A": -0.010800241098879108, "Pos_15_C": -0.031869234643240735, "Pos_46_G": 0.07658588778292846, "Pos_0_A": 0.0, "Pos_16_C": 0.01758590459595536, "Pos_7_G": 0.0, "Pos_25_G": 0.0, "Pos_18_G": 0.0, "Pos_32_A": 0.1030002313868623, "Pos_57_A": 0.0, "Pos_2_G": 0.04124151550073368, "Pos_0_T": 0.016485249654129022, "Pos_37_T": -0.021026012370349317, "Pos_40_C": 0.034192470474024884, "Pos_13_G": -0.05824836096560468, "Pos_18_C": -0.016945881407689684, "Pos_9_C": -0.009812423750356932, "Pos_45_T": 0.08285919600299804, "Pos_43_C": 0.0, "Pos_6_G": -0.015587228191912259, "Pos_39_G": 0.0, "Pos_41_C": 0.0, "Pos_6_C": 0.0, "Pos_34_C": 0.008518994781473905, "Pos_56_T": 0.0613010127780784, "Pos_35_T": 0.08487972634090804, "Pos_54_G": 0.0, "Pos_22_T": 0.10838653386806087, "Pos_10_A": -0.002913571800444847, "Pos_14_G": 0.10202870152055366, "Pos_33_G": -0.07282041334983479, "Pos_1_A": 0.0, "Pos_39_T": 0.07576704856156438, "Pos_13_C": 0.06125436948110393, "Pos_28_G": 0.0, "Pos_17_C": 0.004056298228549755, "Pos_56_A": 0.05008646553818193, "Pos_18_A": 0.03274295577438301, "Pos_37_A": 0.0, "Pos_11_G": 0.03955608901394777, "Pos_14_A": -0.008618555991597592, "AtoC": -0.18114106157466114, "Pos_52_A": 0.016085802254625456, "Pos_37_C": 0.005384219607903146, "Pos_26_T": 0.02580709902868974, "Pos_57_C": 0.0028934182409378847, "Pos_32_G": -0.02631559274820204, "Pos_23_G": 0.05247384737897806, "Pos_56_G": 0.0, "Pos_20_T": 0.051551287156537964, "CtoT": -0.48275341151418627, "Pos_44_T": 0.07259760360811178, "Pos_43_T": 0.0, "Pos_16_T": 0.04065165115083276, "Pos_5_C": -0.009638617858508993, "Pos_55_A": -0.06908617126927113, "Pos_40_T": -0.002260209101442756, "Pos_58_C": 0.0, "Pos_53_T": 0.10710186831080223, "Pos_14_C": 0.016540945093020527, "Pos_59_G": -0.015035555394585395, "Pos_17_G": 0.056654827735402424, "Pos_2_C": 0.0023771611680809285, "TtoG": 0.04940932632877336, "Pos_54_A": -0.004140669217370288, "Pos_56_C": -0.08650452975085865, "Pos_34_T": 0.0, "Pos_24_T": 0.08664803098866566, "Pos_15_T": 0.05707262528529177, "Pos_47_G": 0.0, "Pos_20_G": 0.08997184449191009, "Pos_33_C": 0.013165036963295103, "Pos_19_C": 0.09952470831009438, "Pos_46_C": -0.007543134230089384, "Pos_18_T": 0.045037351881455044, "Pos_6_T": 0.05622386223938471, "Pos_38_A": 0.03201256694567053, "Pos_22_A": -0.05584797604795697, "Pos_4_A": -0.039254241707957035, "Pos_7_T": 0.0024892859241400942, "Pos_42_A": -0.012529588046354694, "Pos_1_T": 0.016876230494568475, "Pos_21_C": -0.010426958903563533, "Pos_44_A": 0.08288717798178843, "Pos_29_G": 0.2676655541664792, "Pos_20_A": -0.043646954676545044, "Pos_10_G": 0.0, "Pos_21_A": 0.031698243945459476, "Pos_59_C": 0.0, "Pos_0_C": -0.02432788225032573, "Pos_55_T": 0.012917358364816169, "TtoC": 0.1096219508405705, "Pos_24_C": 0.0, "Pos_50_A": 0.027615805730859762, "Pos_59_A": 0.04356349887753452, "Pos_30_T": 0.05073080604057714, "Pos_30_C": 0.12074401180027407, "Pos_26_A": 0.0, "Pos_19_A": -0.018490050310048623, "Pos_25_T": 0.07415429634045047, "Pos_49_C": 0.01967113418150892, "Pos_26_C": -0.03190174598100578, "Pos_22_G": 0.0, "Pos_9_G": 0.0, "Pos_16_A": 0.0, "Pos_12_A": 0.048008704926308994, "Pos_32_T": 0.02392946897463281, "Pos_45_C": 0.07273259345991824, "Pos_16_G": -0.018835724229672852, "Pos_29_T": 0.0, "Pos_52_C": 0.0, "Pos_38_C": -0.015002532982498644, "Pos_26_G": 0.06638188932278387, "Pos_34_G": 0.05634128604217008, "Pos_51_A": 0.0, "Pos_31_C": 0.0, "Pos_58_A": -0.03635544494162783, "Pos_10_C": 0.0927200047021676, "Pos_31_T": 0.13262554760034262, "Pos_12_C": -0.00032208239526200516, "Pos_25_C": 0.01215476055259952, "Pos_46_T": 0.018525266779698176, "GtoC": -1.8577424334945745, "Pos_2_T": -0.0481878810076661, "Pos_49_G": 0.04060013743526815, "Pos_45_A": 0.0, "Pos_13_A": 0.0, "AtoG": 0.09515962674044068, "Pos_47_T": 0.026924201928628697, "GtoT": 0.1871300968561814, "Pos_53_G": -0.05787763043426965, "Pos_12_G": 0.0, "Pos_40_A": 0.0, "Pos_5_T": 0.005947103580142098, "Pos_24_A": 0.02408111690469771, "Pos_57_T": 0.0, "Pos_36_C": 0.0767305985009438, "Pos_58_G": 0.07376267983959629, "Pos_3_A": 0.050954098044377456, "Pos_27_G": 0.0, "CtoA": 0.04348810807084458, "Pos_37_G": 0.11972690186506094, "Pos_4_T": 0.03724656308996174, "Pos_8_A": 0.0, "Pos_38_G": 0.0, "Pos_19_G": 0.0, "Pos_41_A": 0.047767638533166325, "Pos_27_A": 0.02196946065874136, "Pos_24_G": -0.04244911782666752, "Pos_43_A": -0.04682007969217991, "Pos_36_G": -0.01208907491980771, "Pos_6_A": 0.0, "Pos_49_T": 0.0, "Pos_57_G": -0.07276525138504843, "Pos_23_C": 0.0, "Pos_9_A": 0.05564262189700266, "Pos_15_A": 0.024476544908007658, "Pos_27_T": 0.12408952215663444, "Pos_23_A": -0.05808326353848618, "Pos_58_T": 0.006879098093183231, "Pos_4_G": 0.0, "Pos_48_C": 0.06628905394991555, "Pos_19_T": 0.11852758860543997, "Pos_3_T": 0.023309767039793417, "Pos_28_T": 0.14334015527912125, "Pos_5_G": 0.07739848643064873, "Pos_43_G": 0.03682501568916337}