{"best_a_choice": 3.0, "params": {"1": {"alpha": 0.1}, "2": {"alpha": 1.0}, "4": {"alpha": 3.0}, "3": {"alpha": 2.0}, "0": {"alpha": 0.01}}, "rank_test_score": {"1": 4, "2": 3, "4": 1, "3": 2, "0": 5}, "param_alpha": {"1": 0.1, "2": 1.0, "4": 3.0, "3": 2.0, "0": 0.01}, "split0_test_score": {"1": 0.6669582042, "2": 0.6685567417, "4": 0.6687511676, "3": 0.6687209692, "0": 0.664087987}}