{"Pos_1_G": 0.21194790990561763, "Pos_0:Pos_1_AT": -0.022204394203483135, "Pos_2:Pos_3_CT": 0.04361634079411411, "Pos_0:Pos_1_CG": -0.13965163308319772, "Pos_0:Pos_3_GA": -0.1268945991550608, "Pos_1:Pos_2_CA": -0.039187112319372684, "Pos_1:Pos_3_AT": 0.0, "Pos_0:Pos_3_AA": -0.03269541560806506, "Pos_2:Pos_3_GT": 0.0, "Pos_1:Pos_2_CC": 0.0, "Pos_2:Pos_3_TA": 0.0, "Pos_1:Pos_3_AC": 0.0, "Pos_1:Pos_3_CC": 0.0, "Pos_0:Pos_2_AC": 0.04770300386210671, "Pos_3_A": 0.0, "Pos_2:Pos_3_TG": 0.0, "Pos_0:Pos_2_GT": 0.0, "Pos_1:Pos_2_CG": -0.06664114489067102, "Pos_0:Pos_2_AG": -0.024133595040488343, "Pos_3_C": 0.0, "Pos_0_T": 0.0, "Pos_1:Pos_3_AA": 0.0, "Pos_2:Pos_3_TT": 0.0, "Pos_1:Pos_2_AA": 0.0, "Pos_0:Pos_1_GA": 0.0, "GtoC": -0.36010230183654274, "AtoC": -0.03900391688277677, "Pos_3_G": 0.0, "Pos_0:Pos_1_TA": 0.01677531684335342, "Pos_0:Pos_2_AT": 0.0, "Pos_1:Pos_2_GT": 0.0, "Pos_0:Pos_3_TA": 0.0, "Pos_0:Pos_2_TA": 0.0, "Pos_0:Pos_3_CT": -0.04615900681106888, "Pos_1:Pos_3_TC": 0.0, "Pos_1:Pos_3_CG": 0.0, "TtoA": 0.4694313774707059, "Pos_0:Pos_1_CA": 0.0, "Pos_0:Pos_2_AA": 0.0, "Pos_1:Pos_3_GC": 0.0, "Pos_1_T": 0.0, "CtoT": -0.36688085611568527, "Pos_0:Pos_3_TC": 0.016267474277316552, "GC_feature": -0.05643383069020962, "Pos_2:Pos_3_GC": 0.0, "Pos_0:Pos_1_AG": 0.01282808059366109, "Pos_1:Pos_3_TG": 0.0, "Pos_0_G": 0.0, "Pos_1:Pos_2_TA": -0.056724438239337836, "Pos_2_G": -0.14627052180740904, "Pos_2:Pos_3_CG": 0.0, "Pos_1_A": 0.0, "Pos_0:Pos_3_CA": 0.0, "Pos_0:Pos_3_GC": -0.04282968312481604, "Pos_0:Pos_3_TT": 0.0, "GtoT": 0.04202451691245149, "Pos_1:Pos_3_TA": 0.03529118025176163, "Pos_1:Pos_2_TG": 0.0, "Pos_0:Pos_1_GT": 0.0, "Pos_0:Pos_3_GG": 0.0, "Pos_1:Pos_2_AG": -0.07017148617136972, "Pos_0:Pos_3_CG": 0.04709781107201482, "Pos_0:Pos_3_AG": -0.03023257503618075, "CtoG": -0.41071022973755905, "GtoA": -0.35445295563493134, "Pos_2_T": 0.0, "Pos_1:Pos_3_CT": -0.019456707229032182, "Pos_2:Pos_3_CA": 0.040660919428014426, "Pos_2:Pos_3_AA": 0.0, "Pos_0:Pos_3_GT": 0.0, "Pos_0:Pos_1_GG": 0.0, "Pos_1:Pos_3_GG": 0.0, "Pos_0:Pos_3_AT": 0.0, "Pos_2:Pos_3_GA": -0.03448223171578695, "Pos_1:Pos_3_CA": 0.0, "Pos_0:Pos_2_TG": 0.0, "Pos_0:Pos_2_TC": 0.10057360572916024, "TtoC": 0.09162135300391037, "Pos_0:Pos_2_CC": -0.04756558554696624, "AtoG": 0.0, "Pos_1:Pos_2_GC": 0.03637383166966891, "Pos_0_C": 0.0, "Pos_2:Pos_3_GG": -0.04712803842267395, "Pos_2:Pos_3_CC": 0.0, "Pos_1:Pos_2_AC": 0.005486105079120885, "Pos_0:Pos_3_AC": 0.030362959899826705, "AtoT": 0.36704795821054026, "Pos_0:Pos_1_AC": 0.0, "Pos_2_A": 0.0, "Pos_1:Pos_2_CT": 0.0072555811190160475, "Pos_2_C": 0.0, "Pos_1:Pos_2_GG": 0.0, "Pos_1:Pos_2_GA": 0.018315067731225355, "Pos_1:Pos_3_TT": 0.08181991741873447, "Pos_2:Pos_3_AC": -0.03737856247147619, "Pos_1:Pos_3_GT": 0.0, "Pos_0:Pos_2_CA": 0.0, "Pos_1:Pos_3_AG": 0.0, "Pos_0_A": 0.0, "Pos_0:Pos_2_CG": 0.09693439899743064, "Pos_0:Pos_2_CT": 0.0, "Pos_2:Pos_3_TC": 0.007958700246010308, "Pos_0:Pos_1_CC": 0.022126736656953968, "Pos_1:Pos_3_GA": 0.0, "Pos_0:Pos_2_GG": -0.010646570222779213, "Pos_0:Pos_1_GC": -0.01419144303774369, "Pos_0:Pos_1_TT": 0.09748616198478384, "Pos_0:Pos_3_CC": -0.02210160819029837, "Pos_1_C": -0.12422508022575443, "Pos_1:Pos_2_TC": 0.0, "Pos_0:Pos_2_GA": 0.0, "CtoA": 0.0, "Pos_0:Pos_1_TC": 0.0, "Pos_0:Pos_1_TG": 0.0, "Pos_0:Pos_1_CT": 0.0, "Pos_2:Pos_3_AT": 0.0, "TtoG": 0.0022884977711229225, "Pos_0:Pos_2_TT": 0.06822567650417613, "Pos_0:Pos_3_TG": -0.017453628453562173, "Pos_0:Pos_1_AA": 0.0, "Pos_3_T": 0.0, "Pos_1:Pos_2_AT": 0.0, "Pos_1:Pos_2_TT": 0.0, "Pos_2:Pos_3_AG": 0.07297860610865693, "Pos_0:Pos_2_GC": 0.0}