{"AtoG": 0.6894709313474964, "Pos_1_A": 0.0, "Pos_1_T": 0.13169761763430543, "Pos_0_A": 0.0, "TtoC": 0.7329686250214856, "CtoT": 0.11121637725840984, "CtoG": -3.1600001336856227, "GtoA": 0.09377221227401213, "TtoA": 1.6977835483852697, "Pos_0_T": 0.02918943608641156, "AtoC": 0.10379696216678232, "TtoG": 0.7846627250028914, "Pos_1_G": -0.2402668180822978, "CtoA": 0.6816691339633368, "Pos_1_C": 0.18878597781585726, "Pos_0_G": 0.24770688482512374, "Pos_0_C": -0.12691018675134252, "AtoT": 1.5393299551815032, "GtoC": -3.100460308785357, "GtoT": 0.8855798956650872}