{"Pos_3_T": 0.0050495836527641655, "Pos_2_A": -0.03985154959864213, "AtoT": 0.39517445560341086, "TtoA": 0.42219977017744964, "Pos_3_C": 0.0, "AtoG": 0.0, "Pos_1_C": -0.162212645234829, "Pos_0_C": 0.03671804854190702, "GtoA": -0.4464160197640536, "GC_feature": -0.10518061514930167, "TtoC": 0.016022098507725516, "Pos_2_T": 0.0, "GtoT": 0.02666929387736671, "CtoA": -0.049938609120670545, "GtoC": -0.5790969601791883, "Pos_0_A": 0.0, "Pos_3_A": -0.05568612476952645, "AtoC": -0.08687837533511199, "Pos_1_T": -0.05064647292893607, "TtoG": 0.0037952280970899605, "Pos_2_C": 0.04677508010268522, "CtoT": -0.4150945949679361, "Pos_2_G": -0.24083695875291028, "Pos_0_G": -0.03654490517745742, "Pos_1_G": 0.21916735878293883, "Pos_1_A": 0.0, "CtoG": -0.6020357243778259, "Pos_3_G": 0.015573416410291302, "Pos_0_T": 0.11915771140369961}