{"param_alpha": {"0": 0.01, "4": 3.0, "2": 1.0, "1": 0.1, "3": 2.0}, "split0_test_score": {"0": 0.7603948121, "4": 0.7584684341, "2": 0.7600514972, "1": 0.7604176998, "3": 0.7593076483}, "params": {"0": {"alpha": 0.01}, "4": {"alpha": 3.0}, "2": {"alpha": 1.0}, "1": {"alpha": 0.1}, "3": {"alpha": 2.0}}, "rank_test_score": {"0": 2, "4": 5, "2": 3, "1": 1, "3": 4}, "best_a_choice": 0.1}