{"rank_test_score": {"4": 5, "2": 3, "3": 4, "0": 1, "1": 2}, "param_alpha": {"4": 3.0, "2": 1.0, "3": 2.0, "0": 0.01, "1": 0.1}, "best_a_choice": 0.01, "split0_test_score": {"4": 0.7159500568, "2": 0.7196151681, "3": 0.7174023607, "0": 0.7255398429, "1": 0.7240121566}, "params": {"4": {"alpha": 3.0}, "2": {"alpha": 1.0}, "3": {"alpha": 2.0}, "0": {"alpha": 0.01}, "1": {"alpha": 0.1}}}