{"AtoT": 0.38490185113436454, "CtoA": -0.03574882128669284, "GtoA": -0.42364314677051873, "GtoT": 0.013693630729077625, "AtoG": 0.014304583181737838, "CtoT": -0.4846227065290281, "TtoC": 0.008322882569077362, "TtoG": 0.0, "CtoG": -0.6362281515276472, "TtoA": 0.41205460884032585, "AtoC": -0.093776341785667, "GC_feature": -0.10475388069168817, "GtoC": -0.5989792866538446}