{"param_alpha": {"2": 1.0, "4": 3.0, "0": 0.01, "3": 2.0, "1": 0.1}, "params": {"2": {"alpha": 1.0}, "4": {"alpha": 3.0}, "0": {"alpha": 0.01}, "3": {"alpha": 2.0}, "1": {"alpha": 0.1}}, "best_a_choice": 0.01, "rank_test_score": {"2": 3, "4": 5, "0": 1, "3": 4, "1": 2}, "split0_test_score": {"2": 0.6810382225, "4": 0.6805878235, "0": 0.6838562486, "3": 0.6806986095, "1": 0.6824096974}}