{"split0_test_score": {"0": 0.7823383559, "2": 0.7812511921, "3": 0.7799008201, "4": 0.7782376502, "1": 0.782288766}, "param_alpha": {"0": 0.01, "2": 1.0, "3": 2.0, "4": 3.0, "1": 0.1}, "params": {"0": {"alpha": 0.01}, "2": {"alpha": 1.0}, "3": {"alpha": 2.0}, "4": {"alpha": 3.0}, "1": {"alpha": 0.1}}, "rank_test_score": {"0": 1, "2": 3, "3": 4, "4": 5, "1": 2}, "best_a_choice": 0.01}