{"Pos_4_A": -0.03835429338516718, "Pos_4_G": 0.03903406574232949, "Pos_2_C": -0.12733061924513087, "CtoT": -0.07292928719935303, "Pos_5_T": 0.12055909615468592, "Pos_1_G": -0.09570689022815071, "Pos_1_T": 0.13887073167697764, "Pos_5_C": -0.009606818038125915, "CtoA": 0.3507693934941841, "Pos_4_C": 0.0, "Pos_0_T": 0.14359333669191873, "Pos_3_A": 0.0, "GtoC": -2.3065684867253893, "Pos_1_C": 0.0178098267398812, "TtoA": 1.2941023042211646, "TtoC": 0.5046590385066096, "Pos_2_A": 0.0772546297032016, "Pos_0_C": -0.057355071222676315, "Pos_1_A": 0.0, "Pos_5_A": 0.15006017452662695, "Pos_2_T": 0.0, "Pos_3_C": 0.10803453050213008, "Pos_2_G": 0.31481355786832665, "CtoG": -2.3089710546119546, "Pos_0_A": 0.07456308309428433, "AtoC": 0.196082670813754, "TtoG": 0.5055249018407282, "Pos_0_G": 0.0, "Pos_4_T": 0.0557395297369327, "GtoT": 0.555157894128395, "AtoG": 0.47425473747284286, "Pos_3_T": 0.06876182748295052, "GtoA": -0.14400433522779515, "Pos_5_G": 0.0, "AtoT": 1.2481560228219515, "Pos_3_G": -0.2172435994913636}