{"split0_test_score": {"0": 0.7748779285, "3": 0.7748634758, "1": 0.7748881214, "2": 0.7748654536}, "params": {"0": {"penalty": "l1", "C": 0.1}, "3": {"penalty": "l1", "C": 100.0}, "1": {"penalty": "l1", "C": 1.0}, "2": {"penalty": "l1", "C": 10.0}}, "rank_test_score": {"0": 2, "3": 4, "1": 1, "2": 3}, "best_c_choice": 1.0, "param_C": {"0": 0.1, "3": 100.0, "1": 1.0, "2": 10.0}, "param_penalty": {"0": "l1", "3": "l1", "1": "l1", "2": "l1"}}