{"CtoT": -0.3815576159365602, "GC_feature": -0.1268494784325067, "GtoT": 0.035021172618352386, "GtoA": -0.3996022222694921, "CtoG": -1.2689132118879534, "AtoC": -0.078843261711449, "CtoA": -0.005842890330412302, "TtoG": 0.039843764686422714, "GtoC": -1.1682637178030935, "TtoA": 0.45949647710109187, "AtoT": 0.43861328809016487, "AtoG": 0.07929683598966104, "TtoC": 0.08954684272624105}