{"pos0": {"stats": "{\"group\":{\"8\":\"1\",\"9\":\"1\",\"10\":\"1\",\"11\":\"1\",\"12\":\"1\",\"13\":\"1\",\"14\":\"1\",\"15\":\"1\",\"0\":\"2\",\"1\":\"2\",\"2\":\"2\",\"3\":\"2\",\"4\":\"2\",\"5\":\"2\",\"6\":\"2\",\"7\":\"2\"},\"mut\":{\"8\":\"M\",\"9\":\"M\",\"10\":\"M\",\"11\":\"M\",\"12\":\"R\",\"13\":\"R\",\"14\":\"R\",\"15\":\"R\",\"0\":\"M\",\"1\":\"M\",\"2\":\"M\",\"3\":\"M\",\"4\":\"R\",\"5\":\"R\",\"6\":\"R\",\"7\":\"R\"},\"base\":{\"8\":\"A\",\"9\":\"C\",\"10\":\"G\",\"11\":\"T\",\"12\":\"A\",\"13\":\"C\",\"14\":\"G\",\"15\":\"T\",\"0\":\"A\",\"1\":\"C\",\"2\":\"G\",\"3\":\"T\",\"4\":\"A\",\"5\":\"C\",\"6\":\"G\",\"7\":\"T\"},\"count\":{\"8\":1649,\"9\":812,\"10\":1298,\"11\":1791,\"12\":1556,\"13\":1237,\"14\":1396,\"15\":1361,\"0\":1871,\"1\":1872,\"2\":2207,\"3\":1278,\"4\":2102,\"5\":1555,\"6\":2136,\"7\":1435},\"fitted\":{\"8\":1566.7568531276,\"9\":1000.7276433495,\"10\":1337.2052721404,\"11\":1645.3102313825,\"12\":1638.2431468724,\"13\":1048.2723566505,\"14\":1356.7947278596,\"15\":1506.6897686175,\"0\":1953.2431468724,\"1\":1683.2723566505,\"2\":2167.7947278596,\"3\":1423.6897686175,\"4\":2019.7568531276,\"5\":1743.7276433495,\"6\":2175.2052721404,\"7\":1289.3102313825},\"ret\":{\"8\":0.0033011785,\"9\":-0.0066400705,\"10\":-0.0015113807,\"11\":0.0059460672,\"12\":-0.0031359884,\"13\":0.0080129903,\"14\":0.0015560464,\"15\":-0.0054158445,\"0\":-0.003149431,\"1\":0.0077842008,\"2\":0.0015478821,\"3\":-0.0053986236,\"4\":0.003282803,\"5\":-0.0069699729,\"6\":-0.0015201838,\"7\":0.0060114056}}", "formula": "count ~ group * mut * base - group : mut : base", "deviance": 189.169519263753, "df": 3, "rel_entropy": 0.003701078401622965, "prob": 9.225806122463266e-41}, "pos2": {"stats": "{\"group\":{\"8\":\"1\",\"9\":\"1\",\"10\":\"1\",\"11\":\"1\",\"12\":\"1\",\"13\":\"1\",\"14\":\"1\",\"15\":\"1\",\"0\":\"2\",\"1\":\"2\",\"2\":\"2\",\"3\":\"2\",\"4\":\"2\",\"5\":\"2\",\"6\":\"2\",\"7\":\"2\"},\"mut\":{\"8\":\"M\",\"9\":\"M\",\"10\":\"M\",\"11\":\"M\",\"12\":\"R\",\"13\":\"R\",\"14\":\"R\",\"15\":\"R\",\"0\":\"M\",\"1\":\"M\",\"2\":\"M\",\"3\":\"M\",\"4\":\"R\",\"5\":\"R\",\"6\":\"R\",\"7\":\"R\"},\"base\":{\"8\":\"A\",\"9\":\"C\",\"10\":\"G\",\"11\":\"T\",\"12\":\"A\",\"13\":\"C\",\"14\":\"G\",\"15\":\"T\",\"0\":\"A\",\"1\":\"C\",\"2\":\"G\",\"3\":\"T\",\"4\":\"A\",\"5\":\"C\",\"6\":\"G\",\"7\":\"T\"},\"count\":{\"8\":546,\"9\":1881,\"10\":1146,\"11\":1977,\"12\":1448,\"13\":1206,\"14\":1680,\"15\":1216,\"0\":1556,\"1\":1523,\"2\":3000,\"3\":1149,\"4\":1896,\"5\":1506,\"6\":2494,\"7\":1332},\"fitted\":{\"8\":748.5060872404,\"9\":1691.4784698916,\"10\":1375.2805023021,\"11\":1734.7349405659,\"12\":1245.4939127596,\"13\":1395.5215301084,\"14\":1450.7194976978,\"15\":1458.2650594341,\"0\":1353.4939127596,\"1\":1712.5215301084,\"2\":2770.7194976978,\"3\":1391.2650594341,\"4\":2098.5060872404,\"5\":1316.4784698916,\"6\":2723.2805023021,\"7\":1089.7349405659},\"ret\":{\"8\":-0.006739762,\"9\":0.0078166877,\"10\":-0.0081784155,\"11\":0.0101128945,\"12\":0.0085358753,\"13\":-0.0068878807,\"14\":0.009646008,\"15\":-0.008644688,\"0\":0.0084892655,\"1\":-0.006989542,\"2\":0.0093330634,\"3\":-0.0086018291,\"4\":-0.0075287507,\"5\":0.0079258161,\"6\":-0.0085829448,\"7\":0.0104631049}}", "formula": "count ~ group * mut * base - group : mut : base", "deviance": 519.7529510247371, "df": 3, "rel_entropy": 0.010168902626090489, "prob": 2.498920457345825e-112}, "pos1": {"stats": "{\"group\":{\"8\":\"1\",\"9\":\"1\",\"10\":\"1\",\"11\":\"1\",\"12\":\"1\",\"13\":\"1\",\"14\":\"1\",\"15\":\"1\",\"0\":\"2\",\"1\":\"2\",\"2\":\"2\",\"3\":\"2\",\"4\":\"2\",\"5\":\"2\",\"6\":\"2\",\"7\":\"2\"},\"mut\":{\"8\":\"M\",\"9\":\"M\",\"10\":\"M\",\"11\":\"M\",\"12\":\"R\",\"13\":\"R\",\"14\":\"R\",\"15\":\"R\",\"0\":\"M\",\"1\":\"M\",\"2\":\"M\",\"3\":\"M\",\"4\":\"R\",\"5\":\"R\",\"6\":\"R\",\"7\":\"R\"},\"base\":{\"8\":\"A\",\"9\":\"C\",\"10\":\"G\",\"11\":\"T\",\"12\":\"A\",\"13\":\"C\",\"14\":\"G\",\"15\":\"T\",\"0\":\"A\",\"1\":\"C\",\"2\":\"G\",\"3\":\"T\",\"4\":\"A\",\"5\":\"C\",\"6\":\"G\",\"7\":\"T\"},\"count\":{\"8\":1087,\"9\":1789,\"10\":2097,\"11\":577,\"12\":1440,\"13\":1802,\"14\":1483,\"15\":825,\"0\":1535,\"1\":2864,\"2\":1664,\"3\":1165,\"4\":2006,\"5\":2287,\"6\":1799,\"7\":1136},\"fitted\":{\"8\":1086.1713599922,\"9\":1902.9623116511,\"10\":1904.7747583089,\"11\":656.0915700479,\"12\":1440.8286400078,\"13\":1688.0376883489,\"14\":1675.2252416911,\"15\":745.9084299521,\"0\":1535.8286400079,\"1\":2750.0376883489,\"2\":1856.2252416911,\"3\":1085.9084299521,\"4\":2005.1713599922,\"5\":2400.9623116511,\"6\":1606.7747583089,\"7\":1215.0915700479},\"ret\":{\"8\":0.0000324368,\"9\":-0.0043230418,\"10\":0.007889104,\"11\":-0.0029003101,\"12\":-0.0000324152,\"13\":0.0046065678,\"14\":-0.0070726592,\"15\":0.0032534022,\"0\":-0.0000324157,\"1\":0.0045504644,\"2\":-0.007118076,\"3\":0.0032048982,\"4\":0.0000324312,\"5\":-0.0043517706,\"6\":0.007954714,\"7\":-0.0029918513}}", "formula": "count ~ group * mut * base - group : mut : base", "deviance": 138.077979368789, "df": 3, "rel_entropy": 0.0027014787010641137, "prob": 9.814356395910772e-30}, "pos3": {"stats": "{\"group\":{\"8\":\"1\",\"9\":\"1\",\"10\":\"1\",\"11\":\"1\",\"12\":\"1\",\"13\":\"1\",\"14\":\"1\",\"15\":\"1\",\"0\":\"2\",\"1\":\"2\",\"2\":\"2\",\"3\":\"2\",\"4\":\"2\",\"5\":\"2\",\"6\":\"2\",\"7\":\"2\"},\"mut\":{\"8\":\"M\",\"9\":\"M\",\"10\":\"M\",\"11\":\"M\",\"12\":\"R\",\"13\":\"R\",\"14\":\"R\",\"15\":\"R\",\"0\":\"M\",\"1\":\"M\",\"2\":\"M\",\"3\":\"M\",\"4\":\"R\",\"5\":\"R\",\"6\":\"R\",\"7\":\"R\"},\"base\":{\"8\":\"A\",\"9\":\"C\",\"10\":\"G\",\"11\":\"T\",\"12\":\"A\",\"13\":\"C\",\"14\":\"G\",\"15\":\"T\",\"0\":\"A\",\"1\":\"C\",\"2\":\"G\",\"3\":\"T\",\"4\":\"A\",\"5\":\"C\",\"6\":\"G\",\"7\":\"T\"},\"count\":{\"8\":1176,\"9\":1641,\"10\":1208,\"11\":1525,\"12\":1584,\"13\":1324,\"14\":1449,\"15\":1193,\"0\":2314,\"1\":1555,\"2\":1763,\"3\":1596,\"4\":2101,\"5\":1802,\"6\":1738,\"7\":1587},\"fitted\":{\"8\":1339.5464622105,\"9\":1496.1799136686,\"10\":1279.2799781134,\"11\":1434.9936460076,\"12\":1420.4535377895,\"13\":1468.8200863314,\"14\":1377.7200218866,\"15\":1283.0063539924,\"0\":2150.4535377895,\"1\":1699.8200863314,\"2\":1691.7200218866,\"3\":1686.0063539924,\"4\":2264.5464622105,\"5\":1657.1799136686,\"6\":1809.2799781134,\"7\":1496.9936460076},\"ret\":{\"8\":-0.0059919237,\"9\":0.0059325834,\"10\":-0.0027099786,\"11\":0.003630139,\"12\":0.0067545662,\"13\":-0.0053777506,\"14\":0.0028601074,\"15\":-0.0033953956,\"0\":0.0066369371,\"1\":-0.0054182141,\"2\":0.00284712,\"3\":-0.0034261996,\"4\":-0.0061626713,\"5\":0.0059074694,\"6\":-0.0027334897,\"7\":0.0036257436}}", "formula": "count ~ group * mut * base - group : mut : base", "deviance": 152.26483596639304, "df": 3, "rel_entropy": 0.00297904280729365, "prob": 8.554123136292852e-33}}