{"pos1": {"formula": "count ~ group * mut * base - group : mut : base", "stats": "{\"group\":{\"8\":\"1\",\"9\":\"1\",\"10\":\"1\",\"11\":\"1\",\"12\":\"1\",\"13\":\"1\",\"14\":\"1\",\"15\":\"1\",\"0\":\"2\",\"1\":\"2\",\"2\":\"2\",\"3\":\"2\",\"4\":\"2\",\"5\":\"2\",\"6\":\"2\",\"7\":\"2\"},\"mut\":{\"8\":\"M\",\"9\":\"M\",\"10\":\"M\",\"11\":\"M\",\"12\":\"R\",\"13\":\"R\",\"14\":\"R\",\"15\":\"R\",\"0\":\"M\",\"1\":\"M\",\"2\":\"M\",\"3\":\"M\",\"4\":\"R\",\"5\":\"R\",\"6\":\"R\",\"7\":\"R\"},\"base\":{\"8\":\"A\",\"9\":\"C\",\"10\":\"G\",\"11\":\"T\",\"12\":\"A\",\"13\":\"C\",\"14\":\"G\",\"15\":\"T\",\"0\":\"A\",\"1\":\"C\",\"2\":\"G\",\"3\":\"T\",\"4\":\"A\",\"5\":\"C\",\"6\":\"G\",\"7\":\"T\"},\"count\":{\"8\":47,\"9\":28,\"10\":77,\"11\":31,\"12\":49,\"13\":51,\"14\":33,\"15\":50,\"0\":308,\"1\":190,\"2\":188,\"3\":180,\"4\":203,\"5\":246,\"6\":195,\"7\":222},\"fitted\":{\"8\":55.8525250454,\"9\":33.1978457732,\"10\":58.8113510688,\"11\":35.1382781127,\"12\":40.1474749546,\"13\":45.8021542268,\"14\":51.1886489315,\"15\":45.8617218873,\"0\":299.1474749546,\"1\":184.8021542268,\"2\":206.1886489313,\"3\":175.8617218873,\"4\":211.8525250454,\"5\":251.1978457732,\"6\":176.8113510687,\"7\":226.1382781127},\"ret\":{\"8\":-0.0038658986,\"9\":-0.0022725707,\"10\":0.0098900055,\"11\":-0.0018514872,\"12\":0.0046538497,\"13\":0.0026130695,\"14\":-0.0069053089,\"15\":0.0020589176,\"0\":0.0042813327,\"1\":0.0025120442,\"2\":-0.0082753656,\"3\":0.001995515,\"4\":-0.0041300937,\"5\":-0.0024517128,\"6\":0.0091008868,\"7\":-0.001954328}}", "deviance": 22.653597268087196, "df": 3, "rel_entropy": 0.005398855402308674, "prob": 4.768484805027562e-05}, "pos2": {"formula": "count ~ group * mut * base - group : mut : base", "stats": "{\"group\":{\"8\":\"1\",\"9\":\"1\",\"10\":\"1\",\"11\":\"1\",\"12\":\"1\",\"13\":\"1\",\"14\":\"1\",\"15\":\"1\",\"0\":\"2\",\"1\":\"2\",\"2\":\"2\",\"3\":\"2\",\"4\":\"2\",\"5\":\"2\",\"6\":\"2\",\"7\":\"2\"},\"mut\":{\"8\":\"M\",\"9\":\"M\",\"10\":\"M\",\"11\":\"M\",\"12\":\"R\",\"13\":\"R\",\"14\":\"R\",\"15\":\"R\",\"0\":\"M\",\"1\":\"M\",\"2\":\"M\",\"3\":\"M\",\"4\":\"R\",\"5\":\"R\",\"6\":\"R\",\"7\":\"R\"},\"base\":{\"8\":\"A\",\"9\":\"C\",\"10\":\"G\",\"11\":\"T\",\"12\":\"A\",\"13\":\"C\",\"14\":\"G\",\"15\":\"T\",\"0\":\"A\",\"1\":\"C\",\"2\":\"G\",\"3\":\"T\",\"4\":\"A\",\"5\":\"C\",\"6\":\"G\",\"7\":\"T\"},\"count\":{\"8\":29,\"9\":87,\"10\":32,\"11\":35,\"12\":42,\"13\":46,\"14\":43,\"15\":52,\"0\":119,\"1\":160,\"2\":445,\"3\":142,\"4\":190,\"5\":200,\"6\":318,\"7\":158},\"fitted\":{\"8\":28.8557984146,\"9\":68.7500987278,\"10\":44.1422538111,\"11\":41.2518490466,\"12\":42.1442015854,\"13\":64.2499012723,\"14\":30.857746189,\"15\":45.7481509534,\"0\":119.1442015854,\"1\":178.2499012723,\"2\":432.8577461889,\"3\":135.7481509534,\"4\":189.8557984146,\"5\":181.7500987277,\"6\":330.1422538111,\"7\":164.2518490466},\"ret\":{\"8\":0.0000689043,\"9\":0.0097628243,\"10\":-0.0049064871,\"11\":-0.0027417424,\"12\":-0.0000686152,\"13\":-0.007326208,\"14\":0.0068007288,\"15\":0.0031748341,\"0\":-0.0000686913,\"1\":-0.0082373834,\"2\":0.0058679632,\"3\":0.0030474987,\"4\":0.000068759,\"5\":0.0091215164,\"6\":-0.0056797787,\"7\":-0.0029224639}}", "deviance": 25.0151201002119, "df": 3, "rel_entropy": 0.005961658746475667, "prob": 1.5328508437320186e-05}, "pos0": {"formula": "count ~ group * mut * base - group : mut : base", "stats": "{\"group\":{\"8\":\"1\",\"9\":\"1\",\"10\":\"1\",\"11\":\"1\",\"12\":\"1\",\"13\":\"1\",\"14\":\"1\",\"15\":\"1\",\"0\":\"2\",\"1\":\"2\",\"2\":\"2\",\"3\":\"2\",\"4\":\"2\",\"5\":\"2\",\"6\":\"2\",\"7\":\"2\"},\"mut\":{\"8\":\"M\",\"9\":\"M\",\"10\":\"M\",\"11\":\"M\",\"12\":\"R\",\"13\":\"R\",\"14\":\"R\",\"15\":\"R\",\"0\":\"M\",\"1\":\"M\",\"2\":\"M\",\"3\":\"M\",\"4\":\"R\",\"5\":\"R\",\"6\":\"R\",\"7\":\"R\"},\"base\":{\"8\":\"A\",\"9\":\"C\",\"10\":\"G\",\"11\":\"T\",\"12\":\"A\",\"13\":\"C\",\"14\":\"G\",\"15\":\"T\",\"0\":\"A\",\"1\":\"C\",\"2\":\"G\",\"3\":\"T\",\"4\":\"A\",\"5\":\"C\",\"6\":\"G\",\"7\":\"T\"},\"count\":{\"8\":54,\"9\":36,\"10\":41,\"11\":52,\"12\":39,\"13\":42,\"14\":38,\"15\":64,\"0\":272,\"1\":173,\"2\":227,\"3\":194,\"4\":222,\"5\":189,\"6\":229,\"7\":226},\"fitted\":{\"8\":52.033649196,\"9\":37.3687942935,\"10\":39.9090577396,\"11\":53.6884987709,\"12\":40.9663508041,\"13\":40.6312057065,\"14\":39.0909422604,\"15\":62.3115012291,\"0\":273.966350804,\"1\":171.6312057065,\"2\":228.0909422604,\"3\":192.3115012291,\"4\":220.033649196,\"5\":190.3687942935,\"6\":227.9090577396,\"7\":227.6884987709},\"ret\":{\"8\":0.0009547405,\"9\":-0.0006403305,\"10\":0.0005270348,\"11\":-0.0007920231,\"12\":-0.0009143877,\"13\":0.0006632964,\"14\":-0.0005126672,\"15\":0.0008156206,\"0\":-0.0009338786,\"1\":0.0006550229,\"2\":-0.000518746,\"3\":0.0008083364,\"4\":0.0009414256,\"5\":-0.000650077,\"6\":0.0005212341,\"7\":-0.0008018219}}", "deviance": 0.5151820995430931, "df": 3, "rel_entropy": 0.0001227793373553606, "prob": 0.9155435325332801}, "pos3": {"formula": "count ~ group * mut * base - group : mut : base", "stats": "{\"group\":{\"8\":\"1\",\"9\":\"1\",\"10\":\"1\",\"11\":\"1\",\"12\":\"1\",\"13\":\"1\",\"14\":\"1\",\"15\":\"1\",\"0\":\"2\",\"1\":\"2\",\"2\":\"2\",\"3\":\"2\",\"4\":\"2\",\"5\":\"2\",\"6\":\"2\",\"7\":\"2\"},\"mut\":{\"8\":\"M\",\"9\":\"M\",\"10\":\"M\",\"11\":\"M\",\"12\":\"R\",\"13\":\"R\",\"14\":\"R\",\"15\":\"R\",\"0\":\"M\",\"1\":\"M\",\"2\":\"M\",\"3\":\"M\",\"4\":\"R\",\"5\":\"R\",\"6\":\"R\",\"7\":\"R\"},\"base\":{\"8\":\"A\",\"9\":\"C\",\"10\":\"G\",\"11\":\"T\",\"12\":\"A\",\"13\":\"C\",\"14\":\"G\",\"15\":\"T\",\"0\":\"A\",\"1\":\"C\",\"2\":\"G\",\"3\":\"T\",\"4\":\"A\",\"5\":\"C\",\"6\":\"G\",\"7\":\"T\"},\"count\":{\"8\":34,\"9\":45,\"10\":34,\"11\":70,\"12\":52,\"13\":43,\"14\":32,\"15\":56,\"0\":245,\"1\":213,\"2\":215,\"3\":193,\"4\":250,\"5\":213,\"6\":149,\"7\":254},\"fitted\":{\"8\":41.6609368094,\"9\":44.5331664378,\"10\":38.488660948,\"11\":58.3172358048,\"12\":44.3390631906,\"13\":43.4668335622,\"14\":27.511339052,\"15\":67.6827641952,\"0\":237.3390631906,\"1\":213.4668335622,\"2\":210.511339052,\"3\":204.6827641952,\"4\":257.6609368094,\"5\":212.5331664378,\"6\":153.488660948,\"7\":242.3172358048},\"ret\":{\"8\":-0.0032930961,\"9\":0.0002236758,\"10\":-0.002009584,\"11\":0.0060923874,\"12\":0.0039502562,\"13\":-0.0002213144,\"14\":0.0023052454,\"15\":-0.0050576132,\"0\":0.0037098518,\"1\":-0.0002222701,\"2\":0.0021621447,\"3\":-0.005406493,\"4\":-0.0035967117,\"5\":0.0002227578,\"6\":-0.0021079017,\"7\":0.0057006544}}", "deviance": 10.288547142185712, "df": 3, "rel_entropy": 0.00245198930938649, "prob": 0.016266097581121818}}