{"CtoG": -1.52461139226353, "CtoT": -0.24752245295613678, "CtoA": 0.20801197638914867, "TtoC": 0.39881746916507554, "AtoT": 1.1025108208739793, "TtoG": 0.30588106727013087, "AtoC": 0.03319346223769241, "AtoG": 0.409340980850676, "GtoC": -1.5035313223041844, "TtoA": 1.1635670995781715, "GtoA": -0.2757819095968945, "GtoT": 0.372929636869939}