{"Pos_2_A": 0.0, "Pos_12_G": 0.0, "Pos_51_G": 0.0, "Pos_23_T": 0.0, "Pos_34_A": 0.0, "CtoT": -0.42563477828086393, "Pos_43_T": 0.0, "Pos_3_A": 0.08984204738382297, "Pos_26_C": -0.05084653432311138, "Pos_0_A": 0.0, "Pos_35_C": 0.0, "Pos_37_G": 0.047495639146084775, "Pos_44_C": -0.04410755787036363, "Pos_34_C": -0.0038257012671039157, "Pos_11_A": -0.03235194620589707, "Pos_10_A": -0.0629800445561038, "Pos_37_C": 0.0, "Pos_43_A": -0.04183925255937085, "Pos_5_A": -0.011657552798901554, "Pos_50_G": 0.0, "Pos_30_T": 0.1151826821850131, "Pos_24_T": 0.07293373324180312, "Pos_43_C": 0.0, "Pos_30_G": -0.05432681483888174, "Pos_10_C": 0.0, "Pos_33_A": 0.0, "Pos_46_T": -0.015747445268553595, "Pos_15_T": 0.0831520685271784, "Pos_45_T": 0.052860372228611806, "Pos_1_A": -0.031487166574010496, "Pos_9_A": 0.0, "Pos_31_C": 0.0, "Pos_26_T": 0.006569517426708591, "Pos_15_G": 0.0, "Pos_39_G": 0.0, "Pos_17_A": -0.01172803415404526, "Pos_12_C": -0.04939127057501064, "Pos_14_T": 0.0014915150085950703, "Pos_51_C": 0.027050491747057676, "Pos_36_T": 0.0, "Pos_53_C": -0.0017862801918716166, "Pos_8_C": 0.0, "Pos_20_G": 0.019961356288691806, "Pos_36_G": 0.0, "Pos_27_T": 0.08790156058817945, "Pos_19_C": 0.05243126810028725, "Pos_47_C": 0.0, "Pos_22_A": -0.02695732056923177, "Pos_15_C": -0.021623391480564486, "Pos_22_G": 0.0, "Pos_35_A": 0.13141948255507208, "Pos_7_G": 0.020853923297916924, "Pos_16_A": 0.0, "Pos_4_G": 0.0, "Pos_49_A": -0.07324932344318928, "Pos_4_A": -0.00816248274570799, "Pos_48_G": 0.0, "Pos_44_T": 0.09467187049083794, "Pos_24_G": 0.0, "Pos_2_G": 0.041694543970595785, "Pos_52_T": 0.07145052669083102, "Pos_21_G": 0.0, "Pos_19_A": 0.0, "GtoC": -1.2888152644790407, "Pos_52_A": 0.0, "Pos_14_A": -0.11778916819859588, "Pos_54_G": -0.03192201489834312, "Pos_39_A": -0.025736461953134646, "Pos_33_C": 0.0, "Pos_19_T": 0.07223685735091662, "Pos_55_T": 0.0, "Pos_24_C": -0.006985234009166583, "Pos_0_T": 0.0, "Pos_11_T": 0.0, "Pos_52_C": -0.016968581068444184, "Pos_54_A": 0.0, "Pos_52_G": 0.16247998838988476, "Pos_34_G": 0.03386508788847568, "Pos_45_C": 0.0, "Pos_7_C": 0.04158522468186504, "Pos_47_A": 0.0, "Pos_1_T": 0.09722800188393428, "Pos_4_C": 0.03981177496602675, "Pos_14_C": 0.0, "Pos_29_T": 0.0, "Pos_45_G": 0.0, "Pos_49_T": 0.0, "Pos_40_A": 0.0, "Pos_29_G": 0.21815858327937254, "AtoT": 0.8627020719340999, "Pos_5_G": 0.0, "Pos_29_C": -0.23227678024372514, "Pos_6_C": -0.05990784360039631, "Pos_35_T": 0.009106840335808091, "Pos_48_T": 0.030846022025735553, "Pos_10_T": 0.03600036874127676, "Pos_33_G": -0.11413810375323291, "Pos_41_A": 0.08886814561897645, "Pos_30_A": 0.0, "Pos_13_T": 0.12116138302703397, "Pos_53_T": 0.1883831340001168, "Pos_22_T": 0.14528961368286453, "Pos_57_A": 0.007265642238124337, "Pos_22_C": 0.043516952654532426, "Pos_56_G": 0.0, "Pos_13_C": 0.007159556733009308, "Pos_38_T": 0.09784003293729814, "Pos_18_T": 0.012607954537404601, "Pos_25_G": 0.0, "Pos_30_C": 0.1765813244335554, "Pos_16_T": 0.046105621197513574, "Pos_23_G": 0.12286693850419352, "Pos_18_A": 0.0, "Pos_29_A": 0.0, "Pos_58_C": -0.030757112949993014, "CtoA": 0.02942034349719793, "Pos_49_C": 0.0, "Pos_26_G": 0.0, "Pos_19_G": -0.0076075145339950835, "Pos_46_G": 0.11430687148398003, "Pos_23_C": 0.0, "Pos_16_C": 0.036768172041756524, "Pos_1_C": 0.1010153210210289, "Pos_5_C": 0.012149161941562786, "Pos_9_C": 0.0, "Pos_55_A": -0.07305763509394798, "Pos_25_T": 0.10719195266176754, "Pos_28_T": 0.11424085667288356, "Pos_37_A": -0.024238094652768737, "Pos_28_A": 0.04184766878364599, "Pos_41_T": 0.10754849560503693, "Pos_47_T": 0.0, "Pos_42_C": 0.13345974223625276, "Pos_31_G": -0.045302499333399214, "Pos_56_A": 0.029048315794634336, "Pos_8_G": 0.03662293685834376, "Pos_43_G": 0.0405313192532852, "Pos_26_A": 0.0, "Pos_0_C": -0.015329216157387696, "Pos_17_C": 0.02260695179237064, "TtoA": 0.8095894724308633, "Pos_2_C": 0.014805338188788509, "Pos_20_T": 0.0, "AtoG": 0.0, "Pos_57_T": 0.0, "Pos_27_A": 0.0, "Pos_4_T": 0.015126831752308053, "Pos_54_T": 0.004317792636224158, "Pos_6_A": 0.02760642306288242, "AtoC": -0.2153386366985131, "Pos_31_A": 0.0, "Pos_40_G": 0.034645584622028006, "TtoC": 0.050244924611473465, "Pos_46_A": 0.0, "Pos_38_C": -0.08021014527292847, "Pos_51_T": 0.0, "Pos_48_A": -0.04245031093968303, "Pos_41_C": -0.0011145765883376242, "Pos_42_A": 0.0, "Pos_56_C": -0.019543489564089238, "Pos_17_T": 0.0, "Pos_24_A": 0.08657793892750709, "Pos_12_T": 0.013646220420870747, "Pos_39_T": 0.06104059179560144, "Pos_47_G": 0.0, "Pos_54_C": 0.0, "Pos_1_G": 0.0, "Pos_0_G": 0.0, "Pos_50_A": 0.0, "Pos_59_A": 0.0164423412747604, "GtoA": -0.5300451456630013, "Pos_59_G": 0.0, "Pos_58_G": 0.07660525972572892, "Pos_36_C": 0.0658165235952774, "Pos_11_C": 0.0, "Pos_57_C": 0.0, "Pos_33_T": 0.1244335966111568, "Pos_17_G": 0.10957373722754371, "Pos_7_T": 0.0, "Pos_32_A": 0.12190357663212868, "Pos_38_G": 0.0, "Pos_14_G": 0.008956328587117982, "Pos_18_G": -0.040034170831189125, "Pos_39_C": 0.07551217368476909, "Pos_3_G": 0.0, "Pos_50_T": 0.056677327941103604, "Pos_50_C": -0.04733618414653252, "Pos_31_T": 0.06961859335226642, "Pos_56_T": 0.018501818196396545, "Pos_32_G": -0.031097670162759855, "Pos_41_G": 0.0, "Pos_36_A": -0.06447296625293047, "Pos_38_A": 0.0, "Pos_20_C": 0.0, "Pos_15_A": 0.08328430409238739, "Pos_55_C": 0.0, "Pos_21_A": 0.014805473240107342, "Pos_10_G": 0.0, "Pos_42_T": 0.15093309912888273, "Pos_48_C": 0.016681595949688616, "Pos_28_C": -0.04019900184874038, "Pos_3_C": -0.09435117222959925, "Pos_59_T": 0.0, "Pos_59_C": 0.0, "Pos_40_C": -0.0936077418753921, "Pos_25_C": 0.025382897360324445, "Pos_8_T": 0.0, "Pos_21_C": 0.0, "Pos_53_A": 0.09039757245987891, "GtoT": 0.2694335103616697, "Pos_21_T": 0.1465106184292194, "Pos_9_G": -0.07187611472138321, "Pos_57_G": -0.05508545924029409, "Pos_13_G": -0.07215443326336737, "TtoG": 0.0, "Pos_27_G": 0.02276585279475079, "Pos_6_T": 0.0, "Pos_37_T": 0.0, "Pos_32_T": 0.004011522320661339, "Pos_58_A": 0.030533865379256682, "Pos_49_G": 0.07741134143928897, "Pos_6_G": 0.0, "Pos_53_G": 0.0, "Pos_35_G": -0.00206116523479586, "Pos_44_A": 0.050797741566666554, "Pos_58_T": 0.0, "Pos_7_A": -0.04986071761047771, "Pos_25_A": -0.017435697897939983, "Pos_20_A": -0.02166059696073259, "Pos_44_G": 0.0, "Pos_42_G": -0.051416231855845484, "Pos_8_A": -0.05864280091096533, "Pos_9_T": 0.019884491198946676, "Pos_3_T": 0.010908658427493206, "Pos_23_A": -0.04369671592443187, "Pos_18_C": 0.0, "Pos_51_A": -0.031290573194719534, "Pos_27_C": -0.031928411483075333, "Pos_13_A": 0.0, "Pos_40_T": 0.04791393921034918, "Pos_16_G": -0.02321735831395462, "Pos_46_C": 0.0, "Pos_32_C": 0.0, "Pos_34_T": 0.05441997146531358, "Pos_5_T": 0.0, "Pos_2_T": -0.048197945562141124, "Pos_12_A": 0.01878462604999916, "Pos_55_G": 0.05438685029648983, "Pos_28_G": 0.0, "CtoG": -1.3763552240100294, "Pos_11_G": 0.02643905433389782, "Pos_45_A": 0.0}