{"split0_test_score": {"1": 0.7633250317, "0": 0.7633527037, "2": 0.7629700665, "3": 0.7622238762, "4": 0.7613383715}, "param_alpha": {"1": 0.1, "0": 0.01, "2": 1.0, "3": 2.0, "4": 3.0}, "rank_test_score": {"1": 2, "0": 1, "2": 3, "3": 4, "4": 5}, "best_a_choice": 0.01, "params": {"1": {"alpha": 0.1}, "0": {"alpha": 0.01}, "2": {"alpha": 1.0}, "3": {"alpha": 2.0}, "4": {"alpha": 3.0}}}