{"params": {"0": {"penalty": "l1", "C": 0.1}, "2": {"penalty": "l1", "C": 10.0}, "3": {"penalty": "l1", "C": 100.0}, "1": {"penalty": "l1", "C": 1.0}}, "split0_test_score": {"0": 0.7842160921, "2": 0.7656496238, "3": 0.765192743, "1": 0.7698471825}, "best_c_choice": 0.1, "param_penalty": {"0": "l1", "2": "l1", "3": "l1", "1": "l1"}, "rank_test_score": {"0": 1, "2": 3, "3": 4, "1": 2}, "param_C": {"0": 0.1, "2": 10.0, "3": 100.0, "1": 1.0}}