{"params": {"4": {"alpha": 3.0}, "2": {"alpha": 1.0}, "3": {"alpha": 2.0}, "0": {"alpha": 0.01}, "1": {"alpha": 0.1}}, "rank_test_score": {"4": 5, "2": 3, "3": 4, "0": 1, "1": 2}, "split0_test_score": {"4": 0.7157181003, "2": 0.7184035857, "3": 0.7169349609, "0": 0.724465001, "1": 0.7224184627}, "param_alpha": {"4": 3.0, "2": 1.0, "3": 2.0, "0": 0.01, "1": 0.1}, "best_a_choice": 0.01}