{"params": {"3": {"alpha": 2.0}, "1": {"alpha": 0.1}, "0": {"alpha": 0.01}, "4": {"alpha": 3.0}, "2": {"alpha": 1.0}}, "best_a_choice": 0.01, "param_alpha": {"3": 2.0, "1": 0.1, "0": 0.01, "4": 3.0, "2": 1.0}, "rank_test_score": {"3": 4, "1": 2, "0": 1, "4": 5, "2": 3}, "split0_test_score": {"3": 0.750101146, "1": 0.7529399135, "0": 0.752946593, "4": 0.7487270871, "2": 0.751682268}}