{"params": {"2": {"penalty": "l1", "C": 10.0}, "0": {"penalty": "l1", "C": 0.1}, "3": {"penalty": "l1", "C": 100.0}, "1": {"penalty": "l1", "C": 1.0}}, "param_penalty": {"2": "l1", "0": "l1", "3": "l1", "1": "l1"}, "rank_test_score": {"2": 3, "0": 1, "3": 4, "1": 2}, "param_C": {"2": 10.0, "0": 0.1, "3": 100.0, "1": 1.0}, "split0_test_score": {"2": 0.6435394316, "0": 0.7288490495, "3": 0.6215963988, "1": 0.6767441496}, "best_c_choice": 0.1}