{"GtoT": 0.024505514863123013, "Pos_0:Pos_1_GA": 0.0, "Pos_0:Pos_1_TA": -0.08609025607922502, "Pos_1_A": 0.0, "Pos_0_T": 0.0, "Pos_0:Pos_1_GT": 0.027417918547063647, "CtoT": -0.4066516082724107, "TtoG": 0.0034385810945171975, "Pos_0:Pos_1_AG": -0.013074757838057342, "Pos_0_C": -0.08635947644874228, "GtoA": -0.4525748394901002, "Pos_0:Pos_1_CC": 0.0, "Pos_0:Pos_1_GC": 0.09067027234421912, "GC_feature": -0.10822682312602927, "Pos_0:Pos_1_GG": 0.0, "Pos_0:Pos_1_AC": 0.042338407512296505, "CtoA": -0.043795275952930486, "GtoC": -0.5766991345765505, "Pos_1_G": -0.18806359378234658, "Pos_0:Pos_1_CG": -0.07795859108434985, "Pos_0:Pos_1_AT": -0.04603126323358917, "TtoA": 0.43209553272925144, "Pos_0_A": 0.0, "AtoT": 0.3914665231071081, "Pos_1_C": 0.0, "TtoC": 0.024891218476417287, "Pos_0:Pos_1_CT": 0.0, "CtoG": -0.6007921975341074, "Pos_0:Pos_1_TG": 0.0, "Pos_0:Pos_1_CA": -0.029413940069982734, "AtoG": 0.0, "Pos_0_G": 0.18694955991657475, "Pos_0:Pos_1_TT": 0.01571047976329305, "AtoC": -0.08339180727037547, "Pos_0:Pos_1_AA": 0.033510439946357704, "Pos_0:Pos_1_TC": 0.0, "Pos_1_T": 0.02065559122285745}