{"Pos_2_T": 0.0, "CtoT": -0.4423159969214278, "GtoC": -0.1807378633398777, "Pos_3_C": 0.023473662218354018, "Pos_0_C": 0.0, "Pos_0_T": 0.13592830999725067, "Pos_3_T": 0.0, "Pos_0_A": 0.0, "Pos_3_G": -0.07373857033169738, "Pos_0_G": -0.039254646165742854, "Pos_1_C": -0.1124834479930043, "AtoC": 0.0, "Pos_2_A": 0.0, "Pos_1_T": 0.0, "Pos_1_G": 0.23590703365752297, "Pos_2_G": -0.26586512965428716, "Pos_1_A": 0.0, "Pos_2_C": 0.0, "GtoT": 0.0, "TtoG": 0.0, "TtoA": 0.5819463589410722, "TtoC": 0.07114268500622085, "CtoG": -0.42190564810461156, "AtoT": 0.7835244609933285, "AtoG": 0.1358646307253586, "GtoA": -0.4976911980985588, "CtoA": 0.0, "Pos_3_A": -0.021021039650180574}