{"param_penalty": {"2": "l1", "3": "l1", "0": "l1", "1": "l1"}, "rank_test_score": {"2": 4, "3": 3, "0": 1, "1": 2}, "split0_test_score": {"2": 0.7512312567, "3": 0.7513724199, "0": 0.7580933559, "1": 0.7524860405}, "params": {"2": {"penalty": "l1", "C": 10.0}, "3": {"penalty": "l1", "C": 100.0}, "0": {"penalty": "l1", "C": 0.1}, "1": {"penalty": "l1", "C": 1.0}}, "param_C": {"2": 10.0, "3": 100.0, "0": 0.1, "1": 1.0}, "best_c_choice": 0.1}