{"param_alpha": {"0": 0.01, "4": 3.0, "2": 1.0, "1": 0.1, "3": 2.0}, "rank_test_score": {"0": 1, "4": 5, "2": 3, "1": 2, "3": 4}, "split0_test_score": {"0": 0.7185408323, "4": 0.7122989952, "2": 0.7143502906, "1": 0.717194928, "3": 0.7131171347}, "best_a_choice": 0.01, "params": {"0": {"alpha": 0.01}, "4": {"alpha": 3.0}, "2": {"alpha": 1.0}, "1": {"alpha": 0.1}, "3": {"alpha": 2.0}}}