{"split0_test_score": {"1": 0.7424607451, "2": 0.7423385823, "4": 0.7423385823, "0": 0.7424607451, "3": 0.7423385823}, "best_a_choice": 0.01, "rank_test_score": {"1": 1, "2": 3, "4": 3, "0": 1, "3": 3}, "params": {"1": {"alpha": 0.1}, "2": {"alpha": 1.0}, "4": {"alpha": 3.0}, "0": {"alpha": 0.01}, "3": {"alpha": 2.0}}, "param_alpha": {"1": 0.1, "2": 1.0, "4": 3.0, "0": 0.01, "3": 2.0}}