{"AtoT": 1.11786046300368, "GtoA": -0.16213857840153773, "TtoA": 1.1357826045093524, "AtoG": 0.3599441526295039, "CtoA": 0.14198485274154918, "AtoC": 0.18615220167920357, "GtoT": 0.415137012844184, "CtoG": -1.6659673360570963, "CtoT": -0.14420282578634813, "TtoG": 0.4532031481332626, "GtoC": -1.7488891049362933, "TtoC": 0.4109337638673208}