{"AtoT": 1.0379016758811757, "GtoA": -0.27205124630098276, "TtoA": 1.1075798079674486, "CtoA": 0.20256057137156558, "TtoC": 0.3280351701381998, "GtoC": -1.336260501213022, "CtoT": -0.31686483567202967, "TtoG": 0.2874377403782255, "CtoG": -1.385457970120629, "GtoT": 0.33406564431582664, "AtoC": 0.009810988395352363, "AtoG": 0.3409339581916379}