{"best_a_choice": 3.0, "params": {"1": {"alpha": 0.1}, "0": {"alpha": 0.01}, "4": {"alpha": 3.0}, "3": {"alpha": 2.0}, "2": {"alpha": 1.0}}, "rank_test_score": {"1": 4, "0": 5, "4": 1, "3": 2, "2": 3}, "param_alpha": {"1": 0.1, "0": 0.01, "4": 3.0, "3": 2.0, "2": 1.0}, "split0_test_score": {"1": 0.5935127674, "0": 0.5871604241, "4": 0.6114797039, "3": 0.6086250706, "2": 0.6038882615}}