{"split0_test_score": {"3": 0.6480880231, "2": 0.6442609323, "0": 0.6281683293, "1": 0.6358381956, "4": 0.650581906}, "param_alpha": {"3": 2.0, "2": 1.0, "0": 0.01, "1": 0.1, "4": 3.0}, "params": {"3": {"alpha": 2.0}, "2": {"alpha": 1.0}, "0": {"alpha": 0.01}, "1": {"alpha": 0.1}, "4": {"alpha": 3.0}}, "best_a_choice": 3.0, "rank_test_score": {"3": 2, "2": 3, "0": 5, "1": 4, "4": 1}}