{"Pos_30_A": 0.0, "Pos_44_A": 0.06300991049913174, "Pos_9_A": 0.053125565235902075, "Pos_20_C": 0.0, "Pos_1_G": -0.0691469333100168, "TtoC": 0.025980570010148495, "Pos_10_A": -0.08874760206244633, "Pos_17_T": 0.0, "Pos_46_G": 0.09424620168135864, "Pos_5_T": 0.0, "Pos_18_A": -0.004410696916186157, "Pos_57_T": 0.07315857665620441, "CtoT": -0.576119277265927, "Pos_12_T": 0.061330377579192734, "CtoG": -1.3879511645064313, "Pos_59_A": 0.07959735784936209, "Pos_4_T": 0.043077248620296674, "AtoT": 0.8358105861915158, "Pos_43_T": -0.0009684415719272612, "Pos_13_G": -0.0664321101368418, "Pos_34_A": 0.0, "Pos_43_A": 0.0, "Pos_11_A": -0.07719740341676072, "Pos_54_G": -0.00979250755865456, "Pos_48_C": 0.0673211810764242, "Pos_5_G": 0.016451122055050102, "Pos_21_G": -0.05209812889551, "Pos_3_T": 0.0, "Pos_47_C": 0.0, "Pos_54_T": 0.062215657739583194, "Pos_36_C": 0.0, "Pos_27_A": -0.014884515773201391, "Pos_9_C": -0.05129666709082095, "Pos_31_G": -0.034524055689110884, "Pos_33_T": 0.10264078679372236, "GtoA": -0.5197181963503618, "Pos_57_G": -0.041711749256574115, "Pos_15_T": 0.0, "Pos_21_C": 0.0, "Pos_49_T": 0.0, "AtoC": 0.0, "Pos_38_G": 0.0, "Pos_23_G": 0.10093352493357016, "Pos_52_A": 0.0, "Pos_43_C": 0.013418247862425674, "Pos_8_T": -0.019472686259647334, "Pos_25_C": 0.08776951024371461, "Pos_28_C": -0.13829913713684835, "Pos_21_A": 0.0, "Pos_0_C": -0.0650165449822718, "Pos_51_G": -0.08748491431496644, "Pos_30_G": -0.12218407048105012, "Pos_45_G": 0.0, "Pos_16_T": 0.020401783835156412, "Pos_36_A": -0.05836583947704497, "Pos_39_A": -0.0837367494961788, "Pos_19_G": 0.0, "Pos_41_T": 0.0009460444560478384, "GtoC": -1.1096900000579557, "Pos_8_A": 0.0, "Pos_53_C": 0.0, "Pos_13_A": 0.0, "Pos_48_G": 0.0, "Pos_33_A": 0.0, "Pos_1_T": 0.0, "Pos_40_C": 0.0, "Pos_46_A": 0.0006995408276443665, "Pos_26_C": 0.0, "Pos_17_G": 0.006141198558195228, "Pos_5_A": -0.027739333664307753, "Pos_59_G": 0.0, "Pos_25_A": -0.048635923121080046, "Pos_12_G": 0.0, "Pos_13_T": 0.04188556340896876, "Pos_49_C": 0.0, "Pos_15_G": 0.0, "Pos_18_G": 0.0, "Pos_35_T": 0.010711107468147237, "Pos_47_T": 0.05773499155361845, "Pos_1_A": 0.0, "Pos_6_G": 0.0, "Pos_5_C": 0.0, "Pos_30_T": 0.11138903811862397, "Pos_19_C": 0.11029369352845608, "Pos_2_A": 0.0, "Pos_34_G": 0.07753072618886576, "Pos_4_A": 0.0, "Pos_58_T": 0.0, "Pos_56_A": 0.10381998003209487, "Pos_59_T": -0.0056840510919628304, "Pos_27_T": 0.15839020387053185, "Pos_43_G": 0.09343401769414411, "Pos_54_A": 0.022777578740088386, "Pos_27_C": 0.0, "Pos_24_C": 0.0, "Pos_41_G": -0.02147627590972425, "Pos_6_A": 0.0574466115543973, "Pos_55_C": -0.007359575811259187, "Pos_14_A": -0.10724824142801133, "Pos_52_T": 0.0, "Pos_45_A": -0.03043735602100339, "Pos_25_G": 0.0, "Pos_4_G": 0.0, "Pos_18_T": 0.051742507295112705, "Pos_26_T": 0.011372780162551268, "Pos_14_G": 0.009063935629250843, "Pos_40_T": -0.022463581069395205, "Pos_12_A": 0.00035365668765792457, "Pos_58_G": 0.04314910048435816, "Pos_38_A": 0.04684198373337973, "Pos_28_A": 0.03552459547395664, "Pos_13_C": 0.0, "Pos_39_T": 0.0, "Pos_44_G": 0.0, "Pos_37_T": 0.0, "Pos_57_C": 0.0646973697954218, "Pos_8_G": 0.023986038793988643, "Pos_24_G": -0.07303133227265753, "Pos_29_T": 0.005183696026785224, "Pos_40_G": 0.03142579520729437, "Pos_10_G": 0.0, "Pos_27_G": 0.0, "Pos_11_T": 0.0, "Pos_35_G": -0.04874268964063223, "Pos_32_G": -0.015606458505165427, "Pos_9_T": 0.09721183202449525, "Pos_6_T": 0.03428551919862957, "Pos_57_A": 0.0, "Pos_29_C": -0.167639242280193, "Pos_32_T": 0.008017574570361506, "Pos_23_C": 0.0, "Pos_45_T": 0.16154374401806385, "Pos_47_A": 0.05938123217685348, "Pos_35_A": 0.09042492474039458, "Pos_46_T": 0.0, "Pos_7_T": 0.030947960802556636, "TtoG": 0.0, "Pos_10_C": 0.05768713009830536, "GtoT": 0.026790459416625334, "Pos_55_G": 0.0, "Pos_3_A": 0.05371683176817212, "Pos_3_C": -0.030092811538987248, "Pos_22_G": 0.0, "Pos_7_C": 0.09445903818013762, "Pos_38_T": 0.017350880861390756, "Pos_40_A": 0.0, "Pos_29_A": 0.0, "Pos_22_T": 0.07988071986411802, "Pos_7_A": 0.0, "Pos_44_C": -0.005070674346645629, "Pos_15_C": -0.06584806768522888, "Pos_14_T": 0.0, "Pos_58_C": 0.0, "Pos_42_G": 0.0, "Pos_0_T": 0.016020471016835125, "Pos_3_G": 0.0, "Pos_16_C": 0.0, "Pos_2_G": 0.10025242986861739, "Pos_49_G": 0.07265720238163828, "Pos_11_C": 0.019337451176300577, "Pos_24_A": 0.0, "CtoA": -0.0387885485526809, "Pos_31_T": 0.0577027257572521, "Pos_8_C": 0.0, "Pos_59_C": 0.0, "TtoA": 0.8882693489505318, "Pos_34_T": 0.030026322496092866, "Pos_2_C": 0.0, "Pos_4_C": 0.0, "Pos_51_T": 0.0, "Pos_6_C": -0.01745803998300186, "Pos_48_A": 0.0, "Pos_12_C": -0.004065449374091588, "Pos_19_A": -0.02574484713245729, "Pos_49_A": -0.025274055134077402, "Pos_24_T": 0.037420054299965255, "Pos_54_C": 0.0, "Pos_26_G": 0.13122711140830318, "Pos_2_T": -0.018363238402066908, "Pos_46_C": -0.014547353646022911, "Pos_45_C": 0.07904719001023867, "Pos_17_C": 0.0, "Pos_32_C": 0.0, "Pos_53_T": 0.0414821901334736, "Pos_20_T": 0.0, "Pos_37_C": 0.015159929771496657, "Pos_52_C": -0.10023450849902593, "Pos_42_T": 0.10241339589939408, "Pos_32_A": 0.04888246759514364, "Pos_50_G": 0.0, "Pos_47_G": -0.01304100879521234, "Pos_37_G": 0.1599443198982334, "Pos_37_A": -0.027907153666085475, "AtoG": 0.045885489566269096, "Pos_26_A": -0.04268213757314185, "Pos_18_C": 0.016660300183729215, "Pos_36_T": 0.0, "Pos_22_A": -0.07835434339914628, "Pos_44_T": 0.13207299225659208, "Pos_28_T": 0.08568559479364664, "Pos_56_C": -0.023925889762714717, "Pos_23_T": 0.0353185531784527, "Pos_42_A": -0.04830197993884565, "Pos_51_C": 0.11929382363612133, "Pos_9_G": 0.0, "Pos_1_C": 0.0845164962654186, "Pos_53_G": -0.08453474521941368, "Pos_34_C": -0.01297018056266368, "Pos_16_G": 0.0, "Pos_20_G": 0.09779268481798464, "Pos_56_G": 0.0, "Pos_33_C": 0.0, "Pos_25_T": 0.10087302385186134, "Pos_42_C": 0.1331773738915257, "Pos_29_G": 0.1334177129243515, "Pos_7_G": -0.00033836525515498116, "Pos_33_G": -0.08046718875862535, "Pos_20_A": 0.0, "Pos_31_C": 0.05174400978654123, "Pos_52_G": 0.13912490557684515, "Pos_55_A": 0.0, "Pos_15_A": 0.007333478911003216, "Pos_17_A": -0.02254961090298493, "Pos_28_G": 0.0, "Pos_53_A": 0.07588542453222726, "Pos_50_C": -0.04101423852925794, "Pos_21_T": 0.03071920987727357, "Pos_22_C": 0.08190713258653189, "Pos_38_C": -0.06494102068190918, "Pos_0_G": 0.0, "Pos_50_A": 0.02363263695765484, "Pos_11_G": 0.0, "Pos_35_C": 0.0, "Pos_58_A": -0.02337841061192274, "Pos_16_A": 0.0, "Pos_55_T": 0.05561795503748789, "Pos_0_A": 0.004838535777910022, "Pos_30_C": 0.06259088789412408, "Pos_41_A": 0.03932380874111928, "Pos_39_G": 0.0, "Pos_10_T": 0.0395926625107674, "Pos_51_A": 0.0, "Pos_19_T": 0.16180597745734732, "Pos_23_A": -0.02891134899734125, "Pos_56_T": 0.019185877354421434, "Pos_41_C": 0.0, "Pos_36_G": 0.0, "Pos_31_A": 0.0, "Pos_50_T": 0.0, "Pos_14_C": 0.06305105980640466, "Pos_48_T": 0.02919628808824211, "Pos_39_C": 0.0033745104175456724}