{"params": {"0": {"alpha": 0.01}, "4": {"alpha": 3.0}, "3": {"alpha": 2.0}, "1": {"alpha": 0.1}, "2": {"alpha": 1.0}}, "best_a_choice": 0.01, "param_alpha": {"0": 0.01, "4": 3.0, "3": 2.0, "1": 0.1, "2": 1.0}, "rank_test_score": {"0": 1, "4": 5, "3": 4, "1": 2, "2": 3}, "split0_test_score": {"0": 0.6885433067, "4": 0.6768380423, "3": 0.6778972128, "1": 0.6847904083, "2": 0.6796481837}}