{"params": {"1": {"alpha": 0.1}, "4": {"alpha": 3.0}, "0": {"alpha": 0.01}, "2": {"alpha": 1.0}, "3": {"alpha": 2.0}}, "best_a_choice": 0.01, "rank_test_score": {"1": 3, "4": 5, "0": 1, "2": 2, "3": 4}, "split0_test_score": {"1": 0.7754799939, "4": 0.7754135699, "0": 0.7754842755, "2": 0.7754835024, "3": 0.7754558505}, "param_alpha": {"1": 0.1, "4": 3.0, "0": 0.01, "2": 1.0, "3": 2.0}}