{"Pos_1:Pos_2_TG": 0.0, "Pos_1:Pos_3_TC": 0.00869225031383903, "GtoT": 0.02499448903594576, "Pos_1:Pos_3_AA": 0.0, "Pos_0:Pos_3_GT": -0.026209482716424173, "CtoT": -0.4539939392374602, "Pos_0:Pos_2_AA": 0.0, "Pos_0:Pos_1_GA": 0.0, "Pos_0:Pos_1_GG": 0.0, "Pos_1_A": 0.0, "Pos_1:Pos_2_CT": 0.0, "Pos_0:Pos_1_AG": 0.015914884089352658, "Pos_0:Pos_2_TC": 0.02155616439210133, "Pos_2_C": 0.0, "Pos_0:Pos_3_TG": 0.0, "Pos_2:Pos_3_AG": 0.06853359376574616, "Pos_1:Pos_3_AT": 0.026231289777701085, "Pos_1:Pos_2_CC": 0.0, "Pos_1:Pos_3_TT": 0.0, "GC_feature": -0.1230210290728756, "Pos_1:Pos_3_GC": 0.0, "Pos_0_C": 0.0, "Pos_0:Pos_3_CA": 0.0, "Pos_0:Pos_3_CG": 0.004567216299813574, "Pos_1_C": -0.06486786057237173, "Pos_0:Pos_3_CT": 0.0, "Pos_3_G": 0.0, "Pos_1:Pos_3_CC": 0.0, "Pos_0_G": -0.02906608120013361, "Pos_0:Pos_1_TA": 0.0, "Pos_1:Pos_3_CG": 0.0, "TtoA": 0.44261626704807866, "Pos_0:Pos_1_CA": 0.041153730887123145, "Pos_1:Pos_2_CG": -0.07665043789579998, "Pos_1:Pos_2_TA": -0.08674619754457882, "Pos_0:Pos_1_TT": 0.007524380788592724, "Pos_2:Pos_3_TC": 0.020891043057020345, "CtoA": -0.04745896490763481, "Pos_1:Pos_2_AC": 0.010878814741638883, "Pos_0_A": 0.0, "Pos_2:Pos_3_CG": -0.0463999868050866, "AtoG": 0.009090077851588016, "Pos_0:Pos_3_AG": -0.02770603283448411, "Pos_1:Pos_2_CA": 0.0, "GtoC": -0.6550617401715587, "Pos_2:Pos_3_GG": 0.0, "Pos_2:Pos_3_CC": 0.0, "Pos_0:Pos_2_GC": 0.0, "Pos_0:Pos_3_GA": 0.0, "Pos_2:Pos_3_AC": 0.0, "Pos_0:Pos_1_TC": 0.0, "Pos_0:Pos_2_AG": 0.0, "Pos_2:Pos_3_TT": 0.03272982664738242, "Pos_0:Pos_2_GG": -0.007037473264401739, "Pos_1:Pos_3_CA": 0.0, "Pos_0:Pos_3_GC": 0.0, "CtoG": -0.6686487287831265, "Pos_0:Pos_2_CT": 0.0, "Pos_0:Pos_2_GA": -0.03646003175660105, "Pos_0:Pos_2_AC": -0.0014009831213381045, "AtoC": -0.09898137973562335, "Pos_1:Pos_2_GG": 0.0, "Pos_2:Pos_3_GA": -0.09846789187743492, "Pos_2_G": -0.14909555542112854, "Pos_0:Pos_2_TA": 0.0, "Pos_1:Pos_2_TC": 0.0, "Pos_0:Pos_3_GG": 0.0, "AtoT": 0.4019985129508363, "TtoG": 0.0, "Pos_0:Pos_3_AC": 0.0, "Pos_0:Pos_1_AC": -0.047029313314875434, "Pos_0:Pos_1_AT": -0.004750557263179381, "Pos_1:Pos_2_TT": 0.001555830541935763, "Pos_3_T": 0.0, "Pos_1:Pos_3_AC": -0.031079265043747573, "Pos_2:Pos_3_GT": -0.022312401342615952, "Pos_0:Pos_1_CT": 0.0, "Pos_0:Pos_1_GT": -0.0024907485213994133, "Pos_0:Pos_2_CC": 0.001041500098863658, "Pos_0:Pos_2_AT": 0.08938774455883489, "Pos_0:Pos_3_TT": 0.023609715591899342, "Pos_0:Pos_3_AT": 0.0, "Pos_0:Pos_1_TG": 0.01394624180448, "Pos_0:Pos_3_TA": 0.0, "Pos_3_C": 0.0, "Pos_0:Pos_2_TT": 0.025142679383398835, "Pos_2:Pos_3_AA": -0.049277714282062575, "Pos_2:Pos_3_AT": -0.03997223774084261, "Pos_1:Pos_3_GG": -0.0024640235417701215, "Pos_1:Pos_2_GT": 0.014725722810644066, "Pos_0:Pos_1_AA": 0.0, "Pos_0:Pos_2_CA": -0.07076972782720989, "Pos_2:Pos_3_TA": 0.0, "Pos_1:Pos_2_AT": -0.07232916458136888, "Pos_1:Pos_3_GT": 0.01802183828709169, "Pos_2:Pos_3_CA": 0.013141661317489593, "Pos_0:Pos_2_TG": -0.00362261875368033, "Pos_1:Pos_2_AA": 0.033073824060368705, "Pos_0:Pos_3_CC": -0.022247689656555353, "Pos_1_G": 0.19403982184777216, "Pos_1_T": 0.0, "Pos_2:Pos_3_TG": -0.002642656871897286, "Pos_0:Pos_1_CC": 0.0, "Pos_0:Pos_1_CG": -0.13798896509668906, "Pos_0:Pos_2_CG": 0.017268204301996305, "Pos_1:Pos_3_GA": 0.014779755274300154, "Pos_2_T": 0.0, "Pos_2:Pos_3_GC": 0.0, "Pos_0:Pos_1_GC": -0.0019342220718159156, "Pos_1:Pos_3_TA": 0.0, "GtoA": -0.45462080997673027, "Pos_2:Pos_3_CT": 0.03702529723338371, "Pos_1:Pos_2_GA": 0.0, "Pos_1:Pos_2_GC": 0.09454302194453523, "Pos_3_A": 0.0, "TtoC": 0.012597536653898896, "Pos_2_A": 0.0, "Pos_0:Pos_3_AA": -0.036519586554035706, "Pos_0:Pos_3_TC": 0.00950338873853523, "Pos_1:Pos_3_CT": -0.041222955529113786, "Pos_1:Pos_3_TG": -0.015094891577201565, "Pos_1:Pos_3_AG": 0.004653724850367477, "Pos_0:Pos_2_GT": 0.0, "Pos_0_T": 0.06944877871162264, "Pos_1:Pos_2_AG": 0.0}