{"split0_test_score": {"0": 0.7633900617, "1": 0.7633947778, "3": 0.7633264701, "4": 0.7632761141, "2": 0.763284025}, "best_a_choice": 0.1, "param_alpha": {"0": 0.01, "1": 0.1, "3": 2.0, "4": 3.0, "2": 1.0}, "params": {"0": {"alpha": 0.01}, "1": {"alpha": 0.1}, "3": {"alpha": 2.0}, "4": {"alpha": 3.0}, "2": {"alpha": 1.0}}, "rank_test_score": {"0": 2, "1": 1, "3": 3, "4": 5, "2": 4}}