{"CtoA": 0.2844516627939961, "GtoA": -0.18617867975543773, "AtoT": 1.1561937609805817, "TtoA": 1.2515112253417904, "AtoC": 0.10111771560469661, "AtoG": 0.4350641257198787, "CtoG": -1.943954559821383, "GtoT": 0.501612035391656, "TtoC": 0.40872843106313217, "CtoT": -0.14520245787123204, "TtoG": 0.49295911174499907, "GtoC": -1.7949687209323837}