{"GtoA": -0.5013395655750339, "CtoA": 0.0, "CtoG": -0.6856026643634715, "TtoC": 0.04941672621671211, "AtoC": -0.09401008840756586, "TtoA": 0.4221858616887221, "GtoC": -0.7326345261036491, "GtoT": 0.027372336990964936, "TtoG": -0.032679923077106515, "GC_feature": -0.15848779872910404, "AtoG": 0.04083912418582244, "AtoT": 0.34431263258590294, "CtoT": -0.4062393116478287}