{"rank_test_score": {"2": 3, "1": 2, "3": 4, "4": 5, "0": 1}, "split0_test_score": {"2": 0.7108949741, "1": 0.71446158, "3": 0.7094506234, "4": 0.7085503003, "0": 0.716299803}, "param_alpha": {"2": 1.0, "1": 0.1, "3": 2.0, "4": 3.0, "0": 0.01}, "params": {"2": {"alpha": 1.0}, "1": {"alpha": 0.1}, "3": {"alpha": 2.0}, "4": {"alpha": 3.0}, "0": {"alpha": 0.01}}, "best_a_choice": 0.01}