{"split0_test_score": {"0": 0.6760083117, "4": 0.6755922547, "1": 0.6761991991, "2": 0.6756760132, "3": 0.6756934071}, "params": {"0": {"alpha": 0.01}, "4": {"alpha": 3.0}, "1": {"alpha": 0.1}, "2": {"alpha": 1.0}, "3": {"alpha": 2.0}}, "best_a_choice": 0.1, "rank_test_score": {"0": 2, "4": 5, "1": 1, "2": 4, "3": 3}, "param_alpha": {"0": 0.01, "4": 3.0, "1": 0.1, "2": 1.0, "3": 2.0}}