{"pos1": {"stats": "{\"group\":{\"8\":\"1\",\"9\":\"1\",\"10\":\"1\",\"11\":\"1\",\"12\":\"1\",\"13\":\"1\",\"14\":\"1\",\"15\":\"1\",\"0\":\"2\",\"1\":\"2\",\"2\":\"2\",\"3\":\"2\",\"4\":\"2\",\"5\":\"2\",\"6\":\"2\",\"7\":\"2\"},\"mut\":{\"8\":\"M\",\"9\":\"M\",\"10\":\"M\",\"11\":\"M\",\"12\":\"R\",\"13\":\"R\",\"14\":\"R\",\"15\":\"R\",\"0\":\"M\",\"1\":\"M\",\"2\":\"M\",\"3\":\"M\",\"4\":\"R\",\"5\":\"R\",\"6\":\"R\",\"7\":\"R\"},\"base\":{\"8\":\"A\",\"9\":\"C\",\"10\":\"G\",\"11\":\"T\",\"12\":\"A\",\"13\":\"C\",\"14\":\"G\",\"15\":\"T\",\"0\":\"A\",\"1\":\"C\",\"2\":\"G\",\"3\":\"T\",\"4\":\"A\",\"5\":\"C\",\"6\":\"G\",\"7\":\"T\"},\"count\":{\"8\":9036,\"9\":3148,\"10\":3935,\"11\":3325,\"12\":4365,\"13\":5175,\"14\":4673,\"15\":5231,\"0\":28,\"1\":5,\"2\":11,\"3\":14,\"4\":10,\"5\":14,\"6\":18,\"7\":16},\"fitted\":{\"8\":9038.2867856103,\"9\":3145.7735359685,\"10\":3932.678219312,\"11\":3327.2614591092,\"12\":4362.7132143897,\"13\":5177.2264640315,\"14\":4675.321780688,\"15\":5228.7385408907,\"0\":25.7132143897,\"1\":7.2264640315,\"2\":13.321780688,\"3\":11.7385408908,\"4\":12.2867856103,\"5\":11.7735359685,\"6\":15.678219312,\"7\":18.2614591092},\"ret\":{\"8\":-0.0000586221,\"9\":0.0000571032,\"10\":0.0000595443,\"11\":-0.0000579605,\"12\":0.0000586449,\"13\":-0.0000570707,\"14\":-0.0000595119,\"15\":0.0000579927,\"0\":0.0000611626,\"1\":-0.0000472146,\"2\":-0.0000540087,\"3\":0.0000632375,\"4\":-0.0000527995,\"5\":0.0000621691,\"6\":0.0000637316,\"7\":-0.000054232}}", "prob": 0.3491390407053344, "formula": "count ~ group * mut * base - group : mut : base", "deviance": 3.2892686723703957, "rel_entropy": 4.216578648818577e-05, "df": 3}, "pos0": {"stats": "{\"group\":{\"8\":\"1\",\"9\":\"1\",\"10\":\"1\",\"11\":\"1\",\"12\":\"1\",\"13\":\"1\",\"14\":\"1\",\"15\":\"1\",\"0\":\"2\",\"1\":\"2\",\"2\":\"2\",\"3\":\"2\",\"4\":\"2\",\"5\":\"2\",\"6\":\"2\",\"7\":\"2\"},\"mut\":{\"8\":\"M\",\"9\":\"M\",\"10\":\"M\",\"11\":\"M\",\"12\":\"R\",\"13\":\"R\",\"14\":\"R\",\"15\":\"R\",\"0\":\"M\",\"1\":\"M\",\"2\":\"M\",\"3\":\"M\",\"4\":\"R\",\"5\":\"R\",\"6\":\"R\",\"7\":\"R\"},\"base\":{\"8\":\"A\",\"9\":\"C\",\"10\":\"G\",\"11\":\"T\",\"12\":\"A\",\"13\":\"C\",\"14\":\"G\",\"15\":\"T\",\"0\":\"A\",\"1\":\"C\",\"2\":\"G\",\"3\":\"T\",\"4\":\"A\",\"5\":\"C\",\"6\":\"G\",\"7\":\"T\"},\"count\":{\"8\":4613,\"9\":5619,\"10\":4657,\"11\":4555,\"12\":4463,\"13\":5257,\"14\":4683,\"15\":5041,\"0\":14,\"1\":11,\"2\":13,\"3\":20,\"4\":11,\"5\":14,\"6\":11,\"7\":22},\"fitted\":{\"8\":4614.1879600991,\"9\":5616.9864911713,\"10\":4657.9328733746,\"11\":4554.892675355,\"12\":4461.8120399009,\"13\":5259.0135088287,\"14\":4682.0671266254,\"15\":5041.107324645,\"0\":12.8120399009,\"1\":13.0135088287,\"2\":12.0671266254,\"3\":20.107324645,\"4\":12.1879600991,\"5\":11.9864911713,\"6\":11.9328733746,\"7\":21.892675355},\"ret\":{\"8\":-0.0000304535,\"9\":0.0000516324,\"10\":-0.000023915,\"11\":0.0000027517,\"12\":0.0000304614,\"13\":-0.0000516133,\"14\":0.0000239198,\"15\":-0.0000027516,\"0\":0.0000318277,\"1\":-0.0000474059,\"2\":0.0000248189,\"3\":-0.0000027443,\"4\":-0.0000289223,\"5\":0.0000557348,\"6\":-0.0000229571,\"7\":0.0000027584}}", "prob": 0.7951575704023474, "formula": "count ~ group * mut * base - group : mut : base", "deviance": 1.0251877772294646, "rel_entropy": 1.3142085135235676e-05, "df": 3}, "pos2": {"stats": "{\"group\":{\"8\":\"1\",\"9\":\"1\",\"10\":\"1\",\"11\":\"1\",\"12\":\"1\",\"13\":\"1\",\"14\":\"1\",\"15\":\"1\",\"0\":\"2\",\"1\":\"2\",\"2\":\"2\",\"3\":\"2\",\"4\":\"2\",\"5\":\"2\",\"6\":\"2\",\"7\":\"2\"},\"mut\":{\"8\":\"M\",\"9\":\"M\",\"10\":\"M\",\"11\":\"M\",\"12\":\"R\",\"13\":\"R\",\"14\":\"R\",\"15\":\"R\",\"0\":\"M\",\"1\":\"M\",\"2\":\"M\",\"3\":\"M\",\"4\":\"R\",\"5\":\"R\",\"6\":\"R\",\"7\":\"R\"},\"base\":{\"8\":\"A\",\"9\":\"C\",\"10\":\"G\",\"11\":\"T\",\"12\":\"A\",\"13\":\"C\",\"14\":\"G\",\"15\":\"T\",\"0\":\"A\",\"1\":\"C\",\"2\":\"G\",\"3\":\"T\",\"4\":\"A\",\"5\":\"C\",\"6\":\"G\",\"7\":\"T\"},\"count\":{\"8\":5441,\"9\":4350,\"10\":7439,\"11\":2214,\"12\":6033,\"13\":5643,\"14\":1926,\"15\":5842,\"0\":22,\"1\":18,\"2\":13,\"3\":5,\"4\":24,\"5\":6,\"6\":5,\"7\":23},\"fitted\":{\"8\":5439.5349459423,\"9\":4356.6789711709,\"10\":7437.298671463,\"11\":2210.4874114238,\"12\":6034.4650540577,\"13\":5636.3210288291,\"14\":1927.701328537,\"15\":5845.5125885762,\"0\":23.4650540577,\"1\":11.3210288291,\"2\":14.701328537,\"3\":8.5125885762,\"4\":22.5349459423,\"5\":12.6789711709,\"6\":3.298671463,\"7\":19.4874114238},\"ret\":{\"8\":0.0000375667,\"9\":-0.0001711068,\"10\":0.0000436243,\"11\":0.0000901287,\"12\":-0.0000375571,\"13\":0.0001713395,\"14\":-0.0000436001,\"15\":-0.0000900301,\"0\":-0.0000363638,\"1\":0.000213998,\"2\":-0.000040992,\"3\":-0.000068212,\"4\":0.000038757,\"5\":-0.0001150936,\"6\":0.0000533174,\"7\":0.0000977255}}", "prob": 0.010720442040274456, "formula": "count ~ group * mut * base - group : mut : base", "deviance": 11.194272715951232, "rel_entropy": 0.00014350159875847646, "df": 3}, "pos3": {"stats": "{\"group\":{\"8\":\"1\",\"9\":\"1\",\"10\":\"1\",\"11\":\"1\",\"12\":\"1\",\"13\":\"1\",\"14\":\"1\",\"15\":\"1\",\"0\":\"2\",\"1\":\"2\",\"2\":\"2\",\"3\":\"2\",\"4\":\"2\",\"5\":\"2\",\"6\":\"2\",\"7\":\"2\"},\"mut\":{\"8\":\"M\",\"9\":\"M\",\"10\":\"M\",\"11\":\"M\",\"12\":\"R\",\"13\":\"R\",\"14\":\"R\",\"15\":\"R\",\"0\":\"M\",\"1\":\"M\",\"2\":\"M\",\"3\":\"M\",\"4\":\"R\",\"5\":\"R\",\"6\":\"R\",\"7\":\"R\"},\"base\":{\"8\":\"A\",\"9\":\"C\",\"10\":\"G\",\"11\":\"T\",\"12\":\"A\",\"13\":\"C\",\"14\":\"G\",\"15\":\"T\",\"0\":\"A\",\"1\":\"C\",\"2\":\"G\",\"3\":\"T\",\"4\":\"A\",\"5\":\"C\",\"6\":\"G\",\"7\":\"T\"},\"count\":{\"8\":5248,\"9\":4089,\"10\":4752,\"11\":5355,\"12\":4512,\"13\":4542,\"14\":5672,\"15\":4718,\"0\":21,\"1\":11,\"2\":9,\"3\":17,\"4\":17,\"5\":7,\"6\":18,\"7\":16},\"fitted\":{\"8\":5248.8300685976,\"9\":4091.5931566693,\"10\":4748.8877535166,\"11\":5354.6890212165,\"12\":4511.1699314024,\"13\":4539.4068433307,\"14\":5675.1122464834,\"15\":4718.3109787835,\"0\":20.1699314024,\"1\":8.4068433307,\"2\":12.1122464834,\"3\":17.3109787835,\"4\":17.8300685976,\"5\":9.5931566693,\"6\":14.8877535166,\"7\":15.6890212165},\"ret\":{\"8\":-0.0000212799,\"9\":-0.0000664633,\"10\":0.0000798191,\"11\":0.0000079732,\"12\":0.0000212836,\"13\":0.0000665034,\"14\":-0.0000797711,\"15\":-0.0000079727,\"0\":0.0000217137,\"1\":0.0000758215,\"2\":-0.0000685297,\"3\":-0.000007901,\"4\":-0.0000207784,\"5\":-0.0000565578,\"6\":0.0000876062,\"7\":0.0000080515}}", "prob": 0.3790437780664188, "formula": "count ~ group * mut * base - group : mut : base", "deviance": 3.0827374008554576, "rel_entropy": 3.9518221219047506e-05, "df": 3}}