{"Pos_1:Pos_2_TA": -0.036263868123754935, "Pos_3:Pos_5_AC": -0.0036827692520529478, "Pos_2:Pos_4_AT": 0.05221568433887028, "Pos_3:Pos_5_CC": 0.07239997938499801, "Pos_0:Pos_2_CC": 0.0, "Pos_5_G": 0.0, "Pos_2:Pos_5_CA": 0.0, "Pos_3_G": -0.07104816035797022, "Pos_0:Pos_1_TG": 0.0, "TtoC": 0.1751248534570597, "Pos_1:Pos_2_TC": 0.0, "Pos_0:Pos_2_CT": -0.03087235286207488, "Pos_2:Pos_3_AT": 0.0, "Pos_4:Pos_5_CC": -0.009796191347468118, "Pos_1:Pos_4_AT": 0.0, "Pos_0:Pos_2_AG": 0.06714155082511282, "Pos_2:Pos_5_AG": -0.031945666174616666, "Pos_1:Pos_4_AA": 0.0, "Pos_2:Pos_3_CA": -0.04258903428294271, "Pos_1:Pos_2_GC": 0.0, "Pos_1:Pos_3_CT": 0.0, "Pos_3:Pos_4_GG": 0.0, "Pos_3:Pos_4_GA": -0.06124517736020778, "Pos_1:Pos_4_AG": 0.0, "Pos_2:Pos_5_TT": 0.0, "Pos_2:Pos_3_TA": -0.2047856626842586, "Pos_0:Pos_4_AG": 0.0, "Pos_0:Pos_1_TT": 0.1397265330372207, "Pos_0:Pos_3_CT": 0.0, "Pos_0:Pos_4_GC": 0.03420767145785531, "Pos_4:Pos_5_CG": 0.1422197587189266, "Pos_1:Pos_5_GA": 0.04442572078410029, "Pos_3:Pos_4_TA": 0.0, "Pos_4:Pos_5_GC": 0.0, "Pos_1:Pos_2_AA": 0.0, "Pos_2_G": 0.3078458837282267, "Pos_4_C": 0.0, "Pos_3:Pos_5_AA": 0.01850133967200381, "Pos_3:Pos_4_TC": 0.0, "Pos_0:Pos_3_CA": 0.0, "Pos_0:Pos_4_AA": -0.03635620274787944, "Pos_0:Pos_3_TC": 0.03241146495244113, "Pos_2:Pos_3_AC": 0.0, "Pos_5_A": 0.18998474103365667, "Pos_4:Pos_5_TA": 0.0, "Pos_0:Pos_4_AT": 0.0, "Pos_4:Pos_5_CT": 0.0, "Pos_4:Pos_5_TG": -0.034878347309120074, "Pos_2:Pos_3_GT": 0.0, "Pos_2_A": 0.0, "Pos_1:Pos_5_CC": 0.0, "Pos_2:Pos_4_TC": 0.04031036765099561, "TtoA": 1.0514373125607526, "Pos_1:Pos_3_TC": 0.0, "CtoG": -1.6134308806213462, "Pos_1:Pos_2_CC": 0.0, "Pos_0:Pos_5_CT": 0.0992803653741518, "Pos_1_G": -0.022628249359851842, "Pos_0_A": 0.0, "Pos_2:Pos_4_AC": -0.00753534517650679, "Pos_1:Pos_2_AT": 0.0, "Pos_0:Pos_5_CG": 0.0, "Pos_0:Pos_4_CC": 0.0, "Pos_3:Pos_4_AA": 0.0, "Pos_1:Pos_5_CA": 0.045598730391868264, "Pos_1_A": 0.0, "Pos_0:Pos_2_CA": 0.08756029148436258, "Pos_0:Pos_5_GT": 0.0, "Pos_3_A": 0.0, "Pos_0:Pos_5_GG": 0.0, "Pos_1:Pos_2_AC": 0.0, "Pos_0:Pos_1_GT": 0.037798251842991765, "Pos_1:Pos_3_AT": 0.021318913290435663, "Pos_0:Pos_2_GT": 0.01371595898266285, "Pos_2:Pos_5_GC": 0.037541119329940933, "Pos_3:Pos_5_GT": 0.0, "GtoT": 0.21137531961983408, "Pos_1:Pos_5_GG": 0.0, "Pos_0:Pos_5_GA": 0.0, "Pos_3:Pos_5_TA": 0.0, "Pos_0:Pos_4_CT": 0.0, "Pos_0:Pos_4_GG": -0.024542848285477117, "Pos_4:Pos_5_CA": 0.0, "Pos_1:Pos_3_CG": 0.0, "Pos_3:Pos_4_AT": -0.030501566238708908, "Pos_0:Pos_5_TC": 0.0, "Pos_0:Pos_2_TT": -0.00020968679400606264, "Pos_1:Pos_4_GC": 0.0, "Pos_3:Pos_5_CA": 0.0, "Pos_1:Pos_2_TT": 0.005954076715177329, "Pos_1:Pos_3_GA": -0.0002833001624873247, "Pos_3:Pos_4_GC": -0.01071868834372836, "Pos_0:Pos_5_AG": 0.0, "Pos_0:Pos_3_AA": -0.007086644683968795, "Pos_2:Pos_3_TT": 0.08720820350530945, "Pos_0:Pos_2_GG": 0.0, "Pos_3:Pos_4_GT": 0.0, "Pos_0:Pos_4_CA": 0.0, "Pos_0:Pos_2_TG": 0.0, "Pos_2:Pos_4_TT": 0.0, "Pos_2:Pos_3_CC": 0.007138178045737856, "Pos_1:Pos_4_TT": 0.009983866746403232, "Pos_1:Pos_5_GC": 0.0, "Pos_2:Pos_4_CA": 0.0, "Pos_0_T": 0.02394340219521082, "Pos_1:Pos_5_TA": 0.0, "Pos_0:Pos_2_TC": 0.037867155237304016, "Pos_5_T": 0.0, "Pos_1:Pos_3_AA": 0.029397528806300876, "Pos_4_T": 0.0692805916559956, "Pos_0_G": 0.0, "Pos_1:Pos_5_CG": -0.07778680910035406, "Pos_1:Pos_3_AC": 0.0, "Pos_4:Pos_5_GT": -0.024889666566920345, "Pos_0:Pos_3_GA": 0.0, "Pos_3:Pos_4_TT": 0.0, "Pos_0:Pos_4_TG": 0.0, "Pos_0:Pos_4_TA": 0.0, "CtoT": -0.39264321870015706, "Pos_3:Pos_4_TG": 0.0, "Pos_0:Pos_4_TC": -0.011671264674058626, "Pos_3:Pos_5_GG": -0.15456977247710307, "Pos_1:Pos_4_GT": -0.1504125301806535, "Pos_4:Pos_5_GA": 0.05624288749594267, "Pos_4:Pos_5_AA": 0.0, "Pos_1:Pos_4_TC": 0.07249760890826241, "Pos_3:Pos_4_CC": 0.0, "Pos_0:Pos_1_CG": 0.06363743789789592, "Pos_1:Pos_3_AG": -0.07425964482765375, "Pos_2:Pos_5_TA": 0.0, "Pos_3:Pos_5_AT": 0.0, "Pos_1:Pos_4_CT": 0.0010976511121811735, "Pos_2:Pos_3_GA": 0.0, "AtoG": 0.20959580168336317, "Pos_1:Pos_3_GT": 0.0, "Pos_1:Pos_3_TG": 0.0, "Pos_1:Pos_5_CT": 0.008169232395322173, "TtoG": 0.1566862904332004, "GtoA": -0.40533552061031813, "Pos_2:Pos_3_CT": 0.0, "Pos_0:Pos_2_AA": -0.006745633319942261, "Pos_2:Pos_4_GA": 0.0, "Pos_1_T": 0.06325467501572428, "Pos_1:Pos_2_AG": 0.06042102430934388, "Pos_0:Pos_1_GC": -0.008001350886375293, "Pos_2:Pos_3_GG": -0.012921575363241618, "Pos_2:Pos_4_AG": 0.0, "Pos_2:Pos_5_AC": 0.0, "AtoC": -0.10048751454944166, "Pos_2:Pos_4_CT": -0.19138343304747737, "Pos_0:Pos_3_AC": 0.0, "GtoC": -1.542745156688616, "Pos_2:Pos_5_AT": 0.0, "Pos_1:Pos_5_GT": 0.0, "Pos_0:Pos_1_AA": 0.0, "Pos_1:Pos_3_GG": 0.0, "Pos_1:Pos_2_GA": 0.0, "Pos_3:Pos_4_AG": 0.26675625422970295, "Pos_3:Pos_5_CT": 0.09598094663853828, "Pos_3:Pos_4_CA": 0.20939368361132432, "Pos_1:Pos_5_AG": 0.03777061702194886, "Pos_0:Pos_2_AC": 0.0, "Pos_3:Pos_5_AG": 0.0, "Pos_2:Pos_4_GT": 0.0, "Pos_0:Pos_4_AC": 0.050322249309042395, "Pos_1:Pos_2_CG": -0.4890012251895177, "AtoT": 0.8921424526645247, "Pos_3_C": 0.0, "Pos_1:Pos_4_GG": 0.0, "Pos_4:Pos_5_AG": -0.03827609259743942, "Pos_3:Pos_5_CG": 0.0, "Pos_1:Pos_3_TA": 0.0, "Pos_2:Pos_5_CT": 0.0, "Pos_0:Pos_5_AA": -0.152095054220165, "Pos_3:Pos_4_AC": 0.0, "Pos_0:Pos_3_TT": 0.07309480533648426, "Pos_1:Pos_4_AC": 0.0, "Pos_0:Pos_1_AT": 0.0, "Pos_2:Pos_3_TG": 0.0, "Pos_0:Pos_3_TA": 0.0, "Pos_1:Pos_3_GC": 0.0, "Pos_1:Pos_5_AT": 0.0, "Pos_2:Pos_3_AA": 0.04652253522257047, "Pos_0:Pos_5_TT": 0.0, "Pos_0:Pos_4_TT": 0.03925107678743407, "Pos_3_T": 0.0575814546817051, "Pos_0:Pos_3_GT": -0.017486495955988102, "Pos_4:Pos_5_AT": 0.02074869081718778, "Pos_2:Pos_4_TA": -0.0012733256288252513, "Pos_1_C": 0.0, "Pos_1:Pos_5_TG": 0.0, "Pos_1:Pos_5_TC": 0.006724799152373866, "Pos_0:Pos_5_AT": 0.04116633520385853, "Pos_1:Pos_4_CC": -0.0595782710852528, "Pos_1:Pos_3_CC": 0.003943365110716452, "Pos_1:Pos_2_GT": -0.028005213717171205, "Pos_5_C": 0.0, "Pos_4:Pos_5_TT": 0.168556604547597, "Pos_2:Pos_5_CG": 0.0, "Pos_2:Pos_3_CG": -0.08518421910324671, "Pos_1:Pos_2_TG": 0.02250880697982079, "Pos_0:Pos_2_TA": 0.07776915362862884, "Pos_2:Pos_4_AA": 0.0, "Pos_0:Pos_1_CA": 0.0, "Pos_2:Pos_5_GA": 0.016591708267127653, "Pos_2:Pos_4_CC": 0.0, "Pos_0:Pos_2_AT": 0.23465408152090728, "Pos_1:Pos_3_TT": 0.06520312723153632, "Pos_0:Pos_1_GG": -0.12154865267155157, "Pos_4:Pos_5_AC": 0.0, "Pos_0:Pos_3_AT": 0.09982501674380902, "Pos_3:Pos_4_CG": -0.11580447049876498, "Pos_0:Pos_2_GC": 0.0, "Pos_1:Pos_4_GA": 0.0, "Pos_0:Pos_4_GA": -0.002318719460537308, "Pos_0:Pos_3_GC": 0.0, "Pos_0:Pos_3_GG": 0.0, "Pos_3:Pos_5_TG": 0.13312959284649886, "Pos_0:Pos_5_TA": 0.0, "Pos_4_A": -0.018350967855552812, "Pos_0:Pos_5_CC": -0.01774075415905486, "Pos_3:Pos_5_GA": 0.0, "Pos_3:Pos_5_TC": 0.0, "Pos_0:Pos_1_TC": 0.15612926061438856, "Pos_2:Pos_5_CC": -0.05562172059937704, "Pos_1:Pos_4_TG": 0.0, "Pos_0:Pos_3_CC": 0.0, "Pos_2:Pos_5_TG": 0.0, "Pos_0:Pos_3_CG": -0.16414935559620375, "Pos_2:Pos_3_TC": 0.0, "Pos_0:Pos_5_TG": 0.07666514836823358, "Pos_0:Pos_5_AC": 0.008999120123000852, "Pos_1:Pos_4_CA": 0.06343786298947972, "Pos_0:Pos_1_AG": 0.0, "Pos_3:Pos_4_CT": 0.094213372106715, "Pos_0:Pos_4_CG": 0.013383309459773776, "Pos_2:Pos_4_CG": 0.0, "Pos_0:Pos_1_AC": 0.11515132119456548, "Pos_1:Pos_4_CG": 0.0, "Pos_4_G": 0.0, "Pos_0:Pos_1_CT": 0.0, "Pos_2:Pos_5_TC": 0.0, "Pos_2:Pos_4_GG": 0.0, "Pos_2:Pos_5_GG": 0.0, "Pos_0:Pos_3_AG": 0.07717270047264674, "Pos_3:Pos_5_TT": -0.009674344682245217, "Pos_0:Pos_2_CG": 0.0, "Pos_2_T": 0.0, "Pos_0:Pos_1_GA": 0.0, "Pos_1:Pos_2_CA": 0.0204543227572569, "Pos_1:Pos_5_TT": 0.0, "Pos_0:Pos_1_TA": 0.0, "Pos_4:Pos_5_TC": 0.09596829722160233, "Pos_1:Pos_4_TA": 0.0, "CtoA": 0.0, "Pos_0:Pos_2_GA": 0.0, "Pos_1:Pos_2_GG": 0.0, "Pos_1:Pos_5_AC": -0.053866197092621595, "Pos_0:Pos_5_CA": 0.0, "Pos_2:Pos_4_GC": 0.011851672564781493, "Pos_1:Pos_2_CT": 0.0, "Pos_2:Pos_3_AG": 0.08413402299076311, "Pos_2:Pos_4_TG": 0.0, "Pos_0_C": 0.0, "Pos_1:Pos_5_AA": 0.0, "Pos_2:Pos_5_GT": 0.0, "Pos_0:Pos_1_CC": 0.0, "Pos_3:Pos_5_GC": -0.01501225998045109, "Pos_2:Pos_3_GC": 0.12253640180270424,