{"best_c_choice": 0.1, "rank_test_score": {"2": 3, "0": 1, "3": 4, "1": 2}, "split0_test_score": {"2": 0.7771659327, "0": 0.7822728091, "3": 0.7770641557, "1": 0.7781121999}, "param_penalty": {"2": "l1", "0": "l1", "3": "l1", "1": "l1"}, "params": {"2": {"C": 10.0, "penalty": "l1"}, "0": {"C": 0.1, "penalty": "l1"}, "3": {"C": 100.0, "penalty": "l1"}, "1": {"C": 1.0, "penalty": "l1"}}, "param_C": {"2": 10.0, "0": 0.1, "3": 100.0, "1": 1.0}}