{"param_alpha": {"3": 2.0, "1": 0.1, "4": 3.0, "2": 1.0, "0": 0.01}, "best_a_choice": 3.0, "params": {"3": {"alpha": 2.0}, "1": {"alpha": 0.1}, "4": {"alpha": 3.0}, "2": {"alpha": 1.0}, "0": {"alpha": 0.01}}, "rank_test_score": {"3": 2, "1": 5, "4": 1, "2": 4, "0": 3}, "split0_test_score": {"3": 0.6674430642, "1": 0.6659686931, "4": 0.6689174352, "2": 0.6663137587, "0": 0.6673646402}}