{"AtoT": 1.0170304119259856, "AtoC": 0.0, "TtoA": 1.1173333954784976, "GtoC": -1.2855603388961152, "CtoG": -1.3410612629843734, "TtoC": 0.32036315915214036, "CtoT": -0.2781635102906003, "GtoT": 0.31455070560365483, "TtoG": 0.2769452767252918, "GtoA": -0.28818250264704287, "AtoG": 0.39700897971881116, "CtoA": 0.11046543178621294}