{"rank_test_score": {"0": 1, "2": 2, "1": 2, "3": 2}, "param_penalty": {"0": "l1", "2": "l1", "1": "l1", "3": "l1"}, "split0_test_score": {"0": 0.7361450199, "2": 0.7343922956, "1": 0.7343922956, "3": 0.7343922956}, "best_c_choice": 0.1, "param_C": {"0": 0.1, "2": 10.0, "1": 1.0, "3": 100.0}, "params": {"0": {"C": 0.1, "penalty": "l1"}, "2": {"C": 10.0, "penalty": "l1"}, "1": {"C": 1.0, "penalty": "l1"}, "3": {"C": 100.0, "penalty": "l1"}}}