{"Pos_1_T": 0.0, "GC_feature": -0.13031269830047937, "GtoT": 0.014039304809551036, "CtoG": -0.6627837442311141, "TtoG": 0.0032760785017417462, "Pos_1_C": 0.02354360583976904, "CtoA": -0.03361680607206094, "CtoT": -0.4458219924136368, "AtoC": -0.09136170989834089, "Pos_0_G": 0.24230823157339418, "Pos_1_G": -0.28021759457326806, "TtoC": 0.0018906772563444404, "Pos_0_C": -0.12722202246739406, "GtoC": -0.6338962684959704, "AtoT": 0.383337858818719, "Pos_1_A": -0.10723325110522892, "GtoA": -0.44008916360097455, "TtoA": 0.4539582818192768, "Pos_0_T": -0.023231995086253864, "AtoG": 0.0, "Pos_0_A": 0.0}