{"split0_test_score": {"0": 0.7728146479, "3": 0.7726037204, "2": 0.7726020553, "1": 0.7726316696}, "rank_test_score": {"0": 1, "3": 3, "2": 4, "1": 2}, "param_penalty": {"0": "l1", "3": "l1", "2": "l1", "1": "l1"}, "param_C": {"0": 0.1, "3": 100.0, "2": 10.0, "1": 1.0}, "params": {"0": {"C": 0.1, "penalty": "l1"}, "3": {"C": 100.0, "penalty": "l1"}, "2": {"C": 10.0, "penalty": "l1"}, "1": {"C": 1.0, "penalty": "l1"}}, "best_c_choice": 0.1}