{"param_alpha": {"4": 3.0, "2": 1.0, "1": 0.1, "0": 0.01, "3": 2.0}, "split0_test_score": {"4": 0.7370063563, "2": 0.7370063563, "1": 0.7370063563, "0": 0.7370063563, "3": 0.7370063563}, "best_a_choice": 0.01, "params": {"4": {"alpha": 3.0}, "2": {"alpha": 1.0}, "1": {"alpha": 0.1}, "0": {"alpha": 0.01}, "3": {"alpha": 2.0}}, "rank_test_score": {"4": 1, "2": 1, "1": 1, "0": 1, "3": 1}}