{"split0_test_score": {"3": 0.7710960537, "4": 0.76827279, "0": 0.7779816802, "1": 0.777762093, "2": 0.7754407428}, "param_alpha": {"3": 2.0, "4": 3.0, "0": 0.01, "1": 0.1, "2": 1.0}, "rank_test_score": {"3": 4, "4": 5, "0": 1, "1": 2, "2": 3}, "params": {"3": {"alpha": 2.0}, "4": {"alpha": 3.0}, "0": {"alpha": 0.01}, "1": {"alpha": 0.1}, "2": {"alpha": 1.0}}, "best_a_choice": 0.01}