{"pos1": {"deviance": 3.5474309710572505, "rel_entropy": 0.0037107018525703458, "prob": 0.31466238556319376, "df": 3, "formula": "count ~ group * mut * base - group : mut : base", "stats": "{\"group\":{\"8\":\"1\",\"9\":\"1\",\"10\":\"1\",\"11\":\"1\",\"12\":\"1\",\"13\":\"1\",\"14\":\"1\",\"15\":\"1\",\"0\":\"2\",\"1\":\"2\",\"2\":\"2\",\"3\":\"2\",\"4\":\"2\",\"5\":\"2\",\"6\":\"2\",\"7\":\"2\"},\"mut\":{\"8\":\"M\",\"9\":\"M\",\"10\":\"M\",\"11\":\"M\",\"12\":\"R\",\"13\":\"R\",\"14\":\"R\",\"15\":\"R\",\"0\":\"M\",\"1\":\"M\",\"2\":\"M\",\"3\":\"M\",\"4\":\"R\",\"5\":\"R\",\"6\":\"R\",\"7\":\"R\"},\"base\":{\"8\":\"A\",\"9\":\"C\",\"10\":\"G\",\"11\":\"T\",\"12\":\"A\",\"13\":\"C\",\"14\":\"G\",\"15\":\"T\",\"0\":\"A\",\"1\":\"C\",\"2\":\"G\",\"3\":\"T\",\"4\":\"A\",\"5\":\"C\",\"6\":\"G\",\"7\":\"T\"},\"count\":{\"8\":4,\"9\":9,\"10\":6,\"11\":3,\"12\":4,\"13\":5,\"14\":7,\"15\":6,\"0\":30,\"1\":91,\"2\":46,\"3\":50,\"4\":58,\"5\":72,\"6\":54,\"7\":33},\"fitted\":{\"8\":2.8489316461,\"9\":7.9390232234,\"10\":6.0088544432,\"11\":5.2031906893,\"12\":5.1510683539,\"13\":6.0609767766,\"14\":6.9911455568,\"15\":3.7968093139,\"0\":31.1510683539,\"1\":92.0609767766,\"2\":45.9911455568,\"3\":47.7968093127,\"4\":56.8489316461,\"5\":70.9390232234,\"6\":54.0088544432,\"7\":35.2031906873},\"ret\":{\"8\":0.0028397514,\"9\":0.0023617342,\"10\":-0.0000185103,\"11\":-0.0034560235,\"12\":-0.0021163998,\"13\":-0.0020128981,\"14\":0.0000185357,\"15\":0.0057439131,\"0\":-0.0023630435,\"1\":-0.002206777,\"2\":0.0000185257,\"3\":0.00471382,\"4\":0.0024323092,\"5\":0.002236133,\"6\":-0.0000185224,\"7\":-0.0044618459}}"}, "pos0": {"deviance": 0.5155629557624435, "rel_entropy": 0.0005392917947305894, "prob": 0.9154592339990576, "df": 3, "formula": "count ~ group * mut * base - group : mut : base", "stats": "{\"group\":{\"8\":\"1\",\"9\":\"1\",\"10\":\"1\",\"11\":\"1\",\"12\":\"1\",\"13\":\"1\",\"14\":\"1\",\"15\":\"1\",\"0\":\"2\",\"1\":\"2\",\"2\":\"2\",\"3\":\"2\",\"4\":\"2\",\"5\":\"2\",\"6\":\"2\",\"7\":\"2\"},\"mut\":{\"8\":\"M\",\"9\":\"M\",\"10\":\"M\",\"11\":\"M\",\"12\":\"R\",\"13\":\"R\",\"14\":\"R\",\"15\":\"R\",\"0\":\"M\",\"1\":\"M\",\"2\":\"M\",\"3\":\"M\",\"4\":\"R\",\"5\":\"R\",\"6\":\"R\",\"7\":\"R\"},\"base\":{\"8\":\"A\",\"9\":\"C\",\"10\":\"G\",\"11\":\"T\",\"12\":\"A\",\"13\":\"C\",\"14\":\"G\",\"15\":\"T\",\"0\":\"A\",\"1\":\"C\",\"2\":\"G\",\"3\":\"T\",\"4\":\"A\",\"5\":\"C\",\"6\":\"G\",\"7\":\"T\"},\"count\":{\"8\":5,\"9\":8,\"10\":4,\"11\":5,\"12\":7,\"13\":8,\"14\":3,\"15\":4,\"0\":53,\"1\":59,\"2\":64,\"3\":41,\"4\":70,\"5\":44,\"6\":61,\"7\":42},\"fitted\":{\"8\":5.0816472234,\"9\":8.9141419263,\"10\":3.5602971651,\"11\":4.4439136852,\"12\":6.9183527766,\"13\":7.0858580737,\"14\":3.4397028349,\"15\":4.5560863148,\"0\":52.9183527766,\"1\":58.0858580737,\"2\":64.4397028349,\"3\":41.5560863148,\"4\":70.0816472234,\"5\":44.9141419263,\"6\":60.5602971651,\"7\":41.4439136852},\"ret\":{\"8\":-0.0001694305,\"9\":-0.0018108361,\"10\":0.0009744799,\"11\":0.0012332894,\"12\":0.0001718141,\"13\":0.0020308044,\"14\":-0.0008584067,\"15\":-0.0010892856,\"0\":0.0001709418,\"1\":0.0019274012,\"2\":-0.0009167349,\"3\":-0.0011555417,\"4\":-0.0001707106,\"5\":-0.0018928355,\"6\":0.0009232118,\"7\":0.0011711307}}"}, "pos3": {"deviance": 7.389978237930583, "rel_entropy": 0.007730102759341614, "prob": 0.060453800908045724, "df": 3, "formula": "count ~ group * mut * base - group : mut : base", "stats": "{\"group\":{\"8\":\"1\",\"9\":\"1\",\"10\":\"1\",\"11\":\"1\",\"12\":\"1\",\"13\":\"1\",\"14\":\"1\",\"15\":\"1\",\"0\":\"2\",\"1\":\"2\",\"2\":\"2\",\"3\":\"2\",\"4\":\"2\",\"5\":\"2\",\"6\":\"2\",\"7\":\"2\"},\"mut\":{\"8\":\"M\",\"9\":\"M\",\"10\":\"M\",\"11\":\"M\",\"12\":\"R\",\"13\":\"R\",\"14\":\"R\",\"15\":\"R\",\"0\":\"M\",\"1\":\"M\",\"2\":\"M\",\"3\":\"M\",\"4\":\"R\",\"5\":\"R\",\"6\":\"R\",\"7\":\"R\"},\"base\":{\"8\":\"A\",\"9\":\"C\",\"10\":\"G\",\"11\":\"T\",\"12\":\"A\",\"13\":\"C\",\"14\":\"G\",\"15\":\"T\",\"0\":\"A\",\"1\":\"C\",\"2\":\"G\",\"3\":\"T\",\"4\":\"A\",\"5\":\"C\",\"6\":\"G\",\"7\":\"T\"},\"count\":{\"8\":4,\"9\":10,\"10\":4,\"11\":4,\"12\":9,\"13\":5,\"14\":1,\"15\":7,\"0\":78,\"1\":43,\"2\":43,\"3\":53,\"4\":64,\"5\":47,\"6\":48,\"7\":58},\"fitted\":{\"8\":6.8665481453,\"9\":7.5596547709,\"10\":2.4435781341,\"11\":5.1302189497,\"12\":6.1334518547,\"13\":7.4403452291,\"14\":2.5564218659,\"15\":5.8697810503,\"0\":75.1334518547,\"1\":45.4403452291,\"2\":44.5564218659,\"3\":51.8697810503,\"4\":66.8665481453,\"5\":44.5596547709,\"6\":46.4435781341,\"7\":59.1302189497},\"ret\":{\"8\":-0.004521901,\"9\":0.0058527107,\"10\":0.0041241083,\"11\":-0.0020824601,\"12\":0.0072200877,\"13\":-0.0041577337,\"14\":-0.0019636163,\"15\":0.0025787651,\"0\":0.0061099352,\"1\":-0.0049657134,\"2\":-0.0031985683,\"3\":0.0023900501,\"4\":-0.0058665414,\"5\":0.005242639,\"6\":0.0033100728,\"7\":-0.0023417321}}"}, "pos2": {"deviance": 1.6406793263879396, "rel_entropy": 0.001716191764004121, "prob": 0.6502016299285522, "df": 3, "formula": "count ~ group * mut * base - group : mut : base", "stats": "{\"group\":{\"8\":\"1\",\"9\":\"1\",\"10\":\"1\",\"11\":\"1\",\"12\":\"1\",\"13\":\"1\",\"14\":\"1\",\"15\":\"1\",\"0\":\"2\",\"1\":\"2\",\"2\":\"2\",\"3\":\"2\",\"4\":\"2\",\"5\":\"2\",\"6\":\"2\",\"7\":\"2\"},\"mut\":{\"8\":\"M\",\"9\":\"M\",\"10\":\"M\",\"11\":\"M\",\"12\":\"R\",\"13\":\"R\",\"14\":\"R\",\"15\":\"R\",\"0\":\"M\",\"1\":\"M\",\"2\":\"M\",\"3\":\"M\",\"4\":\"R\",\"5\":\"R\",\"6\":\"R\",\"7\":\"R\"},\"base\":{\"8\":\"A\",\"9\":\"C\",\"10\":\"G\",\"11\":\"T\",\"12\":\"A\",\"13\":\"C\",\"14\":\"G\",\"15\":\"T\",\"0\":\"A\",\"1\":\"C\",\"2\":\"G\",\"3\":\"T\",\"4\":\"A\",\"5\":\"C\",\"6\":\"G\",\"7\":\"T\"},\"count\":{\"8\":3,\"9\":8,\"10\":3,\"11\":8,\"12\":8,\"13\":6,\"14\":4,\"15\":4,\"0\":45,\"1\":50,\"2\":78,\"3\":44,\"4\":68,\"5\":39,\"6\":72,\"7\":38},\"fitted\":{\"8\":4.1616243901,\"9\":7.7621276055,\"10\":3.5434389837,\"11\":6.5328090207,\"12\":6.8383756099,\"13\":6.2378723945,\"14\":3.4565610163,\"15\":5.4671909793,\"0\":43.8383756099,\"1\":50.2378723945,\"2\":77.4565610163,\"3\":45.4671909793,\"4\":69.1616243901,\"5\":38.7621276055,\"6\":72.5434389837,\"7\":36.5328090207},\"ret\":{\"8\":-0.0020541413,\"9\":0.0005051894,\"10\":-0.0010448876,\"11\":0.0033908706,\"12\":0.0026257962,\"13\":-0.0004880296,\"14\":0.0012219263,\"15\":-0.0026148167,\"0\":0.0024620931,\"1\":-0.000496461,\"2\":0.0011408806,\"3\":-0.0030193715,\"4\":-0.0024096529,\"5\":0.0004991648,\"6\":-0.0011326326,\"7\":0.003130264}}"}}