{"best_a_choice": 0.01, "param_alpha": {"3": 2.0, "2": 1.0, "4": 3.0, "0": 0.01, "1": 0.1}, "split0_test_score": {"3": 0.7737511808, "2": 0.774381912, "4": 0.7729801811, "0": 0.7747015716, "1": 0.7746729454}, "rank_test_score": {"3": 4, "2": 3, "4": 5, "0": 1, "1": 2}, "params": {"3": {"alpha": 2.0}, "2": {"alpha": 1.0}, "4": {"alpha": 3.0}, "0": {"alpha": 0.01}, "1": {"alpha": 0.1}}}