{"AtoT": 0.3854125954744568, "Pos_0:Pos_1:Pos_3_CTG": 0.0, "Pos_0:Pos_2:Pos_3_ACT": 0.061300728480046834, "Pos_0:Pos_1:Pos_2_TAC": 0.029539149805664692, "Pos_0:Pos_2:Pos_3_TCA": 0.032989498809173595, "Pos_0:Pos_3_TC": 0.0, "Pos_0:Pos_1_CA": 0.0, "Pos_0:Pos_1:Pos_2_GTG": -0.0536360092827613, "Pos_0:Pos_1:Pos_2_ACG": 0.0, "Pos_1:Pos_2_AG": 0.0, "Pos_0:Pos_2:Pos_3_CTA": 0.0, "Pos_0:Pos_2:Pos_3_TAT": 0.0, "Pos_0:Pos_1:Pos_2_CCG": 0.0, "Pos_1:Pos_2_CT": 0.0, "Pos_0:Pos_1:Pos_2_GCG": -0.03653718076567758, "Pos_0:Pos_2_TT": 0.0, "Pos_0:Pos_2:Pos_3_CTT": 0.003932303284382709, "Pos_0:Pos_1:Pos_3_TAG": -0.014047059736168446, "Pos_2:Pos_3_GA": -0.062228854084243376, "Pos_0:Pos_2:Pos_3_TAA": 0.0, "Pos_0:Pos_1:Pos_3_TTG": 0.004202579926271678, "Pos_0:Pos_2_TA": 0.0, "Pos_0:Pos_1:Pos_2_ATA": 0.0, "Pos_0:Pos_1:Pos_3_CTC": 0.0, "Pos_1:Pos_3_GG": 0.0, "Pos_0:Pos_2:Pos_3_CCT": 0.0, "Pos_1_C": 0.0, "Pos_0:Pos_2:Pos_3_GAA": 0.0, "Pos_0:Pos_1:Pos_3_TAT": 0.0, "Pos_1_T": 0.0, "Pos_1:Pos_2:Pos_3_CCT": -0.033340962289189056, "Pos_0:Pos_1:Pos_2_TAA": 0.01021886277159161, "Pos_0:Pos_2:Pos_3_GAG": 0.0265625221912338, "Pos_0:Pos_1:Pos_3_GGT": 0.03365357699829461, "Pos_0:Pos_1_AC": -0.05154879270332881, "Pos_1:Pos_2:Pos_3_GGC": 0.0, "Pos_0:Pos_2:Pos_3_ATG": 0.0, "Pos_0:Pos_1:Pos_2_ATT": -0.0037003150680730798, "Pos_1:Pos_3_CA": 0.0, "Pos_0_A": 0.0, "Pos_0:Pos_2_CG": 0.0, "Pos_0:Pos_1:Pos_2_AGT": 0.059216604836061164, "Pos_1:Pos_2_TC": 0.0, "Pos_1:Pos_2:Pos_3_TCT": 0.015097201057367051, "Pos_0:Pos_1:Pos_2_GGG": 0.0, "Pos_0:Pos_2:Pos_3_GGT": 0.012582192846904382, "Pos_0:Pos_2:Pos_3_CGG": 0.003121927468457715, "TtoC": 0.0, "Pos_2:Pos_3_AA": 0.0, "Pos_0:Pos_3_AA": 0.0, "Pos_0:Pos_2:Pos_3_CTC": -0.02127423290507836, "Pos_0:Pos_1:Pos_3_GGG": 0.0, "Pos_0:Pos_1:Pos_3_CGC": 0.0, "Pos_0:Pos_1:Pos_2_CCA": 0.0, "Pos_0:Pos_1:Pos_3_CCA": 0.0, "Pos_0_C": 0.0, "Pos_0:Pos_1:Pos_3_CGT": 0.0, "Pos_2:Pos_3_GG": 0.0, "Pos_0:Pos_1:Pos_3_CAC": -0.01708592683695552, "Pos_1:Pos_2:Pos_3_AAA": 0.030019961219856225, "Pos_0:Pos_1:Pos_3_CCC": 0.0, "Pos_0:Pos_1_GA": -0.023999978923969004, "Pos_0:Pos_1_TA": 0.0, "Pos_1:Pos_2_GG": 0.0, "Pos_0_T": 0.0, "Pos_0:Pos_1:Pos_2_CAG": 0.0, "Pos_0:Pos_2:Pos_3_TTC": 0.051883233625323, "CtoA": 0.04729348839530735, "Pos_0:Pos_3_GT": 0.0, "Pos_0:Pos_1:Pos_2_GAG": 0.0, "Pos_0:Pos_1:Pos_2_TGC": 0.007423679403037863, "Pos_0:Pos_1:Pos_2_TCC": 0.0, "Pos_1:Pos_2:Pos_3_CTT": 0.0, "Pos_0:Pos_1:Pos_3_ACA": -0.02703885586218156, "GC_feature": -0.048264735688540304, "Pos_1:Pos_2:Pos_3_ATG": 0.05874033723401356, "Pos_0:Pos_1_AG": 0.0, "Pos_0:Pos_2_AA": 0.0, "Pos_0:Pos_1:Pos_3_TTA": 0.02594001609654427, "Pos_0:Pos_1:Pos_2_TTT": 0.07830573268037348, "Pos_0:Pos_3_TG": 0.0, "Pos_0:Pos_3_CG": 0.0, "Pos_2_C": 0.024378284208654524, "Pos_0:Pos_1_AT": 0.0, "Pos_0:Pos_1:Pos_2_AAG": 0.0, "Pos_0:Pos_2:Pos_3_TTT": 0.0, "Pos_1:Pos_2_TA": 0.0, "Pos_1:Pos_2:Pos_3_AAC": 0.0, "Pos_0:Pos_1_CG": 0.0, "Pos_1:Pos_2_AT": 0.0, "Pos_1:Pos_2:Pos_3_GCC": 0.0, "Pos_0:Pos_1_CC": 0.0, "Pos_0:Pos_1:Pos_2_CTT": -0.032793746461802345, "Pos_0:Pos_1:Pos_2_AAT": 0.0, "Pos_0:Pos_1:Pos_3_AGA": 0.0, "Pos_0:Pos_2:Pos_3_ACA": 0.0, "Pos_2:Pos_3_AT": 0.0, "Pos_1:Pos_2:Pos_3_TGC": 0.011806740061886473, "GtoA": -0.39906329076203134, "Pos_0:Pos_2:Pos_3_TGG": 0.06722369119101512, "Pos_0:Pos_3_CA": 0.0, "Pos_0:Pos_2_CT": 0.0, "Pos_0:Pos_1:Pos_2_ATG": 0.0, "Pos_2:Pos_3_CC": 0.0, "Pos_0:Pos_2_AC": 0.0, "Pos_0:Pos_1:Pos_3_AGT": 0.0, "Pos_1:Pos_2:Pos_3_CAT": -0.0211798608433945, "Pos_0:Pos_2:Pos_3_AAT": 0.0, "Pos_3_T": 0.0, "Pos_1:Pos_3_CG": 0.0, "Pos_0:Pos_1:Pos_3_GCT": -0.035128469013345605, "Pos_0:Pos_1:Pos_3_ATA": -0.0013959411601225193, "Pos_0:Pos_1:Pos_3_TCT": 0.0, "Pos_0:Pos_1:Pos_2_GAA": 0.006972028363175567, "Pos_1:Pos_2_CC": 0.0, "Pos_0:Pos_1:Pos_2_GTA": 0.0, "Pos_0:Pos_2:Pos_3_TTA": 0.0, "Pos_0:Pos_2:Pos_3_CCC": 0.0, "Pos_0:Pos_1:Pos_3_GTT": 0.0, "Pos_0:Pos_1:Pos_2_ATC": 0.033698924222469, "Pos_0:Pos_1:Pos_2_CGA": -0.021178092381487604, "Pos_1:Pos_2:Pos_3_TTC": -0.009444519096603496, "Pos_0:Pos_1:Pos_3_GCC": 0.0, "Pos_0:Pos_2:Pos_3_TTG": 0.0, "Pos_0:Pos_1:Pos_3_TTT": 0.0, "Pos_2_A": 0.0, "Pos_0:Pos_1:Pos_2_CTA": 0.018078612969464006, "Pos_0:Pos_1:Pos_3_CGG": -0.07579161494487137, "Pos_0:Pos_1:Pos_3_AGC": 0.06415009405506195, "Pos_0:Pos_1:Pos_3_TGA": 0.0, "Pos_1_A": 0.0, "Pos_1:Pos_2_GA": 0.0, "Pos_0:Pos_1:Pos_2_TGG": 0.0, "Pos_2:Pos_3_TC": 0.0, "Pos_0:Pos_2:Pos_3_TCC": 0.0, "Pos_2:Pos_3_CG": 0.0, "Pos_1:Pos_2:Pos_3_TTT": 0.0, "Pos_1:Pos_2:Pos_3_GAA": 0.0, "Pos_0:Pos_1:Pos_2_GTC": 0.01866580954113943, "Pos_0:Pos_2:Pos_3_TCG": 0.0, "Pos_1:Pos_2:Pos_3_ACT": 0.0, "Pos_0:Pos_2:Pos_3_ATA": 0.0, "Pos_0_G": 0.0, "Pos_1:Pos_2:Pos_3_AAT": -0.0638697542515644, "CtoG": -0.45699549806667683, "AtoC": -0.14271328723182772, "Pos_0:Pos_2_AG": 0.0, "Pos_0:Pos_1:Pos_2_TCA": 0.0, "Pos_1:Pos_2_TG": 0.0, "Pos_0:Pos_1:Pos_3_GTC": 0.00598507900842725, "Pos_0:Pos_1_TT": 0.0, "Pos_0:Pos_1:Pos_2_CAC": 0.0568616859611686, "Pos_0:Pos_2:Pos_3_CGA": 0.0, "Pos_0:Pos_1:Pos_2_GGA": 0.0, "Pos_0:Pos_1:Pos_2_ACT": -0.04411703638751055, "Pos_1:Pos_2:Pos_3_AGC": -0.016407142239043104, "Pos_0:Pos_1:Pos_2_GCT": 0.018996882306692477, "Pos_0:Pos_1:Pos_3_CAG": 0.010496318206417528, "Pos_1:Pos_2:Pos_3_ATC": -0.04743021180300798, "Pos_1:Pos_2:Pos_3_AGA": 0.0, "Pos_0:Pos_1:Pos_3_GTA": 0.0, "Pos_0:Pos_1:Pos_3_TCA": 0.0, "Pos_0:Pos_1:Pos_3_ATC": -0.01290135473163792, "Pos_3_C": 0.0, "Pos_1:Pos_3_AA": 0.0, "Pos_0:Pos_1:Pos_2_TCT": 0.010716151659336927, "Pos_1:Pos_3_CT": -0.0394115637715078, "TtoG": 0.05687741326936102, "Pos_1:Pos_3_TT": 0.0, "Pos_0:Pos_1:Pos_3_TGT": 0.0, "Pos_1:Pos_2:Pos_3_GAC": 0.0, "Pos_0:Pos_2:Pos_3_CAA": -0.036848419133486326, "Pos_0:Pos_2_TC": 0.0471317468075736, "Pos_0:Pos_3_AC": 0.0, "Pos_0:Pos_3_GG": 0.0, "Pos_2_G": -0.06387428890919378, "Pos_0:Pos_3_CT": 0.0, "Pos_0:Pos_2:Pos_3_AAG": 0.0036697445287858406, "Pos_0:Pos_1:Pos_2_TAG": -0.029254680322485755, "Pos_1:Pos_3_TG": 0.0, "Pos_0:Pos_3_TT": 0.0, "Pos_0:Pos_2:Pos_3_CTG": -0.017500278687199174, "Pos_1:Pos_2:Pos_3_TAC": -0.02596284121295783, "Pos_0:Pos_2:Pos_3_GGA": -0.03196745760589427, "Pos_0:Pos_2:Pos_3_AGT": -0.04481378634944013, "Pos_0:Pos_1:Pos_2_TGT": 0.0, "Pos_1:Pos_2:Pos_3_CTA": 0.021115166297594683, "Pos_0:Pos_1:Pos_3_AGG": -0.013455103725981127, "Pos_1:Pos_2:Pos_3_TCG": -0.06734294773363803, "Pos_0:Pos_2:Pos_3_GTT": -0.019613203991015293, "Pos_1:Pos_3_TA": 0.0, "Pos_0:Pos_3_GC": -0.017771989563105318, "Pos_0:Pos_1:Pos_3_CAA": 0.0, "Pos_0:Pos_2:Pos_3_GAT": -0.09609293862788232, "Pos_1:Pos_2:Pos_3_AGG": -0.04949190206294937, "Pos_0:Pos_2_GG": 0.0, "Pos_0:Pos_2:Pos_3_GTG": 0.0, "Pos_0:Pos_1:Pos_3_TCG": -0.04607321082281035, "Pos_0:Pos_2:Pos_3_CAT": -0.029880190322268064, "Pos_0:Pos_1:Pos_2_CAT": 0.07687776610544092, "Pos_0:Pos_1:Pos_3_GAG": 0.0, "Pos_0:Pos_1:Pos_3_CAT": 0.0, "GtoC": -0.5157673510827362, "Pos_1:Pos_2:Pos_3_ACG": -0.01494552944636027, "Pos_0:Pos_2:Pos_3_AAA": -0.0231548412497316, "Pos_1:Pos_2:Pos_3_TTA": -0.01823564896878526, "Pos_0:Pos_2:Pos_3_GCA": 0.0, "Pos_0:Pos_2_CA": 0.0, "Pos_0:Pos_2:Pos_3_TAG": -0.010740811915306346, "Pos_0:Pos_2:Pos_3_AGA": 0.005257133420056849, "Pos_0:Pos_1:Pos_3_AAC": 0.0, "Pos_1:Pos_2:Pos_3_GAG": 0.0, "Pos_0:Pos_3_AG": 0.0, "Pos_1:Pos_2:Pos_3_GTA": 0.0, "Pos_0:Pos_2:Pos_3_CGT": 0.0, "Pos_1:Pos_2:Pos_3_CCA": 0.03308038179983179, "Pos_1:Pos_2:Pos_3_GCG": 0.0, "Pos_1:Pos_2:Pos_3_GTT": 0.0, "CtoT": -0.4675113626704423, "Pos_1:Pos_2:Pos_3_TAG": 0.0, "Pos_1:Pos_2:Pos_3_CAA": -0.008150046905566727, "Pos_0:Pos_2_GT": 0.0, "Pos_1:Pos_2:Pos_3_CAG": 0.0, "Pos_0:Pos_1:Pos_3_GTG": -0.013603714776099077, "Pos_0:Pos_1_TG": 0.0, "TtoA": 0.4014611779553194, "Pos_1:Pos_2:Pos_3_AAG": 0.060147793764085314, "Pos_0:Pos_1:Pos_2_CGG": -0.03946689173544826, "Pos_1:Pos_2_CA": -0.02324063426737747, "Pos_0:Pos_1:Pos_2_GGC": -0.004449770951385935, "Pos_0:Pos_1:Pos_3_TGG": 0.0, "Pos_0:Pos_2_GC": 0.0, "Pos_1:Pos_2:Pos_3_CGC": 0.0, "Pos_0:Pos_1:Pos_2_TAT": 0.0, "Pos_0:Pos_2_AT": 0.0, "Pos_1:Pos_2:Pos_3_GTG": 0.0, "Pos_0:Pos_1:Pos_3_ACT": 0.0, "Pos_1:Pos_3_AT": 0.0,