{"Pos_3_C": 0.0, "AtoC": 0.016729291880201363, "AtoG": 0.3640462152951836, "Pos_2_T": 0.12359402093634018, "Pos_3_T": 0.0008836723527281651, "CtoT": -0.2609517115822225, "TtoC": 0.3624468811180073, "Pos_1_C": -0.05893803983811696, "Pos_2_G": -0.2871960289683066, "GtoC": -1.7537818974110881, "Pos_2_C": 0.24422769010711615, "CtoA": 0.3291124900422676, "GtoA": -0.38345511810047667, "Pos_1_T": 0.0, "TtoG": 0.2290992460339001, "CtoG": -1.6455569387750044, "AtoT": 1.0261555190662288, "Pos_3_G": 0.0, "Pos_0_C": -0.11262051694954328, "Pos_0_T": 0.34234062110652796, "Pos_0_G": 0.0, "Pos_1_G": 0.3253494275276114, "Pos_2_A": 0.0, "Pos_3_A": -0.01845089868015264, "GtoT": 0.4323382806391807, "TtoA": 1.2787514875413464, "Pos_0_A": 0.16112502190008596, "Pos_1_A": 0.09727010898893723}