{"param_alpha": {"4": 3.0, "2": 1.0, "3": 2.0, "0": 0.01, "1": 0.1}, "split0_test_score": {"4": 0.7644139168, "2": 0.7642704553, "3": 0.7642284666, "0": 0.7643376981, "1": 0.7642969265}, "params": {"4": {"alpha": 3.0}, "2": {"alpha": 1.0}, "3": {"alpha": 2.0}, "0": {"alpha": 0.01}, "1": {"alpha": 0.1}}, "rank_test_score": {"4": 1, "2": 4, "3": 5, "0": 2, "1": 3}, "best_a_choice": 3.0}