{"split0_test_score": {"0": 0.6817123937, "2": 0.678731816, "3": 0.6785383419, "1": 0.6801218147, "4": 0.6785229103}, "best_a_choice": 0.01, "param_alpha": {"0": 0.01, "2": 1.0, "3": 2.0, "1": 0.1, "4": 3.0}, "rank_test_score": {"0": 1, "2": 3, "3": 4, "1": 2, "4": 5}, "params": {"0": {"alpha": 0.01}, "2": {"alpha": 1.0}, "3": {"alpha": 2.0}, "1": {"alpha": 0.1}, "4": {"alpha": 3.0}}}