{"best_a_choice": 3.0, "param_alpha": {"0": 0.01, "2": 1.0, "3": 2.0, "4": 3.0, "1": 0.1}, "rank_test_score": {"0": 5, "2": 3, "3": 2, "4": 1, "1": 4}, "params": {"0": {"alpha": 0.01}, "2": {"alpha": 1.0}, "3": {"alpha": 2.0}, "4": {"alpha": 3.0}, "1": {"alpha": 0.1}}, "split0_test_score": {"0": 0.6461383219, "2": 0.6537734139, "3": 0.6544184582, "4": 0.6545086308, "1": 0.6497223256}}