{"GtoA": -0.2867294366875643, "AtoG": 0.3989772430592367, "GtoT": 0.34521431360389804, "AtoT": 1.072337727222577, "AtoC": 0.05117391266775131, "CtoA": 0.2791163046870284, "TtoA": 1.166358135704522, "TtoC": 0.39621919327858107, "TtoG": 0.29912608309925465, "GtoC": -1.4715110589842393, "CtoG": -1.5473502523673157, "CtoT": -0.2697583068900593}