{"param_C": {"1": 1.0, "0": 0.1, "3": 100.0, "2": 10.0}, "rank_test_score": {"1": 2, "0": 1, "3": 4, "2": 3}, "params": {"1": {"penalty": "l1", "C": 1.0}, "0": {"penalty": "l1", "C": 0.1}, "3": {"penalty": "l1", "C": 100.0}, "2": {"penalty": "l1", "C": 10.0}}, "best_c_choice": 0.1, "split0_test_score": {"1": 0.652644457, "0": 0.6971814417, "3": 0.633901123, "2": 0.6431394692}, "param_penalty": {"1": "l1", "0": "l1", "3": "l1", "2": "l1"}}