{"best_a_choice": 0.1, "split0_test_score": {"2": 0.7331153146, "4": 0.729899931, "0": 0.7351543384, "3": 0.7311703996, "1": 0.7352013928}, "params": {"2": {"alpha": 1.0}, "4": {"alpha": 3.0}, "0": {"alpha": 0.01}, "3": {"alpha": 2.0}, "1": {"alpha": 0.1}}, "param_alpha": {"2": 1.0, "4": 3.0, "0": 0.01, "3": 2.0, "1": 0.1}, "rank_test_score": {"2": 3, "4": 5, "0": 2, "3": 4, "1": 1}}