{"AtoT": 0.36943839064406453, "AtoG": 0.021684753538564056, "AtoC": -0.10418274555892154, "GtoC": -0.8777922032771037, "CtoT": -0.47689988874613654, "GC_feature": -0.12047925466533971, "GtoA": -0.47671826024102587, "GtoT": 0.0011728456097591822, "TtoG": -0.016862641813171025, "CtoG": -0.9504543699808193, "TtoA": 0.41874999087505077, "TtoC": 0.023658069981623082, "CtoA": -0.027902356876249233}