{"GtoA": -0.4284946485019204, "Pos_1_G": -0.22336563893481512, "Pos_0:Pos_1_AG": 0.0, "Pos_0_T": 0.0, "CtoG": -0.88260534998026, "Pos_0:Pos_1_TA": -0.10914426152466697, "Pos_1_C": 0.0, "AtoG": 0.0315615259999836, "Pos_1_T": 0.018081072152030333, "Pos_0:Pos_1_GG": -0.01609818380938515, "Pos_0_A": 0.0, "GtoT": 0.01563576881543227, "Pos_0_G": 0.17375076635996883, "Pos_0:Pos_1_AC": -0.017502675982687923, "AtoC": -0.11188989774066363, "Pos_0:Pos_1_CA": -0.03756226752037629, "Pos_0:Pos_1_GA": 0.0, "TtoG": 0.0003554379679269011, "Pos_1_A": 0.0, "CtoT": -0.4308953278662206, "Pos_0:Pos_1_GT": 0.04024005882841454, "CtoA": -0.07270787875369591, "Pos_0:Pos_1_CT": 0.0, "AtoT": 0.3779709787763854, "Pos_0:Pos_1_CG": -0.07900362804515182, "Pos_0:Pos_1_AA": 0.0, "TtoA": 0.468701077222896, "Pos_0_C": -0.07606791503718117, "GC_feature": -0.13133503081435796, "Pos_0:Pos_1_GC": 0.11355583058695576, "Pos_0:Pos_1_TC": 0.005266272588221158, "Pos_0:Pos_1_TT": 0.045510064810341776, "Pos_0:Pos_1_CC": 0.0, "Pos_0:Pos_1_AT": -0.02687627871387969, "GtoC": -0.8314894801266947, "Pos_0:Pos_1_TG": -0.01450247588369474, "TtoC": 0.0}