{"best_a_choice": 0.01, "params": {"1": {"alpha": 0.1}, "2": {"alpha": 1.0}, "3": {"alpha": 2.0}, "0": {"alpha": 0.01}, "4": {"alpha": 3.0}}, "split0_test_score": {"1": 0.6959145527, "2": 0.6915086782, "3": 0.6897386992, "0": 0.6988937631, "4": 0.6886324623}, "rank_test_score": {"1": 2, "2": 3, "3": 4, "0": 1, "4": 5}, "param_alpha": {"1": 0.1, "2": 1.0, "3": 2.0, "0": 0.01, "4": 3.0}}