{"params": {"3": {"alpha": 2.0}, "0": {"alpha": 0.01}, "2": {"alpha": 1.0}, "4": {"alpha": 3.0}, "1": {"alpha": 0.1}}, "param_alpha": {"3": 2.0, "0": 0.01, "2": 1.0, "4": 3.0, "1": 0.1}, "split0_test_score": {"3": 0.7392060039, "0": 0.7430237884, "2": 0.7409875094, "4": 0.7379960687, "1": 0.7429283676}, "best_a_choice": 0.01, "rank_test_score": {"3": 4, "0": 1, "2": 3, "4": 5, "1": 2}}