{"split0_test_score": {"2": 0.6824547015, "1": 0.6680679001, "4": 0.6877589167, "0": 0.6520293725, "3": 0.6858439825}, "best_a_choice": 3.0, "rank_test_score": {"2": 3, "1": 4, "4": 1, "0": 5, "3": 2}, "params": {"2": {"alpha": 1.0}, "1": {"alpha": 0.1}, "4": {"alpha": 3.0}, "0": {"alpha": 0.01}, "3": {"alpha": 2.0}}, "param_alpha": {"2": 1.0, "1": 0.1, "4": 3.0, "0": 0.01, "3": 2.0}}