{"rank_test_score": {"4": 4, "3": 4, "1": 2, "0": 3, "2": 1}, "param_alpha": {"4": 3.0, "3": 2.0, "1": 0.1, "0": 0.01, "2": 1.0}, "best_a_choice": 1.0, "params": {"4": {"alpha": 3.0}, "3": {"alpha": 2.0}, "1": {"alpha": 0.1}, "0": {"alpha": 0.01}, "2": {"alpha": 1.0}}, "split0_test_score": {"4": 0.7743045205, "3": 0.7743045205, "1": 0.7743255121, "0": 0.7743250364, "2": 0.7743585755}}