{"param_alpha": {"3": 2.0, "2": 1.0, "1": 0.1, "0": 0.01, "4": 3.0}, "split0_test_score": {"3": 0.7289318819, "2": 0.7299167654, "1": 0.7314325654, "0": 0.731764745, "4": 0.7282160247}, "rank_test_score": {"3": 4, "2": 3, "1": 2, "0": 1, "4": 5}, "params": {"3": {"alpha": 2.0}, "2": {"alpha": 1.0}, "1": {"alpha": 0.1}, "0": {"alpha": 0.01}, "4": {"alpha": 3.0}}, "best_a_choice": 0.01}