{"best_a_choice": 0.01, "params": {"1": {"alpha": 0.1}, "0": {"alpha": 0.01}, "4": {"alpha": 3.0}, "2": {"alpha": 1.0}, "3": {"alpha": 2.0}}, "split0_test_score": {"1": 0.7647644478, "0": 0.764821667, "4": 0.7591035667, "2": 0.7630440587, "3": 0.7608926187}, "param_alpha": {"1": 0.1, "0": 0.01, "4": 3.0, "2": 1.0, "3": 2.0}, "rank_test_score": {"1": 2, "0": 1, "4": 5, "2": 3, "3": 4}}