{"Pos_0:Pos_1_TT": 0.08867029397575017, "Pos_0:Pos_2_TA": 0.12547539298552868, "Pos_1:Pos_3_TC": 0.07616858638950592, "Pos_1:Pos_2_AG": 0.0, "Pos_1:Pos_3_CT": -0.03596169988184889, "Pos_2_C": 0.14812782354550239, "Pos_0_C": 0.0, "Pos_0:Pos_2_AC": 0.0, "Pos_0_G": 0.0, "Pos_0:Pos_1_GT": -0.015172371894921658, "Pos_1:Pos_2_CC": 0.026737708272148338, "Pos_0:Pos_3_GT": 0.0, "Pos_1:Pos_2_AC": 0.0, "Pos_0:Pos_3_TG": -0.03668988995501444, "Pos_0:Pos_1_AG": 0.022971396242546325, "CtoA": 0.004505561679904706, "Pos_1:Pos_3_GT": 0.0, "GtoT": 0.08106551115528579, "Pos_1:Pos_2_CT": 0.0, "CtoG": -0.6598542033108599, "Pos_0:Pos_2_GC": 0.0, "Pos_2:Pos_3_GC": 0.0010435020875147753, "Pos_0:Pos_3_AA": -0.03433727862315885, "Pos_0:Pos_3_CG": 0.02711089954239345, "TtoC": 0.009748437559397777, "Pos_1:Pos_2_GG": 0.0, "GC_feature": -0.0883369472569515, "Pos_1:Pos_2_GA": 0.0, "Pos_2:Pos_3_TG": 0.04854780923085866, "Pos_2_T": 0.0, "Pos_1:Pos_3_GA": 0.07990854583460107, "GtoC": -0.5968132260866007, "Pos_1:Pos_2_TA": -0.0657155417011852, "Pos_3_T": 0.0, "Pos_0:Pos_1_CC": 0.0, "Pos_0:Pos_1_GG": 0.0, "Pos_1:Pos_2_AT": -0.08841745204256767, "Pos_1:Pos_2_CG": -0.034106603146251684, "Pos_1_A": 0.0, "Pos_0:Pos_2_AG": -0.003398396814972172, "Pos_0:Pos_1_TG": 0.15064276375196944, "Pos_2:Pos_3_CC": 0.0, "Pos_0:Pos_1_AT": 0.04743659659515812, "Pos_1:Pos_2_CA": 0.0, "Pos_0_A": 0.0, "Pos_0:Pos_2_TC": 0.021081067519367114, "TtoG": 0.02021034210244552, "Pos_0:Pos_3_TT": 0.03793370369170247, "Pos_1_G": 0.013218941931218179, "Pos_1:Pos_3_AG": 0.10583377557095885, "Pos_0:Pos_1_CA": 0.030646712646692706, "Pos_2:Pos_3_CG": -0.10989508208198984, "Pos_2:Pos_3_AG": 0.15189029447507155, "Pos_2:Pos_3_AA": -0.006655443233336031, "Pos_1:Pos_3_CA": 0.0, "Pos_0_T": 0.0, "Pos_0:Pos_3_GC": 0.0, "Pos_2_G": -0.09947871251145561, "Pos_0:Pos_3_AT": -0.04989943922869617, "Pos_1:Pos_3_GC": 0.21721326892534862, "Pos_2:Pos_3_AT": 0.0, "Pos_2:Pos_3_GT": -0.03627965305891928, "Pos_1:Pos_3_TT": 0.0, "Pos_1:Pos_3_AC": -0.027612977712828154, "Pos_0:Pos_2_AT": 0.12360145117943622, "Pos_1:Pos_3_AA": -0.012802747223109905, "Pos_0:Pos_3_CA": -0.03602061650724609, "Pos_2:Pos_3_AC": 0.0, "Pos_0:Pos_3_AG": 0.005598554154961716, "Pos_1:Pos_3_GG": 0.0, "Pos_0:Pos_2_CG": 0.00038394735696409125, "Pos_2:Pos_3_CA": 0.0469665239615155, "Pos_0:Pos_2_AA": 0.0, "Pos_3_A": 0.0, "Pos_0:Pos_3_CC": 0.0, "Pos_0:Pos_3_GA": 0.0, "Pos_1:Pos_3_TG": -0.03479783103739228, "Pos_0:Pos_2_CC": 0.007059738367100063, "TtoA": 0.5238655984231997, "Pos_1:Pos_2_TC": -0.05077277348546945, "Pos_0:Pos_1_TA": -0.009653036163282601, "Pos_2:Pos_3_TT": 0.0415602487762086, "Pos_0:Pos_2_CT": -0.06271107217456409, "Pos_2:Pos_3_TA": -0.016672042439105108, "Pos_2:Pos_3_CT": 0.0049942269965717895, "AtoG": 0.0, "Pos_3_G": 0.0, "Pos_2:Pos_3_TC": 0.0, "Pos_2:Pos_3_GA": -0.06375878433533473, "Pos_1:Pos_2_GT": 0.0972880288785803, "Pos_1:Pos_2_TG": 0.0, "Pos_0:Pos_1_TC": -0.0875041212250051, "Pos_0:Pos_2_GG": 0.0, "Pos_1_C": 0.0, "AtoT": 0.44754560899594875, "AtoC": -0.21136459608192074, "GtoA": -0.40653390428452524, "Pos_0:Pos_1_AA": -0.04446784932080071, "Pos_2:Pos_3_GG": 0.0, "Pos_0:Pos_3_AC": 0.0, "Pos_1:Pos_2_AA": 0.05470854159794031, "Pos_0:Pos_1_AC": -0.08292089359884304, "Pos_1:Pos_3_CC": 0.0, "Pos_0:Pos_1_GC": 0.0, "Pos_0:Pos_2_TT": 0.0, "Pos_0:Pos_1_CT": 0.0, "Pos_2_A": 0.0, "Pos_1:Pos_2_TT": 0.1306132558466051, "Pos_1:Pos_3_AT": 0.06345431706513475, "Pos_0:Pos_1_CG": -0.19816863661231007, "Pos_0:Pos_3_TA": 0.004689345437510486, "CtoT": -0.4684500543365839, "Pos_1:Pos_3_CG": 0.021119077390136104, "Pos_0:Pos_3_CT": 0.08385480387859778, "Pos_1:Pos_2_GC": 0.17157365509296668, "Pos_0:Pos_2_GT": 0.029198836952204564, "Pos_0:Pos_2_TG": -0.0161921572350832, "Pos_1:Pos_3_TA": -0.017415185976076646, "Pos_0:Pos_1_GA": 0.0, "Pos_0:Pos_2_GA": -0.07722299772773292, "Pos_3_C": 0.0, "Pos_1_T": 0.0, "Pos_0:Pos_3_TC": -0.018507422448362443, "Pos_0:Pos_2_CA": -0.0681047524257827, "Pos_0:Pos_3_GG": 0.0}