{"Pos_0:Pos_3_AT": 0.016176940575876396, "Pos_0:Pos_2_AG": -0.0024106425295854724, "TtoG": 0.00565564494361729, "Pos_1:Pos_2_GT": 0.013985204252418802, "Pos_0:Pos_3_TA": 0.0, "CtoA": -0.03563738984669065, "Pos_0:Pos_3_AC": 0.0031576065722533544, "AtoT": 0.3878800500389364, "Pos_0:Pos_2_CG": 0.013509569440367917, "Pos_0:Pos_2_AC": 0.0, "Pos_0:Pos_3_GA": 0.0, "Pos_1:Pos_3_TC": 0.0, "Pos_2_C": 0.05128355326245125, "Pos_1:Pos_3_TG": -0.021147558847432052, "Pos_1:Pos_3_CC": -0.00461304162799171, "Pos_0:Pos_2_GT": 0.0, "Pos_0:Pos_2_TT": 0.043398678162653435, "Pos_0:Pos_2_AT": 0.08506020848947181, "Pos_0:Pos_3_CG": 0.02198908543746963, "Pos_0:Pos_3_GG": 0.026207663847514117, "Pos_1:Pos_3_AC": 0.0, "Pos_1:Pos_2_TT": 0.0, "Pos_3_C": 0.0, "Pos_1:Pos_3_AT": 0.040951802974825896, "Pos_0:Pos_1_CG": -0.11878608819666038, "Pos_2:Pos_3_GG": 0.0, "Pos_0:Pos_1_CA": 0.024043977942733562, "Pos_1:Pos_2_GG": 0.0, "Pos_0:Pos_3_CT": 0.0, "Pos_1:Pos_3_GG": 0.0, "Pos_0:Pos_1_TA": 0.017840747579950505, "Pos_0:Pos_2_GG": 0.0, "CtoT": -0.4578288947814545, "Pos_0:Pos_3_TG": 0.0, "Pos_0:Pos_1_AT": 0.0, "Pos_1:Pos_3_CT": -0.05979999429935002, "Pos_0:Pos_2_TA": 0.0026571929263514713, "Pos_0:Pos_2_AA": 0.0, "Pos_1_G": 0.20153111904644203, "GC_feature": -0.11684087630144235, "Pos_1:Pos_3_CG": 0.0, "Pos_2:Pos_3_TA": -0.007011540093948895, "Pos_1:Pos_3_TT": 0.0, "GtoT": 0.01795362473609666, "Pos_2:Pos_3_AG": 0.09935059723774137, "Pos_0_C": 0.0, "Pos_0_T": 0.041822708617791124, "Pos_3_A": 0.0, "Pos_1:Pos_2_AT": -0.04440049098547646, "Pos_1:Pos_2_AA": 0.03984202792938914, "Pos_0:Pos_3_GT": -0.012121238190724859, "Pos_1:Pos_3_GA": -0.002716055194585011, "Pos_2:Pos_3_AC": -0.015862102340343628, "Pos_0:Pos_2_GC": 0.0, "Pos_1:Pos_3_GT": 0.060548168362825304, "Pos_0:Pos_3_CC": -0.007994006497770462, "Pos_2:Pos_3_CT": 0.0393503940055112, "Pos_0:Pos_1_CT": 0.0, "Pos_0:Pos_3_AG": -0.0385287496829855, "TtoC": 0.0, "Pos_0:Pos_1_TT": 0.057131585631574944, "AtoC": -0.0932747946462825, "Pos_2:Pos_3_TT": 0.039566499705421455, "Pos_0:Pos_1_CC": 0.0, "Pos_0:Pos_1_TC": -0.000647716207721422, "Pos_2_A": 0.0, "Pos_0:Pos_2_TC": 0.0, "Pos_1:Pos_3_TA": 0.0, "Pos_2:Pos_3_GT": -0.05237722571451524, "Pos_2:Pos_3_CG": -0.053460098096782545, "Pos_1:Pos_3_AA": -0.019598898991114836, "Pos_0:Pos_1_AC": -0.046186287645606644, "Pos_1:Pos_2_TC": 0.0, "Pos_0:Pos_3_TT": 0.004726364295709723, "CtoG": -0.6684053932890726, "Pos_0:Pos_3_CA": 0.0, "Pos_2:Pos_3_TG": 0.0, "Pos_0:Pos_3_GC": -0.005028464173912918, "TtoA": 0.44725202716165813, "Pos_0:Pos_1_AG": 0.0, "Pos_2:Pos_3_AT": -0.05330490176703789, "Pos_3_T": 0.0, "Pos_2:Pos_3_GA": -0.0650193135695085, "Pos_1:Pos_2_AG": 0.0, "Pos_2:Pos_3_CC": 0.0, "Pos_2:Pos_3_CA": 0.048380338954355145, "Pos_2_T": 0.0, "Pos_1_A": 0.0, "Pos_0:Pos_2_CA": -0.03746005890138427, "Pos_2:Pos_3_AA": 0.0, "Pos_2_G": -0.09416927213679348, "Pos_0:Pos_2_TG": -0.03503323871000883, "Pos_0:Pos_1_GA": -0.008419756423917282, "Pos_1:Pos_3_CA": 0.0, "Pos_1_T": 0.0, "AtoG": 0.00827019976084703, "Pos_1:Pos_2_TG": 0.0, "Pos_0:Pos_2_CC": 0.0, "Pos_0:Pos_1_GG": 0.0, "Pos_0:Pos_1_AA": 0.0, "Pos_1:Pos_2_GC": 0.06697664016331337, "Pos_0_A": 0.0, "Pos_1:Pos_2_CA": -0.03177084824089205, "GtoA": -0.4360193059688117, "Pos_3_G": 0.0, "Pos_1:Pos_2_GA": 0.0, "Pos_0:Pos_1_TG": 0.03766366273145968, "Pos_1:Pos_3_AG": 0.0025134315276179107, "Pos_1:Pos_2_CC": 0.0, "Pos_0_G": -0.06066362273544003, "Pos_0:Pos_2_GA": -0.026784952201516575, "Pos_1_C": -0.03893504352936726, "Pos_2:Pos_3_TC": 0.030203687064494885, "Pos_0:Pos_1_GT": -0.001535359485412969, "Pos_1:Pos_2_TA": -0.05841947993017294, "Pos_0:Pos_2_CT": -0.004543329069725209, "Pos_0:Pos_1_GC": 0.0, "Pos_2:Pos_3_GC": 0.0, "Pos_1:Pos_2_CG": -0.05899049708605402, "Pos_1:Pos_3_GC": 0.04297590935689324, "Pos_1:Pos_2_AC": 0.014210804975261648, "GtoC": -0.6392804893399852, "Pos_0:Pos_3_TC": 0.010140851633800406, "Pos_0:Pos_3_AA": -0.03304713133898516, "Pos_1:Pos_2_CT": 0.02199294264189325}