{"TtoC": 0.4348511469361758, "AtoG": 0.4671378189126762, "GtoA": -0.10692175727086052, "CtoA": 0.34031087595462794, "TtoA": 1.1433912381600453, "GtoT": 0.485963730036627, "AtoT": 1.2649678752723152, "CtoT": -0.13931606619383174, "AtoC": 0.09905644771731224, "GtoC": -1.8742562165726349, "CtoG": -1.8090682771903799, "TtoG": 0.3203528323569529}