{"param_alpha": {"0": 0.01, "4": 3.0, "2": 1.0, "1": 0.1, "3": 2.0}, "split0_test_score": {"0": 0.7303452222, "4": 0.7159183673, "2": 0.7194354377, "1": 0.7260308983, "3": 0.7172916269}, "params": {"0": {"alpha": 0.01}, "4": {"alpha": 3.0}, "2": {"alpha": 1.0}, "1": {"alpha": 0.1}, "3": {"alpha": 2.0}}, "rank_test_score": {"0": 1, "4": 5, "2": 3, "1": 2, "3": 4}, "best_a_choice": 0.01}