{"best_a_choice": 3.0, "params": {"2": {"alpha": 1.0}, "0": {"alpha": 0.01}, "3": {"alpha": 2.0}, "1": {"alpha": 0.1}, "4": {"alpha": 3.0}}, "rank_test_score": {"2": 3, "0": 5, "3": 2, "1": 4, "4": 1}, "split0_test_score": {"2": 0.6796300865, "0": 0.6788710864, "3": 0.6798564753, "1": 0.6794279006, "4": 0.6799849823}, "param_alpha": {"2": 1.0, "0": 0.01, "3": 2.0, "1": 0.1, "4": 3.0}}