{"params": {"4": {"alpha": 3.0}, "0": {"alpha": 0.01}, "3": {"alpha": 2.0}, "2": {"alpha": 1.0}, "1": {"alpha": 0.1}}, "rank_test_score": {"4": 5, "0": 1, "3": 4, "2": 3, "1": 2}, "split0_test_score": {"4": 0.7661494862, "0": 0.7674806057, "3": 0.7667496827, "2": 0.767261138, "1": 0.7674777431}, "best_a_choice": 0.01, "param_alpha": {"4": 3.0, "0": 0.01, "3": 2.0, "2": 1.0, "1": 0.1}}