{"best_a_choice": 0.01, "param_alpha": {"4": 3.0, "1": 0.1, "3": 2.0, "0": 0.01, "2": 1.0}, "params": {"4": {"alpha": 3.0}, "1": {"alpha": 0.1}, "3": {"alpha": 2.0}, "0": {"alpha": 0.01}, "2": {"alpha": 1.0}}, "rank_test_score": {"4": 5, "1": 2, "3": 4, "0": 1, "2": 3}, "split0_test_score": {"4": 0.6719892365, "1": 0.6776028397, "3": 0.6725212073, "0": 0.6812574547, "2": 0.6733318066}}