{"Pos_0_G": -0.03605892847801106, "Pos_0_A": 0.020259712998297135, "Pos_3_C": 0.002265868818872186, "TtoG": 0.004525953451422459, "Pos_1_G": 0.21855823253895557, "TtoC": 0.0, "Pos_3_A": -0.04886104187894792, "CtoT": -0.45405579761617365, "Pos_2_G": -0.2670790544146451, "GtoC": -0.6355254168073381, "Pos_2_T": 0.0, "GC_feature": -0.12270210474954611, "GtoA": -0.43146672749092885, "Pos_1_C": -0.14605820230195962, "CtoG": -0.6630007333656669, "AtoT": 0.3911144701252522, "GtoT": 0.016788322139785972, "AtoC": -0.0935109652549926, "CtoA": -0.036229932808601706, "Pos_0_C": 0.0, "AtoG": 0.005486023894593879, "Pos_2_C": 0.037098249520149604, "Pos_0_T": 0.13578318936920622, "Pos_3_G": 0.009527068066049606, "Pos_3_T": 0.0, "Pos_1_A": 0.0, "Pos_2_A": -0.09816399081842618, "Pos_1_T": -0.04007063911621072, "TtoA": 0.44965887888309236}