{"Pos_0:Pos_1_AT": 0.023812955353399397, "Pos_0:Pos_3_CA": 0.007670167877652454, "Pos_0:Pos_1_GT": -0.007681487933905767, "Pos_1:Pos_3_AC": 0.0, "TtoC": 0.22434702965107362, "Pos_2:Pos_3_TT": 0.17788778846112596, "Pos_0:Pos_3_GT": -0.054384390356403134, "Pos_1_T": 0.0, "Pos_1:Pos_3_TG": -0.03163937405738344, "Pos_3_C": 0.0, "Pos_0:Pos_3_TG": 0.0, "Pos_0:Pos_3_TC": 0.08905880823560777, "TtoA": 1.0490218305765053, "Pos_1:Pos_3_TT": 0.0, "CtoT": -0.40830158362192265, "Pos_0:Pos_1_AG": 0.0, "Pos_2:Pos_3_CC": 0.0, "Pos_1:Pos_3_GA": 0.0, "Pos_0:Pos_2_AC": 0.0, "Pos_1:Pos_3_GG": 0.0, "Pos_0:Pos_1_AC": -0.16420116193184794, "Pos_1:Pos_3_GT": 0.05684701657889481, "Pos_1:Pos_2_TA": -0.10838833897777304, "Pos_2:Pos_3_CG": -0.061126138717554665, "Pos_1:Pos_2_CC": 0.0, "Pos_0:Pos_1_GC": 0.0, "Pos_2_C": 0.21932293161216662, "TtoG": 0.15721454096447277, "Pos_2_G": 0.0, "Pos_2:Pos_3_TG": 0.0, "Pos_0:Pos_1_CT": 0.0, "Pos_0:Pos_1_TG": 0.018218903968352802, "Pos_2:Pos_3_CT": 0.18939075737720373, "GtoC": -1.7568590071418009, "Pos_1:Pos_2_GG": -0.007403092256384303, "Pos_1:Pos_3_CA": 0.0004346931999865867, "Pos_0:Pos_2_CC": 0.0, "CtoG": -1.7034444906863841, "Pos_1:Pos_2_CT": 0.07242929587781141, "Pos_1:Pos_3_TC": 0.026811201437149646, "Pos_1:Pos_2_AT": -0.031118895351284318, "Pos_0:Pos_2_TC": 0.0, "Pos_1:Pos_2_GC": 0.06251911302699566, "Pos_1:Pos_2_TT": 0.07752556829471484, "Pos_2:Pos_3_AG": 0.24891666172218818, "Pos_0:Pos_3_TT": 0.0, "Pos_0:Pos_1_TC": -0.02716847909406688, "Pos_2:Pos_3_GT": 0.0, "Pos_1:Pos_3_TA": 0.0604468813708785, "Pos_1:Pos_3_CT": -0.12660612430659934, "Pos_0:Pos_2_AG": -0.01957724714727294, "Pos_0_G": -0.04463234001796867, "Pos_0:Pos_2_GG": 0.05626842726761411, "Pos_0:Pos_2_CG": 0.06962088240277912, "Pos_0_A": 0.0, "Pos_0:Pos_1_TT": 0.07402054428039223, "Pos_1:Pos_2_GT": 0.0, "Pos_0:Pos_2_AA": 0.07149232396722814, "Pos_0:Pos_1_GG": 0.016014871773301687, "Pos_0_C": 0.0, "Pos_0:Pos_3_AC": 0.09461101554467467, "GtoT": 0.2534575697654349, "Pos_1:Pos_3_AA": -0.04702925696639122, "Pos_0:Pos_2_GC": 0.0, "Pos_0_T": 0.11544079924779359, "Pos_1:Pos_2_TG": 0.0401661665050002, "Pos_1:Pos_3_GC": 0.07598441000277716, "Pos_2:Pos_3_CA": 0.13890252508537546, "Pos_2_T": 0.19252104432093686, "Pos_2:Pos_3_TA": 0.005854275317933792, "Pos_1_G": 0.2829279685824362, "Pos_0:Pos_1_GA": -0.032163202170387734, "Pos_1:Pos_2_AG": 0.05726805337919939, "Pos_1:Pos_3_CC": -0.02919083829866704, "Pos_1:Pos_3_AG": 0.05202955568976432, "Pos_1:Pos_2_CG": 0.0, "Pos_0:Pos_2_CT": 0.0, "Pos_0:Pos_3_GC": 0.0, "Pos_0:Pos_1_AA": 0.0, "Pos_0:Pos_1_TA": 0.0, "Pos_2:Pos_3_TC": 0.0, "Pos_1:Pos_3_AT": 0.04524692267400661, "Pos_0:Pos_2_TA": 0.04115986563426713, "Pos_0:Pos_1_CC": 0.005895873216627688, "Pos_1:Pos_2_TC": 0.0, "Pos_2:Pos_3_AA": 0.0, "Pos_2:Pos_3_GA": -0.15189205247409351, "Pos_2:Pos_3_GG": 0.0, "Pos_1_C": -0.04222011246055975, "Pos_0:Pos_3_AG": -0.017778180678845932, "Pos_0:Pos_3_GG": 0.05369884103281395, "Pos_2:Pos_3_AC": -0.04057763751414449, "Pos_0:Pos_3_AT": 0.052939066037818165, "Pos_3_G": 0.0, "Pos_0:Pos_2_GA": -0.03736369927507953, "Pos_3_T": 0.0, "Pos_0:Pos_2_TT": 0.0, "GtoA": -0.40261010765827226, "Pos_0:Pos_1_CG": -0.40690235517034556, "AtoC": 0.0, "Pos_0:Pos_3_CT": 0.0, "Pos_1:Pos_2_AA": 0.20492432535131083, "Pos_0:Pos_2_AT": 0.10665930699997124, "AtoT": 1.0092995294431846, "Pos_2:Pos_3_AT": 0.0, "Pos_1:Pos_2_AC": 0.0, "Pos_1:Pos_2_GA": 0.1550616986370957, "Pos_2:Pos_3_GC": 0.0, "CtoA": 0.14118293704232016, "Pos_1_A": 0.0, "Pos_0:Pos_2_GT": 0.0, "Pos_1:Pos_2_CA": -0.008004870175420323, "Pos_0:Pos_3_TA": 0.0, "Pos_0:Pos_3_GA": 0.0, "Pos_3_A": 0.0, "Pos_0:Pos_3_AA": 0.0, "Pos_0:Pos_3_CG": 0.0, "Pos_0:Pos_2_TG": 0.0, "Pos_0:Pos_2_CA": 0.0, "Pos_0:Pos_1_CA": 0.09927312017553785, "Pos_1:Pos_3_CG": 0.0, "Pos_0:Pos_3_CC": 0.0, "Pos_2_A": 0.0, "AtoG": 0.2302234740249826}