{"best_a_choice": 0.01, "param_alpha": {"0": 0.01, "2": 1.0, "3": 2.0, "4": 3.0, "1": 0.1}, "rank_test_score": {"0": 1, "2": 3, "3": 4, "4": 5, "1": 2}, "params": {"0": {"alpha": 0.01}, "2": {"alpha": 1.0}, "3": {"alpha": 2.0}, "4": {"alpha": 3.0}, "1": {"alpha": 0.1}}, "split0_test_score": {"0": 0.6790097998, "2": 0.674332623, "3": 0.6736795921, "4": 0.6733837695, "1": 0.6767684244}}