{"params": {"0": {"alpha": 0.01}, "1": {"alpha": 0.1}, "2": {"alpha": 1.0}, "4": {"alpha": 3.0}, "3": {"alpha": 2.0}}, "split0_test_score": {"0": 0.7233819073, "1": 0.7227047033, "2": 0.7203989509, "4": 0.718153557, "3": 0.7190867047}, "best_a_choice": 0.01, "rank_test_score": {"0": 1, "1": 2, "2": 3, "4": 5, "3": 4}, "param_alpha": {"0": 0.01, "1": 0.1, "2": 1.0, "4": 3.0, "3": 2.0}}