{"pos3": {"prob": 2.3671617253886504e-06, "stats": "{\"group\":{\"0\":\"1\",\"1\":\"1\",\"2\":\"1\",\"3\":\"1\",\"4\":\"1\",\"5\":\"1\",\"6\":\"1\",\"7\":\"1\",\"8\":\"2\",\"9\":\"2\",\"10\":\"2\",\"11\":\"2\",\"12\":\"2\",\"13\":\"2\",\"14\":\"2\",\"15\":\"2\"},\"mut\":{\"0\":\"M\",\"1\":\"M\",\"2\":\"M\",\"3\":\"M\",\"4\":\"R\",\"5\":\"R\",\"6\":\"R\",\"7\":\"R\",\"8\":\"M\",\"9\":\"M\",\"10\":\"M\",\"11\":\"M\",\"12\":\"R\",\"13\":\"R\",\"14\":\"R\",\"15\":\"R\"},\"base\":{\"0\":\"A\",\"1\":\"C\",\"2\":\"G\",\"3\":\"T\",\"4\":\"A\",\"5\":\"C\",\"6\":\"G\",\"7\":\"T\",\"8\":\"A\",\"9\":\"C\",\"10\":\"G\",\"11\":\"T\",\"12\":\"A\",\"13\":\"C\",\"14\":\"G\",\"15\":\"T\"},\"count\":{\"0\":9757,\"1\":8439,\"2\":7324,\"3\":6085,\"4\":8783,\"5\":7715,\"6\":8188,\"7\":6918,\"8\":1355,\"9\":1258,\"10\":1008,\"11\":1154,\"12\":1326,\"13\":1177,\"14\":1214,\"15\":1058},\"fitted\":{\"0\":9706.8635399103,\"1\":8425.6206154892,\"2\":7286.9739940108,\"3\":6185.5418505898,\"4\":8833.1364600898,\"5\":7728.3793845108,\"6\":8225.0260059892,\"7\":6817.4581494102,\"8\":1405.1364600899,\"9\":1271.3793845108,\"10\":1045.0260059892,\"11\":1053.4581494484,\"12\":1275.8635399102,\"13\":1163.6206154892,\"14\":1176.9739940108,\"15\":1158.5418506324},\"ret\":{\"0\":0.0006908522,\"1\":0.0001840322,\"2\":0.0005101763,\"3\":-0.0013705558,\"4\":-0.0006871164,\"5\":-0.0001837271,\"6\":-0.0005077385,\"7\":0.0013919874,\"8\":-0.0006766334,\"9\":-0.0001829153,\"10\":-0.0004997621,\"11\":0.0014457862,\"12\":0.0007024408,\"13\":0.0001849395,\"14\":0.0005168074,\"15\":-0.0013200732}}", "df": 3, "deviance": 28.885346031875432, "rel_entropy": 0.00019850015827509607, "formula": "count ~ group * mut * base - group : mut : base"}, "pos1": {"prob": 5.588296559495428e-18, "stats": "{\"group\":{\"0\":\"1\",\"1\":\"1\",\"2\":\"1\",\"3\":\"1\",\"4\":\"1\",\"5\":\"1\",\"6\":\"1\",\"7\":\"1\",\"8\":\"2\",\"9\":\"2\",\"10\":\"2\",\"11\":\"2\",\"12\":\"2\",\"13\":\"2\",\"14\":\"2\",\"15\":\"2\"},\"mut\":{\"0\":\"M\",\"1\":\"M\",\"2\":\"M\",\"3\":\"M\",\"4\":\"R\",\"5\":\"R\",\"6\":\"R\",\"7\":\"R\",\"8\":\"M\",\"9\":\"M\",\"10\":\"M\",\"11\":\"M\",\"12\":\"R\",\"13\":\"R\",\"14\":\"R\",\"15\":\"R\"},\"base\":{\"0\":\"A\",\"1\":\"C\",\"2\":\"G\",\"3\":\"T\",\"4\":\"A\",\"5\":\"C\",\"6\":\"G\",\"7\":\"T\",\"8\":\"A\",\"9\":\"C\",\"10\":\"G\",\"11\":\"T\",\"12\":\"A\",\"13\":\"C\",\"14\":\"G\",\"15\":\"T\"},\"count\":{\"0\":4294,\"1\":14580,\"2\":8352,\"3\":4379,\"4\":7999,\"5\":10415,\"6\":8352,\"7\":4838,\"8\":685,\"9\":2156,\"10\":940,\"11\":994,\"12\":1287,\"13\":1472,\"14\":1242,\"15\":774},\"fitted\":{\"0\":4285.4887387047,\"1\":14604.3312271444,\"2\":8211.9437880122,\"3\":4503.2362461387,\"4\":8007.5112612953,\"5\":10390.6687728556,\"6\":8492.0562119878,\"7\":4713.7637538613,\"8\":693.5112612953,\"9\":2131.6687728556,\"10\":1080.0562119878,\"11\":869.7637538613,\"12\":1278.4887387047,\"13\":1496.3312271444,\"14\":1101.9437880122,\"15\":898.2362461387},\"ret\":{\"0\":0.0001170949,\"1\":-0.0003341298,\"2\":0.0019412557,\"3\":-0.0016837304,\"4\":-0.0001169166,\"5\":0.0003347997,\"6\":-0.0019089716,\"7\":0.0017298099,\"8\":-0.000116258,\"9\":0.0003363098,\"10\":-0.001794351,\"11\":0.0018240284,\"12\":0.0001173673,\"13\":-0.0003316748,\"14\":0.0020423855,\"15\":-0.0015835649}}", "df": 3, "deviance": 83.44790455217252, "rel_entropy": 0.0005734541744125986, "formula": "count ~ group * mut * base - group : mut : base"}, "pos0": {"prob": 5.634034033653677e-25, "stats": "{\"group\":{\"0\":\"1\",\"1\":\"1\",\"2\":\"1\",\"3\":\"1\",\"4\":\"1\",\"5\":\"1\",\"6\":\"1\",\"7\":\"1\",\"8\":\"2\",\"9\":\"2\",\"10\":\"2\",\"11\":\"2\",\"12\":\"2\",\"13\":\"2\",\"14\":\"2\",\"15\":\"2\"},\"mut\":{\"0\":\"M\",\"1\":\"M\",\"2\":\"M\",\"3\":\"M\",\"4\":\"R\",\"5\":\"R\",\"6\":\"R\",\"7\":\"R\",\"8\":\"M\",\"9\":\"M\",\"10\":\"M\",\"11\":\"M\",\"12\":\"R\",\"13\":\"R\",\"14\":\"R\",\"15\":\"R\"},\"base\":{\"0\":\"A\",\"1\":\"C\",\"2\":\"G\",\"3\":\"T\",\"4\":\"A\",\"5\":\"C\",\"6\":\"G\",\"7\":\"T\",\"8\":\"A\",\"9\":\"C\",\"10\":\"G\",\"11\":\"T\",\"12\":\"A\",\"13\":\"C\",\"14\":\"G\",\"15\":\"T\"},\"count\":{\"0\":10273,\"1\":6144,\"2\":8563,\"3\":6625,\"4\":8766,\"5\":6987,\"6\":7876,\"7\":7975,\"8\":1165,\"9\":1373,\"10\":1474,\"11\":763,\"12\":1331,\"13\":1089,\"14\":1439,\"15\":916},\"fitted\":{\"0\":10115.0671268443,\"1\":6332.7497882777,\"2\":8529.2858320888,\"3\":6627.8972527891,\"4\":8923.9328731555,\"5\":6798.2502117223,\"6\":7909.7141679112,\"7\":7972.1027472109,\"8\":1322.9328731555,\"9\":1184.2502117223,\"10\":1507.7141679112,\"11\":760.1027472109,\"12\":1173.0671268445,\"13\":1277.7497882777,\"14\":1405.2858320888,\"15\":918.8972527891},\"ret\":{\"0\":0.0021874883,\"1\":-0.0025551278,\"2\":0.0004642822,\"3\":-0.0000398111,\"4\":-0.0021513082,\"5\":0.0026298621,\"6\":-0.0004623787,\"7\":0.0000398271,\"8\":-0.0020355766,\"9\":0.0027907285,\"10\":-0.0004581479,\"11\":0.0000398956,\"12\":0.0023105999,\"13\":-0.0023923711,\"14\":0.0004688821,\"15\":-0.000039757}}", "df": 3, "deviance": 115.99055442952067, "rel_entropy": 0.000797087332354215, "formula": "count ~ group * mut * base - group : mut : base"}, "pos2": {"prob": 2.803952901181651e-101, "stats": "{\"group\":{\"0\":\"1\",\"1\":\"1\",\"2\":\"1\",\"3\":\"1\",\"4\":\"1\",\"5\":\"1\",\"6\":\"1\",\"7\":\"1\",\"8\":\"2\",\"9\":\"2\",\"10\":\"2\",\"11\":\"2\",\"12\":\"2\",\"13\":\"2\",\"14\":\"2\",\"15\":\"2\"},\"mut\":{\"0\":\"M\",\"1\":\"M\",\"2\":\"M\",\"3\":\"M\",\"4\":\"R\",\"5\":\"R\",\"6\":\"R\",\"7\":\"R\",\"8\":\"M\",\"9\":\"M\",\"10\":\"M\",\"11\":\"M\",\"12\":\"R\",\"13\":\"R\",\"14\":\"R\",\"15\":\"R\"},\"base\":{\"0\":\"A\",\"1\":\"C\",\"2\":\"G\",\"3\":\"T\",\"4\":\"A\",\"5\":\"C\",\"6\":\"G\",\"7\":\"T\",\"8\":\"A\",\"9\":\"C\",\"10\":\"G\",\"11\":\"T\",\"12\":\"A\",\"13\":\"C\",\"14\":\"G\",\"15\":\"T\"},\"count\":{\"0\":3012,\"1\":8351,\"2\":4223,\"3\":16019,\"4\":8426,\"5\":6846,\"6\":9244,\"7\":7088,\"8\":599,\"9\":1670,\"10\":1591,\"11\":915,\"12\":1169,\"13\":1051,\"14\":1743,\"15\":812},\"fitted\":{\"0\":3051.8786865277,\"1\":8364.5868448389,\"2\":4512.3851934825,\"3\":15676.1492751509,\"4\":8386.1213134723,\"5\":6832.4131551611,\"6\":8954.6148065175,\"7\":7430.8507248491,\"8\":559.1213134723,\"9\":1656.4131551611,\"10\":1301.6148065175,\"11\":1257.8507248751,\"12\":1208.8786865277,\"13\":1064.5868448389,\"14\":2032.3851934825,\"15\":469.1492751617},\"ret\":{\"0\":-0.0005444962,\"1\":-0.0001865859,\"2\":-0.0038469589,\"3\":0.0047632995,\"4\":0.000549394,\"5\":0.0001869232,\"6\":0.0040408971,\"7\":-0.0046017239,\"8\":0.0005671901,\"9\":0.0001875014,\"10\":0.0043898973,\"11\":-0.0040020571,\"12\":-0.0005389515,\"13\":-0.0001855409,\"14\":-0.0036796661,\"15\":0.0061222175}}", "df": 3, "deviance": 468.76289580345883, "rel_entropy": 0.0032213395992486075, "formula": "count ~ group * mut * base - group : mut : base"}}