{"GtoC": -1.751386414250718, "Pos_0_G": 0.3646618895747724, "Pos_1_A": 0.0, "Pos_0_T": 0.0, "GtoT": 0.41370651706396655, "TtoC": 0.3924965374899127, "AtoC": 0.08441324751293841, "Pos_1_C": 0.21939706757837998, "GtoA": -0.37088801821360684, "Pos_1_G": -0.29430944541146553, "TtoG": 0.256544697966288, "Pos_0_A": 0.07141142597746403, "AtoT": 1.0554637078619213, "TtoA": 1.3071047634278006, "AtoG": 0.38631190664502124, "Pos_0_C": -0.07072254854504839, "Pos_1_T": 0.12903708375756662, "CtoG": -1.6474186672542357, "CtoA": 0.3405120138180229, "CtoT": -0.19860062073261903}