{"param_alpha": {"1": 0.1, "4": 3.0, "2": 1.0, "0": 0.01, "3": 2.0}, "split0_test_score": {"1": 0.7625693803, "4": 0.7623503087, "2": 0.7623699339, "0": 0.762566794, "3": 0.7623671955}, "best_a_choice": 0.1, "params": {"1": {"alpha": 0.1}, "4": {"alpha": 3.0}, "2": {"alpha": 1.0}, "0": {"alpha": 0.01}, "3": {"alpha": 2.0}}, "rank_test_score": {"1": 1, "4": 5, "2": 3, "0": 2, "3": 4}}