{"GtoT": 0.01653634959727627, "TtoC": 0.033051149093936576, "AtoT": 0.3645257379129792, "AtoG": 0.0, "CtoA": -0.05362066533826533, "AtoC": -0.037347391243762545, "GtoC": -0.462727409815573, "GC_feature": -0.13766126039284454, "TtoA": 0.3754844399436586, "CtoG": -0.41802626317068303, "TtoG": 0.010834505927873675, "GtoA": -0.35918747530236794, "CtoT": -0.3436250160454117}