{"params": {"4": {"alpha": 3.0}, "1": {"alpha": 0.1}, "0": {"alpha": 0.01}, "2": {"alpha": 1.0}, "3": {"alpha": 2.0}}, "rank_test_score": {"4": 2, "1": 4, "0": 5, "2": 1, "3": 3}, "param_alpha": {"4": 3.0, "1": 0.1, "0": 0.01, "2": 1.0, "3": 2.0}, "split0_test_score": {"4": 0.6932576769, "1": 0.6916173946, "0": 0.6871581156, "2": 0.693364486, "3": 0.6931241656}, "best_a_choice": 1.0}