{"rank_test_score": {"3": 4, "1": 2, "4": 5, "0": 1, "2": 3}, "params": {"3": {"alpha": 2.0}, "1": {"alpha": 0.1}, "4": {"alpha": 3.0}, "0": {"alpha": 0.01}, "2": {"alpha": 1.0}}, "split0_test_score": {"3": 0.744204467, "1": 0.7523605621, "4": 0.7416007905, "0": 0.7527369973, "2": 0.7473571115}, "param_alpha": {"3": 2.0, "1": 0.1, "4": 3.0, "0": 0.01, "2": 1.0}, "best_a_choice": 0.01}