{"best_a_choice": 3.0, "params": {"3": {"alpha": 2.0}, "0": {"alpha": 0.01}, "4": {"alpha": 3.0}, "1": {"alpha": 0.1}, "2": {"alpha": 1.0}}, "param_alpha": {"3": 2.0, "0": 0.01, "4": 3.0, "1": 0.1, "2": 1.0}, "rank_test_score": {"3": 2, "0": 5, "4": 1, "1": 4, "2": 3}, "split0_test_score": {"3": 0.6088995546, "0": 0.5907914549, "4": 0.6120757262, "1": 0.5947440241, "2": 0.6051508878}}