{"params": {"4": {"alpha": 3.0}, "2": {"alpha": 1.0}, "1": {"alpha": 0.1}, "0": {"alpha": 0.01}, "3": {"alpha": 2.0}}, "best_a_choice": 0.01, "rank_test_score": {"4": 5, "2": 3, "1": 2, "0": 1, "3": 4}, "split0_test_score": {"4": 0.7145064593, "2": 0.7166871336, "1": 0.7187410812, "0": 0.7191751166, "3": 0.7154040439}, "param_alpha": {"4": 3.0, "2": 1.0, "1": 0.1, "0": 0.01, "3": 2.0}}