{"Pos_0:Pos_3_CA": 0.0, "Pos_2:Pos_3_CA": -0.015265717983048587, "Pos_2:Pos_4_GC": 0.0, "Pos_4:Pos_5_TT": 0.0, "Pos_0:Pos_5_TT": 0.0, "Pos_3_A": 0.0, "Pos_1:Pos_3_CG": 0.08260358066615828, "Pos_4:Pos_5_TA": 0.05056237798868039, "Pos_3:Pos_5_CT": 0.0, "Pos_0:Pos_1_TA": 0.0, "Pos_2_G": 0.10937626260811917, "Pos_3:Pos_4_TC": 0.009762735000280173, "Pos_0_A": 0.0, "CtoA": 0.0, "Pos_4:Pos_5_CT": 0.0, "GC_feature": -0.005550126256439201, "Pos_5_A": 0.0, "AtoG": 0.0, "Pos_0_G": 0.0, "Pos_2:Pos_3_AC": 0.013630457187532375, "Pos_2:Pos_4_GA": 0.0, "Pos_5_C": 0.0, "Pos_4_T": 0.0, "Pos_4:Pos_5_GC": 0.0, "Pos_0:Pos_3_CC": 0.0, "Pos_1:Pos_2_GG": 0.0, "Pos_2:Pos_3_GC": 0.026487110394781577, "Pos_0:Pos_2_GC": 0.0, "Pos_2:Pos_4_GT": 0.0, "Pos_0:Pos_5_TA": 0.0, "AtoC": -0.04739406911960322, "Pos_2:Pos_4_CC": 0.0, "Pos_2:Pos_3_AG": -0.08196357273445251, "Pos_2:Pos_4_CG": 0.0, "Pos_2:Pos_5_CT": 0.0, "Pos_1:Pos_2_AT": -0.025528542269014014, "Pos_5_T": 0.0, "Pos_2:Pos_3_CG": -0.05264001730145032, "Pos_1:Pos_4_AC": 0.021377084769490247, "Pos_1:Pos_4_AG": -0.007019387116041764, "Pos_1:Pos_3_AA": 0.0, "Pos_4:Pos_5_AC": -0.04600327941482499, "Pos_1:Pos_4_CT": -0.06061914511258789, "Pos_2:Pos_4_TG": 0.0, "Pos_1:Pos_2_TA": 0.004567429614457677, "Pos_1:Pos_3_TC": 0.0925236267360239, "Pos_1:Pos_2_AA": 0.0, "Pos_1:Pos_5_CG": -0.002824329511021478, "Pos_0:Pos_4_AG": 0.043578454276462224, "GtoT": 0.03188436388005385, "Pos_2:Pos_5_TT": -0.012269485211558432, "Pos_4:Pos_5_CG": 0.050002684940657835, "Pos_3:Pos_4_TA": 0.0, "Pos_2:Pos_5_GG": 0.0, "Pos_0:Pos_1_AC": 0.0, "Pos_3_G": -0.05545027968301082, "Pos_1:Pos_2_CC": 0.04988224402990533, "Pos_0:Pos_3_AC": 0.0, "Pos_0:Pos_4_CG": -0.03151536695788207, "Pos_3:Pos_5_TT": 0.0, "AtoT": 0.3667175840230169, "Pos_0:Pos_1_CT": 0.030958974978996766, "Pos_1:Pos_5_TA": 0.0, "Pos_1:Pos_5_GA": 0.017154116547711817, "Pos_2:Pos_4_TC": 0.0, "Pos_0:Pos_1_GC": 0.0, "CtoG": -0.39601850851259685, "Pos_1:Pos_5_CT": 0.0, "Pos_2:Pos_4_TA": 0.01815973488893903, "Pos_1:Pos_4_AT": 0.0, "Pos_0:Pos_5_GG": -0.06152683993761391, "Pos_3:Pos_5_GT": 0.0, "Pos_2:Pos_3_TG": 0.0, "Pos_0:Pos_1_CC": -0.007372806278137493, "Pos_0:Pos_4_AT": 0.0, "Pos_2:Pos_5_AA": 0.0, "Pos_0:Pos_5_GC": 0.0, "Pos_0:Pos_1_CA": -0.0009859295412609425, "Pos_4:Pos_5_TG": -0.10579475817050442, "Pos_2:Pos_5_TG": 0.0013760116331932718, "Pos_4_C": 0.0, "Pos_0:Pos_2_CT": 0.0, "Pos_0:Pos_4_CC": 0.0, "Pos_0:Pos_4_GG": -0.0823431170436705, "Pos_1:Pos_4_GA": -0.0975843468873242, "Pos_0:Pos_2_AG": 0.086334186516039, "Pos_1:Pos_4_GC": -0.05927790378066504, "Pos_2:Pos_4_TT": 0.06046314805878259, "Pos_0:Pos_5_CC": -0.032300923223918705, "Pos_0:Pos_5_AT": 0.0, "Pos_0:Pos_4_AA": -0.07948189375067391, "CtoT": -0.357368063882934, "Pos_4_G": 0.0, "Pos_3:Pos_5_AT": 0.013459997495341061, "Pos_0:Pos_1_GG": -0.03145469297785805, "Pos_1:Pos_4_GG": 0.0, "Pos_0_T": 0.0, "Pos_1:Pos_2_AG": 0.012547097162980197, "Pos_1:Pos_5_GT": 0.0, "Pos_1:Pos_3_TA": 0.0, "Pos_2:Pos_3_TT": 0.005018393358359838, "Pos_3:Pos_4_TG": 0.0, "Pos_0:Pos_5_TC": 0.01036666559539793, "Pos_1:Pos_4_AA": -0.008746640265193614, "Pos_1:Pos_3_GC": 0.0, "Pos_0:Pos_2_CC": -0.014398687302710702, "Pos_3:Pos_5_CA": 0.0, "Pos_2:Pos_5_GC": 0.0, "Pos_2_A": 0.0, "Pos_0:Pos_4_CT": 0.0, "Pos_3_C": 0.0, "Pos_1:Pos_3_GA": 0.0, "Pos_1:Pos_3_GG": -0.05210992717370314, "Pos_3:Pos_4_TT": 0.0, "Pos_2:Pos_5_CA": 0.0, "Pos_0:Pos_1_AA": 0.0, "Pos_2:Pos_3_AT": 0.0, "Pos_2:Pos_4_CT": -0.007833423819763423, "Pos_0:Pos_2_GA": -0.07180553016726861, "Pos_0:Pos_1_TG": 0.0, "Pos_4:Pos_5_AA": 0.0, "Pos_0:Pos_1_AT": 0.0, "Pos_3:Pos_5_CG": 0.0, "Pos_4:Pos_5_AT": 0.030348726843212347, "Pos_0:Pos_5_CT": 0.0, "Pos_1:Pos_4_TG": -0.003345766567794954, "Pos_2:Pos_5_AC": -0.044628563380724136, "Pos_1:Pos_4_TC": 0.0, "Pos_0:Pos_3_CT": 0.0, "Pos_2_C": -0.14055002572876685, "GtoA": -0.3612338933632141, "Pos_0:Pos_2_GG": 0.008071760625835738, "Pos_0:Pos_3_AA": -0.07801300704572978, "Pos_1:Pos_2_TG": 0.0, "Pos_0:Pos_5_GT": 0.0, "Pos_0:Pos_1_GT": 0.0, "Pos_3:Pos_4_GG": -0.04275042506058915, "Pos_2:Pos_3_CT": 0.023806764982655403, "Pos_1:Pos_3_CC": -0.04236081114296369, "Pos_2:Pos_3_CC": 0.0, "Pos_3:Pos_4_GA": -0.03655081911589499, "Pos_2:Pos_4_AT": 0.0, "Pos_0:Pos_5_TG": 0.03320926245051336, "Pos_1:Pos_5_TT": -0.0032616286503684942, "Pos_1:Pos_2_CT": 0.0, "Pos_1_T": 0.0, "Pos_2:Pos_5_AG": 0.0, "Pos_1:Pos_2_TC": -0.01744057462128897, "Pos_4:Pos_5_GG": 0.022133148254713974, "Pos_1:Pos_5_AT": 0.0, "Pos_3:Pos_4_AA": 0.0, "Pos_1:Pos_5_CA": -0.003309263523621606, "Pos_1:Pos_3_TT": 0.07343499907008587, "Pos_2:Pos_5_AT": 0.0, "Pos_1:Pos_2_TT": 0.0686361336010244, "Pos_3:Pos_5_CC": 0.039847122277490855, "Pos_2:Pos_4_AA": 0.0, "Pos_3:Pos_5_AG": 0.0, "Pos_0:Pos_5_AG": 0.0, "Pos_1:Pos_4_GT": 0.0, "Pos_1_A": 0.0, "Pos_4:Pos_5_CC": 0.0, "Pos_1:Pos_2_AC": -0.018162792427234318, "Pos_3:Pos_5_GG": -0.017813246334312707, "Pos_3:Pos_5_TA": 0.04531112858400849, "Pos_0:Pos_2_AT": 0.0, "Pos_2:Pos_3_GG": 0.0, "Pos_4:Pos_5_CA": 0.0, "Pos_0:Pos_5_CG": -0.09358016809373762, "Pos_0:Pos_4_GC": 0.0, "Pos_0:Pos_2_CA": 0.0, "Pos_1:Pos_5_TG": 0.0, "Pos_0:Pos_4_TC": 0.0, "Pos_0:Pos_3_AT": -0.0355419666546349, "Pos_0:Pos_3_TT": 0.0, "Pos_3:Pos_5_TG": 0.0, "Pos_1:Pos_3_AT": 0.0, "Pos_0:Pos_3_GA": 0.0, "Pos_3_T": 0.0, "TtoC": 0.09184006291422697, "Pos_3:Pos_4_CG": 0.0, "Pos_0:Pos_3_AG": 0.0071066730627625755, "Pos_1:Pos_2_CG": -0.11944780270183816, "Pos_0:Pos_4_TA": 0.0, "Pos_1:Pos_3_CA": 0.0, "Pos_1:Pos_2_GT": 0.0, "Pos_0:Pos_2_AA": 0.0, "Pos_1:Pos_4_TA": 0.011733434101515486, "GtoC": -0.3555947824358268, "Pos_1:Pos_2_CA": 0.0, "Pos_0:Pos_5_AC": 0.0, "Pos_0:Pos_2_AC": -0.013876930739892442, "Pos_2:Pos_5_GT": 0.019507314105606875, "Pos_1:Pos_5_AG": 0.06369275080181049, "Pos_0:Pos_5_CA": 0.0, "Pos_1:Pos_5_GG": -0.046820207894093566, "Pos_4:Pos_5_GA": 0.0, "Pos_0_C": 0.0, "Pos_2_T": 0.0, "Pos_2:Pos_5_CG": -0.030058827640296798, "Pos_2:Pos_5_TA": 0.0, "Pos_0:Pos_3_CG": -0.10808799157909908, "TtoG": 0.0, "Pos_0:Pos_1_CG": 0.0, "Pos_4:Pos_5_GT": -0.07209337916393026, "Pos_0:Pos_3_GT": 0.0049063844167147284, "Pos_1:Pos_5_AA": 0.0, "Pos_1:Pos_5_GC": -0.002079715912136183, "Pos_3:Pos_4_AC": -0.017595647906065406, "Pos_1:Pos_4_CA": 0.0, "Pos_3:Pos_4_CC": 0.0, "Pos_1:Pos_2_GA": 0.0, "Pos_3:Pos_4_CT": 0.056847643394266276, "Pos_5_G": 0.0, "Pos_3:Pos_4_GT": 0.0, "Pos_2:Pos_3_GT": 0.0, "Pos_0:Pos_1_TC": 0.0, "Pos_2:Pos_3_GA": 0.012396738972167212, "Pos_0:Pos_4_GT": 0.07605961647931289, "Pos_0:Pos_2_TA": 0.012879247631828494, "Pos_4:Pos_5_AG": 0.0, "Pos_3:Pos_5_TC": 0.0, "Pos_3:Pos_5_GC": 0.0, "Pos_0:Pos_4_TT": 0.029147229972337624, "Pos_0:Pos_2_GT": 0.0, "Pos_1:Pos_5_AC": -0.061904429615124684, "Pos_1:Pos_4_CG": 0.042909494575132184, "Pos_3:Pos_4_AT": 0.0, "Pos_3:Pos_4_CA": 0.060799176953734824, "Pos_1:Pos_3_GT": 0.0, "Pos_2:Pos_3_TA": -0.04955708207898296, "Pos_0:Pos_1_GA": 0.0, "Pos_4_A": 0.0, "Pos_3:Pos_5_AC": -0.00245342769710737, "Pos_1_G": 0.0, "Pos_3:Pos_4_GC": 0.0, "Pos_0:Pos_3_GC": 0.0, "Pos_3:Pos_5_GA": 0.0, "Pos_2:Pos_3_TC": 0.0, "Pos_1:Pos_2_GC": 0.0, "Pos_0:Pos_4_TG": 0.027408355363092454, "Pos_0:Pos_5_AA": -0.007925205014681708, "Pos_1:Pos_4_TT": 0.0, "Pos_0:Pos_1_TT": 0.0, "Pos_1:Pos_3_TG": 0.0, "Pos_0:Pos_3_TC": 0.0023417835645278234, "Pos_0:Pos_2_TG": 0.0, "Pos_2:Pos_4_AG": 0.0, "Pos_1:Pos_5_CC": 0.0, "Pos_3:Pos_5_AA": 0.0, "Pos_0:Pos_2_CG": 0.0, "Pos_2:Pos_4_AC": 0.0, "Pos_0:Pos_4_AC": 0.0, "Pos_0:Pos_3_TG": -0.0029328447355107274, "Pos_0:Pos_2_TC": 0.0, "Pos_0:Pos_5_GA": 0.032053788970620264, "Pos_4:Pos_5_TC": 0.01950555704744187, "Pos_2:Pos_3_AA": 0.0, "Pos_1:Pos_4_CC": -0.05030507047859787, "Pos_0:Pos_3_TA": 0.002603830126010792, "Pos_1_C": 0.0, "Pos_0:Pos_3_GG": 0.0, "Pos_0:Pos_1_AG": 0.0, "Pos_1:Pos_3_CT": 0.0, "TtoA": 0.46676866941542083, "Pos_3:Pos_4_AG": 0.09864848865079953, "Pos_1:Pos_5_TC": 0.0, "Pos_0:Pos_2_TT": -0.024429208005039463, "Pos_2:Pos_4_CA": 0.0, "Pos_2:Pos_5_GA": 0.0, "Pos_2:Pos_4_GG": 0.0, "Pos_0:Pos_4_CA": 0.0, "Pos_2:Pos_5_TC": 0.0, "Pos_1:Pos_3_AC": 0.02911740626110761, "Pos_0:Pos_4_GA": 0.0,