{"rank_test_score": {"1": 2, "2": 3, "4": 5, "3": 4, "0": 1}, "params": {"1": {"alpha": 0.1}, "2": {"alpha": 1.0}, "4": {"alpha": 3.0}, "3": {"alpha": 2.0}, "0": {"alpha": 0.01}}, "param_alpha": {"1": 0.1, "2": 1.0, "4": 3.0, "3": 2.0, "0": 0.01}, "split0_test_score": {"1": 0.7549171843, "2": 0.7499294184, "4": 0.7444554238, "3": 0.7467610892, "0": 0.755246565}, "best_a_choice": 0.01}