{"param_alpha": {"3": 2.0, "1": 0.1, "2": 1.0, "4": 3.0, "0": 0.01}, "params": {"3": {"alpha": 2.0}, "1": {"alpha": 0.1}, "2": {"alpha": 1.0}, "4": {"alpha": 3.0}, "0": {"alpha": 0.01}}, "split0_test_score": {"3": 0.6034334023, "1": 0.5986260117, "2": 0.600970889, "4": 0.604860719, "0": 0.5973633854}, "rank_test_score": {"3": 2, "1": 4, "2": 3, "4": 1, "0": 5}, "best_a_choice": 3.0}