{"Pos_0_C": -0.05568755567420024, "TtoG": 0.06100059722538158, "Pos_0_G": 0.27100250660740216, "CtoT": -0.43901440419850357, "AtoG": 0.27160668168332885, "AtoC": 0.07404514944990387, "Pos_0_T": 0.0, "Pos_1_A": 0.09387180277724376, "TtoA": 1.0311218886434619, "Pos_1_C": 0.18626087976057495, "GtoT": 0.30618188373477584, "Pos_1_T": 0.0, "CtoA": 0.12067161552631266, "AtoT": 1.1063184590326078, "Pos_1_G": -0.16764338790621233, "Pos_0_A": 0.12868374652172637, "TtoC": 0.37852745182239195, "GtoA": -0.35261578576232444, "CtoG": -1.2210225260743561, "GtoC": -1.2668009564637213}