{"T": {"formula": "count ~ direction + group", "prob": 6.621857304574447e-171, "deviance": 783.703350023558, "rel_entropy": 0.04089456011394062, "df": 2, "stats": "{\"count\":{\"3\":344,\"5\":363,\"0\":417,\"2\":2221,\"4\":2685,\"1\":3552},\"direction\":{\"3\":\"TtoG\",\"5\":\"TtoA\",\"0\":\"TtoG\",\"2\":\"TtoA\",\"4\":\"TtoC\",\"1\":\"TtoC\"},\"group\":{\"3\":\"2\",\"5\":\"2\",\"0\":\"1\",\"2\":\"1\",\"4\":\"2\",\"1\":\"1\"},\"fitted\":{\"3\":269.3917762471,\"5\":914.7284491755,\"0\":491.6082237529,\"2\":1669.2715508245,\"4\":2207.8797745773,\"1\":4029.1202254227},\"ret\":{\"3\":0.0087768078,\"5\":-0.0350128847,\"0\":-0.0071630645,\"2\":0.0661919681,\"4\":0.0548231076,\"1\":-0.0467213742}}"}, "A": {"formula": "count ~ direction + group", "prob": 6.091471804746762e-196, "deviance": 898.9995769973075, "rel_entropy": 0.04575992960385358, "df": 2, "stats": "{\"count\":{\"3\":389,\"1\":411,\"4\":580,\"0\":2227,\"5\":2642,\"2\":3574},\"direction\":{\"3\":\"AtoT\",\"1\":\"AtoC\",\"4\":\"AtoC\",\"0\":\"AtoT\",\"5\":\"AtoG\",\"2\":\"AtoG\"},\"group\":{\"3\":\"2\",\"1\":\"1\",\"4\":\"2\",\"0\":\"1\",\"5\":\"2\",\"2\":\"1\"},\"fitted\":{\"3\":961.6589652273,\"1\":626.7018222251,\"4\":364.2981778743,\"0\":1654.3410383871,\"5\":2285.042859294,\"2\":3930.9571410381},\"ret\":{\"3\":-0.035842037,\"1\":-0.0176516048,\"4\":0.0274592419,\"0\":0.0673909794,\"5\":0.0390400148,\"2\":-0.0346366651}}"}, "C": {"formula": "count ~ direction + group", "prob": 7.776966305990704e-150, "deviance": 686.6731952438472, "rel_entropy": 0.04181422453074213, "df": 2, "stats": "{\"count\":{\"0\":1,\"3\":522,\"5\":782,\"2\":803,\"1\":1629,\"4\":4474},\"direction\":{\"0\":\"CtoG\",\"3\":\"CtoG\",\"5\":\"CtoA\",\"2\":\"CtoA\",\"1\":\"CtoT\",\"4\":\"CtoT\"},\"group\":{\"0\":\"1\",\"3\":\"2\",\"5\":\"2\",\"2\":\"1\",\"1\":\"1\",\"4\":\"2\"},\"fitted\":{\"0\":154.9700401902,\"3\":368.0299598106,\"5\":1115.3489221776,\"2\":469.6510778224,\"1\":1808.3788819876,\"4\":4294.6211180124},\"ret\":{\"0\":-0.0006142043,\"3\":0.0222190588,\"5\":-0.0338159837,\"2\":0.0524541274,\"1\":-0.0207249568,\"4\":0.0222961832}}"}, "G": {"formula": "count ~ direction + group", "prob": 2.2869375802831086e-163, "deviance": 748.9883130732699, "rel_entropy": 0.05193373409189224, "df": 2, "stats": "{\"count\":{\"0\":1,\"3\":474,\"5\":515,\"2\":691,\"1\":1452,\"4\":4078},\"direction\":{\"0\":\"GtoC\",\"3\":\"GtoC\",\"5\":\"GtoT\",\"2\":\"GtoT\",\"1\":\"GtoA\",\"4\":\"GtoA\"},\"group\":{\"0\":\"1\",\"3\":\"2\",\"5\":\"2\",\"2\":\"1\",\"1\":\"1\",\"4\":\"2\"},\"fitted\":{\"0\":141.2286784082,\"3\":333.7713215926,\"5\":847.4278186105,\"2\":358.5721813895,\"1\":1644.1991402025,\"4\":3885.8008597975},\"ret\":{\"0\":-0.000686504,\"3\":0.0230558983,\"5\":-0.0355692642,\"2\":0.0628626821,\"1\":-0.0250312445,\"4\":0.0273021665}}"}}