{"best_a_choice": 0.1, "param_alpha": {"1": 0.1, "2": 1.0, "3": 2.0, "4": 3.0, "0": 0.01}, "rank_test_score": {"1": 1, "2": 3, "3": 4, "4": 5, "0": 2}, "split0_test_score": {"1": 0.6563034953, "2": 0.6556918482, "3": 0.6553177988, "4": 0.6552309659, "0": 0.6560382256}, "params": {"1": {"alpha": 0.1}, "2": {"alpha": 1.0}, "3": {"alpha": 2.0}, "4": {"alpha": 3.0}, "0": {"alpha": 0.01}}}