{"param_alpha": {"0": 0.01, "1": 0.1, "2": 1.0, "4": 3.0, "3": 2.0}, "params": {"0": {"alpha": 0.01}, "1": {"alpha": 0.1}, "2": {"alpha": 1.0}, "4": {"alpha": 3.0}, "3": {"alpha": 2.0}}, "split0_test_score": {"0": 0.7576875734, "1": 0.7577161996, "2": 0.7574852813, "4": 0.7554671323, "3": 0.7565663795}, "best_a_choice": 0.1, "rank_test_score": {"0": 2, "1": 1, "2": 3, "4": 5, "3": 4}}