{"best_c_choice": 0.1, "params": {"1": {"penalty": "l1", "C": 1.0}, "0": {"penalty": "l1", "C": 0.1}, "2": {"penalty": "l1", "C": 10.0}, "3": {"penalty": "l1", "C": 100.0}}, "split0_test_score": {"1": 0.7497177189, "0": 0.7700076292, "2": 0.7233587641, "3": 0.7179916079}, "rank_test_score": {"1": 2, "0": 1, "2": 3, "3": 4}, "param_penalty": {"1": "l1", "0": "l1", "2": "l1", "3": "l1"}, "param_C": {"1": 1.0, "0": 0.1, "2": 10.0, "3": 100.0}}