{"rank_test_score": {"0": 5, "3": 2, "4": 1, "1": 4, "2": 3}, "split0_test_score": {"0": 0.63442113, "3": 0.6486230785, "4": 0.6494174563, "1": 0.6411444766, "2": 0.6469012109}, "param_alpha": {"0": 0.01, "3": 2.0, "4": 3.0, "1": 0.1, "2": 1.0}, "best_a_choice": 3.0, "params": {"0": {"alpha": 0.01}, "3": {"alpha": 2.0}, "4": {"alpha": 3.0}, "1": {"alpha": 0.1}, "2": {"alpha": 1.0}}}