{"pos3": {"df": 3, "deviance": 1032.749888437443, "prob": 1.4143884001681975e-223, "stats": "{\"group\":{\"8\":\"1\",\"9\":\"1\",\"10\":\"1\",\"11\":\"1\",\"12\":\"1\",\"13\":\"1\",\"14\":\"1\",\"15\":\"1\",\"0\":\"2\",\"1\":\"2\",\"2\":\"2\",\"3\":\"2\",\"4\":\"2\",\"5\":\"2\",\"6\":\"2\",\"7\":\"2\"},\"mut\":{\"8\":\"M\",\"9\":\"M\",\"10\":\"M\",\"11\":\"M\",\"12\":\"R\",\"13\":\"R\",\"14\":\"R\",\"15\":\"R\",\"0\":\"M\",\"1\":\"M\",\"2\":\"M\",\"3\":\"M\",\"4\":\"R\",\"5\":\"R\",\"6\":\"R\",\"7\":\"R\"},\"base\":{\"8\":\"A\",\"9\":\"C\",\"10\":\"G\",\"11\":\"T\",\"12\":\"A\",\"13\":\"C\",\"14\":\"G\",\"15\":\"T\",\"0\":\"A\",\"1\":\"C\",\"2\":\"G\",\"3\":\"T\",\"4\":\"A\",\"5\":\"C\",\"6\":\"G\",\"7\":\"T\"},\"count\":{\"8\":11756,\"9\":15193,\"10\":8169,\"11\":14544,\"12\":11607,\"13\":13522,\"14\":11452,\"15\":13081,\"0\":10485,\"1\":9472,\"2\":9143,\"3\":8769,\"4\":9966,\"5\":9674,\"6\":7359,\"7\":10856},\"fitted\":{\"8\":11852.1469079922,\"9\":14790.3310739144,\"10\":9397.2762633639,\"11\":13622.2457547294,\"12\":11510.8530920078,\"13\":13924.6689260855,\"14\":10223.723736636,\"15\":14002.7542452706,\"0\":10388.8530920077,\"1\":9874.6689260855,\"2\":7914.723736636,\"3\":9690.7542452706,\"4\":10062.1469079922,\"5\":9271.3310739144,\"6\":8587.2762633639,\"7\":9934.2457547294},\"ret\":{\"8\":-0.0005470263,\"9\":0.0023313674,\"10\":-0.0065368327,\"11\":0.0054399887,\"12\":0.0005515478,\"13\":-0.0022667489,\"14\":0.0074223619,\"15\":-0.0050884772,\"0\":0.0005517941,\"1\":-0.002252782,\"2\":0.007535097,\"3\":-0.0050069526,\"4\":-0.0005466277,\"5\":0.0023495801,\"6\":-0.0064891756,\"7\":0.0055027908}}", "rel_entropy": 0.0029499048502052093, "formula": "count ~ group * mut * base - group : mut : base"}, "pos0": {"df": 3, "deviance": 224.87004134060734, "prob": 1.777933054272212e-48, "stats": "{\"group\":{\"8\":\"1\",\"9\":\"1\",\"10\":\"1\",\"11\":\"1\",\"12\":\"1\",\"13\":\"1\",\"14\":\"1\",\"15\":\"1\",\"0\":\"2\",\"1\":\"2\",\"2\":\"2\",\"3\":\"2\",\"4\":\"2\",\"5\":\"2\",\"6\":\"2\",\"7\":\"2\"},\"mut\":{\"8\":\"M\",\"9\":\"M\",\"10\":\"M\",\"11\":\"M\",\"12\":\"R\",\"13\":\"R\",\"14\":\"R\",\"15\":\"R\",\"0\":\"M\",\"1\":\"M\",\"2\":\"M\",\"3\":\"M\",\"4\":\"R\",\"5\":\"R\",\"6\":\"R\",\"7\":\"R\"},\"base\":{\"8\":\"A\",\"9\":\"C\",\"10\":\"G\",\"11\":\"T\",\"12\":\"A\",\"13\":\"C\",\"14\":\"G\",\"15\":\"T\",\"0\":\"A\",\"1\":\"C\",\"2\":\"G\",\"3\":\"T\",\"4\":\"A\",\"5\":\"C\",\"6\":\"G\",\"7\":\"T\"},\"count\":{\"8\":12187,\"9\":11087,\"10\":13092,\"11\":13296,\"12\":10403,\"13\":14258,\"14\":11817,\"15\":13184,\"0\":9748,\"1\":8609,\"2\":10613,\"3\":8899,\"4\":8652,\"5\":8781,\"6\":9975,\"7\":10447},\"fitted\":{\"8\":12109.5869823968,\"9\":11702.4970620239,\"10\":13001.5749132879,\"11\":12848.3410422992,\"12\":10480.4130176033,\"13\":13642.5029379848,\"14\":11907.4250867122,\"15\":13631.6589577012,\"0\":9825.4130176033,\"1\":7993.5029380362,\"2\":10703.4250867122,\"3\":9346.6589577033,\"4\":8574.5869823968,\"5\":9396.4970620516,\"6\":9884.5749132879,\"7\":9999.3410423002},\"ret\":{\"8\":0.0004436493,\"9\":-0.0034220296,\"10\":0.0005183653,\"11\":0.0026013925,\"12\":-0.0004406015,\"13\":0.0035943128,\"14\":-0.0005146067,\"15\":-0.0025148911,\"0\":-0.000440492,\"1\":0.0036481866,\"2\":-0.0005143849,\"3\":-0.0024951057,\"4\":0.0004442291,\"5\":-0.0033984022,\"6\":0.0005189288,\"7\":0.0026137589}}", "rel_entropy": 0.000642309656038936, "formula": "count ~ group * mut * base - group : mut : base"}, "pos1": {"df": 3, "deviance": 2145.993437531957, "prob": 0, "stats": "{\"group\":{\"8\":\"1\",\"9\":\"1\",\"10\":\"1\",\"11\":\"1\",\"12\":\"1\",\"13\":\"1\",\"14\":\"1\",\"15\":\"1\",\"0\":\"2\",\"1\":\"2\",\"2\":\"2\",\"3\":\"2\",\"4\":\"2\",\"5\":\"2\",\"6\":\"2\",\"7\":\"2\"},\"mut\":{\"8\":\"M\",\"9\":\"M\",\"10\":\"M\",\"11\":\"M\",\"12\":\"R\",\"13\":\"R\",\"14\":\"R\",\"15\":\"R\",\"0\":\"M\",\"1\":\"M\",\"2\":\"M\",\"3\":\"M\",\"4\":\"R\",\"5\":\"R\",\"6\":\"R\",\"7\":\"R\"},\"base\":{\"8\":\"A\",\"9\":\"C\",\"10\":\"G\",\"11\":\"T\",\"12\":\"A\",\"13\":\"C\",\"14\":\"G\",\"15\":\"T\",\"0\":\"A\",\"1\":\"C\",\"2\":\"G\",\"3\":\"T\",\"4\":\"A\",\"5\":\"C\",\"6\":\"G\",\"7\":\"T\"},\"count\":{\"8\":10668,\"9\":9693,\"10\":23224,\"11\":6077,\"12\":10388,\"13\":15533,\"14\":11212,\"15\":12529,\"0\":13270,\"1\":9362,\"2\":8323,\"3\":6914,\"4\":8225,\"5\":12051,\"6\":7946,\"7\":9633},\"fitted\":{\"8\":11639.4826265864,\"9\":10086.0212367044,\"10\":21221.237872215,\"11\":6715.2582644942,\"12\":9416.5173734136,\"13\":15139.9787632956,\"14\":13214.762127785,\"15\":11890.7417355058,\"0\":12298.5173734136,\"1\":8968.9787632956,\"2\":10325.762127785,\"3\":6275.7417355059,\"4\":9196.4826265864,\"5\":12444.0212367044,\"6\":5943.2378722151,\"7\":10271.2582644942},\"ret\":{\"8\":-0.0053114746,\"9\":-0.0022008956,\"10\":0.0119648762,\"11\":-0.0034671456,\"12\":0.0058267215,\"13\":0.0022741129,\"14\":-0.0105267769,\"15\":0.0037423427,\"0\":0.005763448,\"1\":0.0022937094,\"2\":-0.0102520364,\"3\":0.0038256189,\"4\":-0.0052457723,\"5\":-0.002209385,\"6\":0.0131828654,\"7\":-0.0035304801}}", "rel_entropy": 0.006129728524553143, "formula": "count ~ group * mut * base - group : mut : base"}, "pos2": {"df": 3, "deviance": 5813.741983256264, "prob": 0, "stats": "{\"group\":{\"8\":\"1\",\"9\":\"1\",\"10\":\"1\",\"11\":\"1\",\"12\":\"1\",\"13\":\"1\",\"14\":\"1\",\"15\":\"1\",\"0\":\"2\",\"1\":\"2\",\"2\":\"2\",\"3\":\"2\",\"4\":\"2\",\"5\":\"2\",\"6\":\"2\",\"7\":\"2\"},\"mut\":{\"8\":\"M\",\"9\":\"M\",\"10\":\"M\",\"11\":\"M\",\"12\":\"R\",\"13\":\"R\",\"14\":\"R\",\"15\":\"R\",\"0\":\"M\",\"1\":\"M\",\"2\":\"M\",\"3\":\"M\",\"4\":\"R\",\"5\":\"R\",\"6\":\"R\",\"7\":\"R\"},\"base\":{\"8\":\"A\",\"9\":\"C\",\"10\":\"G\",\"11\":\"T\",\"12\":\"A\",\"13\":\"C\",\"14\":\"G\",\"15\":\"T\",\"0\":\"A\",\"1\":\"C\",\"2\":\"G\",\"3\":\"T\",\"4\":\"A\",\"5\":\"C\",\"6\":\"G\",\"7\":\"T\"},\"count\":{\"8\":8833,\"9\":24715,\"10\":8097,\"11\":8017,\"12\":7079,\"13\":14658,\"14\":15016,\"15\":12909,\"0\":4265,\"1\":6644,\"2\":21250,\"3\":5710,\"4\":5744,\"5\":9378,\"6\":14728,\"7\":8005},\"fitted\":{\"8\":7971.9109546058,\"9\":22164.3793025565,\"10\":11321.9631983998,\"11\":8203.7465444398,\"12\":7940.0890453942,\"13\":17208.6206974436,\"14\":11791.0368016024,\"15\":12722.2534555603,\"0\":5126.0890453943,\"1\":9194.6206974456,\"2\":18025.0368016021,\"3\":5523.2534555603,\"4\":4882.9109546059,\"5\":6827.3793025594,\"6\":17952.9631983981,\"7\":8191.7465444398},\"ret\":{\"8\":0.0051757518,\"9\":0.0153789461,\"10\":-0.015507325,\"11\":-0.0010545949,\"12\":-0.0046422204,\"13\":-0.0134334464,\"14\":0.0207401294,\"15\":0.0010746223,\"0\":-0.0044806967,\"1\":-0.0123318457,\"2\":0.0199810759,\"3\":0.0010846659,\"4\":0.005329439,\"5\":0.0170057213,\"6\":-0.0166595093,\"7\":-0.0010545768}}", "rel_entropy": 0.016606136554705747, "formula": "count ~ group * mut * base - group : mut : base"}}