{"Pos_44_C": -0.08186509382691799, "Pos_37_C": 0.0, "Pos_41_C": -0.02641371640522624, "Pos_2_A": 0.0, "Pos_47_A": 0.0, "Pos_55_G": 0.09353561545249564, "Pos_14_T": 0.0, "Pos_33_A": 0.0, "Pos_43_G": 0.0, "Pos_59_G": 0.0, "Pos_0_C": -0.0875120815748184, "Pos_14_G": 0.05081537859417426, "Pos_15_T": 0.0711508968372813, "Pos_22_T": 0.11278192102026141, "Pos_26_A": -0.00792417966269066, "Pos_15_G": -0.04028487818963256, "Pos_19_G": 0.0, "Pos_51_T": 0.0, "Pos_53_C": -0.05646617721394063, "Pos_47_G": 0.0, "Pos_36_C": 0.19144731588811525, "Pos_47_C": 0.0, "Pos_36_T": 0.0, "Pos_17_C": 0.05117042464781958, "Pos_49_G": 0.15720278917844593, "Pos_1_A": -0.023554750073405666, "Pos_38_A": 0.0, "Pos_5_A": -0.024544206597451518, "Pos_5_C": 0.012828894881980473, "Pos_11_A": 0.0, "Pos_13_G": 0.0, "Pos_58_G": 0.009815537708526017, "Pos_46_T": -0.03633083405599722, "Pos_31_G": -0.008882657579095121, "Pos_27_G": 0.03564578574598012, "Pos_23_T": 0.0, "Pos_38_G": 0.0, "Pos_54_G": -0.03320917637989, "Pos_8_C": 0.0, "Pos_14_A": -0.11004379897689193, "Pos_28_A": 0.0, "Pos_54_A": 0.0, "Pos_41_T": 0.07254595364683289, "Pos_21_A": 0.0, "Pos_6_C": -0.05053700041607741, "Pos_44_T": 0.045782665087132766, "Pos_58_A": 0.0, "Pos_48_G": 0.0, "Pos_42_A": -0.06649915000640846, "Pos_5_T": 0.0, "TtoA": 0.7627454056041549, "Pos_49_C": 0.0, "Pos_52_T": 0.02233625967990071, "Pos_55_C": 0.0, "Pos_44_A": 0.0, "Pos_53_A": 0.0, "Pos_52_G": 0.10923231024320736, "Pos_49_A": 0.0, "Pos_13_T": 0.17341015656202416, "Pos_8_A": -0.029017015395114802, "Pos_12_C": -0.05054609749438462, "Pos_26_C": 0.0, "Pos_15_C": 0.0, "Pos_52_C": -0.015948308098444598, "GtoT": 0.08287476726860198, "Pos_57_T": 0.0, "Pos_45_A": 0.0, "Pos_33_C": 0.0, "Pos_24_A": 0.006022477323768436, "Pos_3_G": 0.0, "Pos_31_A": 0.0, "Pos_42_G": -0.04789596737583927, "Pos_0_A": 0.0, "Pos_0_G": 0.0, "Pos_5_G": 0.0, "Pos_30_G": -0.08225294597709079, "Pos_28_C": 0.0, "CtoT": -0.46443266282729323, "Pos_55_T": 0.0, "Pos_19_A": -0.04816286712671337, "Pos_2_T": -0.058572991148268964, "Pos_34_C": 0.0, "Pos_31_C": 0.0, "Pos_50_G": 0.0, "Pos_51_G": 0.0, "Pos_44_G": 0.0, "Pos_14_C": 0.0, "Pos_24_C": 0.0, "Pos_39_G": -0.07551550346484398, "Pos_8_G": 0.0, "Pos_33_T": 0.11253923466967422, "Pos_41_A": 0.03527617428164699, "Pos_20_C": -0.0829973124499, "Pos_32_A": 0.05906939401501676, "Pos_16_T": 0.043093945238571296, "Pos_58_C": 0.0, "Pos_58_T": 0.0, "Pos_16_A": -0.015003271198711822, "Pos_53_G": 0.0, "Pos_57_G": -0.06850098745331532, "Pos_56_C": -0.016032037935354532, "Pos_9_C": 0.0, "Pos_11_G": 0.06143077244662798, "Pos_24_T": 0.00010272272065462927, "Pos_18_G": 0.0, "Pos_31_T": 0.02822895040117669, "Pos_7_G": 0.0, "Pos_37_A": -0.04160930418670418, "Pos_8_T": 0.0, "Pos_22_A": -0.02296546757117313, "Pos_59_T": 0.0, "Pos_12_A": 0.07089808363711882, "Pos_11_T": 0.0, "Pos_27_C": 0.0, "Pos_47_T": 0.0, "Pos_12_T": 0.0, "Pos_16_G": 0.0, "Pos_26_G": 0.0, "TtoC": 0.059359426923138885, "Pos_59_C": 0.0, "Pos_45_T": 0.06038909125458966, "Pos_18_A": 0.0, "Pos_16_C": 0.0, "Pos_36_G": 0.014431116765694299, "Pos_30_T": 0.06603328719459989, "Pos_6_G": 0.017918892285058413, "TtoG": 0.0, "AtoC": -0.18407819845243098, "Pos_1_C": 0.13318186972469553, "Pos_17_G": 0.05844472941380849, "Pos_50_A": 0.0, "Pos_4_G": -0.009200904303556145, "Pos_2_C": 0.0, "Pos_19_C": 0.033709653493295556, "Pos_48_T": 0.0, "Pos_25_A": 0.0, "Pos_23_A": -0.048293003246139936, "Pos_22_C": 0.04595501419439519, "Pos_2_G": 0.006429860855855259, "Pos_51_A": -0.0624571357856595, "Pos_13_A": 0.029536734722872972, "AtoG": 0.0, "Pos_49_T": 0.0, "Pos_9_A": 0.01561718098237343, "Pos_43_C": 0.0, "Pos_17_A": -0.007598859777216569, "Pos_30_C": 0.17800369605269722, "Pos_7_C": 0.0, "Pos_25_T": 0.0, "Pos_43_A": -0.12546320730144153, "Pos_38_C": -0.13374327408060344, "Pos_46_A": 0.0, "Pos_45_G": 0.0035824161271624235, "Pos_55_A": -0.015342649097821098, "Pos_10_G": 0.01638795477803802, "Pos_3_C": -0.09778668598666368, "Pos_40_T": 0.08464151237002043, "Pos_17_T": -0.044144311885668606, "Pos_48_C": 0.0, "Pos_54_C": 0.0, "Pos_20_G": 0.0, "Pos_40_G": 0.0, "Pos_35_A": 0.15489269564837987, "Pos_3_A": 0.13533626829522208, "Pos_29_A": 0.0, "Pos_32_G": -0.011088339316359162, "AtoT": 0.8209034275235375, "Pos_4_C": 0.06646121411081338, "Pos_41_G": -0.011822794668935287, "Pos_59_A": 0.0, "Pos_50_C": -0.007204853469239929, "Pos_45_C": -0.03899664953503868, "Pos_6_T": 0.0, "Pos_18_C": 0.0, "Pos_50_T": 0.17008110595842044, "Pos_39_T": 0.02113982173365829, "Pos_13_C": -0.01962060573587355, "Pos_10_A": -0.12769598992161443, "Pos_32_T": 0.0, "Pos_23_C": 0.0, "Pos_35_G": 0.0, "Pos_21_G": 0.0, "Pos_24_G": -0.04028628196893098, "Pos_9_G": -0.11914964276764077, "Pos_38_T": 0.024382045616431973, "Pos_39_C": 0.024330149772091327, "Pos_56_G": -0.001465687573883507, "Pos_29_C": -0.20427704844153832, "Pos_7_T": 0.0, "Pos_39_A": -0.017523279468799658, "Pos_56_A": 0.03260062223675121, "Pos_35_T": 0.0, "GtoA": -0.5445995030580967, "Pos_6_A": 0.0, "Pos_33_G": -0.000720354984585627, "Pos_21_C": 0.0, "Pos_4_T": 0.0, "Pos_53_T": 0.20708699813877454, "Pos_40_A": 0.0, "Pos_35_C": -0.014627529459255828, "Pos_54_T": 0.0021193008550811823, "Pos_1_T": 0.10288693376280103, "Pos_27_A": -0.042274765476265665, "Pos_29_G": 0.26365824226960705, "Pos_26_T": 0.002587694690414151, "Pos_56_T": 0.03402861347959683, "Pos_43_T": 0.0, "Pos_46_G": 0.08527965203922024, "Pos_52_A": 0.0, "Pos_11_C": 0.0, "Pos_15_A": 0.014183364871536722, "Pos_22_G": -0.017854276583375787, "Pos_20_A": 0.0, "GtoC": -0.8493386622362449, "CtoA": 0.0, "Pos_19_T": 0.0813817313160889, "Pos_37_T": 0.0, "Pos_29_T": 0.0, "Pos_21_T": 0.1273629818795405, "Pos_34_T": 0.10470058753570163, "Pos_18_T": 0.024462876145471924, "Pos_25_G": -0.01757749942196981, "Pos_20_T": 0.017110653174433874, "Pos_40_C": -0.03974226111900053, "Pos_30_A": 0.0, "Pos_3_T": 0.012728960030929208, "Pos_37_G": 0.05839565071834316, "Pos_25_C": 0.024659308465835465, "Pos_10_T": 0.0243638056377691, "Pos_12_G": 0.0, "Pos_36_A": -0.01005373156688997, "Pos_57_C": 0.0, "CtoG": -0.8818313964597042, "Pos_28_G": 0.0, "Pos_42_C": 0.06967531826464382, "Pos_23_G": 0.08100414967093868, "Pos_7_A": -0.0090120756442347, "Pos_51_C": 0.0, "Pos_9_T": 0.03602173712179079, "Pos_27_T": 0.0630719127953428, "Pos_34_A": -0.008954819730701108, "Pos_57_A": 0.004790915242344935, "Pos_10_C": 0.0, "Pos_1_G": -0.04030080339003115, "Pos_4_A": 0.0, "Pos_48_A": -0.013552810867208614, "Pos_32_C": 0.0, "Pos_34_G": 0.009953345086525355, "Pos_46_C": 0.0, "Pos_0_T": 0.0, "Pos_28_T": 0.08639909105781676, "Pos_42_T": 0.06880945254739197}