{"Pos_2_C": 0.1302150723547031, "Pos_0:Pos_2_AA": 0.02444312040965062, "Pos_0_G": -0.0006067963526702442, "Pos_2_G": -0.07643748379342073, "Pos_2:Pos_3_AG": 0.21588815897091232, "Pos_0:Pos_3_GT": -0.05172140439102991, "Pos_0:Pos_1_AG": 0.0, "Pos_1:Pos_3_TG": 0.03834600182034359, "Pos_0:Pos_1_GG": 0.054243546979841926, "Pos_0:Pos_1_GT": 0.0, "Pos_2:Pos_3_CC": 0.0, "Pos_1:Pos_3_GT": 0.11585136702763107, "Pos_0:Pos_2_TT": 0.018446165262878376, "GtoA": -0.3307540177027181, "Pos_1:Pos_3_GC": 0.11429184374809505, "Pos_0:Pos_2_GC": 0.018091809062886467, "Pos_3_T": 0.0, "Pos_2:Pos_3_GC": 0.0052943193364374305, "Pos_1:Pos_3_TT": 0.0, "Pos_1:Pos_2_CG": -0.05965412368401841, "Pos_0:Pos_2_AT": 0.15965920076148485, "Pos_0:Pos_2_TA": 0.013351077555338061, "Pos_0:Pos_1_AT": 0.0, "Pos_0:Pos_3_CG": 0.028744391329105296, "Pos_1:Pos_3_CT": -0.05975735767786068, "Pos_0:Pos_1_TG": 0.14558553514489272, "Pos_0:Pos_3_AG": -0.011025062887912156, "TtoG": 0.24369341574621453, "Pos_1:Pos_3_CG": 0.0994992357416877, "Pos_1:Pos_2_AA": 0.148447480336034, "Pos_1:Pos_2_CT": 0.09298514088187529, "Pos_0:Pos_2_GT": -0.007741203229502862, "Pos_0:Pos_1_AA": 0.0, "Pos_1:Pos_2_TA": -0.06450733967955967, "Pos_1:Pos_3_TC": 0.0, "Pos_0:Pos_2_GG": 0.0, "Pos_1:Pos_3_GA": 0.0, "AtoT": 0.970858044711769, "Pos_0:Pos_1_GA": -0.0725608892567504, "Pos_0_T": 0.08412252033905414, "Pos_0:Pos_1_CG": -0.30655290835945054, "Pos_1:Pos_3_CC": 0.0, "Pos_3_G": 0.0, "Pos_0:Pos_3_AT": 0.0017593034048253996, "Pos_0:Pos_2_TC": 0.0, "Pos_0:Pos_1_CC": 0.04323098327481379, "Pos_1:Pos_3_CA": 0.0, "Pos_1:Pos_2_TG": 0.04631175764191565, "Pos_0:Pos_2_CC": 0.04338187351135516, "Pos_1:Pos_2_GT": 0.0, "Pos_0:Pos_3_TG": 0.0, "Pos_0:Pos_3_GC": 0.0, "Pos_2:Pos_3_TT": 0.12508178928573246, "Pos_0:Pos_2_CA": -0.12374151712350542, "Pos_2:Pos_3_CT": 0.014048252054034724, "Pos_0:Pos_1_TC": 0.0, "Pos_0:Pos_1_CA": 0.06443172819331092, "AtoG": 0.2358424479475325, "Pos_2:Pos_3_GA": -0.11408204940167364, "Pos_2:Pos_3_CG": -0.11082471093655666, "Pos_1:Pos_2_CC": 0.0, "CtoT": -0.3987653644473341, "Pos_1:Pos_3_AC": 0.0, "Pos_0:Pos_3_GA": 0.0, "Pos_0:Pos_2_GA": -0.02939832498475001, "Pos_1:Pos_2_GG": -0.0033661615824665926, "Pos_1:Pos_2_GA": 0.003971443207180294, "Pos_1:Pos_3_AA": 0.0, "Pos_1:Pos_3_TA": 0.0, "Pos_1:Pos_3_AT": 0.08626281352822193, "Pos_2:Pos_3_TG": 0.0, "Pos_0:Pos_3_CA": 0.019179080713181453, "Pos_2:Pos_3_GG": 0.0, "Pos_1:Pos_2_AT": -0.0058736360621692565, "Pos_1_G": 0.19320793072703965, "Pos_0:Pos_2_TG": -0.03236979274391432, "Pos_0:Pos_3_TA": 0.0, "TtoC": 0.2469905015181209, "Pos_0:Pos_2_AC": 0.0, "Pos_0:Pos_3_GG": 0.0, "Pos_2_T": 0.02814534539487354, "Pos_0:Pos_1_GC": 0.0, "Pos_2_A": 0.0, "Pos_0_C": 0.013361099407137861, "CtoG": -1.5434174609390692, "Pos_2:Pos_3_AT": 0.0, "Pos_3_A": -0.009073357054029405, "Pos_0:Pos_1_CT": 0.0, "Pos_1:Pos_2_TC": 0.0, "Pos_0:Pos_2_CG": 0.013200685325865531, "Pos_0:Pos_3_AC": 0.06257719779072608, "Pos_1:Pos_2_CA": 0.0, "Pos_0:Pos_3_TT": 0.0, "Pos_0:Pos_1_TA": 0.0, "Pos_0:Pos_1_TT": 0.012627786746006722, "Pos_1:Pos_2_AC": 0.0, "GtoC": -1.5100825073267012, "Pos_1:Pos_2_AG": 0.0, "Pos_0:Pos_2_CT": 0.0, "GtoT": 0.2925753326871687, "Pos_0:Pos_3_CT": 0.0, "CtoA": 0.11747963248182754, "Pos_1:Pos_2_TT": 0.07161448517642402, "Pos_0:Pos_3_TC": 0.10666807630181223, "Pos_1:Pos_3_AG": 0.0, "Pos_2:Pos_3_AA": 0.0, "Pos_0:Pos_2_AG": -0.04011251761312044, "Pos_0:Pos_1_AC": -0.1684070740580089, "Pos_3_C": 0.0012146370637224234, "Pos_1:Pos_3_GG": 0.0, "Pos_2:Pos_3_TA": 0.0, "Pos_0:Pos_3_AA": 0.0, "Pos_2:Pos_3_AC": -0.04184455753787352, "Pos_0_A": 0.0, "Pos_1:Pos_2_GC": 0.060090809520686336, "TtoA": 1.0873524453010408, "Pos_1_A": 0.0, "Pos_0:Pos_3_CC": -0.019899357111173157, "AtoC": 0.0, "Pos_2:Pos_3_TC": 0.025213396627235696, "Pos_1_C": -0.108949189746253, "Pos_2:Pos_3_CA": 0.0778558081728953, "Pos_1_T": 0.0, "Pos_2:Pos_3_GT": -0.0575566995128416}