{"rank_test_score": {"0": 1, "2": 1, "1": 1, "4": 1, "3": 1}, "param_alpha": {"0": 0.01, "2": 1.0, "1": 0.1, "4": 3.0, "3": 2.0}, "params": {"0": {"alpha": 0.01}, "2": {"alpha": 1.0}, "1": {"alpha": 0.1}, "4": {"alpha": 3.0}, "3": {"alpha": 2.0}}, "split0_test_score": {"0": 0.7368237348, "2": 0.7368237348, "1": 0.7368237348, "4": 0.7368237348, "3": 0.7368237348}, "best_a_choice": 0.01}