{"rank_test_score": {"3": 2, "1": 4, "4": 1, "0": 5, "2": 3}, "param_alpha": {"3": 2.0, "1": 0.1, "4": 3.0, "0": 0.01, "2": 1.0}, "split0_test_score": {"3": 0.6767430198, "1": 0.6756428012, "4": 0.6770277452, "0": 0.6748522838, "2": 0.6763820287}, "best_a_choice": 3.0, "params": {"3": {"alpha": 2.0}, "1": {"alpha": 0.1}, "4": {"alpha": 3.0}, "0": {"alpha": 0.01}, "2": {"alpha": 1.0}}}