{"params": {"1": {"alpha": 0.1}, "4": {"alpha": 3.0}, "3": {"alpha": 2.0}, "0": {"alpha": 0.01}, "2": {"alpha": 1.0}}, "param_alpha": {"1": 0.1, "4": 3.0, "3": 2.0, "0": 0.01, "2": 1.0}, "split0_test_score": {"1": 0.7164675296, "4": 0.7095552148, "3": 0.7106876929, "0": 0.7183898822, "2": 0.7124261166}, "best_a_choice": 0.01, "rank_test_score": {"1": 2, "4": 5, "3": 4, "0": 1, "2": 3}}