{"best_a_choice": 0.01, "rank_test_score": {"0": 1, "2": 3, "4": 5, "1": 2, "3": 4}, "param_alpha": {"0": 0.01, "2": 1.0, "4": 3.0, "1": 0.1, "3": 2.0}, "split0_test_score": {"0": 0.7690828784, "2": 0.7690684258, "4": 0.7689937285, "1": 0.7690796836, "3": 0.7690495613}, "params": {"0": {"alpha": 0.01}, "2": {"alpha": 1.0}, "4": {"alpha": 3.0}, "1": {"alpha": 0.1}, "3": {"alpha": 2.0}}}