{"params": {"4": {"alpha": 3.0}, "0": {"alpha": 0.01}, "2": {"alpha": 1.0}, "1": {"alpha": 0.1}, "3": {"alpha": 2.0}}, "param_alpha": {"4": 3.0, "0": 0.01, "2": 1.0, "1": 0.1, "3": 2.0}, "rank_test_score": {"4": 5, "0": 1, "2": 3, "1": 2, "3": 4}, "best_a_choice": 0.01, "split0_test_score": {"4": 0.7727182511, "0": 0.7742793347, "2": 0.7741199821, "1": 0.7742755179, "3": 0.773581809}}