{"Pos_1_C": 0.16012301737469178, "Pos_1_G": -0.20557514734755455, "GtoC": -2.45060052155727, "TtoG": 0.5523716182176547, "Pos_0_T": 0.0, "TtoA": 1.4441898041089591, "Pos_0_A": 0.05626161086565599, "CtoA": 0.4934025830907952, "Pos_0_C": -0.12241303518051912, "AtoT": 1.2872537885763673, "GtoT": 0.5949177630294624, "AtoC": 0.27544668442376585, "CtoG": -2.5161699195879175, "Pos_1_T": 0.11219912323451886, "GtoA": -0.0822508720126271, "CtoT": -0.049928986058532236, "TtoC": 0.5819951290843994, "Pos_1_A": 0.0, "AtoG": 0.5596655166829996, "Pos_0_G": 0.3162016179210289}