{"Pos_0:Pos_2_GG": 0.0, "Pos_4_C": 0.0, "Pos_2:Pos_3_CC": 0.0, "Pos_0:Pos_5_AA": -0.06908347004404149, "Pos_0:Pos_2_GC": -0.0764664329922016, "Pos_0:Pos_2_GT": 0.0, "Pos_1:Pos_3_TG": -0.031281769118534565, "Pos_0:Pos_1_TA": -0.05936082377186732, "Pos_3:Pos_4_TT": 0.10046412780200732, "Pos_3:Pos_5_CA": 0.0, "Pos_0:Pos_1_CG": 0.17102097718646403, "Pos_1:Pos_4_GC": 0.0, "Pos_4:Pos_5_GA": 0.09985873351400071, "Pos_0:Pos_3_AT": 0.0, "Pos_1:Pos_3_CC": 0.0, "Pos_3:Pos_5_AA": 0.0, "Pos_2:Pos_3_GT": 0.0, "Pos_3_G": -0.04004592187103467, "Pos_1:Pos_4_GA": 0.0, "Pos_4:Pos_5_GC": 0.0, "Pos_4:Pos_5_TC": 0.08336590043136238, "Pos_0:Pos_2_CT": -0.04107787359032262, "Pos_0:Pos_3_GT": -0.03499785985842781, "Pos_2:Pos_3_AT": -0.013902212088415345, "Pos_2:Pos_4_AG": 0.0, "Pos_1:Pos_4_AC": 0.05679986974514468, "Pos_2:Pos_4_CC": 0.0, "Pos_1:Pos_5_CG": -0.012472708715850812, "Pos_2_T": 0.0, "Pos_0:Pos_3_AA": 0.0, "Pos_2:Pos_5_CT": -0.02512735968447459, "Pos_1:Pos_3_CA": -0.05341989787422476, "Pos_0:Pos_2_AC": -0.03342847753692183, "Pos_2:Pos_3_CA": -0.035903865116741374, "Pos_3:Pos_5_CT": 0.1283130907694666, "Pos_0:Pos_1_GA": 0.0, "Pos_5_C": 0.0, "Pos_1:Pos_5_AA": 0.0, "Pos_2:Pos_5_CG": 0.023165998094824728, "Pos_2:Pos_5_TA": 0.0, "Pos_0:Pos_4_TT": 0.0, "Pos_0:Pos_2_AG": 0.03458416546681548, "Pos_4:Pos_5_GG": 0.006494575448937857, "Pos_3:Pos_4_GT": 0.0, "Pos_2:Pos_4_CA": 0.0, "Pos_1:Pos_5_CT": 0.0305494541528865, "Pos_3:Pos_5_TC": 0.0, "Pos_0:Pos_1_CT": 0.0, "Pos_2:Pos_3_CT": 0.12667465554895307, "Pos_2:Pos_5_TG": -0.0015340031207523742, "Pos_3_T": 0.0, "Pos_3:Pos_5_TA": 0.04423273594025129, "Pos_1_A": 0.0, "Pos_0:Pos_1_CA": 0.0, "Pos_4:Pos_5_AG": -0.003871922945598774, "Pos_1:Pos_3_CG": 0.06175596514900382, "Pos_3:Pos_5_GA": 0.0, "Pos_1:Pos_2_AA": 0.0, "Pos_0:Pos_5_AC": 0.057856163146284834, "Pos_0:Pos_3_GC": 0.0, "TtoA": 0.9775639013586837, "Pos_0:Pos_2_CG": -1.397805002737677e-06, "Pos_0:Pos_3_CC": 0.03771638690575961, "Pos_4:Pos_5_CT": 0.05325592062838845, "Pos_1:Pos_5_GT": -0.0190554253035301, "Pos_2:Pos_4_GG": 0.0, "Pos_0:Pos_1_GC": -0.007533393965057613, "Pos_4:Pos_5_AC": 0.0, "Pos_0:Pos_4_AT": 0.00026883086868190127, "Pos_5_G": 0.0, "AtoT": 0.8916788629282785, "Pos_0:Pos_5_TA": 0.0, "Pos_1:Pos_2_GC": 0.017193162610847256, "Pos_0:Pos_3_TC": 0.0, "Pos_1_C": 0.0, "Pos_0:Pos_3_TA": 0.017905072273946814, "Pos_0:Pos_4_TC": -0.0035181782927147047, "Pos_3:Pos_4_AC": 0.0, "Pos_5_T": 0.0, "Pos_1:Pos_2_TA": 0.0, "Pos_0:Pos_5_GG": 0.0, "Pos_1:Pos_2_TT": 0.16921996520014773, "Pos_2:Pos_5_GG": -0.014923802825437316, "Pos_1:Pos_4_AT": 0.09109046368001922, "Pos_3:Pos_4_TA": 0.0, "Pos_1:Pos_2_AT": 0.0, "Pos_1:Pos_5_AG": 0.009189081494564395, "AtoG": 0.12954060306682674, "Pos_1:Pos_2_GT": 0.0, "AtoC": -0.13446381693706472, "Pos_0:Pos_4_GA": 0.001800531450183185, "Pos_1:Pos_2_TC": -0.002851401562139713, "Pos_3:Pos_5_GT": 0.050724882185993574, "CtoT": -0.45561157106728045, "Pos_3:Pos_4_CA": 0.20406536810289996, "Pos_0:Pos_4_AC": 0.06149814257653313, "Pos_2:Pos_4_CT": -0.1090696282010536, "Pos_3:Pos_4_TC": 0.04894510998650419, "Pos_0:Pos_4_CG": 0.009419794967316637, "Pos_2:Pos_4_AC": -0.018529353852381594, "Pos_2:Pos_3_TC": 0.0, "Pos_1:Pos_5_CC": 0.0, "Pos_0:Pos_2_AT": 0.17372476462885672, "Pos_0_G": 0.0, "Pos_0:Pos_5_GT": 0.0, "Pos_2:Pos_4_TT": 0.0, "Pos_3:Pos_4_AG": 0.23941800598301013, "Pos_0:Pos_3_AC": 0.0, "Pos_2:Pos_5_AT": 0.0, "Pos_1:Pos_5_AC": 0.0, "Pos_1:Pos_4_TC": 0.07440935383023421, "Pos_4:Pos_5_CG": 0.17495394655722563, "Pos_0:Pos_4_TA": 0.01815603437534733, "Pos_2_G": 0.24194705782143405, "Pos_1:Pos_3_TC": 0.011246217274133776, "Pos_2:Pos_4_AA": 0.002689601812503229, "Pos_2:Pos_5_CC": -0.010807744225166073, "Pos_4:Pos_5_CA": 0.0, "Pos_0:Pos_2_CC": 9.425380601068291e-05, "Pos_0:Pos_5_AG": 0.0, "Pos_0:Pos_2_TC": 0.0, "Pos_2:Pos_5_CA": 0.0, "Pos_0:Pos_2_TA": 0.03836813103387293, "Pos_0:Pos_5_TT": -1.8380735313953427e-06, "Pos_1:Pos_3_TA": 0.03809161685262355, "Pos_1:Pos_3_GG": 0.0, "Pos_0:Pos_2_GA": 0.0, "Pos_1:Pos_4_TA": 0.0, "Pos_2:Pos_3_CG": -0.016479949393933064, "Pos_4_T": 0.0, "Pos_0:Pos_2_TG": 0.00704060031276931, "Pos_1:Pos_2_GA": -0.01111961595124133, "Pos_1:Pos_3_GA": 0.0, "Pos_2:Pos_5_AA": 0.0, "Pos_0:Pos_5_GC": 0.0, "Pos_4:Pos_5_TT": 0.13109968963649266, "Pos_3:Pos_4_GC": 0.0, "Pos_1:Pos_5_GA": 0.00817917117411132, "Pos_0:Pos_2_CA": 0.01847133858021463, "Pos_3:Pos_4_TG": 0.0, "Pos_1:Pos_5_TG": 0.034752701146658946, "Pos_1:Pos_4_TG": 0.01335334705236095, "Pos_4:Pos_5_AT": 0.0, "Pos_3:Pos_5_AG": 0.0, "Pos_1:Pos_2_TG": 0.11662203976856142, "Pos_0:Pos_1_TC": 0.01910834991597704, "Pos_3:Pos_4_CC": 0.0, "Pos_1:Pos_2_GG": 0.0, "Pos_0:Pos_1_AA": 0.08353367001767925, "Pos_0:Pos_1_GG": 0.0, "Pos_1:Pos_4_GT": -0.047183612469770715, "Pos_4:Pos_5_TA": 0.0, "Pos_2:Pos_4_TG": -0.013608593162991928, "Pos_0:Pos_1_AC": 0.05189962293086212, "Pos_3:Pos_5_AC": 0.0, "Pos_4:Pos_5_CC": -0.0634701231592653, "Pos_4:Pos_5_TG": -0.011067607475413924, "Pos_1:Pos_2_CT": 0.0, "Pos_1:Pos_3_CT": 0.0, "Pos_2:Pos_4_AT": 0.011271417702693609, "Pos_0:Pos_1_CC": 0.0, "Pos_3:Pos_4_GG": 0.061164701657524745, "Pos_0:Pos_3_AG": 0.0, "Pos_1:Pos_3_TT": 0.0, "Pos_2:Pos_5_GC": 0.028781774248915235, "GtoA": -0.48225591918803956, "Pos_0:Pos_3_TT": 0.03618527581949071, "Pos_1:Pos_5_GC": 0.0, "Pos_3:Pos_4_CT": 0.15244601793484103, "CtoA": 0.023557398898521313, "Pos_2_C": -0.07255085486373558, "Pos_2:Pos_3_GA": 0.017481324472937758, "Pos_0:Pos_5_CA": 0.06776602043750546, "Pos_0:Pos_3_CG": -0.1778692552136732, "Pos_2:Pos_4_GC": 0.10687182139263443, "GtoC": -1.7959865385286462, "Pos_1:Pos_3_AC": 0.0, "Pos_1:Pos_5_TT": 0.01997895275165522, "TtoC": 0.14395708014795067, "Pos_1:Pos_5_TA": 0.0, "Pos_2:Pos_3_TG": 0.0, "CtoG": -1.8976172849621724, "Pos_1:Pos_4_CG": 0.0, "Pos_5_A": 0.045590011710731744, "Pos_0:Pos_3_CA": -0.0030472002811350097, "Pos_0:Pos_1_GT": 0.0057545689652123404, "Pos_3:Pos_5_GG": -0.15212166729466564, "Pos_1:Pos_3_GT": 0.0, "Pos_0:Pos_3_GG": 0.06452526965464826, "Pos_2:Pos_4_CG": 0.0029910999378387868, "Pos_1:Pos_4_CC": -0.03480668167212496, "Pos_3_A": 0.0, "Pos_2:Pos_3_TT": 0.004316461812524334, "Pos_0:Pos_4_GC": 0.0, "Pos_1:Pos_2_CG": -0.34320803245241327, "Pos_0:Pos_3_TG": -0.042300024727757096, "Pos_0:Pos_5_CC": -0.04791328357629758, "Pos_1_T": 0.11286881099431006, "Pos_1:Pos_4_CA": 0.0, "Pos_1:Pos_4_CT": 0.0, "Pos_3:Pos_4_GA": -0.0649029778914544, "Pos_2:Pos_3_AC": 0.0, "Pos_0:Pos_1_TG": 0.0, "Pos_0:Pos_5_CT": 0.039296649635794496, "Pos_0:Pos_4_CA": -0.021800770702045526, "Pos_2:Pos_5_AC": 0.0, "Pos_2:Pos_3_TA": -0.23817801620882476, "Pos_1:Pos_4_GG": 0.0, "Pos_1_G": 0.0, "Pos_3:Pos_5_TG": 0.1254656190075452, "Pos_3:Pos_4_CG": 0.0, "Pos_1:Pos_2_AG": 0.0934095703199141, "Pos_1:Pos_3_AT": 0.15087287552108058, "Pos_0:Pos_5_TG": 0.07011715349572588, "Pos_0:Pos_5_CG": -0.04138555768104937, "Pos_0:Pos_4_CC": 0.0, "Pos_0:Pos_5_GA": 0.04504071032021021, "Pos_2:Pos_4_GA": 0.0, "Pos_1:Pos_2_CA": 0.009381297110434146, "Pos_2:Pos_4_GT": 0.05164836780789377, "Pos_4_G": 0.0, "Pos_3:Pos_4_AA": 0.0, "Pos_2:Pos_5_AG": 0.00861711137413494, "Pos_2:Pos_5_GT": 0.0, "Pos_0:Pos_1_AT": 0.0, "Pos_2:Pos_5_TT": 0.0, "Pos_4:Pos_5_GT": 0.0, "Pos_1:Pos_5_GG": -0.045568198539171385, "Pos_3:Pos_5_CC": 0.05860917971646259, "Pos_0:Pos_4_GG": -0.031687088554401686, "Pos_1:Pos_2_AC": -0.10960294691358423, "Pos_4:Pos_5_AA": 0.08157603856316602, "Pos_2:Pos_3_AG": 0.03333936716724318, "Pos_1:Pos_3_AG": -0.05989987303550127, "Pos_2_A": 0.0, "Pos_0:Pos_5_TC": 0.024404826874795643, "Pos_3:Pos_5_CG": 0.0, "Pos_0:Pos_1_AG": -0.007473082968117372, "Pos_1:Pos_4_TT": 0.0, "Pos_0:Pos_2_AA": 0.0, "Pos_2:Pos_4_TC": 0.01116435506938913, "Pos_1:Pos_3_GC": 0.0, "Pos_1:Pos_5_AT": 0.0, "Pos_2:Pos_5_GA": 0.01054278798226387, "Pos_0:Pos_3_GA": 0.0, "Pos_0:Pos_4_AA": -0.08928194946874768, "Pos_0:Pos_5_AT": 0.03149531936166254, "TtoG": 0.2080760320374297, "Pos_0:Pos_1_TT": 0.0, "Pos_4_A": 0.0, "Pos_0:Pos_3_CT": 0.022575994299838434, "Pos_3:Pos_5_GC": -0.07354690584156788, "Pos_1:Pos_4_AG": -0.011051590478400009, "Pos_0:Pos_4_AG": 0.0,