{"split0_test_score": {"2": 0.6477429575, "3": 0.6517739507, "0": 0.6304269402, "1": 0.6381595458, "4": 0.6549422799}, "best_a_choice": 3.0, "param_alpha": {"2": 1.0, "3": 2.0, "0": 0.01, "1": 0.1, "4": 3.0}, "rank_test_score": {"2": 3, "3": 2, "0": 5, "1": 4, "4": 1}, "params": {"2": {"alpha": 1.0}, "3": {"alpha": 2.0}, "0": {"alpha": 0.01}, "1": {"alpha": 0.1}, "4": {"alpha": 3.0}}}