{"params": {"2": {"alpha": 1.0}, "4": {"alpha": 3.0}, "1": {"alpha": 0.1}, "3": {"alpha": 2.0}, "0": {"alpha": 0.01}}, "rank_test_score": {"2": 3, "4": 5, "1": 2, "3": 4, "0": 1}, "split0_test_score": {"2": 0.6486722202, "4": 0.6484384393, "1": 0.6507027739, "3": 0.6484398706, "0": 0.6530257922}, "best_a_choice": 0.01, "param_alpha": {"2": 1.0, "4": 3.0, "1": 0.1, "3": 2.0, "0": 0.01}}