{"rank_test_score": {"3": 4, "0": 1, "2": 3, "1": 2, "4": 5}, "params": {"3": {"alpha": 2.0}, "0": {"alpha": 0.01}, "2": {"alpha": 1.0}, "1": {"alpha": 0.1}, "4": {"alpha": 3.0}}, "best_a_choice": 0.01, "param_alpha": {"3": 2.0, "0": 0.01, "2": 1.0, "1": 0.1, "4": 3.0}, "split0_test_score": {"3": 0.7754873164, "0": 0.7777493801, "2": 0.7770093458, "1": 0.7777150486, "4": 0.7740644669}}