{"Pos_2_T": 0.09945165448849587, "AtoG": 0.12950410720076572, "Pos_1:Pos_3_GC": 0.041227998787770635, "Pos_2:Pos_3_TG": 0.0, "TtoC": 0.12440543955335683, "Pos_0:Pos_2_GG": 0.0, "Pos_0:Pos_1_CT": 0.0, "Pos_0:Pos_3_TA": 0.0, "Pos_1:Pos_3_TT": 0.034201394639904875, "Pos_0:Pos_1_AC": -0.12642946848037712, "GtoC": -1.153390134287422, "Pos_0:Pos_1_CG": -0.25447168731580855, "Pos_1:Pos_2_CG": -0.022522515752545984, "Pos_3_A": 0.001921219225562608, "TtoA": 0.8889501392954481, "Pos_2:Pos_3_CG": -0.04185952208393221, "Pos_1:Pos_3_TC": 0.0, "Pos_3_G": 0.0, "GtoT": 0.3378755056722623, "Pos_0:Pos_1_GT": -0.0004668279605397895, "Pos_1:Pos_3_TA": 0.0, "Pos_2_A": 0.0, "Pos_1:Pos_3_CC": 0.0, "Pos_1_A": 0.0, "Pos_1:Pos_2_CA": -0.05329641076456192, "Pos_2:Pos_3_AC": 0.0, "Pos_0_T": 0.08556226516580298, "Pos_0:Pos_3_AT": 0.11702815852659337, "TtoG": 0.2685932947611223, "Pos_1:Pos_2_TG": 0.036095457159704726, "Pos_0:Pos_1_TT": 0.0032178385030874794, "Pos_0:Pos_2_TG": 0.0, "Pos_1:Pos_3_CA": 0.0, "Pos_2:Pos_3_AA": 0.0, "Pos_2:Pos_3_CT": 0.13914808307032345, "Pos_0:Pos_3_TG": 0.0, "Pos_1:Pos_3_GT": 0.0990065333605655, "Pos_0:Pos_2_CG": 0.0, "Pos_1:Pos_2_TA": 0.0, "Pos_0:Pos_2_AG": 0.0, "Pos_0:Pos_1_AA": 0.0, "Pos_2:Pos_3_TT": 0.037627571689586796, "Pos_2:Pos_3_CA": 0.16458538269657724, "Pos_2:Pos_3_TA": 0.0, "Pos_1_T": 0.0, "Pos_2:Pos_3_AT": -0.042605428982246826, "Pos_1:Pos_2_TT": 0.0, "Pos_0:Pos_3_GG": 0.0, "Pos_0:Pos_3_CT": 0.0, "Pos_1_C": -0.03897329326041492, "Pos_0:Pos_2_GT": 0.0, "Pos_0:Pos_2_TA": 0.0, "Pos_0:Pos_3_CG": 0.0, "AtoT": 0.846898402195353, "Pos_0:Pos_3_GT": -0.0018898919077135236, "Pos_0:Pos_3_TT": 0.0, "Pos_0:Pos_3_AC": 0.0, "Pos_0:Pos_2_AT": 0.015321829746336755, "Pos_0:Pos_3_GC": 0.0, "Pos_1:Pos_2_TC": 0.0, "Pos_0:Pos_1_AG": 0.08256809121967332, "Pos_0:Pos_1_GC": 0.0, "Pos_1:Pos_2_CC": 0.0, "Pos_2_G": -0.0762792859326723, "Pos_0:Pos_3_AG": 0.0, "Pos_0:Pos_2_CT": 0.0, "Pos_0:Pos_3_AA": 0.0, "Pos_0:Pos_2_CA": 0.0, "Pos_0:Pos_1_TC": 0.0, "Pos_0:Pos_1_CC": 0.0, "Pos_2:Pos_3_GC": 0.0, "Pos_2:Pos_3_TC": 0.0, "Pos_1:Pos_3_CG": 0.0, "Pos_0:Pos_2_GC": -0.003531697324735012, "Pos_1:Pos_2_AA": 0.0, "Pos_2:Pos_3_GA": -0.14406296632972374, "Pos_0:Pos_2_TC": 0.005765032801810403, "Pos_3_T": 0.0, "CtoT": -0.4597425364472526, "Pos_1:Pos_2_GT": 0.0, "Pos_0:Pos_1_GA": -0.031500995974802895, "Pos_0:Pos_2_CC": 0.0, "Pos_0:Pos_3_GA": 0.0, "Pos_1:Pos_2_GC": 0.02370046758814877, "Pos_1_G": 0.24158849474665656, "Pos_1:Pos_3_CT": -0.1677639264586237, "Pos_1:Pos_3_AC": 0.0, "Pos_2:Pos_3_AG": 0.21027426702251295, "Pos_1:Pos_2_AC": 0.0, "Pos_1:Pos_2_AT": 0.0, "Pos_0:Pos_2_AC": 0.0, "Pos_1:Pos_3_GG": -0.006349110011492117, "AtoC": -0.15175071579251714, "Pos_0:Pos_1_CA": 0.09334077850527549, "Pos_0:Pos_1_GG": 0.0, "Pos_0:Pos_1_TA": 0.0, "Pos_1:Pos_2_AG": 0.0, "Pos_1:Pos_2_CT": 0.014743074279004988, "CtoG": -0.9883424817562214, "Pos_0:Pos_3_CC": -0.10944329584869925, "Pos_0:Pos_1_AT": 0.007070009354416419, "Pos_2_C": 0.14087576758665504, "Pos_1:Pos_3_GA": 0.0, "Pos_0:Pos_2_GA": 0.0, "Pos_1:Pos_3_AA": 0.0, "Pos_0_A": 0.0, "Pos_1:Pos_3_AT": 0.0, "Pos_1:Pos_3_TG": 0.0, "Pos_0:Pos_2_AA": 0.0, "Pos_0_G": -0.03485543836997305, "CtoA": 0.21085047744957888, "Pos_1:Pos_2_GG": 0.0, "Pos_2:Pos_3_CC": 0.0, "Pos_0_C": 0.0, "Pos_0:Pos_1_TG": 0.0, "Pos_2:Pos_3_GT": 0.0, "Pos_1:Pos_3_AG": 0.0655177469463411, "Pos_1:Pos_2_GA": 0.0, "Pos_2:Pos_3_GG": 0.0, "GtoA": -0.4013849955170902, "Pos_0:Pos_2_TT": 0.0, "Pos_0:Pos_3_TC": 0.06006028326232713, "Pos_3_C": -0.017877520087117432, "Pos_0:Pos_3_CA": 0.0}