{"Pos_0:Pos_2_CA": 0.03758932684515122, "Pos_0:Pos_3_CT": 0.003884685515591979, "Pos_0:Pos_1_TC": 0.0, "Pos_2:Pos_3_CT": 0.0, "Pos_4_A": 0.0, "Pos_0:Pos_5_TA": 0.0, "Pos_2:Pos_3_GG": 0.0, "Pos_1:Pos_5_GC": 0.0, "Pos_4:Pos_5_TT": 0.05233282996242453, "Pos_1:Pos_5_GT": -0.03687292534822951, "Pos_0:Pos_3_TG": 0.0, "Pos_5_A": 0.0, "Pos_0:Pos_2_GC": -0.009750336464421515, "Pos_2:Pos_5_TT": 0.0, "Pos_0:Pos_1_CG": 0.014420459789396071, "Pos_0:Pos_4_AT": 0.0, "Pos_2:Pos_5_GA": 0.0, "Pos_3_G": -0.02611196707674581, "Pos_0:Pos_4_GA": 0.0, "Pos_1_A": 0.0, "Pos_1:Pos_2_TT": 0.0476738984610414, "Pos_0:Pos_3_AA": -0.02499920107999434, "Pos_0:Pos_2_CC": 0.0, "Pos_2:Pos_3_AA": 0.03649321026706822, "Pos_0:Pos_1_GC": 0.0, "Pos_1:Pos_5_CT": 0.062143290620438024, "Pos_0:Pos_2_TC": 0.028497345724216215, "Pos_0:Pos_3_TT": 0.0, "Pos_4:Pos_5_AC": -0.007256675853250513, "Pos_3:Pos_5_CA": 0.0, "Pos_0:Pos_2_TA": 0.0, "Pos_4_T": 0.0, "Pos_4:Pos_5_TA": 0.0, "CtoA": -0.0459225720893156, "Pos_3:Pos_4_AC": 0.0, "Pos_1:Pos_2_CA": 0.07581450201987419, "Pos_2:Pos_5_GC": 0.0, "Pos_1:Pos_4_CC": 0.0, "Pos_1:Pos_5_AT": 0.0, "Pos_0:Pos_4_CC": -0.040411118037269406, "Pos_0:Pos_3_AT": 0.0, "Pos_1:Pos_3_AT": 0.06936992148044299, "Pos_0:Pos_4_TG": 0.0, "Pos_0_A": 0.0, "Pos_0:Pos_4_TC": -0.012300693320956057, "Pos_0:Pos_2_GA": -0.003966715551701172, "Pos_0_C": 0.0, "Pos_0:Pos_3_TA": 0.029344067695598112, "Pos_1:Pos_3_AA": 0.009146075302505835, "Pos_0:Pos_5_AC": 0.016087073336195502, "Pos_2:Pos_5_AC": 0.0, "Pos_2:Pos_5_GG": 0.0, "Pos_0:Pos_3_CA": 0.0, "Pos_2:Pos_3_GA": 0.0, "CtoT": -0.4177211645422002, "Pos_2:Pos_4_CA": 0.0, "Pos_0:Pos_5_AG": 0.0, "Pos_2_G": 0.19738125431754716, "Pos_3:Pos_4_GT": 0.0, "Pos_2:Pos_4_CG": -0.007869460925685922, "Pos_2_A": 0.0, "Pos_2:Pos_4_TT": 0.0, "Pos_2:Pos_4_AC": -0.00573990708118325, "Pos_1:Pos_4_TA": 0.0, "Pos_0:Pos_3_CG": -0.10645848301214224, "Pos_1:Pos_2_AG": 0.002173647668635114, "Pos_0:Pos_3_GC": 0.01172794206943126, "Pos_1_G": 0.0, "Pos_0:Pos_1_CT": 0.0, "Pos_2:Pos_4_CC": 0.0, "Pos_2:Pos_4_GA": -0.0037082699510559793, "Pos_5_T": 0.0, "Pos_2_T": 0.0, "Pos_3:Pos_5_GC": -0.04192420517448051, "Pos_1:Pos_3_CG": 0.006965184355064194, "Pos_4:Pos_5_AT": 0.0, "Pos_0:Pos_5_GA": 0.04577098973040562, "Pos_1:Pos_5_TG": 0.0, "Pos_0:Pos_2_TT": -0.03332032281899858, "Pos_3_A": 0.0, "Pos_0:Pos_4_CA": -0.002113115696253868, "TtoG": 0.009508838444469486, "Pos_0:Pos_5_CC": -0.02607997459648559, "Pos_0:Pos_3_TC": 0.006281584612603105, "Pos_2:Pos_3_TG": 0.0, "Pos_0:Pos_5_AA": -0.00622590251404047, "Pos_2:Pos_4_AT": 0.0, "GtoC": -0.5731046607728865, "Pos_1:Pos_4_GT": -0.042572937042597195, "Pos_1:Pos_4_TG": 0.0, "Pos_4_G": 0.0, "Pos_0:Pos_3_GG": -0.009682821349683256, "Pos_0:Pos_1_GG": -0.05784450596657401, "Pos_3:Pos_5_TG": 0.03423240650892654, "Pos_2:Pos_3_TA": -0.07702892267171707, "Pos_3:Pos_5_AT": -0.0064258572433790045, "AtoT": 0.3988933045741211, "Pos_2:Pos_4_GG": 0.006274049223818356, "Pos_0:Pos_5_CT": 0.0, "Pos_1:Pos_3_AC": 0.0, "Pos_0:Pos_3_CC": 0.0, "Pos_0:Pos_3_GA": 0.0, "Pos_4:Pos_5_GG": 0.0, "Pos_0:Pos_4_CG": 0.014399097295547806, "Pos_0:Pos_5_CG": 0.0, "Pos_0:Pos_4_TT": 0.003348543192944666, "Pos_1_C": 0.0, "Pos_0:Pos_2_AC": -0.01896052433735336, "Pos_0:Pos_2_GG": 0.0, "Pos_3:Pos_4_CT": 0.025266143248025646, "Pos_5_G": 0.0, "Pos_1:Pos_4_TT": 0.011227568745556386, "Pos_0:Pos_4_GG": -0.0030959430403895085, "Pos_1:Pos_3_CT": 0.0, "Pos_2:Pos_3_CC": 0.0, "Pos_2:Pos_4_GT": 0.0, "Pos_3:Pos_4_TC": 0.03999403923190372, "Pos_1:Pos_3_AG": -0.05277826142966247, "Pos_2:Pos_5_AA": 0.0, "Pos_1:Pos_3_TG": -0.004895047828952057, "Pos_0:Pos_1_AC": 0.0, "Pos_2:Pos_3_GC": 0.0670130465183224, "Pos_3:Pos_4_CG": -0.04254602138128893, "Pos_2:Pos_4_TC": 0.0, "Pos_0:Pos_3_AC": 0.0, "Pos_2:Pos_3_TT": 0.0015461464443096687, "GtoA": -0.45123418802255705, "Pos_1:Pos_5_TT": 0.0, "Pos_2:Pos_4_TA": 0.05080823532052394, "Pos_2_C": 0.0, "Pos_2:Pos_3_TC": -0.018791910877639453, "Pos_3:Pos_5_AC": -0.003404187261218648, "Pos_0:Pos_2_CG": 0.0, "Pos_0:Pos_2_GT": 0.0, "Pos_0:Pos_3_GT": -0.053177695128912794, "Pos_0:Pos_5_TT": 0.0398731051899728, "Pos_1:Pos_2_TC": -0.050545172879465264, "Pos_1:Pos_4_CA": 0.0, "Pos_3:Pos_4_GA": -0.10595644291039509, "Pos_0:Pos_1_TA": 0.0, "Pos_2:Pos_4_CT": -0.06818650729600252, "Pos_0:Pos_4_AG": 0.0, "Pos_1:Pos_2_AA": 0.0, "Pos_4:Pos_5_CA": 0.0, "Pos_2:Pos_5_TA": 0.0002952207042155241, "Pos_0:Pos_4_AA": -0.03602642864078226, "AtoG": 0.0, "Pos_1:Pos_2_GT": -0.0072419094943575475, "Pos_0:Pos_1_GA": 0.0, "Pos_1:Pos_5_CC": -0.00906092592173751, "Pos_2:Pos_3_AC": 0.0, "Pos_1:Pos_3_CC": 0.0, "Pos_0:Pos_1_CA": -0.026180224543756538, "Pos_3:Pos_4_CA": 0.032489825893466696, "GtoT": 0.03530827160963145, "Pos_2:Pos_3_GT": 0.0, "Pos_0:Pos_4_GC": 0.02989755674249232, "Pos_2:Pos_3_AG": -0.02698711017018793, "Pos_1:Pos_2_CT": 0.0, "Pos_1:Pos_5_TA": 0.02503822404283301, "Pos_2:Pos_5_TG": -0.010335083022815576, "Pos_0:Pos_2_AT": 0.016471663758585924, "Pos_1:Pos_5_GG": -0.03819392189180551, "Pos_1:Pos_4_GG": 0.005325034217291434, "Pos_1:Pos_4_AG": 0.0, "Pos_3_C": 0.0, "Pos_0:Pos_5_GT": -0.012318858077097927, "Pos_2:Pos_5_TC": 0.0, "Pos_2:Pos_5_GT": 0.0, "Pos_0:Pos_5_TC": -0.011946282497047801, "Pos_1:Pos_5_CA": 0.024222429702669503, "Pos_1:Pos_4_AA": 0.0, "Pos_1:Pos_3_GC": 0.013358378236793925, "Pos_1:Pos_3_TT": 0.0025202675940168696, "Pos_2:Pos_5_AT": 0.011500108090835964, "Pos_0:Pos_2_TG": 0.008839185752714536, "Pos_2:Pos_4_TG": 0.0, "Pos_0:Pos_5_TG": 0.07285992583356045, "Pos_0:Pos_4_CT": 0.0, "Pos_1:Pos_4_CT": 0.0, "Pos_1:Pos_4_AT": 0.029819211550344532, "Pos_1:Pos_3_GA": -0.024950731486876713, "Pos_1:Pos_4_GA": -0.009597529453348696, "Pos_1:Pos_2_GA": 0.0, "Pos_0:Pos_5_AT": 0.02787061661793267, "Pos_1:Pos_5_CG": -0.02705062951150093, "Pos_3:Pos_4_GC": -0.016929719111289734, "Pos_1:Pos_3_GG": 0.0, "Pos_0:Pos_5_GC": 0.0, "Pos_3:Pos_5_TC": 0.0, "Pos_1_T": 0.0, "Pos_0:Pos_4_AC": 0.0, "TtoC": 0.027003296948257184, "Pos_3:Pos_4_AG": 0.05882659608461451, "Pos_1:Pos_4_GC": 0.0, "Pos_3:Pos_5_AA": 0.0, "Pos_3:Pos_4_TG": -0.034381533634851996, "TtoA": 0.4191281774284278, "Pos_0:Pos_2_AG": 0.0, "Pos_3:Pos_5_GA": 0.0, "Pos_0:Pos_1_TT": 0.04873518810568391, "Pos_3:Pos_4_AT": 0.0, "Pos_0:Pos_1_GT": 0.0187930665570173, "Pos_1:Pos_5_AA": -0.0028609955132243743, "Pos_4:Pos_5_AG": 0.0, "Pos_0_G": 0.0, "Pos_1:Pos_2_GC": 0.0, "Pos_1:Pos_2_GG": 0.0, "Pos_4:Pos_5_GC": 0.0, "Pos_1:Pos_2_AC": -0.12050527356837876, "Pos_0:Pos_1_TG": 0.0, "Pos_2:Pos_5_CA": 0.0, "Pos_2:Pos_5_CC": -0.0037169487551339743, "Pos_3:Pos_5_TT": 0.0, "Pos_3:Pos_4_GG": 0.02999700992706496, "Pos_3:Pos_5_CC": 0.004506483030355898, "Pos_1:Pos_5_GA": 0.0, "GC_feature": -0.06599509100635181, "Pos_2:Pos_3_CG": -0.07079302729946232, "Pos_1:Pos_2_TA": 0.00904328319991855, "Pos_4:Pos_5_TC": 0.05884019149728257, "Pos_0:Pos_2_AA": 0.0, "Pos_1:Pos_3_GT": 0.0, "Pos_0_T": 0.0, "Pos_0:Pos_4_GT": -0.02781558746551685, "Pos_3:Pos_5_CG": 0.0, "Pos_4:Pos_5_CG": 0.05290043913996056, "Pos_2:Pos_5_AG": 0.0, "Pos_1:Pos_5_AG": 0.025568074535919937, "Pos_0:Pos_2_CT": -0.06215274851947136, "Pos_3:Pos_4_TT": 0.07330608833562335, "Pos_2:Pos_4_GC": 0.008718110521965552, "Pos_1:Pos_2_CG": -0.10850646038342876, "Pos_1:Pos_4_AC": -0.016158621486906062, "Pos_1:Pos_2_AT": 0.0, "AtoC": -0.09411186527135065, "Pos_4:Pos_5_CC": -0.05680318555610979, "Pos_2:Pos_3_CA": -0.008729199370040379, "Pos_3:Pos_5_GG": -0.07118133618335452, "Pos_1:Pos_2_CC": 0.0, "Pos_1:Pos_3_TC": 0.0, "Pos_1:Pos_4_CG": 0.0, "Pos_0:Pos_3_AG": 0.05488960873739958, "Pos_0:Pos_1_CC": 0.0, "Pos_1:Pos_3_CA": -0.04517368906273466, "Pos_4:Pos_5_GT": 0.0, "Pos_4:Pos_5_CT": 0.0, "CtoG": -0.6068712891385192, "Pos_5_C": 0.0, "Pos_1:Pos_2_TG": 0.0819443513573581, "Pos_4:Pos_5_GA": 0.0, "Pos_3:Pos_4_CC": 0.0, "Pos_3:Pos_5_GT": 0.0, "Pos_3:Pos_4_AA": -0.032639403752434244, "Pos_1:Pos_3_TA": 0.004171688330929425, "Pos_3:Pos_5_AG": 0.0, "Pos_3_T": 0.0, "Pos_4:Pos_5_AA": 0.03367346700833239, "Pos_0:Pos_1_AG": 0.0, "Pos_3:Pos_5_TA": 0.055588144123564595, "Pos_1:Pos_5_AC": 0.0, "Pos_0:Pos_1_AT": -0.021328667014265314,