{"param_alpha": {"0": 0.01, "3": 2.0, "4": 3.0, "2": 1.0, "1": 0.1}, "rank_test_score": {"0": 5, "3": 2, "4": 1, "2": 3, "1": 4}, "params": {"0": {"alpha": 0.01}, "3": {"alpha": 2.0}, "4": {"alpha": 3.0}, "2": {"alpha": 1.0}, "1": {"alpha": 0.1}}, "split0_test_score": {"0": 0.6768634097, "3": 0.6826102183, "4": 0.6830031726, "2": 0.6820780827, "1": 0.6799627122}, "best_a_choice": 3.0}