{"param_alpha": {"2": 1.0, "3": 2.0, "1": 0.1, "4": 3.0, "0": 0.01}, "rank_test_score": {"2": 3, "3": 2, "1": 4, "4": 1, "0": 5}, "best_a_choice": 3.0, "params": {"2": {"alpha": 1.0}, "3": {"alpha": 2.0}, "1": {"alpha": 0.1}, "4": {"alpha": 3.0}, "0": {"alpha": 0.01}}, "split0_test_score": {"2": 0.6792737933, "3": 0.6797426863, "1": 0.6771668075, "4": 0.6799234346, "0": 0.6740030136}}