{"param_alpha": {"3": 2.0, "4": 3.0, "1": 0.1, "0": 0.01, "2": 1.0}, "split0_test_score": {"3": 0.6476880607, "4": 0.6501035197, "1": 0.6352657005, "0": 0.6278467909, "2": 0.6438766547}, "params": {"3": {"alpha": 2.0}, "4": {"alpha": 3.0}, "1": {"alpha": 0.1}, "0": {"alpha": 0.01}, "2": {"alpha": 1.0}}, "best_a_choice": 3.0, "rank_test_score": {"3": 2, "4": 1, "1": 4, "0": 5, "2": 3}}