{"CtoA": 0.46721706566295446, "CtoT": -0.02101530867515479, "TtoA": 1.3691665311662393, "AtoT": 1.3376143562756904, "TtoC": 0.6100603378616531, "TtoG": 0.6360657349702711, "AtoC": 0.2724446657417707, "GtoC": -2.4087740059143994, "AtoG": 0.6019429630850534, "GtoT": 0.5741081436520561, "GtoA": -0.06528833758734988, "CtoG": -2.4928478153463205}