{"param_penalty": {"2": "l1", "1": "l1", "3": "l1", "0": "l1"}, "split0_test_score": {"2": 0.7310926254, "1": 0.7310926254, "3": 0.7310926254, "0": 0.730839774}, "param_C": {"2": 10.0, "1": 1.0, "3": 100.0, "0": 0.1}, "params": {"2": {"penalty": "l1", "C": 10.0}, "1": {"penalty": "l1", "C": 1.0}, "3": {"penalty": "l1", "C": 100.0}, "0": {"penalty": "l1", "C": 0.1}}, "rank_test_score": {"2": 1, "1": 1, "3": 1, "0": 4}, "best_c_choice": 1.0}