{"split0_test_score": {"1": 0.7096499012, "3": 0.6380795618, "0": 0.7636599586, "2": 0.6509852193}, "param_C": {"1": 1.0, "3": 100.0, "0": 0.1, "2": 10.0}, "rank_test_score": {"1": 2, "3": 4, "0": 1, "2": 3}, "best_c_choice": 0.1, "params": {"1": {"penalty": "l1", "C": 1.0}, "3": {"penalty": "l1", "C": 100.0}, "0": {"penalty": "l1", "C": 0.1}, "2": {"penalty": "l1", "C": 10.0}}, "param_penalty": {"1": "l1", "3": "l1", "0": "l1", "2": "l1"}}