{"rank_test_score": {"2": 3, "4": 1, "3": 2, "1": 4, "0": 5}, "split0_test_score": {"2": 0.6761293557, "4": 0.677116261, "3": 0.676734754, "1": 0.674219531, "0": 0.6712337202}, "params": {"2": {"alpha": 1.0}, "4": {"alpha": 3.0}, "3": {"alpha": 2.0}, "1": {"alpha": 0.1}, "0": {"alpha": 0.01}}, "param_alpha": {"2": 1.0, "4": 3.0, "3": 2.0, "1": 0.1, "0": 0.01}, "best_a_choice": 3.0}