{"params": {"1": {"alpha": 0.1}, "4": {"alpha": 3.0}, "3": {"alpha": 2.0}, "0": {"alpha": 0.01}, "2": {"alpha": 1.0}}, "rank_test_score": {"1": 2, "4": 5, "3": 4, "0": 1, "2": 3}, "best_a_choice": 0.01, "param_alpha": {"1": 0.1, "4": 3.0, "3": 2.0, "0": 0.01, "2": 1.0}, "split0_test_score": {"1": 0.7315601209, "4": 0.728602081, "3": 0.7293439845, "0": 0.731749581, "2": 0.7302806406}}