{"param_penalty": {"2": "l1", "0": "l1", "1": "l1", "3": "l1"}, "split0_test_score": {"2": 0.6944883753, "0": 0.787672223, "1": 0.7425576095, "3": 0.6733400816}, "best_c_choice": 0.1, "param_C": {"2": 10.0, "0": 0.1, "1": 1.0, "3": 100.0}, "params": {"2": {"C": 10.0, "penalty": "l1"}, "0": {"C": 0.1, "penalty": "l1"}, "1": {"C": 1.0, "penalty": "l1"}, "3": {"C": 100.0, "penalty": "l1"}}, "rank_test_score": {"2": 3, "0": 1, "1": 2, "3": 4}}