{"param_alpha": {"2": 1.0, "4": 3.0, "3": 2.0, "0": 0.01, "1": 0.1}, "split0_test_score": {"2": 0.746242716, "4": 0.746242716, "3": 0.746242716, "0": 0.746242716, "1": 0.746242716}, "params": {"2": {"alpha": 1.0}, "4": {"alpha": 3.0}, "3": {"alpha": 2.0}, "0": {"alpha": 0.01}, "1": {"alpha": 0.1}}, "best_a_choice": 0.01, "rank_test_score": {"2": 1, "4": 1, "3": 1, "0": 1, "1": 1}}