{"param_alpha": {"2": 1.0, "3": 2.0, "0": 0.01, "4": 3.0, "1": 0.1}, "split0_test_score": {"2": 0.6504441836, "3": 0.6525348524, "0": 0.6332560425, "4": 0.6537266577, "1": 0.641960324}, "rank_test_score": {"2": 3, "3": 2, "0": 5, "4": 1, "1": 4}, "params": {"2": {"alpha": 1.0}, "3": {"alpha": 2.0}, "0": {"alpha": 0.01}, "4": {"alpha": 3.0}, "1": {"alpha": 0.1}}, "best_a_choice": 3.0}