{"param_alpha": {"4": 3.0, "3": 2.0, "0": 0.01, "1": 0.1, "2": 1.0}, "split0_test_score": {"4": 0.7798848527, "3": 0.7799399781, "0": 0.7800015854, "1": 0.7799967091, "2": 0.7799744092}, "params": {"4": {"alpha": 3.0}, "3": {"alpha": 2.0}, "0": {"alpha": 0.01}, "1": {"alpha": 0.1}, "2": {"alpha": 1.0}}, "best_a_choice": 0.01, "rank_test_score": {"4": 5, "3": 4, "0": 1, "1": 2, "2": 3}}