{"GtoC": -0.6028302089949553, "GC_feature": -0.08929649555775378, "GtoA": -0.40338146810843173, "AtoG": 0.0, "Pos_1_T": 0.0, "CtoA": -0.027996915110061096, "AtoC": -0.08301705073556334, "Pos_1_A": -0.07533425381296835, "TtoA": 0.455948796287333, "Pos_0_T": 0.0, "CtoT": -0.4617125831293712, "CtoG": -0.6391201621550007, "Pos_1_C": 0.022235643129555817, "Pos_1_G": -0.272405280488161, "Pos_0_G": 0.23626423836285215, "Pos_0_C": -0.12371820746717342, "TtoG": 0.006526944625168025, "TtoC": 0.019255481083268695, "AtoT": 0.399341792930603, "Pos_0_A": 0.0, "GtoT": 0.024434815971801842}