{"GtoT": 0.3244714381956063, "CtoT": -0.2531965037655862, "AtoC": 0.0244339463901831, "TtoA": 1.059424389535306, "TtoG": 0.25565228768314424, "AtoT": 1.0287886547350797, "TtoC": 0.3473274499910663, "CtoG": -1.3355101553651523, "CtoA": 0.1603488392025273, "AtoG": 0.3361682641158643, "GtoA": -0.3260739156503505, "GtoC": -1.278371984158347}