{"best_a_choice": 3.0, "param_alpha": {"0": 0.01, "4": 3.0, "3": 2.0, "2": 1.0, "1": 0.1}, "split0_test_score": {"0": 0.6607533855, "4": 0.6700343315, "3": 0.6692523364, "2": 0.6668949075, "1": 0.663339691}, "rank_test_score": {"0": 5, "4": 1, "3": 2, "2": 3, "1": 4}, "params": {"0": {"alpha": 0.01}, "4": {"alpha": 3.0}, "3": {"alpha": 2.0}, "2": {"alpha": 1.0}, "1": {"alpha": 0.1}}}