{"params": {"0": {"alpha": 0.01}, "1": {"alpha": 0.1}, "3": {"alpha": 2.0}, "2": {"alpha": 1.0}, "4": {"alpha": 3.0}}, "rank_test_score": {"0": 1, "1": 1, "3": 1, "2": 1, "4": 1}, "split0_test_score": {"0": 0.732468726, "1": 0.732468726, "3": 0.732468726, "2": 0.732468726, "4": 0.732468726}, "param_alpha": {"0": 0.01, "1": 0.1, "3": 2.0, "2": 1.0, "4": 3.0}, "best_a_choice": 0.01}