{"param_alpha": {"4": 3.0, "3": 2.0, "0": 0.01, "2": 1.0, "1": 0.1}, "best_a_choice": 2.0, "rank_test_score": {"4": 5, "3": 1, "0": 2, "2": 2, "1": 2}, "params": {"4": {"alpha": 3.0}, "3": {"alpha": 2.0}, "0": {"alpha": 0.01}, "2": {"alpha": 1.0}, "1": {"alpha": 0.1}}, "split0_test_score": {"4": 0.7358915239, "3": 0.7379619173, "0": 0.737365895, "2": 0.737365895, "1": 0.737365895}}