{"rank_test_score": {"3": 2, "4": 1, "0": 5, "1": 4, "2": 3}, "param_alpha": {"3": 2.0, "4": 3.0, "0": 0.01, "1": 0.1, "2": 1.0}, "split0_test_score": {"3": 0.6532481404, "4": 0.654440206, "0": 0.6428991036, "1": 0.6476368491, "2": 0.6513713523}, "params": {"3": {"alpha": 2.0}, "4": {"alpha": 3.0}, "0": {"alpha": 0.01}, "1": {"alpha": 0.1}, "2": {"alpha": 1.0}}, "best_a_choice": 3.0}