{"pos0": {"prob": 0.43713937869507846, "deviance": 2.7182229136886127, "stats": "{\"group\":{\"0\":\"1\",\"1\":\"1\",\"2\":\"1\",\"3\":\"1\",\"4\":\"1\",\"5\":\"1\",\"6\":\"1\",\"7\":\"1\",\"8\":\"2\",\"9\":\"2\",\"10\":\"2\",\"11\":\"2\",\"12\":\"2\",\"13\":\"2\",\"14\":\"2\",\"15\":\"2\"},\"mut\":{\"0\":\"M\",\"1\":\"M\",\"2\":\"M\",\"3\":\"M\",\"4\":\"R\",\"5\":\"R\",\"6\":\"R\",\"7\":\"R\",\"8\":\"M\",\"9\":\"M\",\"10\":\"M\",\"11\":\"M\",\"12\":\"R\",\"13\":\"R\",\"14\":\"R\",\"15\":\"R\"},\"base\":{\"0\":\"A\",\"1\":\"C\",\"2\":\"G\",\"3\":\"T\",\"4\":\"A\",\"5\":\"C\",\"6\":\"G\",\"7\":\"T\",\"8\":\"A\",\"9\":\"C\",\"10\":\"G\",\"11\":\"T\",\"12\":\"A\",\"13\":\"C\",\"14\":\"G\",\"15\":\"T\"},\"count\":{\"0\":14,\"1\":15,\"2\":7,\"3\":7,\"4\":15,\"5\":11,\"6\":9,\"7\":8,\"8\":26,\"9\":39,\"10\":54,\"11\":19,\"12\":36,\"13\":44,\"14\":35,\"15\":23},\"fitted\":{\"0\":13.1268524112,\"1\":13.2661026394,\"2\":9.5511295694,\"3\":7.05591538,\"4\":15.8731475888,\"5\":12.7338973606,\"6\":6.4488704306,\"7\":7.94408462,\"8\":26.8731475888,\"9\":40.7338973606,\"10\":51.4488704306,\"11\":18.94408462,\"12\":35.1268524112,\"13\":42.2661026394,\"14\":37.5511295694,\"15\":23.05591538},\"ret\":{\"0\":0.002490507,\"1\":0.0050899762,\"2\":-0.0060089639,\"3\":-0.0001538487,\"4\":-0.0023444192,\"5\":-0.0044477755,\"6\":0.0082869511,\"7\":0.0001550047,\"8\":-0.0023723936,\"9\":-0.0046863519,\"10\":0.0072192241,\"11\":0.0001546901,\"12\":0.0024417422,\"13\":0.0048867014,\"14\":-0.0068023175,\"15\":-0.0001542749}}", "rel_entropy": 0.00375445153824394, "formula": "count ~ group * mut * base - group : mut : base", "df": 3}, "pos2": {"prob": 0.9468906950320037, "deviance": 0.36740358720732924, "stats": "{\"group\":{\"0\":\"1\",\"1\":\"1\",\"2\":\"1\",\"3\":\"1\",\"4\":\"1\",\"5\":\"1\",\"6\":\"1\",\"7\":\"1\",\"8\":\"2\",\"9\":\"2\",\"10\":\"2\",\"11\":\"2\",\"12\":\"2\",\"13\":\"2\",\"14\":\"2\",\"15\":\"2\"},\"mut\":{\"0\":\"M\",\"1\":\"M\",\"2\":\"M\",\"3\":\"M\",\"4\":\"R\",\"5\":\"R\",\"6\":\"R\",\"7\":\"R\",\"8\":\"M\",\"9\":\"M\",\"10\":\"M\",\"11\":\"M\",\"12\":\"R\",\"13\":\"R\",\"14\":\"R\",\"15\":\"R\"},\"base\":{\"0\":\"A\",\"1\":\"C\",\"2\":\"G\",\"3\":\"T\",\"4\":\"A\",\"5\":\"C\",\"6\":\"G\",\"7\":\"T\",\"8\":\"A\",\"9\":\"C\",\"10\":\"G\",\"11\":\"T\",\"12\":\"A\",\"13\":\"C\",\"14\":\"G\",\"15\":\"T\"},\"count\":{\"0\":8,\"1\":11,\"2\":6,\"3\":18,\"4\":13,\"5\":8,\"6\":6,\"7\":16,\"8\":18,\"9\":57,\"10\":37,\"11\":26,\"12\":36,\"13\":36,\"14\":45,\"15\":21},\"fitted\":{\"0\":7.3327219273,\"1\":11.5935254852,\"2\":5.5293379241,\"3\":18.5444146636,\"4\":13.6672780728,\"5\":7.4064745148,\"6\":6.4706620761,\"7\":15.4555853364,\"8\":18.6672780728,\"9\":56.4064745148,\"10\":37.470662076,\"11\":25.4555853364,\"12\":35.3327219273,\"13\":36.5935254852,\"14\":44.529337924,\"15\":21.5444146636},\"ret\":{\"0\":0.0019247459,\"1\":-0.0015968694,\"2\":0.0013540009,\"3\":-0.0014816133,\"4\":-0.0017975609,\"5\":0.0017035799,\"6\":-0.0012516955,\"7\":0.0015300894,\"8\":-0.0018099645,\"9\":0.0016481691,\"10\":-0.0012919715,\"11\":0.0015198764,\"12\":0.001860607,\"13\":-0.0016262042,\"14\":0.0013070186,\"15\":-0.0014847444}}", "rel_entropy": 0.0005074635182421675, "formula": "count ~ group * mut * base - group : mut : base", "df": 3}, "pos1": {"prob": 0.14406398267243034, "deviance": 5.410932169923698, "stats": "{\"group\":{\"0\":\"1\",\"1\":\"1\",\"2\":\"1\",\"3\":\"1\",\"4\":\"1\",\"5\":\"1\",\"6\":\"1\",\"7\":\"1\",\"8\":\"2\",\"9\":\"2\",\"10\":\"2\",\"11\":\"2\",\"12\":\"2\",\"13\":\"2\",\"14\":\"2\",\"15\":\"2\"},\"mut\":{\"0\":\"M\",\"1\":\"M\",\"2\":\"M\",\"3\":\"M\",\"4\":\"R\",\"5\":\"R\",\"6\":\"R\",\"7\":\"R\",\"8\":\"M\",\"9\":\"M\",\"10\":\"M\",\"11\":\"M\",\"12\":\"R\",\"13\":\"R\",\"14\":\"R\",\"15\":\"R\"},\"base\":{\"0\":\"A\",\"1\":\"C\",\"2\":\"G\",\"3\":\"T\",\"4\":\"A\",\"5\":\"C\",\"6\":\"G\",\"7\":\"T\",\"8\":\"A\",\"9\":\"C\",\"10\":\"G\",\"11\":\"T\",\"12\":\"A\",\"13\":\"C\",\"14\":\"G\",\"15\":\"T\"},\"count\":{\"0\":15,\"1\":5,\"2\":7,\"3\":16,\"4\":19,\"5\":0,\"6\":12,\"7\":12,\"8\":25,\"9\":28,\"10\":34,\"11\":51,\"12\":51,\"13\":13,\"14\":35,\"15\":39},\"fitted\":{\"0\":13.1874344549,\"1\":3.7193324515,\"2\":9.4112106354,\"3\":16.6820224581,\"4\":20.8125655451,\"5\":1.2806675485,\"6\":9.5887893646,\"7\":11.3179775419,\"8\":26.8125655451,\"9\":29.2806675485,\"10\":31.5887893646,\"11\":50.3179775419,\"12\":49.1874344549,\"13\":11.7193324515,\"14\":37.4112106354,\"15\":39.6820224581},\"ret\":{\"0\":0.0053364265,\"1\":0.0040869297,\"2\":-0.0057235916,\"3\":-0.0018449908,\"4\":-0.0047824332,\"5\":-0.0000000001,\"6\":0.0074357572,\"7\":0.0019396991,\"8\":-0.0048338962,\"9\":-0.0034592358,\"10\":0.0069087844,\"11\":0.001896751,\"12\":0.0050982304,\"13\":0.0037243755,\"14\":-0.0064413872,\"15\":-0.0018677557}}", "rel_entropy": 0.007473663218126655, "formula": "count ~ group * mut * base - group : mut : base", "df": 3}, "pos3": {"prob": 0.002039465198516983, "deviance": 14.753942317034877, "stats": "{\"group\":{\"0\":\"1\",\"1\":\"1\",\"2\":\"1\",\"3\":\"1\",\"4\":\"1\",\"5\":\"1\",\"6\":\"1\",\"7\":\"1\",\"8\":\"2\",\"9\":\"2\",\"10\":\"2\",\"11\":\"2\",\"12\":\"2\",\"13\":\"2\",\"14\":\"2\",\"15\":\"2\"},\"mut\":{\"0\":\"M\",\"1\":\"M\",\"2\":\"M\",\"3\":\"M\",\"4\":\"R\",\"5\":\"R\",\"6\":\"R\",\"7\":\"R\",\"8\":\"M\",\"9\":\"M\",\"10\":\"M\",\"11\":\"M\",\"12\":\"R\",\"13\":\"R\",\"14\":\"R\",\"15\":\"R\"},\"base\":{\"0\":\"A\",\"1\":\"C\",\"2\":\"G\",\"3\":\"T\",\"4\":\"A\",\"5\":\"C\",\"6\":\"G\",\"7\":\"T\",\"8\":\"A\",\"9\":\"C\",\"10\":\"G\",\"11\":\"T\",\"12\":\"A\",\"13\":\"C\",\"14\":\"G\",\"15\":\"T\"},\"count\":{\"0\":8,\"1\":10,\"2\":10,\"3\":15,\"4\":25,\"5\":3,\"6\":10,\"7\":5,\"8\":38,\"9\":42,\"10\":27,\"11\":31,\"12\":33,\"13\":36,\"14\":40,\"15\":29},\"fitted\":{\"0\":14.9394407637,\"1\":7.5963791668,\"2\":8.7385663006,\"3\":11.7256137744,\"4\":18.0605592428,\"5\":5.4036208334,\"6\":11.2614336995,\"7\":8.2743862258,\"8\":31.0605592416,\"9\":44.4036208334,\"10\":28.2614336995,\"11\":34.2743862257,\"12\":39.9394407586,\"13\":33.5963791666,\"14\":38.7385663006,\"15\":25.7256137743},\"ret\":{\"0\":-0.0138025018,\"1\":0.0075942924,\"2\":0.003724833,\"3\":0.0102047462,\"4\":0.0224547867,\"5\":-0.0048767152,\"6\":-0.0032817361,\"7\":-0.006957553,\"8\":0.0211674,\"9\":-0.006456792,\"10\":-0.0034056728,\"11\":-0.0085987418,\"12\":-0.0173985448,\"13\":0.0068718869,\"14\":0.0035407519,\"15\":0.0095979337}}", "rel_entropy": 0.020378373366070273, "formula": "count ~ group * mut * base - group : mut : base", "df": 3}}