{"rank_test_score": {"0": 2, "3": 5, "2": 4, "1": 1, "4": 3}, "param_alpha": {"0": 0.01, "3": 2.0, "2": 1.0, "1": 0.1, "4": 3.0}, "best_a_choice": 0.1, "params": {"0": {"alpha": 0.01}, "3": {"alpha": 2.0}, "2": {"alpha": 1.0}, "1": {"alpha": 0.1}, "4": {"alpha": 3.0}}, "split0_test_score": {"0": 0.7424007152, "3": 0.7404871698, "2": 0.7406597026, "1": 0.7427144112, "4": 0.741020453}}