{"param_alpha": {"0": 0.01, "3": 2.0, "4": 3.0, "1": 0.1, "2": 1.0}, "params": {"0": {"alpha": 0.01}, "3": {"alpha": 2.0}, "4": {"alpha": 3.0}, "1": {"alpha": 0.1}, "2": {"alpha": 1.0}}, "rank_test_score": {"0": 1, "3": 4, "4": 5, "1": 2, "2": 3}, "best_a_choice": 0.01, "split0_test_score": {"0": 0.6987919732, "3": 0.6885523717, "4": 0.6870361358, "1": 0.6965228676, "2": 0.6909789216}}