{"AtoG": 0.026922195223009152, "CtoG": -1.1035050578710441, "TtoA": 0.38098101901887366, "GC_feature": -0.17340425548263066, "GtoT": 0.031962612598483285, "AtoC": -0.11211676014803974, "GtoA": -0.3814210931293975, "CtoA": -0.02814067173411174, "CtoT": -0.4256709371510476, "AtoT": 0.4539582324486709, "TtoG": -0.033556882611839, "GtoC": -1.1783817802357774, "TtoC": 0.002877824029620004}