{"TtoC": 0.20148932411354292, "TtoG": 0.07916416475039888, "GtoA": -0.42185960148926965, "GtoC": -0.940969568606851, "TtoA": 1.029410028069663, "AtoT": 1.0482173351711515, "AtoC": 0.0, "CtoA": 0.22334777685952648, "AtoG": 0.24691149869338866, "CtoG": -1.0106517133571875, "CtoT": -0.350686237958695, "GtoT": 0.0644459347084287}