{"Pos_1_G": 0.2776757915222586, "TtoA": 1.1901846251563448, "AtoG": 0.3359906919473262, "Pos_3_T": 0.0024888761279236653, "GtoA": -0.27672913779608593, "Pos_3_A": -0.046045294724001026, "Pos_0_T": 0.18072813594331183, "Pos_2_G": -0.18302335676331252, "Pos_1_A": 0.05411026560214485, "CtoA": 0.20676993266950108, "Pos_1_T": 0.0, "TtoG": 0.33492975756048393, "CtoT": -0.2839961221009081, "Pos_3_G": 0.0024969729240951364, "Pos_2_C": 0.15159644059003238, "Pos_2_T": 0.12869852349306732, "CtoG": -1.5909631526932115, "Pos_0_A": 0.041291869081863074, "Pos_1_C": -0.12960368597463043, "AtoT": 1.072486756482064, "Pos_0_G": -0.036471023773237556, "GtoC": -1.5548521465700234, "GtoT": 0.35048872019336996, "Pos_2_A": 0.0, "Pos_0_C": 0.0, "Pos_3_C": 0.0, "TtoC": 0.32239266067096506, "AtoC": 0.028976742433429663}