{"best_c_choice": 0.1, "split0_test_score": {"2": 0.7737285284, "3": 0.7737240089, "0": 0.7738220691, "1": 0.7736299925}, "param_penalty": {"2": "l1", "3": "l1", "0": "l1", "1": "l1"}, "params": {"2": {"penalty": "l1", "C": 10.0}, "3": {"penalty": "l1", "C": 100.0}, "0": {"penalty": "l1", "C": 0.1}, "1": {"penalty": "l1", "C": 1.0}}, "rank_test_score": {"2": 2, "3": 3, "0": 1, "1": 4}, "param_C": {"2": 10.0, "3": 100.0, "0": 0.1, "1": 1.0}}