{"Pos_20_A": 0.0, "Pos_41_T": 0.04171398629194916, "Pos_56_A": 0.008334345792819338, "Pos_21_G": 0.0, "CtoT": -0.46853612010757073, "Pos_44_A": 0.0, "Pos_38_A": 0.0, "Pos_50_A": 0.0, "Pos_17_C": -0.03550226022661397, "Pos_43_A": -0.0442059660760934, "Pos_54_T": 0.0, "CtoA": -0.006171423784030578, "Pos_33_C": 0.0, "Pos_41_A": 0.0, "Pos_2_T": -0.07133917199029202, "Pos_32_T": 0.0, "Pos_42_T": 0.21236258770380714, "Pos_0_G": -0.03017345084723337, "Pos_36_G": 0.0, "Pos_21_A": 0.0, "Pos_29_G": 0.3117655984769449, "Pos_4_G": -0.00029378751715986376, "Pos_14_G": 0.0, "Pos_39_A": -0.042930290082237574, "Pos_0_A": 0.02791370249640839, "Pos_13_T": 0.0, "Pos_37_G": 0.021307308128572875, "Pos_43_T": -0.04638751765769104, "Pos_1_G": -0.05521399351637928, "Pos_2_C": 0.0, "Pos_42_G": 0.0, "Pos_27_C": 0.0, "Pos_12_A": 0.0, "Pos_55_C": 0.0, "Pos_23_A": -0.0847264089702364, "Pos_21_C": -0.006020583856081603, "Pos_28_G": 0.0, "Pos_14_T": 0.0, "Pos_47_G": 0.0, "Pos_30_G": -0.06851884337275382, "Pos_4_C": 0.0, "Pos_2_G": 0.015078067333788884, "Pos_18_T": 0.013812144747939143, "Pos_53_G": -0.08256128312631066, "Pos_25_C": 0.1278614414937701, "Pos_22_T": 0.0, "Pos_45_A": 0.0, "Pos_13_A": 0.0, "Pos_56_G": -0.09638444502405466, "Pos_3_G": 0.0, "Pos_11_C": 0.0, "Pos_17_G": 0.0, "Pos_25_A": -0.0753819386016624, "TtoC": 0.0, "Pos_59_C": 0.0, "Pos_7_C": 0.024145647560760167, "Pos_37_T": 0.0, "Pos_51_A": 0.0, "Pos_10_G": -0.08059424387514158, "GtoC": -0.0726380089734249, "Pos_6_A": -0.033894587059092825, "Pos_7_G": 0.0, "Pos_30_T": 0.06560919598907394, "Pos_35_G": -0.08827109539938026, "Pos_16_C": 0.0, "Pos_58_A": 0.0, "Pos_59_A": 0.0, "Pos_44_G": 0.0, "Pos_10_A": -0.12889228714798118, "Pos_51_G": 0.0, "Pos_36_T": 0.0, "Pos_49_G": 0.0333716516789038, "Pos_28_C": 0.0, "Pos_52_A": 0.0, "Pos_18_A": -0.06717329172942198, "Pos_39_G": 0.0, "Pos_10_T": 0.0, "Pos_45_T": 0.04507449663265714, "Pos_19_G": -0.04904838982380895, "Pos_41_C": -0.016597700893294924, "Pos_52_C": 0.0, "Pos_30_A": -0.06866327942237313, "Pos_16_A": 0.0, "Pos_16_G": 0.05514721894103306, "Pos_32_C": -0.13130104042516214, "Pos_37_C": 0.0, "Pos_28_A": 0.0, "Pos_45_C": 0.0, "Pos_57_G": -0.04858598240934922, "Pos_12_C": -0.08628752002731627, "Pos_18_G": 0.0, "Pos_15_G": 0.0, "Pos_49_C": 0.0, "Pos_12_G": 0.0, "Pos_35_T": 0.0, "Pos_59_T": -0.035414889026379945, "Pos_35_A": 0.0, "Pos_0_T": 0.0, "Pos_17_T": 0.0, "GtoA": -0.301487664085492, "Pos_20_C": -0.1133469893161153, "Pos_43_C": 0.0, "Pos_32_A": 0.0, "Pos_1_A": 0.0, "Pos_33_A": 0.0, "Pos_40_A": 0.0, "Pos_24_G": -0.018399107064223513, "Pos_58_T": -0.029783666038393816, "CtoG": -0.5616794432756371, "Pos_13_G": -0.016028124114275757, "Pos_3_A": 0.18795803496004396, "Pos_27_A": -0.03946112717211449, "Pos_24_T": 0.01169960548334214, "Pos_5_C": 0.0, "Pos_48_T": 0.0, "Pos_32_G": 0.0, "TtoG": 0.0, "Pos_33_G": -0.04310643370190203, "Pos_19_C": 0.0, "Pos_5_A": 0.0, "Pos_47_C": -0.0901268022736856, "Pos_40_T": -0.03239432728976484, "Pos_46_G": 0.0, "Pos_6_C": 0.0, "Pos_29_A": 0.0, "Pos_15_T": 0.0, "Pos_38_G": 0.0, "Pos_40_C": 0.0, "Pos_12_T": 0.0, "Pos_57_C": 0.07002905711878586, "Pos_53_A": 0.0, "Pos_48_G": -0.09754831703896849, "Pos_56_T": 0.0, "Pos_22_C": 0.0, "Pos_8_T": -0.07797581038727323, "Pos_40_G": 0.08579804092554376, "Pos_3_C": 0.0, "Pos_44_C": -0.07549177802572915, "Pos_8_A": 0.0, "Pos_42_C": 0.0, "Pos_56_C": 0.0, "Pos_11_T": 0.0, "Pos_1_T": 0.0, "Pos_4_T": 0.0, "Pos_34_T": 0.025561535584040816, "Pos_20_T": 0.0, "Pos_19_A": -0.051674866055495206, "TtoA": 0.6485312051535225, "Pos_42_A": -0.07493222982844318, "Pos_50_G": -0.07939708836072783, "Pos_6_G": 0.0, "Pos_24_A": 0.0, "Pos_48_A": 0.0, "Pos_54_C": 0.0, "Pos_0_C": -0.1399449206650723, "AtoG": 0.0, "Pos_30_C": 0.0, "Pos_57_T": 0.0, "Pos_8_G": 0.08413887003591909, "Pos_51_T": 0.0, "Pos_9_C": 0.0, "Pos_31_G": -0.03190439314255497, "Pos_51_C": 0.12029443366052293, "Pos_20_G": 0.009414262186632319, "Pos_50_C": 0.0, "Pos_3_T": 0.0, "Pos_26_C": 0.0, "Pos_26_A": 0.0, "Pos_38_C": -0.1443339650548379, "Pos_35_C": 0.0, "Pos_37_A": -0.11295581831898382, "Pos_10_C": 0.05588440974748732, "Pos_28_T": 0.02861256761302759, "Pos_58_C": 0.0, "Pos_5_G": 0.0, "Pos_46_C": 0.0, "Pos_41_G": 0.0, "Pos_31_A": 0.0, "Pos_14_A": -0.013542570111810603, "Pos_52_T": 0.0, "Pos_16_T": 0.0, "Pos_55_G": 0.0, "Pos_18_C": 0.0, "Pos_22_G": 0.0, "Pos_38_T": 0.023449280596965074, "Pos_52_G": 0.17837725110841496, "Pos_39_C": 0.0, "Pos_47_A": 0.05550705971600671, "Pos_26_G": 0.08528369841844716, "Pos_43_G": 0.02679284378943025, "Pos_33_T": 0.09160616488861885, "Pos_50_T": 0.0, "Pos_4_A": 0.0, "Pos_13_C": 0.0, "Pos_55_A": -0.029145631061673942, "Pos_21_T": 0.06262774862910025, "Pos_53_C": 0.0, "Pos_9_G": 0.0, "Pos_6_T": 0.06947675614256292, "Pos_53_T": 0.023853907588154102, "Pos_31_T": 0.01724979440614848, "Pos_34_C": 0.0, "Pos_8_C": 0.0, "Pos_1_C": 0.07264207372467782, "Pos_25_T": 0.0, "Pos_27_G": 0.0, "Pos_2_A": 0.0, "Pos_5_T": 0.0, "Pos_36_C": 0.01284925979688766, "Pos_59_G": 0.0, "Pos_22_A": -0.021714159661109966, "GtoT": 0.0, "Pos_9_A": 0.0, "AtoT": 0.8256483086417017, "Pos_17_A": 0.0, "AtoC": 0.0, "Pos_36_A": -0.030852699356793207, "Pos_45_G": 0.0, "Pos_23_C": -0.06898587698301292, "Pos_14_C": 0.11864544810251078, "Pos_23_G": 0.0008844477224301546, "Pos_44_T": 0.11662178465342395, "Pos_15_A": 0.0, "Pos_39_T": 0.0, "Pos_47_T": 0.0, "Pos_23_T": 0.0, "Pos_15_C": -0.04454731558828671, "Pos_34_A": 0.0, "Pos_49_A": -0.02298884556152041, "Pos_31_C": 0.0, "Pos_19_T": 0.0, "Pos_46_A": 0.0, "Pos_11_A": -0.024487674995448072, "Pos_46_T": 0.0003535197126942196, "Pos_26_T": 0.0, "Pos_49_T": 0.0, "Pos_29_C": -0.17717083533931685, "Pos_48_C": 0.00383250379376037, "Pos_24_C": 0.0, "Pos_29_T": 0.0, "Pos_54_A": 0.0, "Pos_27_T": 0.1092811472695655, "Pos_55_T": 0.0, "Pos_11_G": 0.0, "Pos_54_G": 0.0, "Pos_9_T": 0.18185547735946056, "Pos_7_A": -0.07958199394047918, "Pos_25_G": 0.0, "Pos_57_A": 0.0, "Pos_7_T": 0.0, "Pos_34_G": 0.0, "Pos_58_G": 0.03754026704435499}