{"AtoG": 0.3362693836465213, "CtoT": -0.2531110862614529, "AtoT": 1.0288807732812513, "TtoG": 0.2556980095479661, "TtoA": 1.0595287650092873, "CtoA": 0.1604634417960005, "TtoC": 0.3474227138831691, "GtoA": -0.3259891243898715, "GtoC": -1.2780987495384784, "AtoC": 0.02452524463921757, "CtoG": -1.3365358348622345, "GtoT": 0.32458748868651527}