{"pos2": {"deviance": 4.025718792551563, "prob": 0.25870032378119023, "formula": "count ~ group * mut * base - group : mut : base", "stats": "{\"group\":{\"8\":\"1\",\"9\":\"1\",\"10\":\"1\",\"11\":\"1\",\"12\":\"1\",\"13\":\"1\",\"14\":\"1\",\"15\":\"1\",\"0\":\"2\",\"1\":\"2\",\"2\":\"2\",\"3\":\"2\",\"4\":\"2\",\"5\":\"2\",\"6\":\"2\",\"7\":\"2\"},\"mut\":{\"8\":\"M\",\"9\":\"M\",\"10\":\"M\",\"11\":\"M\",\"12\":\"R\",\"13\":\"R\",\"14\":\"R\",\"15\":\"R\",\"0\":\"M\",\"1\":\"M\",\"2\":\"M\",\"3\":\"M\",\"4\":\"R\",\"5\":\"R\",\"6\":\"R\",\"7\":\"R\"},\"base\":{\"8\":\"A\",\"9\":\"C\",\"10\":\"G\",\"11\":\"T\",\"12\":\"A\",\"13\":\"C\",\"14\":\"G\",\"15\":\"T\",\"0\":\"A\",\"1\":\"C\",\"2\":\"G\",\"3\":\"T\",\"4\":\"A\",\"5\":\"C\",\"6\":\"G\",\"7\":\"T\"},\"count\":{\"8\":584,\"9\":2187,\"10\":1818,\"11\":1135,\"12\":887,\"13\":1532,\"14\":1832,\"15\":1473,\"0\":4,\"1\":7,\"2\":9,\"3\":3,\"4\":3,\"5\":2,\"6\":9,\"7\":9},\"fitted\":{\"8\":585.1047186216,\"9\":2188.5612386715,\"10\":1817.7399867835,\"11\":1132.5940559234,\"12\":885.8952813784,\"13\":1530.4387613284,\"14\":1832.2600132165,\"15\":1475.4059440766,\"0\":2.8952813784,\"1\":5.4387613285,\"2\":9.2600132165,\"3\":5.4059440767,\"4\":4.1047186216,\"5\":3.5612386716,\"6\":8.7399867835,\"7\":6.5940559235},\"ret\":{\"8\":-0.0000960218,\"9\":-0.0001357823,\"10\":0.0000226233,\"11\":0.0002095439,\"12\":0.0000961725,\"13\":0.0001359,\"14\":-0.00002262,\"15\":-0.000209151,\"0\":0.0001124803,\"1\":0.0001536899,\"2\":-0.000022301,\"3\":-0.0001537028,\"4\":-0.0000818318,\"5\":-0.0001003935,\"6\":0.0000229549,\"7\":0.0002435622}}", "rel_entropy": 0.00017512262017363683, "df": 3}, "pos1": {"deviance": 5.878588136345607, "prob": 0.11766892753419973, "formula": "count ~ group * mut * base - group : mut : base", "stats": "{\"group\":{\"8\":\"1\",\"9\":\"1\",\"10\":\"1\",\"11\":\"1\",\"12\":\"1\",\"13\":\"1\",\"14\":\"1\",\"15\":\"1\",\"0\":\"2\",\"1\":\"2\",\"2\":\"2\",\"3\":\"2\",\"4\":\"2\",\"5\":\"2\",\"6\":\"2\",\"7\":\"2\"},\"mut\":{\"8\":\"M\",\"9\":\"M\",\"10\":\"M\",\"11\":\"M\",\"12\":\"R\",\"13\":\"R\",\"14\":\"R\",\"15\":\"R\",\"0\":\"M\",\"1\":\"M\",\"2\":\"M\",\"3\":\"M\",\"4\":\"R\",\"5\":\"R\",\"6\":\"R\",\"7\":\"R\"},\"base\":{\"8\":\"A\",\"9\":\"C\",\"10\":\"G\",\"11\":\"T\",\"12\":\"A\",\"13\":\"C\",\"14\":\"G\",\"15\":\"T\",\"0\":\"A\",\"1\":\"C\",\"2\":\"G\",\"3\":\"T\",\"4\":\"A\",\"5\":\"C\",\"6\":\"G\",\"7\":\"T\"},\"count\":{\"8\":1963,\"9\":1254,\"10\":1954,\"11\":553,\"12\":1235,\"13\":1714,\"14\":1306,\"15\":1469,\"0\":5,\"1\":3,\"2\":13,\"3\":2,\"4\":7,\"5\":7,\"6\":3,\"7\":6},\"fitted\":{\"8\":1960.7421976226,\"9\":1252.8635324818,\"10\":1957.5267316861,\"11\":552.8675382095,\"12\":1237.2578023774,\"13\":1715.1364675182,\"14\":1302.4732683139,\"15\":1469.1324617905,\"0\":7.2578023774,\"1\":4.1364675183,\"2\":9.4732683178,\"3\":2.1324617906,\"4\":4.7421976234,\"5\":5.8635324822,\"6\":6.5267316938,\"7\":5.8675382097},\"ret\":{\"8\":0.0001965462,\"9\":0.0000989197,\"10\":-0.0003065558,\"11\":0.0000115258,\"12\":-0.0001962538,\"13\":-0.0000988421,\"14\":0.0003072474,\"15\":-0.0000115239,\"0\":-0.0001621016,\"1\":-0.0000838428,\"2\":0.0003579415,\"3\":-0.0000111588,\"4\":0.0002371556,\"5\":0.0001078915,\"6\":-0.0002028782,\"7\":0.0000116535}}", "rel_entropy": 0.0002557242098636509, "df": 3}, "pos3": {"deviance": 8.875542872854204, "prob": 0.030992204806994255, "formula": "count ~ group * mut * base - group : mut : base", "stats": "{\"group\":{\"8\":\"1\",\"9\":\"1\",\"10\":\"1\",\"11\":\"1\",\"12\":\"1\",\"13\":\"1\",\"14\":\"1\",\"15\":\"1\",\"0\":\"2\",\"1\":\"2\",\"2\":\"2\",\"3\":\"2\",\"4\":\"2\",\"5\":\"2\",\"6\":\"2\",\"7\":\"2\"},\"mut\":{\"8\":\"M\",\"9\":\"M\",\"10\":\"M\",\"11\":\"M\",\"12\":\"R\",\"13\":\"R\",\"14\":\"R\",\"15\":\"R\",\"0\":\"M\",\"1\":\"M\",\"2\":\"M\",\"3\":\"M\",\"4\":\"R\",\"5\":\"R\",\"6\":\"R\",\"7\":\"R\"},\"base\":{\"8\":\"A\",\"9\":\"C\",\"10\":\"G\",\"11\":\"T\",\"12\":\"A\",\"13\":\"C\",\"14\":\"G\",\"15\":\"T\",\"0\":\"A\",\"1\":\"C\",\"2\":\"G\",\"3\":\"T\",\"4\":\"A\",\"5\":\"C\",\"6\":\"G\",\"7\":\"T\"},\"count\":{\"8\":1784,\"9\":1277,\"10\":881,\"11\":1782,\"12\":1368,\"13\":1468,\"14\":1287,\"15\":1601,\"0\":5,\"1\":1,\"2\":10,\"3\":7,\"4\":7,\"5\":5,\"6\":4,\"7\":7},\"fitted\":{\"8\":1782.1270020165,\"9\":1275.1679449824,\"10\":885.182173698,\"11\":1781.522879303,\"12\":1369.8729979835,\"13\":1469.8320550176,\"14\":1282.817826302,\"15\":1601.477120697,\"0\":6.8729979835,\"1\":2.8320550176,\"2\":5.817826302,\"3\":7.477120697,\"4\":5.1270020165,\"5\":3.1679449824,\"6\":8.182173698,\"7\":6.522879303},\"ret\":{\"8\":0.00016304,\"9\":0.0001595067,\"10\":-0.0003629962,\"11\":0.000041516,\"12\":-0.000162843,\"13\":-0.0001592929,\"14\":0.0003644496,\"15\":-0.0000415042,\"0\":-0.0001384037,\"1\":-0.0000905692,\"2\":0.0004712532,\"3\":-0.0000401569,\"4\":0.0001896401,\"5\":0.0001985187,\"6\":-0.0002490564,\"7\":0.0000429929}}", "rel_entropy": 0.000386094609050557, "df": 3}, "pos0": {"deviance": 1.3230050807882232, "prob": 0.7236776763939619, "formula": "count ~ group * mut * base - group : mut : base", "stats": "{\"group\":{\"8\":\"1\",\"9\":\"1\",\"10\":\"1\",\"11\":\"1\",\"12\":\"1\",\"13\":\"1\",\"14\":\"1\",\"15\":\"1\",\"0\":\"2\",\"1\":\"2\",\"2\":\"2\",\"3\":\"2\",\"4\":\"2\",\"5\":\"2\",\"6\":\"2\",\"7\":\"2\"},\"mut\":{\"8\":\"M\",\"9\":\"M\",\"10\":\"M\",\"11\":\"M\",\"12\":\"R\",\"13\":\"R\",\"14\":\"R\",\"15\":\"R\",\"0\":\"M\",\"1\":\"M\",\"2\":\"M\",\"3\":\"M\",\"4\":\"R\",\"5\":\"R\",\"6\":\"R\",\"7\":\"R\"},\"base\":{\"8\":\"A\",\"9\":\"C\",\"10\":\"G\",\"11\":\"T\",\"12\":\"A\",\"13\":\"C\",\"14\":\"G\",\"15\":\"T\",\"0\":\"A\",\"1\":\"C\",\"2\":\"G\",\"3\":\"T\",\"4\":\"A\",\"5\":\"C\",\"6\":\"G\",\"7\":\"T\"},\"count\":{\"8\":1568,\"9\":1183,\"10\":1672,\"11\":1301,\"12\":1234,\"13\":1525,\"14\":1368,\"15\":1597,\"0\":8,\"1\":2,\"2\":7,\"3\":6,\"4\":5,\"5\":5,\"6\":4,\"7\":9},\"fitted\":{\"8\":1568.7548538657,\"9\":1181.9625052814,\"10\":1672.9746485909,\"11\":1300.307992262,\"12\":1233.2451461343,\"13\":1526.0374947186,\"14\":1367.0253514091,\"15\":1597.692007738,\"0\":7.2451461343,\"1\":3.0374947186,\"2\":6.0253514091,\"3\":6.692007738,\"4\":5.7548538657,\"5\":3.9625052814,\"6\":4.9746485909,\"7\":8.307992262},\"ret\":{\"8\":-0.0000656579,\"9\":0.0000903036,\"10\":-0.0000847716,\"11\":0.000060222,\"12\":0.0000656938,\"13\":-0.0000902333,\"14\":0.0000848265,\"15\":-0.000060193,\"0\":0.0000689819,\"1\":-0.0000727137,\"2\":0.000091312,\"3\":-0.0000569799,\"4\":-0.0000611648,\"5\":0.0001011665,\"6\":-0.0000758867,\"7\":0.0000626465}}", "rel_entropy": 5.7551987158005185e-05, "df": 3}}