{"best_a_choice": 3.0, "param_alpha": {"4": 3.0, "0": 0.01, "2": 1.0, "3": 2.0, "1": 0.1}, "params": {"4": {"alpha": 3.0}, "0": {"alpha": 0.01}, "2": {"alpha": 1.0}, "3": {"alpha": 2.0}, "1": {"alpha": 0.1}}, "rank_test_score": {"4": 1, "0": 5, "2": 3, "3": 2, "1": 4}, "split0_test_score": {"4": 0.6774523952, "0": 0.6752144346, "2": 0.6767949935, "3": 0.6771579173, "1": 0.6760484813}}