{"Pos_0_G": -0.052615288936188956, "Pos_3_T": -0.02330591553281939, "Pos_2_T": 0.18099290758555828, "Pos_0_A": 0.03802738944509442, "TtoC": 0.38166378369773407, "Pos_3_A": 0.0, "Pos_0_T": 0.13709003704220182, "AtoC": 0.08063018505961354, "Pos_1_C": -0.20497598966831845, "Pos_2_G": -0.14899634718878602, "Pos_3_C": 0.07111680635898128, "Pos_2_C": 0.1137400821144062, "GtoA": -0.13448220152673288, "AtoT": 1.269135886163254, "Pos_1_T": 0.0, "AtoG": 0.41300471765469354, "Pos_2_A": 0.0, "TtoG": 0.31383681742862196, "Pos_3_G": 0.02751259857721605, "CtoT": -0.1640419444871724, "Pos_1_G": 0.2588790303634253, "GtoC": -1.9619671985744063, "CtoG": -1.8300361099740636, "CtoA": 0.32076804886007826, "Pos_0_C": 0.0, "Pos_1_A": 0.0771014243680031, "TtoA": 1.166274270852452, "GtoT": 0.4484979298757152}