{"param_penalty": {"0": "l1", "2": "l1", "3": "l1", "1": "l1"}, "params": {"0": {"C": 0.1, "penalty": "l1"}, "2": {"C": 10.0, "penalty": "l1"}, "3": {"C": 100.0, "penalty": "l1"}, "1": {"C": 1.0, "penalty": "l1"}}, "param_C": {"0": 0.1, "2": 10.0, "3": 100.0, "1": 1.0}, "rank_test_score": {"0": 4, "2": 2, "3": 3, "1": 1}, "split0_test_score": {"0": 0.7637744635, "2": 0.7669128522, "3": 0.7668880428, "1": 0.7669825094}, "best_c_choice": 1.0}