{"Pos_0:Pos_1:Pos_2_GGG": 0.0, "Pos_0:Pos_1_GC": -0.005176549046723203, "Pos_0:Pos_2:Pos_3_AGT": -0.007907623532835922, "Pos_1:Pos_2:Pos_3_AGG": 0.0, "Pos_0:Pos_1:Pos_2_GGT": 0.0, "Pos_0:Pos_1:Pos_3_CAT": 0.0, "Pos_1:Pos_2_TG": 0.0, "Pos_0:Pos_3_AG": 0.009488300469677614, "Pos_0:Pos_1:Pos_3_GTA": 0.0, "Pos_0:Pos_1:Pos_3_GAC": 0.0, "Pos_1:Pos_2:Pos_3_CGT": 0.0, "Pos_1:Pos_3_CC": 0.0, "Pos_1:Pos_2:Pos_3_TAC": -0.0207043387007536, "Pos_1:Pos_2_GG": 0.0, "Pos_0:Pos_1:Pos_3_CAG": 0.0, "Pos_0:Pos_2_CC": 0.0, "Pos_1:Pos_2:Pos_3_TAT": 0.0, "Pos_0:Pos_1:Pos_2_AGT": 0.0, "Pos_2:Pos_3_GT": 0.0, "Pos_1:Pos_3_TA": 0.0, "Pos_0:Pos_1:Pos_3_AAT": 0.0, "Pos_0:Pos_1:Pos_3_CTC": 0.0, "Pos_0:Pos_1:Pos_2_AGA": 0.0, "Pos_0:Pos_3_GT": 0.0, "Pos_1:Pos_2_AG": 0.0, "Pos_0:Pos_1:Pos_2_ACA": 0.0, "Pos_0:Pos_1:Pos_3_ATC": -0.009455162420160847, "Pos_1:Pos_2:Pos_3_ACT": 0.07200309386159205, "Pos_0:Pos_1:Pos_2_GTG": -0.08431231092663113, "Pos_0:Pos_1:Pos_2_CAG": 0.0, "Pos_0:Pos_1:Pos_2_TGC": 0.0, "Pos_0:Pos_2:Pos_3_TCT": 0.0, "Pos_0:Pos_1:Pos_3_TGA": 0.0, "Pos_0:Pos_1:Pos_2_GCT": 0.0, "Pos_1:Pos_2_CG": -0.02818740807865957, "Pos_0:Pos_1:Pos_3_GCA": -0.02118107384446447, "Pos_0:Pos_2:Pos_3_AAC": 0.0, "Pos_0:Pos_2_CG": -0.04884238705172529, "Pos_1:Pos_2:Pos_3_CTT": 0.0, "GtoC": -0.4131851678102494, "Pos_1:Pos_2:Pos_3_GAG": -0.047396384350650314, "Pos_0:Pos_1:Pos_3_CCG": 0.0, "Pos_0:Pos_1_AG": 0.027066873022236336, "Pos_1:Pos_2:Pos_3_TTT": 0.029198419562922098, "TtoC": 0.0, "Pos_0:Pos_2_TC": 0.0, "Pos_1:Pos_2:Pos_3_ATA": 0.0, "Pos_0:Pos_2:Pos_3_GGC": -0.07789434737012893, "Pos_0:Pos_1:Pos_3_GTT": 0.04845678418558026, "Pos_0:Pos_1:Pos_2_GAT": -0.08765270879242736, "Pos_0:Pos_2:Pos_3_GCG": 0.0, "Pos_0:Pos_3_AT": 0.0, "Pos_1:Pos_2:Pos_3_TGG": 0.0, "Pos_0:Pos_2:Pos_3_TCG": 0.0, "Pos_1:Pos_2:Pos_3_CAT": 0.0, "Pos_1:Pos_2:Pos_3_ATT": 0.0, "Pos_0:Pos_1:Pos_2_CGT": 0.05541090660563238, "Pos_1:Pos_2:Pos_3_CCA": 0.015400115867734597, "Pos_0:Pos_1_CA": 0.0, "Pos_0:Pos_1:Pos_3_GAA": 0.0, "Pos_0:Pos_1:Pos_2_TAT": 0.02176244173339406, "Pos_0:Pos_2:Pos_3_ACG": -0.016528302441753684, "Pos_2_A": 0.0, "Pos_0:Pos_1:Pos_2_CAC": 0.050280759145279796, "Pos_0:Pos_1:Pos_3_TTC": 0.0, "Pos_0:Pos_1:Pos_2_CCT": -0.007201440037459322, "Pos_0:Pos_1:Pos_3_AAA": 0.0, "Pos_2:Pos_3_AC": 0.0, "Pos_0:Pos_1:Pos_3_CGC": 0.0, "Pos_0:Pos_1_CG": -0.02278016875333724, "Pos_0:Pos_1:Pos_2_CGG": -0.004709658164466619, "Pos_1:Pos_2:Pos_3_ATC": -0.056743362450280485, "Pos_1:Pos_2_TT": 0.0, "Pos_0_A": 0.0, "Pos_0:Pos_1_CC": 0.0, "Pos_0:Pos_1_AA": 0.0, "Pos_0:Pos_1:Pos_3_AGG": 0.0, "Pos_1:Pos_2:Pos_3_GTG": 0.0, "Pos_0:Pos_2:Pos_3_ATA": -0.1171804835301299, "Pos_0:Pos_1:Pos_3_GAG": 0.0, "Pos_0:Pos_2_TG": 0.0, "Pos_0:Pos_2:Pos_3_GAA": 0.0, "Pos_0:Pos_2:Pos_3_GGG": -0.026836766195805623, "Pos_0:Pos_2:Pos_3_GCA": 0.0, "Pos_0:Pos_1:Pos_2_ATC": -0.02805980054806871, "Pos_0:Pos_1:Pos_3_AGT": 0.06466634980072676, "Pos_1:Pos_2:Pos_3_CTA": -0.020845384168141738, "Pos_2:Pos_3_TT": 0.0, "Pos_0:Pos_1:Pos_3_GGA": 0.060910972503818946, "Pos_0:Pos_1:Pos_3_GAT": -0.010593770905315552, "Pos_0:Pos_1_TG": 0.14083963154827553, "Pos_0:Pos_1:Pos_3_CGA": -0.0016318568311140416, "Pos_1:Pos_3_AT": 0.0, "Pos_0:Pos_2:Pos_3_CGT": 0.0, "Pos_0:Pos_2_GC": 0.0, "Pos_0:Pos_1:Pos_3_GGC": 0.10031705898056517, "Pos_1:Pos_2:Pos_3_CCT": -0.08091095987656127, "Pos_0:Pos_1:Pos_3_GTC": -0.024761398219134815, "Pos_0:Pos_1:Pos_2_CCC": 0.0, "Pos_0:Pos_2:Pos_3_AGC": 0.0, "Pos_0:Pos_1:Pos_3_CCC": -0.055881345393353855, "Pos_0:Pos_2:Pos_3_GAC": 0.0, "Pos_1:Pos_2:Pos_3_CTG": 0.0, "Pos_0:Pos_1:Pos_2_GTA": 0.0, "Pos_1:Pos_2:Pos_3_TCG": 0.0, "Pos_0:Pos_1:Pos_3_GCG": 0.0, "Pos_0:Pos_1:Pos_3_TCA": 0.0, "Pos_0:Pos_2_GG": 0.0, "Pos_0:Pos_2:Pos_3_CGA": -0.006199085192684725, "Pos_0:Pos_3_AA": 0.0, "Pos_0:Pos_2:Pos_3_GCC": 0.0, "CtoG": -0.3732783087914564, "Pos_0:Pos_1:Pos_3_CAC": 0.0, "Pos_0:Pos_1:Pos_2_AGG": 0.007438617664900808, "GC_feature": 0.0, "Pos_0:Pos_1:Pos_2_CGC": 0.0, "Pos_1:Pos_2:Pos_3_GCA": 0.0, "Pos_1:Pos_2:Pos_3_CTC": 0.0, "Pos_0:Pos_1:Pos_2_ACC": 0.0, "Pos_0:Pos_1:Pos_3_ATG": 0.024172736605335487, "Pos_0:Pos_3_TT": 0.0, "Pos_0:Pos_1:Pos_2_ATT": 0.0, "Pos_2_T": 0.0, "Pos_0:Pos_2:Pos_3_CTC": -0.020340610825510124, "Pos_0:Pos_1_TT": 0.0, "Pos_0:Pos_2:Pos_3_TCA": 0.04618317421066172, "Pos_0:Pos_1:Pos_3_CTG": 0.0, "GtoA": -0.35980658804078725, "Pos_0:Pos_1:Pos_2_GGA": 0.0, "Pos_0:Pos_2:Pos_3_TGG": 0.0, "CtoT": -0.45049469897660493, "Pos_1:Pos_2_CC": 0.0, "Pos_0:Pos_1:Pos_3_ATA": 0.0, "Pos_0:Pos_1:Pos_2_CTC": 0.0, "Pos_0:Pos_1:Pos_3_GCT": 0.0, "Pos_1:Pos_2:Pos_3_CAA": 0.0, "Pos_0:Pos_1:Pos_2_CGA": -0.018460576760945466, "Pos_3_T": 0.0, "Pos_0:Pos_2:Pos_3_CCC": 0.11090594776389591, "Pos_0:Pos_1:Pos_3_TTG": 0.0, "Pos_1:Pos_2:Pos_3_ACG": 0.0, "Pos_0:Pos_1_GA": 0.0, "Pos_0:Pos_1_AT": 0.0, "Pos_1:Pos_2:Pos_3_GTC": 0.02816076043002047, "Pos_1:Pos_2:Pos_3_CGG": -0.11534374690618748, "Pos_0:Pos_2:Pos_3_TTT": 0.0, "Pos_1:Pos_2:Pos_3_TTG": -0.08851383360724374, "Pos_0:Pos_2:Pos_3_CCA": 0.0, "Pos_0:Pos_2:Pos_3_AGG": 0.0, "Pos_1:Pos_2:Pos_3_TAA": -0.008304310486645969, "Pos_1:Pos_2:Pos_3_CCG": 0.0, "Pos_0_T": 0.0707095980179406, "Pos_0:Pos_1:Pos_2_GAG": 0.0, "Pos_0:Pos_1:Pos_2_ACT": 0.0, "Pos_0:Pos_1:Pos_3_CCT": 0.0, "Pos_0:Pos_1:Pos_3_GCC": -0.012929402062054859, "Pos_2_C": 0.0, "Pos_0:Pos_2:Pos_3_TTA": 0.0, "GtoT": 0.03803456676023999, "Pos_0:Pos_1:Pos_3_AAC": 0.0, "Pos_0:Pos_1:Pos_3_TTT": 0.019749805287418647, "Pos_2:Pos_3_CT": 0.0, "Pos_1:Pos_2_TC": 0.0, "Pos_0:Pos_2:Pos_3_CCG": 0.0, "Pos_0:Pos_3_CC": 0.0, "Pos_1:Pos_2:Pos_3_ACA": 0.0, "Pos_1:Pos_3_CA": 0.0, "Pos_0:Pos_1:Pos_2_AAA": 0.0, "Pos_1_G": 0.03355383786316746, "Pos_1:Pos_2:Pos_3_TGA": 0.0, "Pos_0:Pos_2:Pos_3_TAT": 0.0, "Pos_0:Pos_1_AC": 0.0, "Pos_0:Pos_1:Pos_2_TTC": 0.0, "Pos_0:Pos_2_GT": 0.0, "Pos_0:Pos_1:Pos_3_TTA": 0.0, "Pos_0:Pos_2:Pos_3_CAA": 0.0, "AtoT": 0.39213340500553845, "Pos_1:Pos_3_TG": 0.0, "Pos_0:Pos_2:Pos_3_CAG": 0.0, "Pos_0:Pos_1:Pos_2_ACG": 0.0, "Pos_0:Pos_2:Pos_3_AAT": 0.01591708044513735, "Pos_1:Pos_2:Pos_3_TTA": 0.030164541522226564, "Pos_0:Pos_1_CT": 0.0, "Pos_0:Pos_2:Pos_3_AGA": 0.0, "Pos_0:Pos_2:Pos_3_GTT": -0.021192999571345954, "Pos_3_C": 0.0, "Pos_0:Pos_1:Pos_2_AAG": 0.0, "Pos_0:Pos_2:Pos_3_TGA": 0.0, "Pos_0:Pos_1:Pos_3_TCT": 0.0, "AtoC": 0.01718777540985051, "Pos_0:Pos_1:Pos_3_GGT": 0.0, "Pos_0:Pos_2:Pos_3_CAT": -0.10366409107029226, "Pos_2:Pos_3_GG": 0.0, "Pos_0:Pos_1:Pos_3_GGG": 0.0, "Pos_1:Pos_2:Pos_3_GGT": -0.012432587028463038, "Pos_0:Pos_3_TA": 0.0, "Pos_2:Pos_3_CA": 0.0, "Pos_1:Pos_2:Pos_3_GGG": 0.0, "Pos_3_A": 0.0, "Pos_0:Pos_1:Pos_2_TCA": -0.036853088914196815, "Pos_1:Pos_2_GC": 0.0, "Pos_0:Pos_2:Pos_3_CTT": 0.0, "Pos_0:Pos_2:Pos_3_GAT": -0.018115179189377714, "Pos_0:Pos_1:Pos_3_CCA": 0.0, "Pos_0:Pos_3_GG": -0.044298814650487725, "Pos_0:Pos_2:Pos_3_GCT": 0.026539665553686975, "Pos_1:Pos_2:Pos_3_AAG": 0.0, "Pos_0:Pos_2:Pos_3_ATC": 0.0, "Pos_0:Pos_1:Pos_2_AGC": 0.0, "Pos_1:Pos_2:Pos_3_ATG": 0.030073586444255285, "Pos_0:Pos_2_AC": 0.0, "Pos_0:Pos_1:Pos_3_TCG": 0.0, "Pos_0:Pos_2:Pos_3_CAC": -0.025913688447172657, "Pos_0:Pos_2:Pos_3_TAG": -0.00977993374512528, "Pos_1:Pos_2:Pos_3_CGA": -0.08576622366682339, "Pos_1:Pos_2:Pos_3_CGC": 0.0, "Pos_0:Pos_1:Pos_2_TTT": 0.009007371710768373, "Pos_1:Pos_2:Pos_3_GCT": 0.0, "Pos_0:Pos_3_TG": 0.0, "Pos_1:Pos_3_GG": 0.0, "Pos_3_G": 0.0, "TtoA": 0.2737600552201404, "Pos_0:Pos_2:Pos_3_GGA": 0.0, "Pos_0:Pos_1:Pos_3_ACG": 0.0, "Pos_1:Pos_3_GT": 0.0, "Pos_1:Pos_2_CA": 0.0, "Pos_0:Pos_1:Pos_2_TAG": -0.12876299078698286, "AtoG": 0.0, "Pos_0:Pos_1:Pos_2_CTA": 0.0, "Pos_1:Pos_2:Pos_3_ACC": 0.0, "Pos_0:Pos_2:Pos_3_AAA": 0.0, "Pos_1_T": 0.0, "Pos_0:Pos_2_CA": 0.0, "Pos_0:Pos_1:Pos_3_ACC": 0.049937774407346106, "Pos_1:Pos_2_GT": 0.0, "Pos_0:Pos_1:Pos_3_CGG": -0.0658572202805132, "Pos_0:Pos_2:Pos_3_TAC": 0.0, "Pos_2:Pos_3_TA": 0.0, "Pos_0:Pos_3_CA": 0.0, "Pos_0:Pos_2:Pos_3_TTC": 0.0, "Pos_0:Pos_1_TA": 0.0, "Pos_1_A": 0.0, "Pos_0:Pos_1:Pos_2_CCA": 0.0, "Pos_0:Pos_1:Pos_2_TTA": 0.0, "Pos_0:Pos_1:Pos_3_TGG": 0.0, "Pos_1:Pos_3_TT": 0.037322684882946315, "Pos_0:Pos_1_GG": 0.0,