{"best_a_choice": 0.1, "param_alpha": {"0": 0.01, "4": 3.0, "1": 0.1, "3": 2.0, "2": 1.0}, "params": {"0": {"alpha": 0.01}, "4": {"alpha": 3.0}, "1": {"alpha": 0.1}, "3": {"alpha": 2.0}, "2": {"alpha": 1.0}}, "split0_test_score": {"0": 0.7695670418, "4": 0.7672553881, "1": 0.769593744, "3": 0.768899485, "2": 0.7694030135}, "rank_test_score": {"0": 2, "4": 5, "1": 1, "3": 4, "2": 3}}