{"split0_test_score": {"2": 0.7452995735, "0": 0.7451192282, "4": 0.7452995735, "3": 0.7452995735, "1": 0.7451192282}, "best_a_choice": 1.0, "param_alpha": {"2": 1.0, "0": 0.01, "4": 3.0, "3": 2.0, "1": 0.1}, "params": {"2": {"alpha": 1.0}, "0": {"alpha": 0.01}, "4": {"alpha": 3.0}, "3": {"alpha": 2.0}, "1": {"alpha": 0.1}}, "rank_test_score": {"2": 1, "0": 4, "4": 1, "3": 1, "1": 4}}