{"Pos_0:Pos_1:Pos_2_CAT": 0.0, "Pos_0:Pos_1:Pos_3_TTG": 0.0, "Pos_0:Pos_2:Pos_3_GAC": 0.0, "Pos_0:Pos_3_CA": 0.0, "Pos_0:Pos_2:Pos_3_TTT": 0.0, "Pos_2:Pos_3_AC": 0.0, "Pos_0:Pos_2:Pos_3_CTC": 0.0, "GtoA": -0.5155517831815585, "Pos_0:Pos_2:Pos_3_GTC": 0.11529123511189952, "Pos_1:Pos_3_TA": 0.0, "Pos_2:Pos_3_GA": -0.14516424616281876, "Pos_1:Pos_2:Pos_3_GGA": -0.022027379520660122, "Pos_1:Pos_2:Pos_3_ATC": 0.0, "Pos_0:Pos_2:Pos_3_AGG": 0.0, "Pos_0:Pos_1:Pos_3_TCG": 0.026835498074046643, "Pos_2:Pos_3_GC": 0.0, "Pos_0:Pos_1:Pos_2_CCT": 0.003943522270389743, "Pos_0:Pos_1:Pos_2_CAA": 0.0, "Pos_0:Pos_1:Pos_2_CGC": 0.007202595831228258, "Pos_2:Pos_3_CA": 0.1452500028164595, "Pos_1:Pos_2:Pos_3_GCC": 0.0, "TtoA": 0.9506958717688163, "Pos_0:Pos_2:Pos_3_GCG": 0.0, "Pos_0:Pos_1:Pos_2_AAT": 0.0, "Pos_0:Pos_1:Pos_3_AAC": 0.0, "Pos_0:Pos_1:Pos_2_TAC": 0.0, "Pos_0:Pos_1:Pos_2_GAG": 0.029331824218917127, "Pos_0:Pos_1:Pos_3_GGG": 0.06600956468766196, "Pos_0:Pos_1:Pos_2_TCA": 0.0, "Pos_0:Pos_3_GT": -0.019754727943503244, "Pos_1:Pos_2:Pos_3_CAT": 0.0, "Pos_2:Pos_3_TT": 0.07816643867383292, "Pos_0:Pos_1:Pos_3_CTC": 0.0, "Pos_0:Pos_2_AA": 0.0, "Pos_0:Pos_1:Pos_2_CAC": 0.0, "Pos_0:Pos_1:Pos_2_CGT": 0.0, "Pos_0:Pos_1:Pos_3_TGT": 0.0, "Pos_0:Pos_1:Pos_3_ATC": 0.0, "Pos_0:Pos_1:Pos_2_CTC": 0.0, "Pos_0:Pos_1:Pos_3_CTA": 0.0, "Pos_1:Pos_2:Pos_3_GTC": 0.06317337305971651, "CtoG": -1.9243550253669144, "Pos_0:Pos_1:Pos_2_GGA": 0.0, "Pos_0:Pos_2:Pos_3_ACA": 0.0, "Pos_0:Pos_2:Pos_3_CGC": 0.0, "Pos_1:Pos_2_TG": 0.0, "Pos_1:Pos_2_AC": 0.0, "Pos_1:Pos_2:Pos_3_AAC": 0.14117464451233006, "Pos_0:Pos_1:Pos_2_CAG": 0.0, "Pos_1:Pos_2:Pos_3_CAA": 0.0, "Pos_1_T": 0.0, "Pos_0:Pos_1:Pos_2_ATC": 0.054018822186993554, "Pos_0:Pos_2:Pos_3_ATC": 0.0, "Pos_0:Pos_2:Pos_3_GAA": 0.0, "Pos_1:Pos_2_AA": 0.14776430369180302, "Pos_0:Pos_2:Pos_3_TCA": 0.0, "Pos_0:Pos_1:Pos_3_TAT": 0.0, "Pos_1:Pos_2:Pos_3_GAA": 0.0, "Pos_0_T": 0.13868765711503628, "Pos_1:Pos_2:Pos_3_GAT": 0.1006205098827852, "Pos_1_A": 0.0, "Pos_0:Pos_1:Pos_3_TCT": 0.0, "Pos_0:Pos_2:Pos_3_GGG": 0.0, "Pos_0:Pos_1:Pos_3_AAG": 0.0, "Pos_0:Pos_2:Pos_3_GGT": 0.0, "Pos_0:Pos_1:Pos_3_CAA": 0.0, "Pos_0:Pos_1:Pos_2_TCG": 0.0, "Pos_0:Pos_3_TC": 0.05099843143754677, "Pos_0:Pos_1:Pos_3_TGC": 0.0, "Pos_1:Pos_2:Pos_3_TGT": 0.0, "Pos_1:Pos_2:Pos_3_TTG": 0.0, "Pos_0:Pos_1:Pos_2_CTG": 0.030676167742343174, "Pos_0:Pos_2:Pos_3_TAA": 0.0, "Pos_0:Pos_2:Pos_3_GCC": 0.0, "Pos_0:Pos_1:Pos_2_GCT": 0.0, "Pos_1:Pos_2:Pos_3_ACT": 0.12425663396889802, "Pos_0:Pos_1:Pos_2_ACA": 0.0, "Pos_1:Pos_2:Pos_3_ACC": 0.0, "Pos_1:Pos_2:Pos_3_GTG": -0.044333525259712736, "Pos_0:Pos_3_AC": 0.0, "Pos_0:Pos_2_GT": 0.0, "Pos_0:Pos_1:Pos_3_CTT": 0.0, "Pos_0:Pos_1:Pos_3_TCA": 0.0, "GtoC": -1.8521798892018244, "Pos_1:Pos_2:Pos_3_ACA": 0.0, "Pos_2:Pos_3_CG": 0.0, "Pos_0:Pos_1:Pos_3_ACG": 0.0, "Pos_0:Pos_1:Pos_2_TGG": 0.0, "Pos_0:Pos_1:Pos_2_GAT": -0.15140159228100783, "Pos_1:Pos_2:Pos_3_TTC": -0.05398454213244905, "Pos_0:Pos_1:Pos_2_TAT": 0.0, "Pos_1:Pos_2:Pos_3_CAG": 0.0, "Pos_0:Pos_2:Pos_3_AGT": 0.0, "Pos_1:Pos_2:Pos_3_TAT": 0.0, "Pos_1:Pos_2:Pos_3_CTC": 0.0, "Pos_0:Pos_2:Pos_3_GAT": 0.0, "Pos_1:Pos_2_GG": 0.0, "Pos_0:Pos_1:Pos_3_TGG": 0.0, "Pos_0:Pos_1:Pos_3_TTC": 0.0699819544975996, "Pos_0:Pos_1:Pos_2_TGT": -0.02405192198865264, "Pos_0:Pos_2_AC": 0.0, "Pos_0:Pos_1:Pos_2_CCC": 0.0, "Pos_0:Pos_2:Pos_3_ACT": 0.05861274197669242, "Pos_1:Pos_2:Pos_3_CTG": 0.0, "Pos_0:Pos_2:Pos_3_AGA": 0.0, "Pos_0:Pos_1:Pos_3_GAG": 0.0, "Pos_1:Pos_2:Pos_3_AAA": 0.0, "Pos_0:Pos_2:Pos_3_CCC": 0.0, "AtoT": 0.8676925917597469, "Pos_0:Pos_1:Pos_2_GTG": 0.0, "Pos_1:Pos_2:Pos_3_CTA": 0.02276461571042935, "Pos_2_A": 0.0, "Pos_1:Pos_3_GC": 0.1081892874391739, "Pos_1:Pos_2:Pos_3_CCT": 0.0, "Pos_1:Pos_2:Pos_3_CGT": 0.0, "Pos_0:Pos_1:Pos_2_GAC": 0.0, "Pos_0:Pos_1_TA": 0.0, "Pos_0:Pos_1:Pos_3_TTA": 0.0, "Pos_0:Pos_2_CC": 0.03687746730701812, "Pos_0:Pos_2_TT": 0.002878931661555069, "Pos_0:Pos_2:Pos_3_GAG": 0.045811105750299716, "Pos_1:Pos_2:Pos_3_ATT": 0.0, "Pos_1:Pos_2:Pos_3_GCT": 0.0, "Pos_1:Pos_3_GA": 0.0, "Pos_0:Pos_1:Pos_2_AGG": 0.0, "Pos_0:Pos_2:Pos_3_CGA": 0.0, "Pos_0:Pos_1:Pos_2_AAC": 0.0, "Pos_0:Pos_1:Pos_2_CCA": 0.0, "Pos_0:Pos_2:Pos_3_TTC": 0.07586256576032697, "Pos_1:Pos_2:Pos_3_GAG": 0.0, "Pos_2:Pos_3_GT": -0.0689878373970839, "Pos_0:Pos_1_CG": -0.2992836696911157, "Pos_1:Pos_3_TC": 0.0, "Pos_0:Pos_2:Pos_3_ACG": 0.0, "Pos_0:Pos_2:Pos_3_CAA": 0.0, "Pos_0:Pos_1:Pos_2_ACT": 0.0, "Pos_0:Pos_1:Pos_3_CTG": 0.0, "Pos_0:Pos_1:Pos_3_TAC": 0.0, "Pos_0:Pos_1:Pos_3_GGA": 0.0, "Pos_1:Pos_3_CG": 0.0, "Pos_0:Pos_2:Pos_3_CGT": 0.07088025988547854, "Pos_1:Pos_2:Pos_3_TTT": 0.05270107400837466, "Pos_0:Pos_2:Pos_3_CCT": 0.0, "Pos_0:Pos_1:Pos_3_GTG": 0.0, "Pos_0:Pos_2:Pos_3_TAG": 0.022182160392645933, "Pos_0:Pos_2_CG": 0.05005800061664568, "Pos_1:Pos_2:Pos_3_GGT": 0.0, "AtoG": 0.11254921207661202, "Pos_0:Pos_2:Pos_3_GCT": 0.0, "Pos_0:Pos_1:Pos_3_AGC": 0.0023731237889098476, "Pos_1:Pos_2:Pos_3_CTT": 0.0, "Pos_0:Pos_1:Pos_3_CCG": 0.0026347129985396602, "Pos_0:Pos_1:Pos_3_AGA": 0.0, "Pos_0:Pos_1:Pos_3_ATG": 0.0, "Pos_0:Pos_2:Pos_3_GGA": 0.0, "Pos_0:Pos_1:Pos_3_CAC": 0.0, "Pos_2:Pos_3_GG": 0.0375436539673095, "Pos_0:Pos_2:Pos_3_GTG": 0.0, "Pos_1:Pos_2:Pos_3_ATA": -0.09350968071137446, "Pos_0:Pos_1:Pos_3_GTA": 0.0, "Pos_1:Pos_2:Pos_3_TCT": 0.0627714502359982, "Pos_1:Pos_3_CA": 0.0, "Pos_0:Pos_1:Pos_2_TTA": 0.0, "Pos_0:Pos_2:Pos_3_AAA": 0.0, "Pos_0:Pos_1:Pos_2_ACC": 0.0, "TtoG": 0.18278627520930918, "Pos_1:Pos_3_CT": -0.06415909290171755, "Pos_0:Pos_2:Pos_3_AAG": 0.0, "Pos_1:Pos_2:Pos_3_CCA": 0.0, "Pos_0:Pos_2_GA": 0.0, "Pos_0:Pos_1_AG": 0.09306479392827224, "Pos_0:Pos_1:Pos_2_ATA": 0.0, "Pos_0:Pos_1:Pos_3_AAA": 0.0, "Pos_0:Pos_2:Pos_3_ATA": 0.0, "Pos_0:Pos_1:Pos_2_GCC": 0.0, "Pos_2_G": -0.007141338910620629, "Pos_1:Pos_2:Pos_3_GGG": 0.0, "Pos_2_C": 0.1251564264527588, "Pos_0:Pos_1:Pos_3_CCA": 0.0, "Pos_0:Pos_1:Pos_3_CAG": 0.0, "Pos_0:Pos_1:Pos_3_GCC": 0.0004138900528512253, "Pos_0:Pos_3_CC": 0.0, "Pos_0:Pos_1_TC": -0.0568947959914787, "Pos_0:Pos_1_CT": 0.0, "Pos_0:Pos_1:Pos_3_CCC": -0.07606198801777359, "Pos_0:Pos_2:Pos_3_TCG": 0.0, "Pos_0:Pos_1:Pos_3_TTT": 0.0030708034903604285, "Pos_1:Pos_2:Pos_3_CGA": 0.0, "Pos_1:Pos_2_TC": 0.0, "Pos_0:Pos_1:Pos_3_AAT": 0.11900415288097059, "Pos_3_G": 0.0, "Pos_2:Pos_3_CT": 0.01772617781660086, "Pos_0:Pos_1:Pos_2_GAA": -0.001205436860913979, "Pos_0:Pos_1:Pos_2_GCG": 0.0, "Pos_0:Pos_3_CT": 0.0, "Pos_1:Pos_2:Pos_3_TCC": 0.042019821651920204, "Pos_0:Pos_2_TG": -0.0045680815364163305, "Pos_0:Pos_2:Pos_3_TGA": 0.0, "Pos_0:Pos_3_TA": 0.0, "Pos_0:Pos_2:Pos_3_AAC": 0.0, "Pos_1:Pos_2:Pos_3_TCA": 0.0, "Pos_0:Pos_1:Pos_3_GGC": 0.0, "Pos_0:Pos_2_CT": 0.0, "Pos_1:Pos_2_CT": 0.10788563765974055, "Pos_0:Pos_1:Pos_2_AGT": 0.10838167988154049, "Pos_0:Pos_2:Pos_3_TCC": 0.0, "Pos_2:Pos_3_TC": 0.0, "Pos_1:Pos_3_GT": 0.030103925774518103, "Pos_0:Pos_1:Pos_3_CGA": -0.053012362566085054, "Pos_1:Pos_2:Pos_3_TAG": 0.0, "Pos_0:Pos_3_GG": 0.0, "Pos_1:Pos_3_AG": 0.0, "GtoT": 0.1324995685315404, "Pos_1:Pos_3_GG": 0.0, "Pos_1:Pos_2:Pos_3_CCG": 0.027785307367508248, "Pos_1:Pos_2:Pos_3_ACG": -0.11579041966175924, "Pos_0:Pos_1_GT": 0.0, "Pos_0:Pos_1_AT": 0.0, "Pos_1:Pos_2_AT": 0.0, "Pos_0:Pos_2:Pos_3_GCA": 0.0, "Pos_0:Pos_1_AA": 0.0, "Pos_0:Pos_1:Pos_2_TTT": 0.08463749049247031, "Pos_0:Pos_1:Pos_2_AAA": 0.0, "Pos_1:Pos_2_TA": -0.1530983971131333, "Pos_0:Pos_1:Pos_3_ACC": 0.20917058033392877, "AtoC": -0.15401937542961766, "Pos_0:Pos_2_GG": 0.0, "Pos_0:Pos_2:Pos_3_CCA": 0.0, "Pos_1:Pos_3_AC": 0.0, "Pos_1:Pos_2_TT": 0.0, "Pos_0:Pos_1:Pos_2_GGT": 0.0, "Pos_1:Pos_2:Pos_3_AGA": 0.09936355366062137, "Pos_2:Pos_3_TA": 0.0, "Pos_1:Pos_2_CG": -0.04557100428027896, "Pos_0:Pos_1:Pos_2_TAA": 0.0, "Pos_1:Pos_2:Pos_3_AGC": 0.0, "Pos_0:Pos_1:Pos_3_AGG": 0.0, "Pos_1:Pos_3_TG": 0.0, "Pos_0:Pos_1:Pos_3_GAA": 0.0, "Pos_1_G": 0.21096666689310625, "Pos_0:Pos_3_TT": 0.0, "Pos_0:Pos_2:Pos_3_ATG": 0.0, "Pos_0:Pos_1_AC": -0.15168632539951676, "Pos_1:Pos_2:Pos_3_TTA": 0.0, "Pos_0:Pos_2:Pos_3_ATT": 0.07918586940451332, "Pos_0:Pos_1_CA": 0.023773597809122676,