{"Pos_2_A": 0.0, "Pos_17_A": -0.037211107240601254, "Pos_36_G": 0.0, "Pos_12_T": 0.0983347678434955, "Pos_6_G": 0.0, "Pos_0_G": 0.0, "Pos_45_A": -0.010223016754781942, "Pos_22_C": 0.10248606186349347, "Pos_14_C": 0.03307414525366474, "Pos_51_T": 0.036024285082123186, "Pos_31_T": 0.09159854320630241, "Pos_22_G": 0.0, "Pos_4_G": 0.0, "Pos_8_T": -0.023538388478194713, "Pos_15_A": 0.023455551542346426, "Pos_9_A": 0.04700447378477542, "Pos_11_G": 0.05914653626142422, "Pos_24_A": 0.004311746111894891, "Pos_7_A": -0.03680212536670172, "Pos_18_T": 0.05433294745463743, "Pos_58_G": 0.03506080204377178, "Pos_21_C": 0.0, "Pos_32_C": 0.0, "Pos_53_C": 0.0, "Pos_50_A": 0.023494492653373666, "Pos_25_C": 0.04195856579447773, "Pos_4_C": 0.025745951143867848, "CtoT": -0.4633027185739633, "Pos_59_G": -0.01959193237792996, "Pos_10_T": 0.06910708263924972, "Pos_31_A": 0.0, "Pos_18_G": -0.025908780327730477, "Pos_7_C": 0.036624443403925164, "Pos_56_A": 0.0841691198932524, "Pos_54_C": 0.051798648301554936, "Pos_9_G": -0.024078956120688746, "Pos_46_G": 0.10445984533410262, "Pos_21_G": -0.0317870590356733, "Pos_38_C": -0.023607781189763276, "Pos_15_C": -0.04951100869509191, "Pos_57_A": 0.0, "Pos_43_T": 0.0, "Pos_12_G": 0.0, "Pos_31_C": 0.016672722218605752, "Pos_23_A": -0.04134463272613352, "Pos_1_C": 0.09383703391668849, "Pos_5_T": 0.03031211098869563, "Pos_10_G": 0.0, "Pos_43_G": 0.04346611129966473, "Pos_23_T": 0.031417351626627316, "Pos_18_A": 0.03720444541209568, "Pos_25_A": -0.06575408371394661, "Pos_54_G": 0.0, "Pos_29_G": 0.2450098819868743, "Pos_56_G": 0.0, "Pos_35_C": -0.024146682310622884, "Pos_56_C": -0.060348594800046854, "Pos_25_T": 0.07209442493670329, "Pos_5_G": 0.0793365505374483, "Pos_53_G": -0.05474252591458294, "Pos_47_T": 0.04198968325504661, "Pos_27_G": 0.0, "Pos_20_G": 0.06222116170825161, "Pos_51_G": -0.01800051826517782, "Pos_27_C": -0.03719084060720445, "Pos_17_G": 0.03210344508842492, "Pos_26_A": 0.0, "Pos_0_A": 0.036157722716343946, "Pos_57_G": -0.05289758078264136, "Pos_22_A": -0.019832045863353076, "Pos_3_C": -0.03575731275445205, "Pos_59_C": 0.0, "Pos_16_G": 0.0, "Pos_38_A": 0.04163859018092959, "Pos_48_G": 0.0, "Pos_52_C": -0.03022269538762906, "Pos_48_A": -0.04805175814007134, "Pos_53_A": 0.026768711167586872, "Pos_15_G": 0.0, "Pos_1_T": 0.0589755373822356, "Pos_13_C": 0.06588104110366075, "Pos_53_T": 0.0621113097211829, "Pos_33_G": -0.1276889372659625, "Pos_45_C": 0.08659909942356318, "Pos_35_G": 0.0, "Pos_16_A": -0.013427168629825466, "Pos_0_T": 0.058142400439693286, "Pos_6_T": 0.07171387268483796, "Pos_51_A": 0.0, "Pos_58_C": 0.0, "Pos_14_A": -0.018408302765039023, "Pos_2_G": 0.10025359228131397, "Pos_38_G": 0.0, "AtoT": 0.8954551708877435, "Pos_12_A": 0.04607484878475751, "Pos_25_G": 0.0, "Pos_4_T": 0.024702429864736475, "Pos_3_T": 0.010271569401196922, "Pos_47_G": -0.007327512723652763, "Pos_44_C": -0.03128049257406311, "Pos_48_T": 0.039775717685164184, "Pos_33_T": 0.1019140840902847, "Pos_18_C": 0.0, "Pos_55_T": 0.03478891502879781, "Pos_59_T": 0.0, "Pos_20_T": 0.013777865680433371, "Pos_26_T": 0.0488700161643776, "Pos_59_A": 0.07207363732485025, "Pos_8_C": 0.0, "Pos_11_T": 0.003092016452602562, "TtoC": 0.11689483772325406, "Pos_20_A": -0.027261472505130592, "Pos_2_T": -0.006321831096261569, "Pos_39_G": 0.0, "Pos_30_G": -0.13230944161516991, "Pos_28_G": 0.0, "Pos_35_T": 0.06464316618240598, "Pos_55_A": -0.03206039366423177, "Pos_20_C": 0.0, "Pos_26_C": -0.022160560817784492, "Pos_23_C": 0.0, "Pos_17_C": 0.0, "Pos_37_A": 0.0, "Pos_49_C": 0.044064030061238095, "Pos_32_G": -0.006728126480302221, "Pos_55_C": 0.0, "Pos_27_A": 0.022413975473286975, "Pos_56_T": 0.0022295426669698935, "Pos_12_C": -0.023376033156130814, "Pos_26_G": 0.07541673444653162, "Pos_31_G": -0.027730036720796422, "Pos_40_G": 0.027553099269139462, "Pos_19_A": 0.0, "Pos_13_G": -0.04287233013659776, "Pos_33_C": 0.0, "Pos_16_C": 0.0458715008095961, "Pos_50_T": 0.034671466478773054, "Pos_34_A": -0.02926785585856983, "Pos_5_A": 0.0, "Pos_49_A": -0.03534516089929941, "Pos_19_G": -0.03485622052594964, "Pos_2_C": 0.02728081044943984, "TtoG": 0.08760733262202926, "Pos_3_G": 0.0, "Pos_39_C": 0.014548740006476605, "Pos_28_T": 0.16050741626679937, "Pos_44_A": 0.06504775449299394, "Pos_39_T": 0.02899618732584481, "Pos_37_G": 0.14068845762145532, "Pos_40_T": 0.0, "Pos_30_T": 0.09349753394798183, "Pos_6_C": -0.0256830451631552, "Pos_52_A": 0.0, "GtoC": -1.9272006351875117, "Pos_8_G": 0.03685557442822597, "Pos_46_C": -0.0036593415482431995, "Pos_58_T": 0.0, "Pos_52_G": 0.0987425230637979, "Pos_21_A": 0.03819218396980871, "Pos_7_T": 0.01740896710698451, "Pos_32_T": 0.06135432541376574, "Pos_43_C": 0.013811933378928769, "Pos_47_C": 0.0, "Pos_14_G": 0.11139051220596861, "Pos_11_A": -0.014677345889362413, "Pos_40_C": 0.027861488877394005, "Pos_42_T": 0.1542006530407945, "Pos_29_A": 0.04354908030034665, "Pos_49_T": 0.0, "Pos_11_C": 0.0, "Pos_55_G": 0.10786509134406015, "Pos_19_C": 0.1037504691545274, "AtoG": 0.07842829865888111, "Pos_21_T": 0.058626811786361185, "Pos_22_T": 0.1531287283080642, "Pos_44_T": 0.06515375144761412, "Pos_19_T": 0.14571507567149095, "Pos_34_C": 0.0, "Pos_33_A": 0.0, "Pos_32_A": 0.1150900268046116, "AtoC": -0.1573330403333733, "Pos_14_T": 0.0, "Pos_42_C": 0.15533096661036427, "Pos_30_C": 0.12218183318039735, "Pos_50_C": -0.042950794813544545, "Pos_39_A": -0.027577835594457954, "Pos_3_A": 0.06691423265958944, "Pos_48_C": 0.048907939150651135, "Pos_9_T": 0.041423722587253575, "Pos_43_A": -0.03780999552624222, "Pos_34_G": 0.036236242445743104, "Pos_45_T": 0.11283337125707582, "Pos_23_G": 0.05663517997815012, "Pos_45_G": 0.0, "Pos_34_T": 0.025401729799539686, "Pos_30_A": 0.0, "Pos_42_A": 0.0, "Pos_10_A": -0.020915053112958923, "Pos_57_C": 0.020581055858064346, "Pos_49_G": 0.06681771829910889, "GtoT": 0.187312612851117, "Pos_28_A": 0.09564967119850454, "Pos_6_A": 0.07609326153822249, "Pos_17_T": 0.010610150534750529, "Pos_1_A": 0.0, "Pos_41_T": 0.021318051280344953, "Pos_5_C": -0.01384045007245361, "Pos_52_T": 0.0, "Pos_27_T": 0.15817520867104762, "Pos_47_A": 0.036582024416529905, "Pos_29_C": -0.14916400072032449, "Pos_46_A": 0.0, "Pos_24_C": 0.0, "GtoA": -0.4827394924027447, "Pos_44_G": 0.0, "Pos_58_A": -0.05495676403568858, "TtoA": 0.955205341248661, "Pos_8_A": 0.0, "Pos_16_T": 0.06785316462286095, "Pos_37_T": -0.015719199969590533, "Pos_42_G": -0.0037645482133862327, "Pos_40_A": -0.012138533835987347, "Pos_51_C": 0.12269391317067382, "Pos_54_T": 0.07643902342313964, "Pos_29_T": 0.0, "Pos_7_G": 0.0, "Pos_13_A": 0.0, "Pos_10_C": 0.057473175074045785, "Pos_36_T": 0.07759035816544578, "Pos_24_T": 0.04529509193745359, "Pos_41_A": 0.02998458294199476, "Pos_24_G": -0.05724012115242165, "Pos_4_A": -0.013911188542004044, "Pos_54_A": 0.0, "Pos_0_C": -0.015715645067866924, "CtoG": -2.0186958364343264, "Pos_57_T": 0.03224237309979473, "Pos_1_G": -0.015917016497266998, "Pos_46_T": 0.03821793644487033, "Pos_9_C": -0.011104022643145044, "Pos_50_G": 0.0, "Pos_37_C": 0.045968189659738666, "CtoA": 0.0, "Pos_36_A": -0.020363611716235363, "Pos_36_C": 0.09551406926079073, "Pos_35_A": 0.08153351640979227, "Pos_41_C": -0.03283805084916414, "Pos_38_T": 0.07647052344351368, "Pos_28_C": -0.051943945020830745, "Pos_13_T": 0.09710596732152833, "Pos_15_T": 0.02987039792171598, "Pos_41_G": 0.0}