{"param_C": {"0": 0.1, "3": 100.0, "2": 10.0, "1": 1.0}, "split0_test_score": {"0": 0.8161342367, "3": 0.8156997748, "2": 0.8157097652, "1": 0.8158441594}, "rank_test_score": {"0": 1, "3": 4, "2": 3, "1": 2}, "param_penalty": {"0": "l1", "3": "l1", "2": "l1", "1": "l1"}, "params": {"0": {"C": 0.1, "penalty": "l1"}, "3": {"C": 100.0, "penalty": "l1"}, "2": {"C": 10.0, "penalty": "l1"}, "1": {"C": 1.0, "penalty": "l1"}}, "best_c_choice": 0.1}