{"AtoC": -0.062008983089756026, "AtoG": 0.22787531381410167, "TtoG": 0.12558889638216109, "GtoT": 0.04608818197552163, "CtoG": -1.2663391304849427, "CtoT": -0.27571847294601964, "GC_feature": -0.13900277787767645, "GtoC": -0.9575938339802557, "CtoA": 0.12659165868451533, "TtoA": 0.526423711672276, "TtoC": 0.3519429596752057, "GtoA": -0.3824765507132559, "AtoT": 0.4988210242389316}