{"best_c_choice": 100.0, "params": {"0": {"C": 0.1, "penalty": "l1"}, "2": {"C": 10.0, "penalty": "l1"}, "1": {"C": 1.0, "penalty": "l1"}, "3": {"C": 100.0, "penalty": "l1"}}, "param_C": {"0": 0.1, "2": 10.0, "1": 1.0, "3": 100.0}, "rank_test_score": {"0": 3, "2": 2, "1": 4, "3": 1}, "split0_test_score": {"0": 0.7710882113, "2": 0.7712764289, "1": 0.7702647594, "3": 0.7713077985}, "param_penalty": {"0": "l1", "2": "l1", "1": "l1", "3": "l1"}}