{"Pos_0:Pos_3_CA": 0.06067212379715337, "Pos_3_A": 0.0, "Pos_0:Pos_3_GT": 0.0, "Pos_2:Pos_3_TT": 0.09099547667691388, "Pos_0:Pos_2_TC": 0.03765008429985858, "Pos_0:Pos_2_AT": -0.1079904895176005, "Pos_0:Pos_3_TG": 0.02413623554348398, "Pos_2:Pos_3_CC": 0.0, "TtoA": 0.354412068761197, "Pos_1:Pos_2_CA": 0.0, "TtoC": 0.044354934554283444, "Pos_2:Pos_3_TA": 0.0, "AtoG": 0.07337474372698076, "Pos_1_A": 0.0, "Pos_0:Pos_2_AC": 0.0, "Pos_2:Pos_3_CA": 0.010035768574273194, "Pos_1:Pos_3_GC": 0.0, "Pos_0_T": 0.0, "Pos_0:Pos_2_AG": 0.0, "Pos_1:Pos_2_GA": 0.0, "Pos_0:Pos_3_CC": 0.0, "Pos_2:Pos_3_CG": -0.07207841259970109, "Pos_1:Pos_2_AC": 0.0, "Pos_0:Pos_2_CG": 0.0, "Pos_0:Pos_2_CT": 0.0, "Pos_0:Pos_1_CA": -0.02837907994061968, "Pos_2:Pos_3_GT": 0.0, "Pos_1:Pos_2_GC": 0.08228499159048062, "Pos_2:Pos_3_CT": 0.0, "Pos_2_T": 0.0, "Pos_2:Pos_3_GG": 0.0, "Pos_0:Pos_3_AG": -0.08970033549731948, "Pos_0:Pos_1_TG": 0.0, "Pos_1:Pos_3_TC": 0.0, "Pos_1:Pos_2_GG": 0.08507445782509061, "Pos_1:Pos_3_CC": -0.07287528840935369, "Pos_0:Pos_3_CT": 0.0, "Pos_0:Pos_1_TT": 0.0, "Pos_3_G": 0.0, "Pos_1:Pos_3_TT": 0.0, "Pos_0:Pos_1_AA": 0.0, "Pos_1:Pos_3_AA": -0.1175202173924603, "Pos_0:Pos_1_GG": 0.0, "Pos_1:Pos_2_CT": 0.0, "Pos_1:Pos_3_GG": 0.0, "Pos_1:Pos_3_GA": 0.0, "Pos_0:Pos_2_GG": 0.0, "AtoT": 0.47678611665072856, "TtoG": -0.06852818344161109, "Pos_1:Pos_3_TA": 0.0, "Pos_0:Pos_1_AG": 0.11932431829538623, "Pos_0:Pos_1_CC": 0.0, "Pos_1:Pos_2_CG": -0.016354823973682982, "Pos_1:Pos_2_AT": 0.0, "CtoT": -0.374343439167195, "Pos_1:Pos_3_AG": 0.0, "Pos_1:Pos_2_TT": 0.010458619073667522, "Pos_0:Pos_3_GA": 0.0, "Pos_1:Pos_2_GT": 0.0, "Pos_0:Pos_2_TG": 0.0, "Pos_0:Pos_2_GA": -0.0241672194701974, "Pos_0:Pos_1_GC": -0.13724709840257215, "Pos_0:Pos_3_AC": 0.0, "Pos_1:Pos_2_TA": 0.0, "Pos_2:Pos_3_TG": 0.0, "Pos_1:Pos_3_AT": 0.0, "Pos_2:Pos_3_GA": -0.02875968206017142, "Pos_1:Pos_2_TG": 0.0, "Pos_0:Pos_3_GG": 0.0, "Pos_0:Pos_1_CT": 0.06077684994687234, "Pos_2:Pos_3_AC": 0.0, "AtoC": 0.0, "Pos_1:Pos_3_CG": 0.0, "Pos_0:Pos_2_CC": 0.0, "Pos_0:Pos_2_GC": 0.0, "Pos_0:Pos_2_AA": 0.10163326289165239, "Pos_0:Pos_1_TA": 0.0, "CtoG": -0.3153209384578221, "Pos_0:Pos_1_CG": 0.0, "Pos_2_G": -0.2798004787260739, "Pos_0:Pos_1_AT": 0.0, "Pos_1_T": 0.0, "Pos_0:Pos_2_TA": 0.08326149504409268, "Pos_1:Pos_3_AC": 0.0, "Pos_2:Pos_3_AT": -0.07271771413633718, "Pos_1:Pos_2_TC": 0.0, "Pos_2:Pos_3_AA": 0.0, "Pos_3_T": 0.0, "Pos_1_C": 0.0, "Pos_0:Pos_2_TT": 0.0, "GtoA": -0.4009892023868213, "Pos_0:Pos_3_TT": 0.0, "Pos_0:Pos_3_GC": 0.010725645870829031, "Pos_1:Pos_3_GT": 0.007101419367179909, "Pos_2_C": 0.0, "Pos_0:Pos_3_TA": 0.06967295727025821, "GtoT": 0.0, "Pos_0:Pos_3_CG": -0.06365424328513589, "Pos_1:Pos_3_CA": 0.0, "CtoA": 0.0, "Pos_1:Pos_2_AG": 0.0, "Pos_0:Pos_1_TC": 0.0, "Pos_0:Pos_2_GT": 0.007814942807930197, "Pos_0:Pos_1_GT": -0.14220907256721005, "Pos_1:Pos_2_CC": 0.0, "Pos_0:Pos_2_CA": -0.16161711144580218, "Pos_1:Pos_3_CT": -0.029760234792015547, "Pos_1_G": 0.03860478037790954, "GtoC": -0.2657318698989711, "Pos_0_G": 0.0, "Pos_0_A": 0.0, "Pos_0:Pos_3_TC": 0.0, "Pos_2:Pos_3_GC": 0.05880251267523722, "GC_feature": -0.07229734174843203, "Pos_2:Pos_3_TC": 0.0949434376862542, "Pos_1:Pos_3_TG": 0.0, "Pos_0:Pos_1_GA": 0.0, "Pos_0:Pos_1_AC": -0.03640913959069753, "Pos_3_C": 0.0, "Pos_0:Pos_3_AT": 0.0, "Pos_0:Pos_3_AA": -0.12412880612056222, "Pos_1:Pos_2_AA": 0.0008237698065828718, "Pos_2_A": 0.0, "Pos_2:Pos_3_AG": 0.04375098780627254, "Pos_0_C": 0.0}