{"param_alpha": {"2": 1.0, "4": 3.0, "3": 2.0, "0": 0.01, "1": 0.1}, "params": {"2": {"alpha": 1.0}, "4": {"alpha": 3.0}, "3": {"alpha": 2.0}, "0": {"alpha": 0.01}, "1": {"alpha": 0.1}}, "best_a_choice": 0.01, "split0_test_score": {"2": 0.7053525408, "4": 0.7029203906, "3": 0.7038756337, "0": 0.7105707026, "1": 0.7088532732}, "rank_test_score": {"2": 3, "4": 5, "3": 4, "0": 1, "1": 2}}