{"Pos_3_G": 0.0, "Pos_3_A": -0.05123140284337013, "CtoG": -0.516820886127016, "Pos_0_C": 0.0, "GtoA": -0.43565622175352636, "Pos_1_T": -0.0030338684311644274, "Pos_1_G": 0.2655923895390427, "TtoA": 0.4831511045883164, "CtoA": 0.037725035270537735, "CtoT": -0.37966545505273797, "Pos_2_A": -0.1394762863445241, "AtoC": -0.05166669918029716, "Pos_1_A": 0.0, "AtoT": 0.46949729130024775, "Pos_0_T": 0.12615886451747838, "Pos_1_C": -0.10979579172447376, "Pos_0_A": 0.0348915188505319, "GC_feature": -0.10058836111417352, "GtoC": -0.49172573304171147, "Pos_2_C": 0.0, "GtoT": -0.0006242512271311949, "AtoG": 0.014214191454722861, "TtoG": 0.0, "Pos_3_C": 0.0, "Pos_2_T": 0.014647374287299104, "Pos_0_G": -0.06749515348790146, "Pos_3_T": 0.014372133415010748, "Pos_2_G": -0.25988449611566933, "TtoC": 0.0}