{"param_alpha": {"0": 0.01, "1": 0.1, "2": 1.0, "4": 3.0, "3": 2.0}, "best_a_choice": 0.1, "params": {"0": {"alpha": 0.01}, "1": {"alpha": 0.1}, "2": {"alpha": 1.0}, "4": {"alpha": 3.0}, "3": {"alpha": 2.0}}, "split0_test_score": {"0": 0.7726282663, "1": 0.7727427046, "2": 0.7718157543, "4": 0.7681117681, "3": 0.7700534045}, "rank_test_score": {"0": 2, "1": 1, "2": 3, "4": 5, "3": 4}}