{"CtoT": -0.31707102499837214, "CtoA": 0.20234781428210408, "AtoG": 0.3407250525603505, "GtoC": -1.3358721174756187, "CtoG": -1.384060752188234, "GtoA": -0.27225948953270357, "AtoT": 1.0376947699139958, "TtoC": 0.32782981749940976, "TtoA": 1.107360881845137, "GtoT": 0.3338390490417976, "TtoG": 0.2871723150294603, "AtoC": 0.009586330086990575}