{"rank_test_score": {"4": 5, "2": 3, "3": 4, "1": 2, "0": 1}, "param_alpha": {"4": 3.0, "2": 1.0, "3": 2.0, "1": 0.1, "0": 0.01}, "best_a_choice": 0.01, "split0_test_score": {"4": 0.6568793595, "2": 0.6579366215, "3": 0.6572238285, "1": 0.6624614739, "0": 0.6664128475}, "params": {"4": {"alpha": 3.0}, "2": {"alpha": 1.0}, "3": {"alpha": 2.0}, "1": {"alpha": 0.1}, "0": {"alpha": 0.01}}}