{"rank_test_score": {"2": 1, "0": 3, "1": 3, "4": 5, "3": 2}, "param_alpha": {"2": 1.0, "0": 0.01, "1": 0.1, "4": 3.0, "3": 2.0}, "params": {"2": {"alpha": 1.0}, "0": {"alpha": 0.01}, "1": {"alpha": 0.1}, "4": {"alpha": 3.0}, "3": {"alpha": 2.0}}, "split0_test_score": {"2": 0.7758928695, "0": 0.7758661691, "1": 0.7758661691, "4": 0.7758470803, "3": 0.775880441}, "best_a_choice": 1.0}