{"split0_test_score": {"1": 0.620874898, "2": 0.6374615722, "4": 0.644904009, "0": 0.6095504737, "3": 0.6424101261}, "best_a_choice": 3.0, "param_alpha": {"1": 0.1, "2": 1.0, "4": 3.0, "0": 0.01, "3": 2.0}, "rank_test_score": {"1": 4, "2": 3, "4": 1, "0": 5, "3": 2}, "params": {"1": {"alpha": 0.1}, "2": {"alpha": 1.0}, "4": {"alpha": 3.0}, "0": {"alpha": 0.01}, "3": {"alpha": 2.0}}}