{"AtoG": 0.6903962234190313, "GtoA": 0.06193166753576283, "TtoG": 0.7350977110362297, "Pos_3_C": 0.0, "Pos_3_T": 0.019309946697148566, "GtoT": 0.7231185520050593, "TtoC": 0.6822935259085816, "CtoA": 0.5653786254689268, "Pos_0_G": -0.07431211230007029, "Pos_1_C": -0.12808593992456344, "AtoT": 1.5365463004735227, "Pos_3_A": -0.040752685044551956, "Pos_2_G": -0.18302986590010153, "AtoC": 0.4102844730117994, "Pos_1_T": 0.0, "Pos_1_A": 0.06948244882954983, "CtoT": 0.11272108844716255, "Pos_0_A": 0.002241407623321304, "Pos_2_A": 0.0, "Pos_2_C": 0.13700974037693817, "CtoG": -3.0679209529884317, "GtoC": -3.0348473718330964, "Pos_0_C": 0.0, "Pos_2_T": 0.11892131541079484, "TtoA": 1.4876580043309657, "Pos_3_G": 0.019283936939074257, "Pos_1_G": 0.3045032309609938, "Pos_0_T": 0.14030777507273623}