{"split0_test_score": {"4": 0.6740255155, "0": 0.6833156805, "3": 0.6744510921, "1": 0.6795828204, "2": 0.6753719024}, "param_alpha": {"4": 3.0, "0": 0.01, "3": 2.0, "1": 0.1, "2": 1.0}, "best_a_choice": 0.01, "rank_test_score": {"4": 5, "0": 1, "3": 4, "1": 2, "2": 3}, "params": {"4": {"alpha": 3.0}, "0": {"alpha": 0.01}, "3": {"alpha": 2.0}, "1": {"alpha": 0.1}, "2": {"alpha": 1.0}}}