{"rank_test_score": {"2": 3, "1": 2, "0": 1, "3": 4}, "param_penalty": {"2": "l1", "1": "l1", "0": "l1", "3": "l1"}, "split0_test_score": {"2": 0.6757916457, "1": 0.6915922399, "0": 0.7294754946, "3": 0.6710232685}, "param_C": {"2": 10.0, "1": 1.0, "0": 0.1, "3": 100.0}, "best_c_choice": 0.1, "params": {"2": {"penalty": "l1", "C": 10.0}, "1": {"penalty": "l1", "C": 1.0}, "0": {"penalty": "l1", "C": 0.1}, "3": {"penalty": "l1", "C": 100.0}}}