{"params": {"4": {"alpha": 3.0}, "0": {"alpha": 0.01}, "2": {"alpha": 1.0}, "3": {"alpha": 2.0}, "1": {"alpha": 0.1}}, "split0_test_score": {"4": 0.6451706506, "0": 0.6611377753, "2": 0.6470371416, "3": 0.6454843466, "1": 0.6543305728}, "param_alpha": {"4": 3.0, "0": 0.01, "2": 1.0, "3": 2.0, "1": 0.1}, "rank_test_score": {"4": 5, "0": 1, "2": 3, "3": 4, "1": 2}, "best_a_choice": 0.01}