{"best_a_choice": 0.01, "split0_test_score": {"2": 0.6921991546, "0": 0.6968691446, "3": 0.6915322977, "4": 0.6911713364, "1": 0.6946303515}, "param_alpha": {"2": 1.0, "0": 0.01, "3": 2.0, "4": 3.0, "1": 0.1}, "rank_test_score": {"2": 3, "0": 1, "3": 4, "4": 5, "1": 2}, "params": {"2": {"alpha": 1.0}, "0": {"alpha": 0.01}, "3": {"alpha": 2.0}, "4": {"alpha": 3.0}, "1": {"alpha": 0.1}}}