{"best_a_choice": 0.01, "rank_test_score": {"1": 1, "0": 1, "4": 5, "2": 3, "3": 4}, "split0_test_score": {"1": 0.7579652493, "0": 0.7579652493, "4": 0.7576834973, "2": 0.7579088751, "3": 0.7577546786}, "param_alpha": {"1": 0.1, "0": 0.01, "4": 3.0, "2": 1.0, "3": 2.0}, "params": {"1": {"alpha": 0.1}, "0": {"alpha": 0.01}, "4": {"alpha": 3.0}, "2": {"alpha": 1.0}, "3": {"alpha": 2.0}}}