{"CtoA": -0.04417678616049203, "CtoT": -0.40998374336044086, "CtoG": -1.2438405910752812, "AtoT": 0.39048063331812416, "TtoA": 0.4094354207274147, "AtoC": -0.08235988542647502, "TtoC": 0.0480604978600266, "GC_feature": -0.12263311616157259, "GtoT": 0.027864980182303736, "TtoG": -0.0026781657658901245, "GtoC": -1.1760772824889407, "AtoG": 0.037826944418505724, "GtoA": -0.44940772515260513}