{"Pos_5_A": 0.07943253640342232, "Pos_1_C": 0.0, "Pos_1_G": -0.031824183522293506, "Pos_3_T": 0.0, "AtoT": 0.39800514530730535, "TtoG": 0.0, "Pos_0_G": 0.0, "GtoA": -0.45224469659495486, "AtoG": 0.0007174184069036647, "Pos_1_A": 0.07120315582029431, "TtoC": 0.005753172108885227, "Pos_5_T": 0.03963745914707285, "Pos_1_T": 0.17833734734200468, "Pos_4_A": -0.04223670778024007, "Pos_0_T": 0.15000264608373323, "GtoC": -0.6517221468520331, "GtoT": 0.019845608765403724, "CtoA": -0.05431058332983632, "Pos_2_T": -0.047443530907749824, "CtoG": -0.6664222867242866, "Pos_2_A": 0.0, "Pos_2_G": 0.2141195828421571, "Pos_3_G": -0.2781097127977378, "Pos_0_A": 0.05278035067971615, "Pos_5_C": -0.025115462999933967, "CtoT": -0.4502302958173781, "Pos_3_C": 0.02726514210604876, "Pos_4_G": 0.016139976537628425, "TtoA": 0.43533591989877685, "Pos_4_T": 0.03991860953789463, "AtoC": -0.103439030175116, "Pos_2_C": -0.15332434005464177, "GC_feature": -0.08309721011400706, "Pos_0_C": -0.0555622998206971, "Pos_4_C": 0.0, "Pos_5_G": -0.0533410830332127, "Pos_3_A": -0.11011134971380537}