{"param_C": {"2": 10.0, "1": 1.0, "0": 0.1, "3": 100.0}, "split0_test_score": {"2": 0.7801057111, "1": 0.7801237295, "0": 0.7802289851, "3": 0.7801041055}, "params": {"2": {"C": 10.0, "penalty": "l1"}, "1": {"C": 1.0, "penalty": "l1"}, "0": {"C": 0.1, "penalty": "l1"}, "3": {"C": 100.0, "penalty": "l1"}}, "param_penalty": {"2": "l1", "1": "l1", "0": "l1", "3": "l1"}, "best_c_choice": 0.1, "rank_test_score": {"2": 3, "1": 2, "0": 1, "3": 4}}