{"AtoG": 0.26376035481666743, "GtoC": -1.0037594416109032, "CtoA": 0.08428345620010391, "GtoT": 0.1649376215449252, "CtoT": -0.16957858164042341, "TtoA": 0.5817991819543754, "TtoG": 0.12354166459927979, "GC_feature": -0.1211379510878395, "TtoC": 0.24785808367477447, "GtoA": -0.19643588477264665, "AtoC": 0.0033605452865875115, "AtoT": 0.5515958702665594, "CtoG": -1.1601330489403023}