{"rank_test_score": {"2": 3, "3": 2, "4": 1, "1": 4, "0": 5}, "param_alpha": {"2": 1.0, "3": 2.0, "4": 3.0, "1": 0.1, "0": 0.01}, "split0_test_score": {"2": 0.6713176513, "3": 0.6714426285, "4": 0.6716274701, "1": 0.6698356477, "0": 0.6670098533}, "best_a_choice": 3.0, "params": {"2": {"alpha": 1.0}, "3": {"alpha": 2.0}, "4": {"alpha": 3.0}, "1": {"alpha": 0.1}, "0": {"alpha": 0.01}}}