{"Pos_0_G": 0.25734027489660255, "Pos_1_G": -0.25076702946855106, "Pos_0:Pos_1_CA": 0.0, "Pos_1_C": 0.03972164410577904, "Pos_0:Pos_1_CG": -0.0018858541881662044, "AtoT": 1.0657101075720232, "TtoG": 0.4008988691311538, "GtoC": -1.8725985348651246, "AtoG": 0.2733795265634639, "Pos_0:Pos_1_TG": 0.21863475674206248, "Pos_0:Pos_1_TT": 0.01984602114706046, "Pos_0:Pos_1_GC": 0.30891566530529513, "Pos_0:Pos_1_TC": 0.029765766598887765, "Pos_0:Pos_1_GT": 0.03346257864415927, "GtoA": -0.22263064788410936, "Pos_1_T": 0.13287896772284333, "TtoA": 1.173837882630226, "Pos_0:Pos_1_CT": 0.15017369804881137, "Pos_0:Pos_1_AA": 0.05631207332263371, "CtoG": -1.7615683477685375, "AtoC": 0.11891426419205513, "Pos_1_A": 0.0, "Pos_0:Pos_1_TA": -0.3304064377424059, "Pos_0:Pos_1_GG": 0.0, "Pos_0:Pos_1_AC": 0.0, "Pos_0_T": 0.0, "TtoC": 0.30613406939767823, "Pos_0:Pos_1_AT": 0.0, "Pos_0:Pos_1_AG": 0.02852180008778599, "Pos_0:Pos_1_GA": 0.20464639504119705, "CtoT": -0.20208107170691686, "GtoT": 0.4306716362058841, "Pos_0:Pos_1_CC": 0.0, "Pos_0_C": -0.19175031040601873, "CtoA": 0.0496155682510767, "Pos_0_A": 0.0}