{"param_C": {"2": 10.0, "0": 0.1, "1": 1.0, "3": 100.0}, "split0_test_score": {"2": 0.7666107191, "0": 0.7648979592, "1": 0.7672630174, "3": 0.76650391}, "best_c_choice": 1.0, "rank_test_score": {"2": 2, "0": 4, "1": 1, "3": 3}, "params": {"2": {"penalty": "l1", "C": 10.0}, "0": {"penalty": "l1", "C": 0.1}, "1": {"penalty": "l1", "C": 1.0}, "3": {"penalty": "l1", "C": 100.0}}, "param_penalty": {"2": "l1", "0": "l1", "1": "l1", "3": "l1"}}