{"TtoG": 0.21052910717697307, "Pos_0:Pos_1_AG": 0.12247137785282952, "Pos_1_A": 0.0, "AtoT": 1.359552246295369, "Pos_0:Pos_1_AA": 0.17178026214253936, "Pos_0:Pos_1_GG": -0.29036160118791116, "Pos_0_G": 0.4193737689089374, "AtoC": -0.23575827373009525, "Pos_0:Pos_1_CT": 0.0, "GtoT": 0.41940834645230485, "CtoG": -1.31832545491366, "Pos_0:Pos_1_TC": 0.0, "Pos_0:Pos_1_GA": 0.12376485230914017, "TtoC": 0.26911878317825916, "Pos_0:Pos_1_CC": 0.0, "Pos_0:Pos_1_TA": -0.0072685358450419535, "Pos_0:Pos_1_CG": 0.0, "GtoC": -1.5600352807329132, "Pos_1_G": -0.13497723443468068, "Pos_0_C": -0.10159675795488608, "CtoT": -0.2382804459490751, "AtoG": 0.374819490855988, "CtoA": 0.0, "Pos_0:Pos_1_GT": 0.0, "GtoA": -0.27245207727478166, "TtoA": 0.9312489220553013, "Pos_1_T": 0.0, "Pos_0:Pos_1_CA": -0.0564191174226061, "Pos_0_T": 0.0, "Pos_0:Pos_1_TT": 0.15260222978009877, "Pos_0_A": 0.12447241794189697, "Pos_0:Pos_1_TG": -0.022477598689927856, "Pos_0:Pos_1_GC": 0.1011723963199552, "Pos_1_C": 0.018218145194323118, "Pos_0:Pos_1_AT": 0.0, "Pos_0:Pos_1_AC": 0.0}