{"params": {"2": {"alpha": 1.0}, "4": {"alpha": 3.0}, "0": {"alpha": 0.01}, "1": {"alpha": 0.1}, "3": {"alpha": 2.0}}, "rank_test_score": {"2": 3, "4": 5, "0": 1, "1": 2, "3": 4}, "split0_test_score": {"2": 0.7509937059, "4": 0.7474575625, "0": 0.7525195499, "1": 0.7523135609, "3": 0.7490902155}, "best_a_choice": 0.01, "param_alpha": {"2": 1.0, "4": 3.0, "0": 0.01, "1": 0.1, "3": 2.0}}