{"rank_test_score": {"1": 4, "2": 3, "4": 1, "3": 2, "0": 4}, "params": {"1": {"alpha": 0.1}, "2": {"alpha": 1.0}, "4": {"alpha": 3.0}, "3": {"alpha": 2.0}, "0": {"alpha": 0.01}}, "split0_test_score": {"1": 0.7384873581, "2": 0.7431771127, "4": 0.7488393249, "3": 0.7470198883, "0": 0.7384873581}, "best_a_choice": 3.0, "param_alpha": {"1": 0.1, "2": 1.0, "4": 3.0, "3": 2.0, "0": 0.01}}