{"param_alpha": {"1": 0.1, "2": 1.0, "4": 3.0, "3": 2.0, "0": 0.01}, "params": {"1": {"alpha": 0.1}, "2": {"alpha": 1.0}, "4": {"alpha": 3.0}, "3": {"alpha": 2.0}, "0": {"alpha": 0.01}}, "split0_test_score": {"1": 0.6799065421, "2": 0.6863742132, "4": 0.689887469, "3": 0.6882834255, "0": 0.675559794}, "rank_test_score": {"1": 4, "2": 3, "4": 1, "3": 2, "0": 5}, "best_a_choice": 3.0}