{"param_alpha": {"0": 0.01, "2": 1.0, "3": 2.0, "1": 0.1, "4": 3.0}, "best_a_choice": 0.01, "params": {"0": {"alpha": 0.01}, "2": {"alpha": 1.0}, "3": {"alpha": 2.0}, "1": {"alpha": 0.1}, "4": {"alpha": 3.0}}, "rank_test_score": {"0": 1, "2": 3, "3": 4, "1": 2, "4": 5}, "split0_test_score": {"0": 0.6824387637, "2": 0.6745159782, "3": 0.67358658, "1": 0.6787526599, "4": 0.6730693995}}