{"Pos_0:Pos_1_TT": 0.0, "GtoA": -0.39155753879468846, "Pos_0_C": -0.14654703331962313, "Pos_0:Pos_1_TG": 0.0, "GtoC": -0.42344943752027, "Pos_0:Pos_1_TC": 0.0, "CtoG": -0.49975656693010045, "Pos_1_G": -0.15756934021280775, "Pos_0_T": 0.0, "Pos_0:Pos_1_TA": -0.12492447206139265, "Pos_1_T": 0.0, "Pos_0:Pos_1_GA": 0.0, "Pos_0:Pos_1_GG": 0.0, "CtoT": -0.3688950758473759, "Pos_1_A": 0.0, "AtoG": 0.014799786804870346, "Pos_0:Pos_1_AT": 0.0, "Pos_1_C": 0.0, "Pos_0:Pos_1_AG": -0.09750591377791279, "Pos_0:Pos_1_CG": -0.05221369143043274, "Pos_0:Pos_1_AA": 0.0203801482780781, "Pos_0:Pos_1_AC": 0.011968586889766685, "Pos_0:Pos_1_GC": 0.08802085696387946, "TtoC": 0.0, "Pos_0_A": 0.0, "TtoG": 0.043577124182859125, "AtoC": -0.0832917302177019, "AtoT": 0.3936959760633082, "GtoT": 0.05108262603764501, "Pos_0:Pos_1_GT": 0.0, "TtoA": 0.45588647740928984, "Pos_0:Pos_1_CA": -0.0535127749655143, "Pos_0:Pos_1_CT": 0.030416817777714468, "CtoA": -0.014228180837767787, "Pos_0:Pos_1_CC": 0.0, "Pos_0_G": 0.1634274587365229, "GC_feature": -0.0918510516246252}