{"split0_test_score": {"1": 0.7328251459, "4": 0.736777715, "3": 0.736777715, "2": 0.7328251459, "0": 0.7328251459}, "best_a_choice": 2.0, "param_alpha": {"1": 0.1, "4": 3.0, "3": 2.0, "2": 1.0, "0": 0.01}, "params": {"1": {"alpha": 0.1}, "4": {"alpha": 3.0}, "3": {"alpha": 2.0}, "2": {"alpha": 1.0}, "0": {"alpha": 0.01}}, "rank_test_score": {"1": 3, "4": 1, "3": 1, "2": 3, "0": 3}}