{"params": {"3": {"alpha": 2.0}, "1": {"alpha": 0.1}, "0": {"alpha": 0.01}, "2": {"alpha": 1.0}, "4": {"alpha": 3.0}}, "split0_test_score": {"3": 0.7048975027, "1": 0.7084229716, "0": 0.710344868, "2": 0.7056337569, "4": 0.7044789183}, "param_alpha": {"3": 2.0, "1": 0.1, "0": 0.01, "2": 1.0, "4": 3.0}, "rank_test_score": {"3": 4, "1": 2, "0": 1, "2": 3, "4": 5}, "best_a_choice": 0.01}