{"AtoT": 0.4205235387152285, "CtoA": -0.07516954653805497, "AtoG": 0.15491820206285553, "GtoA": -0.4330299402729517, "GtoT": 0.09955372913858944, "CtoG": -1.2621131073124285, "AtoC": -0.04761241544028777, "CtoT": -0.3893472673666165, "TtoC": 0.0, "GtoC": -1.0231280271453733, "GC_feature": -0.18142962224953874, "TtoA": 0.46060340241838654, "TtoG": 0.014221173824691626}