{"params": {"4": {"alpha": 3.0}, "1": {"alpha": 0.1}, "2": {"alpha": 1.0}, "0": {"alpha": 0.01}, "3": {"alpha": 2.0}}, "best_a_choice": 0.01, "rank_test_score": {"4": 5, "1": 2, "2": 3, "0": 1, "3": 4}, "param_alpha": {"4": 3.0, "1": 0.1, "2": 1.0, "0": 0.01, "3": 2.0}, "split0_test_score": {"4": 0.6938875559, "1": 0.6992616585, "2": 0.6956892112, "0": 0.7013889521, "3": 0.6945522125}}