{"AtoC": 0.01788525998890176, "GtoA": -0.32693927873131956, "CtoA": 0.1699282370249099, "CtoG": -1.3359071773386764, "CtoT": -0.27204233911307846, "TtoA": 1.029299384537381, "AtoG": 0.33321133834097894, "TtoG": 0.29208088630175, "TtoC": 0.30319324017557475, "GtoC": -1.2842695592841633, "GtoT": 0.2989066096316529, "AtoT": 1.1055784605390504}