{"param_alpha": {"2": 1.0, "1": 0.1, "4": 3.0, "0": 0.01, "3": 2.0}, "rank_test_score": {"2": 3, "1": 2, "4": 5, "0": 1, "3": 4}, "split0_test_score": {"2": 0.6735505072, "1": 0.6757780386, "4": 0.6728707009, "0": 0.6779412937, "3": 0.6730512828}, "best_a_choice": 0.01, "params": {"2": {"alpha": 1.0}, "1": {"alpha": 0.1}, "4": {"alpha": 3.0}, "0": {"alpha": 0.01}, "3": {"alpha": 2.0}}}