{"params": {"3": {"alpha": 2.0}, "4": {"alpha": 3.0}, "1": {"alpha": 0.1}, "0": {"alpha": 0.01}, "2": {"alpha": 1.0}}, "rank_test_score": {"3": 3, "4": 5, "1": 1, "0": 1, "2": 4}, "best_a_choice": 0.01, "split0_test_score": {"3": 0.7684645338, "4": 0.7683650389, "1": 0.768499068, "0": 0.768499068, "2": 0.768415547}, "param_alpha": {"3": 2.0, "4": 3.0, "1": 0.1, "0": 0.01, "2": 1.0}}