{"CtoA": 0.27911586874640043, "AtoT": 1.072343034384332, "AtoC": 0.051145579315256894, "TtoC": 0.3961992422744784, "GtoT": 0.3452153453799394, "AtoG": 0.3989629096998325, "CtoT": -0.2697735492042067, "GtoC": -1.4710114751053363, "GtoA": -0.28674871640820027, "TtoA": 1.1663642206824856, "TtoG": 0.29910748871442977, "CtoG": -1.5477734931333502}