{"Pos_2_T": 0.01878345861307583, "AtoT": 0.2610199001006451, "TtoA": 0.342447098927239, "Pos_1_G": 0.0, "CtoT": -0.4450194473006137, "AtoG": 0.0, "Pos_3_G": -0.18286013810587776, "Pos_4_C": 0.0, "Pos_0_G": -0.02233999067509181, "Pos_0_C": 0.0, "Pos_0_T": 0.0, "CtoG": -0.3970738631026102, "Pos_2_A": 0.0, "GC_feature": -0.08141992441245925, "Pos_5_A": 0.0, "Pos_4_T": 0.0, "Pos_2_G": 0.274698557164232, "Pos_1_A": -0.02339015610581504, "Pos_3_C": 0.0, "Pos_1_T": 0.010131258733878839, "TtoC": 0.09031332134488217, "CtoA": 0.0, "Pos_5_G": -0.05981528318014908, "Pos_3_T": 0.03945242352464171, "GtoA": -0.5268970090219771, "TtoG": 0.0, "Pos_4_A": 0.0, "Pos_4_G": 0.0, "Pos_2_C": -0.032688233321119226, "AtoC": -0.12037724290492825, "Pos_5_C": 0.0, "GtoT": 0.0, "GtoC": -0.3054209426399562, "Pos_3_A": -0.043336624851193606, "Pos_0_A": 0.0, "Pos_1_C": 0.019219123935244182, "Pos_5_T": 0.05186696822030444}