{"rank_test_score": {"3": 1, "2": 1, "1": 1, "4": 1, "0": 1}, "split0_test_score": {"3": 0.7448588424, "2": 0.7448588424, "1": 0.7448588424, "4": 0.7448588424, "0": 0.7448588424}, "params": {"3": {"alpha": 2.0}, "2": {"alpha": 1.0}, "1": {"alpha": 0.1}, "4": {"alpha": 3.0}, "0": {"alpha": 0.01}}, "param_alpha": {"3": 2.0, "2": 1.0, "1": 0.1, "4": 3.0, "0": 0.01}, "best_a_choice": 0.01}