{"TtoA": 1.0531933227775503, "Pos_1_G": 0.2877146125318725, "AtoG": 0.1703827362246641, "CtoG": -1.085959736777496, "Pos_0_T": 0.17590333769399927, "GtoT": 0.057678024019488225, "Pos_3_G": 0.0, "TtoG": 0.08027093654106532, "CtoT": -0.37687989052721793, "AtoT": 1.0141690433157038, "Pos_2_T": 0.19927366677222558, "Pos_1_C": -0.1200587198549462, "Pos_2_C": 0.16894419428580898, "Pos_3_A": -0.03988479099862407, "Pos_2_A": 0.0, "Pos_3_T": 0.030702826625368433, "Pos_3_C": 0.0016433969230170433, "CtoA": 0.21904569308321276, "AtoC": 0.0, "Pos_0_G": -0.060026747903509696, "Pos_1_T": 0.0, "Pos_0_A": 0.06414482434845997, "TtoC": 0.1425270332819369, "GtoA": -0.44225739562913724, "GtoC": -1.0361151579709085, "Pos_2_G": -0.1204985764954736, "Pos_0_C": 0.0, "Pos_1_A": 0.010370457978835136}