{"param_C": {"0": 0.1, "3": 100.0, "2": 10.0, "1": 1.0}, "param_penalty": {"0": "l1", "3": "l1", "2": "l1", "1": "l1"}, "split0_test_score": {"0": 0.7210482542, "3": 0.6141229472, "2": 0.6234277055, "1": 0.6553447516}, "params": {"0": {"C": 0.1, "penalty": "l1"}, "3": {"C": 100.0, "penalty": "l1"}, "2": {"C": 10.0, "penalty": "l1"}, "1": {"C": 1.0, "penalty": "l1"}}, "best_c_choice": 0.1, "rank_test_score": {"0": 1, "3": 4, "2": 3, "1": 2}}