{"params": {"0": {"alpha": 0.01}, "1": {"alpha": 0.1}, "3": {"alpha": 2.0}, "2": {"alpha": 1.0}, "4": {"alpha": 3.0}}, "param_alpha": {"0": 0.01, "1": 0.1, "3": 2.0, "2": 1.0, "4": 3.0}, "best_a_choice": 0.01, "split0_test_score": {"0": 0.6828180612, "1": 0.6790603918, "3": 0.6738294259, "2": 0.6746901211, "4": 0.6735154916}, "rank_test_score": {"0": 1, "1": 2, "3": 4, "2": 3, "4": 5}}