{"GtoT": 0.03599920573112678, "CtoA": 0.0, "CtoG": -0.40991242632265873, "TtoA": 0.3924089763383968, "TtoG": 0.0, "AtoT": 0.3490747846196913, "TtoC": 0.07956922416746116, "GtoA": -0.36937160379479655, "GC_feature": -0.07653432658692318, "GtoC": -0.3361839997688379, "CtoT": -0.38424247364318304, "AtoG": 0.0, "AtoC": -0.06829333754796542}