{"param_alpha": {"4": 3.0, "1": 0.1, "2": 1.0, "0": 0.01, "3": 2.0}, "params": {"4": {"alpha": 3.0}, "1": {"alpha": 0.1}, "2": {"alpha": 1.0}, "0": {"alpha": 0.01}, "3": {"alpha": 2.0}}, "rank_test_score": {"4": 5, "1": 2, "2": 3, "0": 1, "3": 4}, "split0_test_score": {"4": 0.6852742562, "1": 0.6907750811, "2": 0.6872658293, "0": 0.6928512401, "3": 0.6860344648}, "best_a_choice": 0.01}