{"GtoT": 0.3492064814548357, "CtoG": -1.4252131527342593, "TtoA": 1.0959315802054403, "AtoT": 1.0389836179285064, "CtoA": 0.2532310825988673, "AtoC": 0.0, "GtoA": -0.3235661574420709, "TtoC": 0.35605603155093796, "GtoC": -1.3052019579220582, "AtoG": 0.33949451389197366, "TtoG": 0.26908710897060845, "CtoT": -0.2979333185653079}