{"GC_feature": -0.10725943178167227, "TtoA": 0.3792369094223282, "CtoT": -0.3378546873899336, "AtoC": 0.0, "Pos_0:Pos_1_GT": 0.0, "CtoA": 0.0, "Pos_0_T": 0.0, "GtoA": -0.38345797474440396, "Pos_0:Pos_1_CG": -0.0437465465255713, "Pos_1_G": -0.24300660392940998, "Pos_0:Pos_1_GC": 0.06697029480863877, "Pos_0:Pos_1_AA": 0.0, "Pos_0_A": 0.0, "Pos_1_C": 0.0, "Pos_0:Pos_1_TG": 0.0, "Pos_0_C": -0.06464145567170414, "Pos_0:Pos_1_TT": 0.015185659666527237, "CtoG": -0.290397133623102, "Pos_1_A": 0.0, "AtoT": 0.48226535231822804, "Pos_0:Pos_1_AG": -0.050995653000482234, "Pos_0:Pos_1_GA": 0.0, "Pos_0:Pos_1_CA": -0.04791344426819726, "Pos_0:Pos_1_CT": 0.0026827848326029676, "Pos_1_T": 0.0, "Pos_0_G": 0.17549440942818717, "GtoC": -0.233253015008101, "Pos_0:Pos_1_TA": 0.0, "Pos_0:Pos_1_TC": 0.0, "AtoG": 0.09883224981016953, "Pos_0:Pos_1_GG": 0.04504049012419683, "TtoC": 0.05726376677846195, "TtoG": -0.06597864674059715, "Pos_0:Pos_1_CC": 0.0, "Pos_0:Pos_1_AC": 0.0, "Pos_0:Pos_1_AT": 0.0, "GtoT": 0.0}