{"param_alpha": {"4": 3.0, "1": 0.1, "0": 0.01, "2": 1.0, "3": 2.0}, "split0_test_score": {"4": 0.6834487364, "1": 0.6877813319, "0": 0.6899116503, "2": 0.6847681858, "3": 0.6838628424}, "rank_test_score": {"4": 5, "1": 2, "0": 1, "2": 3, "3": 4}, "best_a_choice": 0.01, "params": {"4": {"alpha": 3.0}, "1": {"alpha": 0.1}, "0": {"alpha": 0.01}, "2": {"alpha": 1.0}, "3": {"alpha": 2.0}}}