{"params": {"1": {"alpha": 0.1}, "3": {"alpha": 2.0}, "4": {"alpha": 3.0}, "0": {"alpha": 0.01}, "2": {"alpha": 1.0}}, "param_alpha": {"1": 0.1, "3": 2.0, "4": 3.0, "0": 0.01, "2": 1.0}, "rank_test_score": {"1": 4, "3": 2, "4": 1, "0": 5, "2": 3}, "best_a_choice": 3.0, "split0_test_score": {"1": 0.6822649263, "3": 0.6833536084, "4": 0.683634082, "0": 0.6812915793, "2": 0.6829700498}}