{"Pos_5_A": 0.16880691939786244, "GC_feature": -0.018563129972194177, "TtoC": 0.0, "Pos_5_G": -0.05895287551563789, "Pos_1_T": 0.02004404229119015, "Pos_2_C": -0.20781590682454723, "TtoA": 0.27903580289701924, "Pos_0_T": 0.1338427815114021, "Pos_1_C": -0.09057187260809134, "Pos_3_C": 0.0, "Pos_1_G": 0.0, "CtoG": -0.2354774676442791, "Pos_4_G": -0.0639022718405124, "Pos_5_T": 0.0032120813175696514, "Pos_1_A": 0.0, "Pos_5_C": 0.0, "CtoT": -0.3279040093432466, "TtoG": 0.0, "Pos_2_T": -0.06816470688337421, "Pos_0_G": -0.00956819998543677, "Pos_4_T": 0.06695509273161436, "GtoC": -0.29664640191266317, "GtoA": -0.3419591335401415, "Pos_3_A": 0.0, "Pos_2_G": 0.13748906675991673, "GtoT": 0.04061399199408687, "Pos_4_C": 0.0, "Pos_3_G": -0.14432570704168682, "Pos_2_A": 0.0, "Pos_0_A": 0.042760377936890685, "AtoT": 0.52019739946034, "AtoC": -0.13436062611808633, "AtoG": 0.05859872544897081, "Pos_3_T": 0.0, "Pos_0_C": 0.0, "CtoA": -0.0535740784596169, "Pos_4_A": 0.0}