{"split0_test_score": {"0": 0.7456709957, "1": 0.7443064182, "2": 0.7438045047, "3": 0.7438515591}, "rank_test_score": {"0": 1, "1": 2, "2": 4, "3": 3}, "param_C": {"0": 0.1, "1": 1.0, "2": 10.0, "3": 100.0}, "best_c_choice": 0.1, "params": {"0": {"C": 0.1, "penalty": "l1"}, "1": {"C": 1.0, "penalty": "l1"}, "2": {"C": 10.0, "penalty": "l1"}, "3": {"C": 100.0, "penalty": "l1"}}, "param_penalty": {"0": "l1", "1": "l1", "2": "l1", "3": "l1"}}