{"rank_test_score": {"2": 3, "0": 1, "1": 2, "4": 5, "3": 4}, "best_a_choice": 0.01, "split0_test_score": {"2": 0.7097248112, "0": 0.7144943184, "1": 0.7128933624, "4": 0.7079854769, "3": 0.7085989328}, "params": {"2": {"alpha": 1.0}, "0": {"alpha": 0.01}, "1": {"alpha": 0.1}, "4": {"alpha": 3.0}, "3": {"alpha": 2.0}}, "param_alpha": {"2": 1.0, "0": 0.01, "1": 0.1, "4": 3.0, "3": 2.0}}