{"AtoC": 0.3407864010026094, "TtoA": 0.9087331936113131, "TtoC": 0.30782716257428905, "GtoT": 0.4481009153785301, "GtoA": -0.24468862816319384, "CtoA": 0.1507228815494021, "AtoG": 0.3346461184174462, "CtoT": -0.3701945720437006, "AtoT": 1.1172515427999128, "TtoG": 0.12390516298932039, "GtoC": -1.3647854198647689, "CtoG": -1.4259134335269044}