{"param_C": {"1": 1.0, "3": 100.0, "0": 0.1, "2": 10.0}, "params": {"1": {"C": 1.0, "penalty": "l1"}, "3": {"C": 100.0, "penalty": "l1"}, "0": {"C": 0.1, "penalty": "l1"}, "2": {"C": 10.0, "penalty": "l1"}}, "split0_test_score": {"1": 0.7328251459, "3": 0.7328251459, "0": 0.7050395257, "2": 0.7328251459}, "best_c_choice": 1.0, "rank_test_score": {"1": 1, "3": 1, "0": 4, "2": 1}, "param_penalty": {"1": "l1", "3": "l1", "0": "l1", "2": "l1"}}