{"params": {"3": {"alpha": 2.0}, "1": {"alpha": 0.1}, "2": {"alpha": 1.0}, "0": {"alpha": 0.01}, "4": {"alpha": 3.0}}, "best_a_choice": 0.01, "param_alpha": {"3": 2.0, "1": 0.1, "2": 1.0, "0": 0.01, "4": 3.0}, "rank_test_score": {"3": 4, "1": 2, "2": 3, "0": 1, "4": 5}, "split0_test_score": {"3": 0.7667864197, "1": 0.7671203924, "2": 0.7669963454, "0": 0.7671480644, "4": 0.7662138952}}