{"Pos_0:Pos_1_AT": 0.0, "Pos_0_A": 0.0, "Pos_0:Pos_1_CT": 0.19708510747759364, "CtoT": -0.30708306638850685, "Pos_0:Pos_1_TT": 0.17088933174583645, "Pos_0_T": 0.02436287843892969, "GtoA": -0.39568577618020206, "Pos_1_G": -0.32849137055893596, "Pos_0:Pos_1_AC": 0.0, "Pos_0:Pos_1_TC": 0.06730816967923604, "Pos_0_G": 0.2873187951953646, "Pos_0:Pos_1_AA": 0.16109496267581208, "AtoC": 0.18585574593104373, "GtoC": -1.3266752488766584, "GtoT": 0.0502074225184703, "Pos_1_T": 0.03456009737816453, "Pos_0:Pos_1_GC": 0.09138042366243938, "Pos_0:Pos_1_GT": -0.13155768845420515, "TtoA": 1.0149382337376482, "AtoG": 0.3797304625553469, "CtoA": 0.18415886843901877, "TtoC": 0.33380195239134075, "Pos_1_A": 0.0, "Pos_0:Pos_1_TG": 0.0, "Pos_0:Pos_1_AG": -0.05753358461469599, "Pos_1_C": 0.05031271795112902, "Pos_0:Pos_1_TA": 0.0, "Pos_0:Pos_1_CC": 0.0, "Pos_0_C": -0.15659692418620363, "Pos_0:Pos_1_GA": 0.0, "CtoG": -1.4434398063211185, "Pos_0:Pos_1_CA": -0.089251334235621, "TtoG": -0.04712964517623221, "AtoT": 1.2872955665798036, "Pos_0:Pos_1_GG": 0.15653432427361244, "Pos_0:Pos_1_CG": 0.0}