{"split0_test_score": {"4": 0.6920032634, "3": 0.6930777011, "1": 0.6994432199, "0": 0.7023373315, "2": 0.6948668403}, "params": {"4": {"alpha": 3.0}, "3": {"alpha": 2.0}, "1": {"alpha": 0.1}, "0": {"alpha": 0.01}, "2": {"alpha": 1.0}}, "rank_test_score": {"4": 5, "3": 4, "1": 2, "0": 1, "2": 3}, "best_a_choice": 0.01, "param_alpha": {"4": 3.0, "3": 2.0, "1": 0.1, "0": 0.01, "2": 1.0}}