{"split0_test_score": {"0": 0.6746381168, "1": 0.6726218762, "3": 0.6709739597, "4": 0.6715169038, "2": 0.6707172778}, "param_alpha": {"0": 0.01, "1": 0.1, "3": 2.0, "4": 3.0, "2": 1.0}, "params": {"0": {"alpha": 0.01}, "1": {"alpha": 0.1}, "3": {"alpha": 2.0}, "4": {"alpha": 3.0}, "2": {"alpha": 1.0}}, "best_a_choice": 0.01, "rank_test_score": {"0": 1, "1": 2, "3": 4, "4": 3, "2": 5}}