{"best_a_choice": 0.01, "params": {"2": {"alpha": 1.0}, "1": {"alpha": 0.1}, "0": {"alpha": 0.01}, "3": {"alpha": 2.0}, "4": {"alpha": 3.0}}, "param_alpha": {"2": 1.0, "1": 0.1, "0": 0.01, "3": 2.0, "4": 3.0}, "rank_test_score": {"2": 3, "1": 2, "0": 1, "3": 4, "4": 5}, "split0_test_score": {"2": 0.6842020229, "1": 0.6867974118, "0": 0.6887562762, "3": 0.6838209297, "4": 0.683679446}}