{"GtoA": -0.186126849181446, "CtoA": 0.2845205469831814, "CtoT": -0.1451481189054637, "AtoG": 0.43511388784042265, "AtoT": 1.1562409528695814, "GtoT": 0.5016718872047728, "TtoA": 1.2515717492083482, "AtoC": 0.10115832805015873, "CtoG": -1.9434536850746562, "TtoG": 0.49300444913595104, "GtoC": -1.7958946973215368, "TtoC": 0.40877508970350074}