{"param_C": {"1": 1.0, "2": 10.0, "0": 0.1, "3": 100.0}, "params": {"1": {"C": 1.0, "penalty": "l1"}, "2": {"C": 10.0, "penalty": "l1"}, "0": {"C": 0.1, "penalty": "l1"}, "3": {"C": 100.0, "penalty": "l1"}}, "best_c_choice": 1.0, "split0_test_score": {"1": 0.7264430004, "2": 0.7264430004, "0": 0.7227311329, "3": 0.7264430004}, "rank_test_score": {"1": 1, "2": 1, "0": 4, "3": 1}, "param_penalty": {"1": "l1", "2": "l1", "0": "l1", "3": "l1"}}