{"params": {"0": {"alpha": 0.01}, "1": {"alpha": 0.1}, "2": {"alpha": 1.0}, "4": {"alpha": 3.0}, "3": {"alpha": 2.0}}, "rank_test_score": {"0": 1, "1": 2, "2": 3, "4": 5, "3": 4}, "split0_test_score": {"0": 0.6633885438, "1": 0.6612397265, "2": 0.6573498965, "4": 0.6538051321, "3": 0.6553892967}, "param_alpha": {"0": 0.01, "1": 0.1, "2": 1.0, "4": 3.0, "3": 2.0}, "best_a_choice": 0.01}