{"param_alpha": {"2": 1.0, "1": 0.1, "0": 0.01, "4": 3.0, "3": 2.0}, "best_a_choice": 3.0, "split0_test_score": {"2": 0.6328580839, "1": 0.6269135454, "0": 0.6251725328, "4": 0.6355088149, "3": 0.6341599222}, "params": {"2": {"alpha": 1.0}, "1": {"alpha": 0.1}, "0": {"alpha": 0.01}, "4": {"alpha": 3.0}, "3": {"alpha": 2.0}}, "rank_test_score": {"2": 3, "1": 4, "0": 5, "4": 1, "3": 2}}