{"AtoC": 0.40074531940060937, "TtoG": 0.7048919810448311, "Pos_1_T": 0.0, "CtoT": 0.09616278947223315, "Pos_3_G": 0.010051727303291505, "Pos_0_T": 0.22740085998826048, "Pos_3_A": -0.052846832434204793, "Pos_2_C": 0.15314739055129087, "Pos_1_A": 0.07133827547439002, "Pos_1_C": -0.1259269241699116, "Pos_0_A": 0.07253303576488954, "GtoC": -3.1316030737493925, "Pos_0_G": -0.007091926539375845, "Pos_2_A": 0.0, "Pos_2_G": -0.18955805202673298, "CtoA": 0.5624479084069065, "Pos_2_T": 0.14724713419958463, "TtoC": 0.7232057707265557, "TtoA": 1.5786967216165106, "Pos_0_C": 0.0, "Pos_1_G": 0.2882476987036341, "CtoG": -3.146314539807678, "Pos_3_T": 0.029195191216041777, "GtoT": 0.7512326880815755, "AtoG": 0.7233993481897916, "Pos_3_C": 0.0, "AtoT": 1.4706898358655878, "GtoA": 0.07742213568757594}