{"rank_test_score": {"2": 1, "0": 4, "1": 2, "3": 3}, "param_C": {"2": 10.0, "0": 0.1, "1": 1.0, "3": 100.0}, "best_c_choice": 10.0, "param_penalty": {"2": "l1", "0": "l1", "1": "l1", "3": "l1"}, "params": {"2": {"penalty": "l1", "C": 10.0}, "0": {"penalty": "l1", "C": 0.1}, "1": {"penalty": "l1", "C": 1.0}, "3": {"penalty": "l1", "C": 100.0}}, "split0_test_score": {"2": 0.7730843877, "0": 0.7727794437, "1": 0.7730772517, "3": 0.7730688075}}