{"CtoT": -0.23205521607618784, "CtoG": -1.7088978088716122, "AtoG": 0.5043884958874267, "TtoA": 1.1916228275922973, "AtoC": 0.15844609268685966, "GtoC": -1.5007481748667235, "TtoC": 0.3014098005033916, "TtoG": 0.3417053383470743, "CtoA": 0.09321635584970571, "GtoA": -0.29744073171046853, "AtoT": 1.097862697804183, "GtoT": 0.5210494553996189}