{"best_c_choice": 0.1, "param_C": {"0": 0.1, "2": 10.0, "1": 1.0, "3": 100.0}, "param_penalty": {"0": "l1", "2": "l1", "1": "l1", "3": "l1"}, "params": {"0": {"C": 0.1, "penalty": "l1"}, "2": {"C": 10.0, "penalty": "l1"}, "1": {"C": 1.0, "penalty": "l1"}, "3": {"C": 100.0, "penalty": "l1"}}, "split0_test_score": {"0": 0.73161242, "2": 0.666718671, "1": 0.6925390509, "3": 0.6541818147}, "rank_test_score": {"0": 1, "2": 3, "1": 2, "3": 4}}