{"params": {"0": {"alpha": 0.01}, "2": {"alpha": 1.0}, "1": {"alpha": 0.1}, "3": {"alpha": 2.0}, "4": {"alpha": 3.0}}, "rank_test_score": {"0": 3, "2": 1, "1": 2, "3": 4, "4": 5}, "best_a_choice": 1.0, "split0_test_score": {"0": 0.7436554991, "2": 0.7440946734, "1": 0.7437496079, "3": 0.7419301713, "4": 0.7403773762}, "param_alpha": {"0": 0.01, "2": 1.0, "1": 0.1, "3": 2.0, "4": 3.0}}