{"TtoA": 0.4412614620926212, "TtoG": -0.004419334957326914, "AtoC": -0.06486676118998609, "GtoT": -0.0172991147479731, "CtoG": -0.5088847960813181, "AtoG": 0.03185453204233309, "AtoT": 0.4553814988394071, "CtoA": 0.01697338441261257, "GC_feature": -0.13329659836037708, "CtoT": -0.3965884858433474, "TtoC": 0.0, "GtoC": -0.47871583329846523, "GtoA": -0.45815754978396533}