{"Pos_1:Pos_5_AA": 0.005564793415523538, "Pos_1_T": 0.0, "Pos_0:Pos_1_CG": 0.0, "Pos_4:Pos_5_AG": -0.004405876188591635, "Pos_1:Pos_3_CC": 0.0, "Pos_0:Pos_3_TG": 0.0, "Pos_0_T": 0.0, "Pos_0:Pos_1_GT": 0.0, "Pos_0:Pos_1_CT": 0.0, "Pos_1:Pos_4_TA": 0.0, "Pos_0:Pos_1_TG": -0.05838911196275056, "CtoA": 0.0, "Pos_0:Pos_3_GG": -0.06052385333463222, "Pos_4_G": 0.0, "Pos_2:Pos_4_CG": 0.0, "Pos_0:Pos_2_GC": 0.0, "Pos_1:Pos_4_AG": 0.0, "Pos_3:Pos_4_CT": 0.04973095090861383, "TtoG": -0.01763251313304082, "Pos_0:Pos_1_AG": 0.0, "Pos_3:Pos_4_GA": -0.0816928663559153, "Pos_1:Pos_5_GT": 0.0, "Pos_2:Pos_5_AT": -0.009526718870915248, "Pos_1:Pos_2_CA": 0.005161201044286045, "Pos_0:Pos_5_TG": 0.0, "Pos_3:Pos_5_TC": 0.0, "Pos_2:Pos_4_TG": -0.01762610390654705, "Pos_1_G": 0.0, "Pos_1_A": 0.0, "Pos_0:Pos_4_AT": 0.03940638148545058, "Pos_5_C": 0.0, "GtoT": 0.058330558481503855, "Pos_2:Pos_3_CC": 0.0, "Pos_1:Pos_4_CC": 0.0, "CtoT": -0.4916833774139206, "Pos_3:Pos_5_TG": 0.032269710018523586, "Pos_3:Pos_4_AG": 0.11456112578292335, "Pos_0:Pos_2_TT": -0.04540276653951551, "Pos_0:Pos_3_TT": 0.050117435391451796, "Pos_0:Pos_2_AT": 0.006900344704506341, "Pos_2:Pos_3_CG": -0.12177680562687555, "Pos_1:Pos_2_TT": 0.009167948899691202, "Pos_1:Pos_5_AT": 0.0, "Pos_0:Pos_4_GG": 0.0, "Pos_0:Pos_3_CA": -0.024965255418183264, "Pos_0:Pos_3_AA": 0.011464493606485257, "Pos_2:Pos_4_GC": 0.04922266683877174, "Pos_1:Pos_3_GG": -0.05780650580544517, "Pos_4_C": 0.0, "Pos_2:Pos_4_CT": -0.01262599900320041, "Pos_3:Pos_5_GC": -0.02794108196878079, "Pos_1:Pos_4_CA": 0.0, "Pos_4_A": 0.0, "Pos_1:Pos_5_AC": 0.0, "Pos_0:Pos_3_CT": 0.0, "Pos_2:Pos_3_GA": 0.0, "Pos_0:Pos_4_TG": 0.0, "Pos_1:Pos_2_GT": 0.0, "Pos_0:Pos_5_GC": -0.028192559873688412, "Pos_0:Pos_1_GA": 0.0, "Pos_0:Pos_5_GA": 0.012041479945517068, "Pos_0_G": 0.0, "Pos_2:Pos_3_GC": 0.02845914462304345, "Pos_3:Pos_4_GG": 0.0, "TtoC": 0.013044591910808517, "GC_feature": -0.0642462476640644, "Pos_0:Pos_4_CT": 0.0, "Pos_1:Pos_5_CG": -0.06365016436630049, "Pos_3:Pos_5_AC": 0.02426310972198692, "Pos_1:Pos_3_AT": 0.024579600904629184, "Pos_0:Pos_5_CT": 0.0, "Pos_3:Pos_5_AT": 0.0, "Pos_2:Pos_3_TA": -0.07759228900085482, "Pos_2:Pos_5_GG": 0.0, "Pos_0:Pos_2_GA": -0.030950460603187357, "Pos_1:Pos_4_TT": 0.016655493002342356, "Pos_1:Pos_2_CG": -0.11450153250692324, "Pos_2:Pos_4_GA": 0.0, "Pos_2:Pos_3_TC": 0.0, "Pos_4:Pos_5_GG": -0.023002327159411314, "Pos_0:Pos_3_TA": -0.02589051175708639, "Pos_4:Pos_5_GC": 0.0, "Pos_0:Pos_2_TA": 0.0, "Pos_2:Pos_3_TG": -0.006929020316052524, "Pos_3:Pos_4_AA": 0.0, "Pos_1:Pos_5_TT": 0.0, "Pos_3:Pos_4_TG": 0.0, "Pos_3:Pos_5_GG": 0.0, "Pos_0:Pos_2_GG": 0.0, "Pos_0:Pos_4_AA": -0.002269704042777126, "Pos_1:Pos_2_GA": 0.0, "Pos_2:Pos_5_GC": 0.020356753660431607, "Pos_1:Pos_5_AG": 0.0, "Pos_2_T": 0.0, "Pos_0:Pos_5_AC": 0.0275848640202849, "Pos_3:Pos_5_TA": 0.04828257388143614, "Pos_1:Pos_4_AA": -0.005092040955783965, "Pos_0:Pos_5_GT": -0.03517583963170981, "Pos_1:Pos_4_TC": 0.004203153231894702, "Pos_2:Pos_5_AC": 0.0, "Pos_1:Pos_2_AC": -0.08394194568681597, "Pos_0:Pos_3_GT": 0.0, "Pos_2:Pos_5_CG": 0.0, "Pos_1:Pos_2_CC": 0.0, "Pos_0:Pos_1_GG": -0.0071006995265530904, "GtoA": -0.4324016358902077, "Pos_4:Pos_5_AT": 0.022335422511164042, "Pos_1:Pos_2_AA": 0.0, "Pos_1:Pos_5_TG": 0.0, "Pos_3:Pos_4_GT": 0.0, "Pos_0:Pos_5_GG": 0.0, "Pos_0:Pos_4_GT": 0.0, "Pos_2:Pos_5_AG": 0.0, "Pos_1:Pos_2_TG": 0.018713015046303984, "Pos_0:Pos_4_GA": 0.0, "Pos_1:Pos_3_GA": -0.0876401204772925, "Pos_1:Pos_4_TG": -0.004759707848658441, "Pos_0:Pos_4_AC": 0.005387794211109786, "Pos_1:Pos_4_AC": 0.06135591117327246, "Pos_0:Pos_2_CG": 0.0, "Pos_4:Pos_5_TC": 0.0, "Pos_3:Pos_5_CT": 0.013889145166485733, "Pos_1:Pos_3_CT": -0.03169157351394782, "Pos_4:Pos_5_GT": 0.0, "Pos_0_C": 0.0, "Pos_2:Pos_5_CA": 0.0, "Pos_2:Pos_5_CT": 0.0, "Pos_3:Pos_5_AG": -0.04488486272285923, "Pos_0:Pos_4_TT": 0.06680354431122298, "Pos_1:Pos_2_CT": -0.032742138829118535, "Pos_4:Pos_5_CC": 0.009619737514071958, "Pos_0:Pos_2_GT": 0.0, "Pos_2:Pos_4_AT": 0.08240940394018033, "Pos_1:Pos_5_TA": 0.0, "Pos_2_A": 0.0, "Pos_3:Pos_5_CA": 0.01235248502043917, "Pos_0:Pos_5_AT": 0.0, "Pos_1:Pos_5_CA": 0.013663350892285202, "Pos_4:Pos_5_TG": 0.0, "Pos_1:Pos_3_GT": 0.0, "Pos_0:Pos_5_TC": 0.0, "Pos_2:Pos_3_CA": -0.0208385711708493, "Pos_2:Pos_5_GA": 0.0, "Pos_2:Pos_4_GG": 0.0, "Pos_3_A": 0.0, "Pos_2:Pos_4_CA": 0.0, "Pos_4:Pos_5_AA": 0.05171000543696812, "Pos_1:Pos_5_CT": 0.0, "Pos_3:Pos_4_AT": -0.05016913607031796, "Pos_0:Pos_2_AA": 0.0, "Pos_2:Pos_3_CT": 0.008118475103238213, "Pos_0:Pos_5_CG": -0.009090335798174162, "Pos_1:Pos_5_GA": 0.0, "Pos_1:Pos_4_GG": 0.08621863862342917, "Pos_0:Pos_1_CC": 0.0, "Pos_0:Pos_2_AG": 0.0, "Pos_0:Pos_3_CG": -0.17283876311116536, "Pos_3:Pos_4_CA": 0.034914959121842684, "Pos_4:Pos_5_GA": 0.0, "Pos_3_T": 0.0, "Pos_3:Pos_4_TT": 0.07101042182218223, "Pos_2:Pos_3_AG": 0.0, "Pos_0:Pos_1_TC": 0.045805292176023575, "Pos_0:Pos_1_TA": 0.0, "Pos_1:Pos_2_GC": 0.0, "Pos_2:Pos_3_TT": 0.0, "Pos_4:Pos_5_CT": -0.03282794990952714, "Pos_1:Pos_3_TT": 0.005551196053512975, "Pos_4:Pos_5_TA": 0.05245015784542233, "Pos_0:Pos_3_TC": 0.08953985750851631, "Pos_0:Pos_1_AT": -0.019885609089098498, "Pos_2:Pos_4_AG": 0.0, "Pos_1:Pos_3_CA": -0.05937563211311747, "Pos_0:Pos_1_CA": -0.022295182812810413, "Pos_0:Pos_4_CC": -0.021384295849834766, "Pos_0:Pos_2_CA": 0.0, "Pos_0:Pos_1_AA": 0.0, "Pos_0:Pos_2_CC": -0.048790830140854134, "Pos_1:Pos_4_CT": 0.0, "Pos_2:Pos_5_TC": -0.00440124186877205, "Pos_3_C": 0.0, "Pos_0:Pos_3_GA": 0.0, "Pos_2:Pos_3_GG": 0.023398098852793713, "Pos_3:Pos_5_AA": 0.0, "Pos_1:Pos_4_GT": -0.07290798532194682, "AtoT": 0.42012832286172314, "Pos_0:Pos_5_AA": -0.021884014622210447, "Pos_2:Pos_5_AA": 0.03479729799586632, "Pos_4:Pos_5_TT": 0.0, "Pos_2:Pos_5_TA": 0.0, "GtoC": -0.49933814891566286, "Pos_3:Pos_5_CG": -0.020010163667375038, "Pos_2:Pos_5_TG": -0.03414036690501122, "Pos_1:Pos_5_GG": -0.018111460271264077, "Pos_0:Pos_3_AG": 0.0, "Pos_0:Pos_5_TA": 0.0, "Pos_1:Pos_2_AG": 0.0, "Pos_1_C": 0.0, "Pos_5_T": 0.0, "Pos_1:Pos_5_TC": 0.0017200450781915243, "Pos_5_A": 0.00020790780244471635, "Pos_0:Pos_3_GC": 0.0, "Pos_1:Pos_3_TC": 0.0, "Pos_2_C": 0.0, "Pos_1:Pos_5_CC": 0.0, "Pos_4:Pos_5_AC": -0.0038955652815535705, "Pos_1:Pos_4_AT": 0.0, "Pos_0:Pos_1_GC": 0.0, "Pos_5_G": 0.0, "Pos_3:Pos_4_AC": 0.0, "Pos_2_G": 0.11474479978079467, "Pos_0:Pos_2_AC": -0.07783320747130675, "Pos_2:Pos_4_AA": 0.0, "Pos_1:Pos_2_TA": 0.0, "Pos_0:Pos_1_TT": 0.08590171859570338, "Pos_1:Pos_2_AT": 0.0, "Pos_1:Pos_3_CG": 0.01635593962932904, "Pos_0_A": 0.0, "Pos_3:Pos_4_CC": 0.0, "TtoA": 0.4608997293489742, "Pos_0:Pos_2_TG": 0.0, "Pos_0:Pos_2_CT": 0.0, "Pos_1:Pos_3_TA": 0.0, "Pos_1:Pos_2_TC": 0.0, "Pos_1:Pos_4_CG": 0.0, "Pos_3:Pos_4_TA": 0.009704717578637825, "Pos_0:Pos_4_TC": 0.0, "Pos_0:Pos_3_AC": 0.0, "Pos_2:Pos_4_GT": 0.03500735293052956, "Pos_2:Pos_5_CC": -0.042481276161641254, "Pos_2:Pos_4_TA": 0.0, "Pos_1:Pos_3_GC": 0.0, "Pos_3:Pos_5_TT": 0.0, "Pos_0:Pos_1_AC": 0.0, "Pos_3_G": 0.0, "Pos_0:Pos_2_TC": 0.017313751951821235, "Pos_2:Pos_4_AC": -0.027415135475867144, "Pos_3:Pos_5_GT": 0.0, "AtoC": -0.06079566389631257, "Pos_3:Pos_4_CG": -0.07069414090853844, "Pos_1:Pos_3_AG": -0.03974954637205504, "Pos_2:Pos_3_GT": 0.0, "Pos_0:Pos_5_CA": 0.0, "Pos_0:Pos_5_TT": 0.0, "Pos_0:Pos_4_CG": 0.019421504089684963, "Pos_1:Pos_3_AC": 0.0, "Pos_2:Pos_4_CC": 0.0, "Pos_0:Pos_4_GC": 0.07302734682152091, "AtoG": 0.002855539003320388, "Pos_2:Pos_4_TC": 0.0, "Pos_4_T": 0.0, "Pos_1:Pos_5_GC": 0.0, "Pos_3:Pos_5_GA": 0.0, "Pos_2:Pos_3_AT": -0.10242152097603463, "Pos_4:Pos_5_CA": 0.0, "Pos_2:Pos_5_TT": 0.0, "Pos_0:Pos_4_AG": 0.0, "Pos_3:Pos_4_GC": 0.0, "Pos_2:Pos_4_TT": 0.0, "Pos_2:Pos_5_GT": 0.062062866622607835, "Pos_1:Pos_2_GG": 0.0, "Pos_3:Pos_5_CC": 0.0, "Pos_1:Pos_4_GA": 0.0, "CtoG": -0.43814288139460494, "Pos_3:Pos_4_TC": -0.0036907755620258884, "Pos_0:Pos_3_AT": -0.002049668469486008, "Pos_1:Pos_4_GC": -0.016226329698336685, "Pos_0:Pos_5_AG": 0.0, "Pos_2:Pos_3_AC": 0.0, "Pos_0:Pos_5_CC": -0.04120906131565319, "Pos_0:Pos_4_CA": 0.0,