{"split0_test_score": {"0": 0.6889160159, "1": 0.6866259579, "4": 0.6832155165, "2": 0.6841778337, "3": 0.6835345394}, "params": {"0": {"alpha": 0.01}, "1": {"alpha": 0.1}, "4": {"alpha": 3.0}, "2": {"alpha": 1.0}, "3": {"alpha": 2.0}}, "best_a_choice": 0.01, "param_alpha": {"0": 0.01, "1": 0.1, "4": 3.0, "2": 1.0, "3": 2.0}, "rank_test_score": {"0": 1, "1": 2, "4": 5, "2": 3, "3": 4}}