{"CtoA": 0.0, "Pos_3_T": 0.007894323414919012, "Pos_1_C": -0.22653958604370233, "Pos_1_G": 0.13602921159123715, "GtoC": -0.3614085669660133, "Pos_2_G": -0.16771604437514093, "TtoA": 0.5251326562910413, "AtoT": 0.8791635447400264, "Pos_0_G": 0.0, "GtoT": 0.0, "CtoG": -0.11713697401993393, "AtoG": 0.13522009145686958, "Pos_2_A": 0.0, "Pos_3_G": -0.07412969705140725, "TtoG": 0.0, "TtoC": 0.04009777966633751, "AtoC": -0.07694093694381134, "Pos_2_C": 0.0, "Pos_3_C": 0.0, "Pos_0_C": -0.121910343830264, "GtoA": -0.381014516594358, "Pos_3_A": 0.0, "Pos_1_A": 0.0, "Pos_0_T": 0.0, "CtoT": -0.3713585595274046, "Pos_1_T": -0.0791692575268769, "Pos_2_T": 0.0, "Pos_0_A": -0.03916568925236632}