{"CtoG": -0.5389361862544362, "Pos_0_C": -0.047555072986098894, "Pos_0:Pos_1_GT": 0.0, "Pos_1_G": -0.13292149488356472, "AtoC": 0.0, "Pos_0:Pos_1_GG": 0.0, "Pos_0:Pos_1_AG": 0.0, "TtoG": 0.0, "GtoC": -0.22605185956389054, "Pos_0:Pos_1_GA": 0.0, "Pos_0:Pos_1_TA": 0.0, "GtoT": 0.0, "AtoG": 0.08889448000842591, "Pos_1_A": 0.0, "CtoT": -0.4445247328505587, "Pos_0:Pos_1_AA": 0.0, "Pos_0:Pos_1_CT": 0.0, "Pos_0_G": 0.2231071836898652, "TtoC": 0.24115291391670993, "Pos_0:Pos_1_CG": 0.0, "AtoT": 0.5325365953829989, "Pos_0:Pos_1_GC": 0.1045445672199403, "Pos_0:Pos_1_TG": 0.0, "Pos_1_T": 0.10734686334233953, "Pos_0:Pos_1_TT": 0.0, "TtoA": 0.6737130282394362, "Pos_0_T": 0.006165712069214036, "GtoA": -0.576825769700322, "Pos_0:Pos_1_TC": 0.0, "Pos_0_A": 0.0, "Pos_0:Pos_1_CC": 0.0, "Pos_1_C": 0.02076060292019252, "Pos_0:Pos_1_AC": 0.0, "Pos_0:Pos_1_AT": 0.0, "CtoA": 0.005848416783610588, "Pos_0:Pos_1_CA": 0.0}