{"params": {"1": {"C": 1.0, "penalty": "l1"}, "0": {"C": 0.1, "penalty": "l1"}, "2": {"C": 10.0, "penalty": "l1"}, "3": {"C": 100.0, "penalty": "l1"}}, "param_C": {"1": 1.0, "0": 0.1, "2": 10.0, "3": 100.0}, "split0_test_score": {"1": 0.7122010299, "0": 0.7467556742, "2": 0.6801220675, "3": 0.6609135991}, "param_penalty": {"1": "l1", "0": "l1", "2": "l1", "3": "l1"}, "rank_test_score": {"1": 2, "0": 1, "2": 3, "3": 4}, "best_c_choice": 0.1}