{"rank_test_score": {"1": 4, "3": 2, "4": 1, "0": 5, "2": 3}, "params": {"1": {"alpha": 0.1}, "3": {"alpha": 2.0}, "4": {"alpha": 3.0}, "0": {"alpha": 0.01}, "2": {"alpha": 1.0}}, "split0_test_score": {"1": 0.5930579083, "3": 0.6084054834, "4": 0.6114797039, "0": 0.5878819248, "2": 0.6041627455}, "param_alpha": {"1": 0.1, "3": 2.0, "4": 3.0, "0": 0.01, "2": 1.0}, "best_a_choice": 3.0}