{"best_a_choice": 3.0, "rank_test_score": {"0": 4, "2": 2, "3": 2, "1": 4, "4": 1}, "params": {"0": {"alpha": 0.01}, "2": {"alpha": 1.0}, "3": {"alpha": 2.0}, "1": {"alpha": 0.1}, "4": {"alpha": 3.0}}, "split0_test_score": {"0": 0.7416400025, "2": 0.7502666416, "3": 0.7502666416, "1": 0.7416400025, "4": 0.7556622122}, "param_alpha": {"0": 0.01, "2": 1.0, "3": 2.0, "1": 0.1, "4": 3.0}}