{"params": {"3": {"alpha": 2.0}, "2": {"alpha": 1.0}, "0": {"alpha": 0.01}, "1": {"alpha": 0.1}, "4": {"alpha": 3.0}}, "param_alpha": {"3": 2.0, "2": 1.0, "0": 0.01, "1": 0.1, "4": 3.0}, "rank_test_score": {"3": 2, "2": 3, "0": 5, "1": 4, "4": 1}, "split0_test_score": {"3": 0.6713389281, "2": 0.6676902537, "0": 0.6455712378, "1": 0.6569254244, "4": 0.6734255197}, "best_a_choice": 3.0}