{"Pos_3:Pos_5_AG": 0.0, "Pos_4:Pos_5_AG": -0.01520756390625891, "Pos_2_G": 0.2005180203836473, "Pos_1:Pos_5_AG": 0.013577512536528401, "Pos_0:Pos_3_GC": 0.0, "Pos_0:Pos_3_AT": 0.02884787923411414, "Pos_3:Pos_4_AT": -0.017423854820603733, "Pos_3:Pos_4_AC": 0.0, "Pos_0:Pos_5_CA": 0.0, "Pos_3:Pos_5_GG": -0.09265983270773454, "Pos_0:Pos_4_TG": 0.0, "Pos_2:Pos_5_CT": 0.0, "Pos_1:Pos_5_CA": 0.021521269089491667, "Pos_4:Pos_5_AC": 0.0, "Pos_1:Pos_4_TA": 0.0, "Pos_1:Pos_3_CG": 0.0, "Pos_0:Pos_1_GG": -0.07747579441221389, "Pos_0:Pos_4_TA": 0.0, "Pos_0:Pos_1_GT": 0.016819225386752592, "Pos_0:Pos_1_CT": 0.0, "AtoT": 0.38299732216488896, "CtoA": -0.06459347656887805, "Pos_1:Pos_5_TG": 0.0, "CtoT": -0.4343630907414419, "Pos_1:Pos_3_TT": 0.039035068266068416, "Pos_0:Pos_1_TA": 0.0, "Pos_3:Pos_5_GT": 0.0, "Pos_2:Pos_5_GA": 0.026373238348428717, "GC_feature": -0.07820344078894453, "Pos_0:Pos_5_AC": 0.012480561054754502, "Pos_1:Pos_5_GT": -0.019904714057329145, "Pos_3:Pos_5_GC": -0.03915965116696878, "Pos_0:Pos_5_TA": 0.0, "Pos_1:Pos_4_GA": -0.015788343480479125, "Pos_3:Pos_4_TA": -0.004631942947759836, "Pos_0:Pos_3_AG": 0.01116910471924056, "Pos_0:Pos_4_CC": -0.01889368968026814, "Pos_4:Pos_5_AT": 0.00685336282313513, "Pos_4:Pos_5_CG": 0.06850096401879686, "Pos_2:Pos_3_CA": -0.04312502783960892, "TtoG": 0.0018246381056162202, "Pos_4:Pos_5_CA": 0.001638587061091868, "Pos_0:Pos_5_TG": 0.031349285705162926, "Pos_3:Pos_4_CT": 0.05837399159563485, "Pos_3:Pos_5_AT": 0.0, "Pos_0:Pos_5_AG": 0.0, "Pos_0:Pos_1_GC": -0.015546205997402484, "Pos_4:Pos_5_TA": 0.0, "Pos_1:Pos_5_GG": -0.026094843821185352, "Pos_1:Pos_4_TT": 0.013844547705352825, "Pos_3:Pos_4_CA": 0.11510385219891865, "Pos_2:Pos_5_AG": -0.020874639761299267, "Pos_2:Pos_3_TT": 0.05433412974480286, "Pos_0_C": 0.0, "Pos_0:Pos_4_AG": 0.0, "Pos_1:Pos_5_CT": 0.0, "Pos_1:Pos_5_GC": 0.0, "Pos_0:Pos_2_GC": -0.004705520274773945, "Pos_3:Pos_4_GC": -0.016935212896669067, "Pos_2:Pos_3_GG": -0.01669715415396745, "Pos_2:Pos_3_CC": 0.0, "Pos_0:Pos_3_TA": 0.0, "Pos_2:Pos_5_TA": 0.0, "Pos_0:Pos_1_TC": 0.08522985781541144, "Pos_0:Pos_2_TG": 0.0, "Pos_1:Pos_4_AT": 0.0, "Pos_0:Pos_1_AC": 0.06070127998012441, "Pos_2:Pos_4_CT": -0.10352911672058107, "Pos_1_C": 0.0, "Pos_3:Pos_5_TA": 0.009047334657269965, "Pos_1:Pos_3_TC": 0.0, "Pos_1:Pos_3_GC": 0.0, "Pos_0:Pos_3_TG": -0.003843179158293259, "Pos_2:Pos_3_GC": 0.08848274248496732, "TtoC": 0.0, "Pos_0:Pos_3_CA": 0.0, "Pos_1:Pos_5_CC": 0.0, "Pos_2:Pos_3_TG": 0.0, "Pos_1:Pos_3_CT": 0.0, "Pos_2:Pos_5_CG": 0.0, "Pos_1:Pos_2_AA": 0.0, "Pos_0:Pos_1_AG": 0.0, "Pos_0:Pos_5_GG": 0.0, "Pos_3_A": 0.0, "Pos_1:Pos_5_TT": 0.0002184652330159682, "Pos_3:Pos_4_GG": 0.0, "Pos_0:Pos_5_GA": 0.015131598055325752, "Pos_3:Pos_4_CC": 0.0, "Pos_0:Pos_2_TT": -0.03214635712661598, "Pos_2:Pos_3_AC": -0.01984580161822995, "Pos_3_G": -0.007221653475568131, "Pos_4:Pos_5_GA": 0.01804990753142631, "Pos_2:Pos_5_CC": -0.04558487694752581, "Pos_1:Pos_3_AC": -0.031942118007828445, "Pos_0:Pos_5_CC": -0.021831324365201167, "Pos_4:Pos_5_GT": -0.030011109703833173, "Pos_0:Pos_2_TC": 0.010242532738580149, "Pos_2:Pos_4_TT": 0.0, "Pos_0:Pos_4_TT": 0.03205195397765979, "Pos_0:Pos_2_AC": 0.0, "Pos_1:Pos_2_CA": 0.0013908528910282557, "Pos_3:Pos_5_CA": 0.0, "GtoA": -0.41907898320474785, "AtoC": -0.1093233287720924, "Pos_1:Pos_4_CA": 0.03139550873325957, "Pos_2:Pos_4_GA": -0.007537124397730151, "Pos_3:Pos_4_GA": -0.05382201504644967, "Pos_3_T": 0.0, "Pos_1:Pos_3_GA": -0.003271119248441675, "Pos_0:Pos_2_AG": 0.052820573629874884, "Pos_3:Pos_5_TC": 0.0, "Pos_1:Pos_4_TG": 0.0, "Pos_2:Pos_4_AA": 0.0, "Pos_0:Pos_4_GT": 0.0, "Pos_0:Pos_5_CG": -0.022530766493948036, "Pos_2:Pos_3_AT": -0.019852334186089265, "Pos_0:Pos_1_GA": 0.0, "Pos_1:Pos_3_AA": 0.003866844402935417, "GtoC": -0.5711063756569114, "Pos_2:Pos_4_AC": -0.012168600420938794, "Pos_0:Pos_2_GG": 0.0, "Pos_3:Pos_5_CG": 0.0, "Pos_2:Pos_3_AG": 0.00805621902403047, "Pos_0:Pos_1_TT": 0.07465953204093126, "Pos_1:Pos_4_AC": -0.0016193003221096568, "Pos_4:Pos_5_TC": 0.06738829502410998, "Pos_5_T": 0.0, "Pos_0_T": 0.0, "Pos_1:Pos_2_CG": -0.17698875494889982, "Pos_1:Pos_2_TC": 0.0, "Pos_0:Pos_5_AT": 0.02228729488099841, "Pos_1:Pos_2_TT": 0.007620056530360841, "Pos_3:Pos_4_CG": -0.04905476417037373, "Pos_2:Pos_3_AA": 0.0, "Pos_0:Pos_5_GT": 0.0, "Pos_2:Pos_3_GA": 0.0, "Pos_1:Pos_3_CC": 0.0025230520332045966, "AtoG": 0.025846476158256082, "Pos_1:Pos_4_AA": 0.0, "Pos_1:Pos_4_CC": -0.03159000470091423, "Pos_1:Pos_2_AC": 0.0, "Pos_1:Pos_2_CC": 0.0, "Pos_1:Pos_5_TA": 0.0, "Pos_0:Pos_1_CA": 0.0, "Pos_0:Pos_2_GT": 0.0, "Pos_1:Pos_5_TC": 0.02222544273177844, "Pos_1:Pos_5_CG": -0.06824853432627617, "Pos_2:Pos_5_CA": 0.0, "Pos_0:Pos_4_GC": 0.0, "Pos_1:Pos_4_TC": 0.04965203036556057, "Pos_0:Pos_5_AA": -0.07289239563045857, "Pos_4_G": 0.0, "Pos_1:Pos_3_CA": -0.0011846277360313903, "Pos_4:Pos_5_AA": 0.0, "Pos_0:Pos_5_GC": 0.0, "Pos_0_A": 0.0, "Pos_0:Pos_1_AT": 0.0, "Pos_4_C": 0.0, "Pos_0:Pos_2_CT": -0.03686450453470877, "Pos_2:Pos_5_TT": 0.0, "Pos_2:Pos_4_GC": 0.007885503475055454, "Pos_0:Pos_4_CG": 0.00989403329646002, "Pos_0:Pos_3_GA": 0.0, "Pos_4:Pos_5_TG": -0.008388107085936073, "Pos_2_A": 0.0, "Pos_3:Pos_5_TG": 0.07026399828616182, "Pos_3:Pos_4_GT": 0.0, "Pos_5_C": 0.0, "Pos_0:Pos_3_CT": 0.0, "Pos_0:Pos_4_AC": 0.013114943117806423, "Pos_2:Pos_3_TC": 0.0, "Pos_0:Pos_3_GG": 0.0, "Pos_2:Pos_4_TG": -0.009283599130421592, "Pos_2:Pos_4_CA": 0.0, "Pos_1_A": 0.0, "Pos_2:Pos_3_CT": 0.0, "Pos_2:Pos_5_GT": 0.0, "Pos_3:Pos_4_TG": 0.0, "Pos_1:Pos_4_AG": 0.0009500262145407441, "Pos_0:Pos_4_GG": -0.025894713386629, "Pos_1:Pos_2_GC": -0.0002254044644594613, "Pos_1:Pos_2_TG": 0.014091338617743636, "Pos_1:Pos_5_AA": 0.0, "Pos_1:Pos_3_TA": 0.011529023591892904, "Pos_1:Pos_5_GA": 0.017015955446489987, "Pos_4_A": 0.0, "Pos_0:Pos_4_GA": -0.026648063935506346, "Pos_2:Pos_4_GT": 0.010663856753871312, "Pos_4:Pos_5_GG": 0.0, "Pos_0:Pos_4_CT": 0.0, "Pos_2:Pos_5_AA": 0.004764160499585471, "Pos_1:Pos_3_TG": -0.0003804735034487969, "Pos_2:Pos_3_CG": -0.08242422632344323, "Pos_0:Pos_4_AA": -0.03633287917016152, "GtoT": 0.024505628133532402, "Pos_2_C": 0.0, "Pos_0:Pos_2_AT": 0.09260550007931095, "Pos_2:Pos_4_GG": 0.0, "Pos_3:Pos_4_AG": 0.12897936502684104, "Pos_1:Pos_4_GG": 0.0, "Pos_3_C": 0.0, "Pos_0:Pos_2_CA": 0.04387949007440856, "Pos_2:Pos_4_TA": -0.017652708695020187, "Pos_0:Pos_4_AT": 0.0, "Pos_2:Pos_4_AT": 0.03726563122612668, "Pos_5_A": 0.11025045690330461, "Pos_4:Pos_5_GC": 0.0, "Pos_3:Pos_5_CC": 0.022458215967323416, "Pos_1:Pos_2_CT": 0.0, "Pos_0:Pos_3_AC": -0.03188221369590025, "Pos_0:Pos_1_CG": 0.03355131502184951, "Pos_0:Pos_3_CG": -0.09897341579676233, "Pos_0:Pos_1_AA": 0.0, "Pos_1:Pos_4_CT": 0.007528135146859813, "Pos_3:Pos_4_TT": 0.0017707460130645066, "Pos_1:Pos_4_CG": 0.0, "Pos_3:Pos_5_AC": -0.023434439830873278, "Pos_0:Pos_3_TT": 0.04692788817511782, "Pos_4:Pos_5_CT": 0.0, "Pos_0:Pos_4_CA": 0.0, "Pos_0:Pos_3_CC": 0.0, "Pos_2:Pos_4_CC": -0.01030227022300316, "Pos_0:Pos_4_TC": -0.023924634029197294, "Pos_1:Pos_3_AT": 0.0, "Pos_0:Pos_3_GT": -0.01644661538131932, "Pos_0:Pos_5_TT": -0.01681628825803342, "Pos_0:Pos_5_CT": 0.0363462095497784, "Pos_0:Pos_2_CG": 0.0, "Pos_1_T": 0.0, "Pos_2:Pos_3_TA": -0.08144228486292425, "Pos_1:Pos_3_GT": -0.0014257450194050262, "Pos_0_G": 0.0, "Pos_1:Pos_3_AG": -0.06785860046699949, "Pos_1:Pos_5_AT": 0.0, "Pos_3:Pos_4_TC": 0.0, "Pos_2:Pos_4_AG": 0.0, "Pos_1:Pos_2_GA": 0.0, "Pos_0:Pos_2_CC": 0.0, "Pos_3:Pos_5_AA": 0.019744255677044388, "Pos_5_G": 0.0, "Pos_0:Pos_1_TG": 0.0, "Pos_1:Pos_3_GG": 0.0, "Pos_1:Pos_2_GG": 0.0, "Pos_0:Pos_2_GA": 0.0, "Pos_3:Pos_5_CT": 0.05022009871439847, "Pos_4:Pos_5_CC": 0.0, "Pos_1_G": 0.0, "TtoA": 0.4621953788158839, "Pos_4_T": 0.0, "Pos_2:Pos_3_GT": 0.019364028676590303, "Pos_3:Pos_4_AA": -0.0037237992363374863, "Pos_0:Pos_3_AA": -0.03547092432627422, "Pos_2:Pos_5_AT": 0.0, "Pos_3:Pos_5_GA": 0.0, "Pos_2:Pos_4_TC": 0.01608474479604772, "Pos_0:Pos_2_TA": 0.030775973586157024, "Pos_2:Pos_5_GC": 0.018731397929364055, "Pos_1:Pos_2_GT": -0.021705681275902115,