{"Pos_0:Pos_1_CC": 0.0, "Pos_0:Pos_1_AC": 0.011611350389907824, "Pos_0:Pos_1_GG": -0.003749750741185244, "TtoG": 0.6035272797670989, "AtoT": 1.4376830852204145, "Pos_0:Pos_1_TG": 0.10416890928395235, "Pos_0:Pos_1_TC": 0.060362123031408206, "AtoG": 0.6577120494733291, "Pos_1_G": -0.16624933493417962, "Pos_0:Pos_1_GC": 0.11552042478814112, "Pos_1_T": 0.12736396969779543, "Pos_0:Pos_1_TT": 0.11216248493177348, "GtoC": -3.229202397779323, "Pos_0:Pos_1_AG": 0.05020282864866037, "CtoT": 0.03580017818631031, "Pos_0:Pos_1_GA": 0.22493998591805486, "Pos_0_T": 0.0, "Pos_0:Pos_1_AA": 0.25308610270585374, "GtoA": 0.009213812748857755, "CtoG": -3.2081552304356613, "TtoC": 0.6590602137007313, "GtoT": 0.6762185783222239, "Pos_1_C": 0.15562618179521864, "CtoA": 0.5775171031685115, "Pos_0:Pos_1_TA": -0.09054467318857141, "Pos_0:Pos_1_CA": 0.0, "Pos_0_A": 0.015257646203366405, "Pos_0_G": 0.2536627261767402, "Pos_1_A": -0.08696249489645001, "AtoC": 0.42949061441628167, "Pos_0:Pos_1_CT": 0.07000621191073984, "Pos_0:Pos_1_GT": 0.044322407416346445, "Pos_0:Pos_1_CG": 0.0, "TtoA": 1.5030474358326953, "Pos_0_C": -0.11821275921310052, "Pos_0:Pos_1_AT": -0.03620639889038943}