{"best_a_choice": 3.0, "param_alpha": {"1": 0.1, "3": 2.0, "0": 0.01, "4": 3.0, "2": 1.0}, "params": {"1": {"alpha": 0.1}, "3": {"alpha": 2.0}, "0": {"alpha": 0.01}, "4": {"alpha": 3.0}, "2": {"alpha": 1.0}}, "rank_test_score": {"1": 4, "3": 2, "0": 5, "4": 1, "2": 3}, "split0_test_score": {"1": 0.5950890897, "3": 0.6158479202, "0": 0.5872702177, "4": 0.6186241295, "2": 0.6111267959}}