{"Pos_26_C": -0.052460094440737605, "Pos_17_G": 0.10949612498656895, "Pos_14_C": 0.0, "Pos_5_A": 0.04478701128904159, "Pos_16_A": 0.0, "Pos_23_A": -0.02495711193493358, "Pos_57_C": 0.0043433282343116955, "Pos_10_T": 0.0, "Pos_29_C": -0.2637036897478737, "Pos_10_C": 0.023874546912742614, "TtoC": 0.0, "Pos_48_A": 0.0, "Pos_45_T": 0.037715520212167196, "Pos_47_C": -0.048697405482621546, "Pos_25_G": 0.0, "Pos_36_T": 0.022464054770935868, "Pos_47_A": 0.0, "Pos_30_A": -0.017080439861429667, "Pos_50_G": -0.03453084767317603, "Pos_47_G": 0.03911727439801056, "Pos_56_G": 0.0, "Pos_19_C": 0.0530250218937115, "Pos_7_C": 0.0490481172383394, "Pos_26_A": -0.01737134638512406, "Pos_13_T": 0.056163110230677944, "Pos_26_G": 0.051559879919218815, "Pos_16_T": 0.1751279689573405, "Pos_38_C": 0.0, "Pos_15_C": -0.07060924067921395, "Pos_13_G": 0.0, "Pos_6_G": -0.005200310373672078, "Pos_8_A": 0.0, "Pos_56_A": 0.01290218125784575, "Pos_22_A": -0.06798962678969725, "Pos_44_G": -0.1396686021111416, "Pos_47_T": 0.0, "Pos_36_C": 0.0, "Pos_36_G": -0.06568206724768774, "Pos_44_C": -0.006833316728896844, "Pos_7_A": -0.08623294460474942, "Pos_6_T": 0.02887401021983757, "Pos_17_C": 0.0, "Pos_18_A": 0.0, "Pos_33_A": 0.0, "Pos_23_G": 0.12520660845850443, "Pos_4_T": 0.05307344885521397, "Pos_52_T": 0.0, "Pos_43_A": -0.0184464125861261, "Pos_42_A": -0.011003483140267872, "TtoG": 0.0, "Pos_56_C": -0.06507097254672292, "Pos_30_T": 0.10138633211191, "Pos_58_T": 0.0, "Pos_58_A": -0.08693466586146914, "Pos_20_A": -0.023370443140911315, "Pos_12_G": -0.09884279886782057, "Pos_46_A": 0.0, "Pos_42_C": 0.13634362253248516, "Pos_34_A": -0.06494857660711695, "Pos_38_T": 0.11232590237138351, "Pos_4_A": 0.0, "Pos_28_A": 0.0, "Pos_51_G": -0.10531860441417396, "Pos_27_T": 0.05670843444509837, "Pos_27_A": 0.002429395756844209, "Pos_27_G": 0.0, "Pos_31_A": 0.0, "Pos_1_T": -0.028192677020845602, "Pos_43_T": 0.0, "Pos_0_C": 0.0, "Pos_22_G": -0.01591582018668116, "Pos_35_T": 0.006737530983432626, "Pos_0_A": -0.0022892862298079086, "Pos_3_A": 0.04418927846531213, "Pos_37_T": 0.0, "Pos_49_C": 0.029686879438745414, "Pos_20_C": 0.0, "Pos_45_A": -0.07204936998322711, "CtoT": -0.5898408020077194, "Pos_18_G": 0.0, "Pos_14_A": -0.04189382669997651, "Pos_2_C": 0.0, "Pos_40_A": 0.0, "Pos_59_A": 0.0, "Pos_37_A": -0.08583948222283785, "Pos_46_G": 0.034924267475119466, "Pos_21_T": 0.06069109809706177, "Pos_50_A": 0.0, "Pos_37_C": 0.0, "Pos_48_T": 0.12721025729264218, "Pos_10_G": 0.0, "Pos_23_C": 0.0, "Pos_51_A": 0.0, "Pos_8_G": 0.022174865148648925, "Pos_41_C": 0.0, "Pos_9_T": 0.0, "Pos_2_G": 0.1681839126938123, "Pos_14_T": 0.0, "Pos_25_C": 0.0, "Pos_13_A": -0.05976367896535523, "Pos_29_A": 0.036814354557006324, "Pos_38_G": -0.032522849753348744, "Pos_19_A": 0.0, "Pos_39_G": 0.0, "Pos_57_G": 0.0, "Pos_50_T": 0.01859335106557588, "Pos_16_C": -0.01157285270091494, "Pos_20_T": 0.0, "Pos_11_C": 0.0, "Pos_13_C": 0.0, "Pos_32_A": 0.02973018710854813, "Pos_12_C": 0.0, "Pos_53_T": 0.05215866544352379, "Pos_12_A": 0.010309177080579249, "Pos_19_T": 0.0, "Pos_46_C": 0.0, "Pos_2_T": -0.022985992644173444, "Pos_44_T": 0.09996545896381458, "CtoA": -0.09154451816678762, "Pos_26_T": 0.025773234870725224, "Pos_1_G": 0.04824864423726615, "Pos_35_C": 0.0, "Pos_15_A": 0.0, "Pos_45_C": 0.0, "Pos_31_C": 0.003617995805159399, "Pos_55_A": -0.12243809932071155, "Pos_43_G": 0.1477452392156977, "GtoC": -0.6810969873707055, "AtoC": 0.0, "Pos_41_A": 0.028810326877915213, "Pos_17_A": -0.041735106391992065, "Pos_24_G": -0.004289253982531258, "Pos_32_T": 0.051693753358324566, "Pos_33_C": 0.0, "Pos_2_A": 0.013303872294982364, "Pos_52_A": -0.022253301005085553, "Pos_49_G": 0.0, "Pos_58_G": 0.0545902441046004, "Pos_27_C": -0.015834261220582724, "Pos_7_G": 0.0, "Pos_51_C": 0.051495741525660665, "Pos_54_T": 0.07360018362865269, "Pos_53_C": -0.0647576088923189, "Pos_5_T": -0.016325175675314225, "Pos_22_C": 0.08514384668629943, "Pos_40_C": 0.0, "Pos_20_G": 0.11930096179827746, "Pos_23_T": 0.0, "Pos_28_G": 0.0, "Pos_46_T": 0.0, "Pos_35_A": 0.0, "Pos_31_T": 0.15127938800940452, "Pos_43_C": 0.0, "Pos_22_T": 0.09338348795980032, "Pos_16_G": 0.0, "Pos_59_G": 0.0, "Pos_48_C": 0.0, "Pos_5_C": -0.026837445458059342, "Pos_1_C": 0.12290839528775951, "Pos_21_A": 0.0, "Pos_31_G": -0.13930892751112703, "AtoT": 0.8473338591131351, "Pos_24_C": 0.0, "Pos_14_G": 0.0, "Pos_30_C": 0.09738785664427792, "Pos_53_A": 0.09610110851127526, "Pos_11_G": 0.016332492461879795, "Pos_9_A": 0.1152155978931771, "Pos_4_G": 0.0, "Pos_34_C": 0.0, "GtoT": 0.04062288565541335, "Pos_34_G": 0.03579219358466725, "Pos_6_C": 0.0, "Pos_54_C": 0.06170617513996558, "Pos_45_G": 0.0, "CtoG": -0.6692883675734825, "Pos_33_T": 0.13721371938833068, "Pos_18_T": 0.0, "Pos_28_C": -0.13326833817678327, "Pos_7_T": 0.0, "Pos_55_G": 0.10753411891780795, "Pos_57_A": -0.050718883477601104, "GtoA": -0.5635899957189351, "Pos_8_C": 0.0, "Pos_3_T": 0.07492620521865442, "Pos_29_T": -0.006097487898633629, "Pos_19_G": 0.0, "Pos_1_A": -0.00890231018527857, "Pos_42_G": -0.031166021258014095, "Pos_15_G": 0.0, "Pos_29_G": 0.0903362136169862, "Pos_8_T": -0.1008972843402974, "Pos_50_C": 0.0, "Pos_40_T": 0.0, "Pos_5_G": 0.06304743539321277, "Pos_21_G": -0.035859340682329925, "Pos_32_C": -0.02311197645494398, "AtoG": 0.08936938711918582, "Pos_41_G": 0.005548733549906073, "Pos_35_G": -0.05738233425641328, "Pos_11_A": -0.07758844576537842, "Pos_28_T": 0.06376300213569387, "Pos_55_C": 0.0, "Pos_4_C": 0.0, "Pos_52_C": 0.0, "Pos_59_C": -0.09407672250208936, "Pos_3_C": -0.09079351067275526, "Pos_51_T": 0.0, "Pos_49_A": 0.0, "Pos_32_G": 0.0, "Pos_11_T": 0.0, "Pos_56_T": 0.0, "Pos_39_A": -0.014514356086270296, "Pos_10_A": -0.13360284327100122, "Pos_17_T": 0.0, "Pos_30_G": -0.1370251587616511, "Pos_57_T": 0.0, "Pos_33_G": -0.062288741189200074, "Pos_24_A": 0.0, "Pos_52_G": 0.17018985275731582, "Pos_53_G": -0.0401092504894464, "Pos_37_G": 0.149952036666719, "Pos_12_T": 0.09068059747423278, "Pos_25_T": 0.03544008888177753, "Pos_44_A": 0.07394756962966778, "Pos_58_C": 0.0, "Pos_9_C": 0.0, "Pos_54_A": -0.026415138187858848, "Pos_54_G": -0.020812398348363834, "Pos_38_A": 0.0, "TtoA": 0.8140419302948372, "Pos_39_T": 0.0, "Pos_42_T": 0.0952738568664158, "Pos_41_T": -0.04486700102602287, "Pos_0_G": 0.0, "Pos_55_T": 0.0, "Pos_34_T": 0.0, "Pos_25_A": -0.11247967122381192, "Pos_6_A": 0.0, "Pos_9_G": -0.09283680052790064, "Pos_49_T": -0.004861150531615904, "Pos_59_T": 0.0, "Pos_21_C": 0.0, "Pos_39_C": 0.019747152144503365, "Pos_48_G": -0.03527403615846125, "Pos_0_T": 0.0, "Pos_24_T": 0.08012903152714189, "Pos_36_A": 0.0, "Pos_18_C": -0.005197232071040326, "Pos_3_G": -0.04140557689407055, "Pos_40_G": 0.034919452986347466, "Pos_15_T": 0.051482232538186914}