{"GtoC": -1.1642073199421108, "CtoA": -0.02260693608854789, "CtoT": -0.3704877411134066, "TtoC": 0.08764995652024479, "GtoT": 0.046957480885214835, "AtoT": 0.41748402756762115, "AtoG": 0.07747510561859089, "TtoG": 0.012337708030005659, "GC_feature": -0.12263369529344596, "AtoC": -0.06529568663891847, "TtoA": 0.43655445378102775, "GtoA": -0.41154105815219605, "CtoG": -1.2258416421987952}