{"split0_test_score": {"2": 0.7418595916, "3": 0.7418614172, "0": 0.74177318, "1": 0.7418589831}, "param_C": {"2": 10.0, "3": 100.0, "0": 0.1, "1": 1.0}, "best_c_choice": 100.0, "param_penalty": {"2": "l1", "3": "l1", "0": "l1", "1": "l1"}, "rank_test_score": {"2": 2, "3": 1, "0": 4, "1": 3}, "params": {"2": {"penalty": "l1", "C": 10.0}, "3": {"penalty": "l1", "C": 100.0}, "0": {"penalty": "l1", "C": 0.1}, "1": {"penalty": "l1", "C": 1.0}}}