{"pos1": {"deviance": 8.638393252339169, "prob": 0.03450579336547901, "stats": "{\"group\":{\"0\":\"1\",\"1\":\"1\",\"2\":\"1\",\"3\":\"1\",\"4\":\"1\",\"5\":\"1\",\"6\":\"1\",\"7\":\"1\",\"8\":\"2\",\"9\":\"2\",\"10\":\"2\",\"11\":\"2\",\"12\":\"2\",\"13\":\"2\",\"14\":\"2\",\"15\":\"2\"},\"mut\":{\"0\":\"M\",\"1\":\"M\",\"2\":\"M\",\"3\":\"M\",\"4\":\"R\",\"5\":\"R\",\"6\":\"R\",\"7\":\"R\",\"8\":\"M\",\"9\":\"M\",\"10\":\"M\",\"11\":\"M\",\"12\":\"R\",\"13\":\"R\",\"14\":\"R\",\"15\":\"R\"},\"base\":{\"0\":\"A\",\"1\":\"C\",\"2\":\"G\",\"3\":\"T\",\"4\":\"A\",\"5\":\"C\",\"6\":\"G\",\"7\":\"T\",\"8\":\"A\",\"9\":\"C\",\"10\":\"G\",\"11\":\"T\",\"12\":\"A\",\"13\":\"C\",\"14\":\"G\",\"15\":\"T\"},\"count\":{\"0\":1510,\"1\":3593,\"2\":3499,\"3\":1835,\"4\":2302,\"5\":3125,\"6\":2505,\"7\":2505,\"8\":45,\"9\":76,\"10\":53,\"11\":38,\"12\":39,\"13\":61,\"14\":45,\"15\":66},\"fitted\":{\"0\":1520.6399743311,\"1\":3594.2692370248,\"2\":3493.9694262922,\"3\":1828.1213623518,\"4\":2291.3600256689,\"5\":3123.7307629752,\"6\":2510.0305737078,\"7\":2511.8786376482,\"8\":34.3600256689,\"9\":74.7307629752,\"10\":58.0305737078,\"11\":44.8786376482,\"12\":49.6399743311,\"13\":62.2692370248,\"14\":39.9694262922,\"15\":59.1213623518},\"ret\":{\"0\":-0.0004978477,\"1\":-0.0000595865,\"2\":0.0002363804,\"3\":0.0003235931,\"4\":0.0005007578,\"5\":0.0000596091,\"6\":-0.0002359736,\"7\":-0.0003225436,\"8\":0.000570014,\"9\":0.0000601002,\"10\":-0.0002256627,\"11\":-0.0002968624,\"12\":-0.0004417597,\"13\":-0.0000589854,\"14\":0.0002504881,\"15\":0.0003410865}}", "df": 3, "rel_entropy": 0.00020280774879887235, "formula": "count ~ group * mut * base - group : mut : base"}, "pos2": {"deviance": 1.4066813970839092, "prob": 0.7039693246059604, "stats": "{\"group\":{\"0\":\"1\",\"1\":\"1\",\"2\":\"1\",\"3\":\"1\",\"4\":\"1\",\"5\":\"1\",\"6\":\"1\",\"7\":\"1\",\"8\":\"2\",\"9\":\"2\",\"10\":\"2\",\"11\":\"2\",\"12\":\"2\",\"13\":\"2\",\"14\":\"2\",\"15\":\"2\"},\"mut\":{\"0\":\"M\",\"1\":\"M\",\"2\":\"M\",\"3\":\"M\",\"4\":\"R\",\"5\":\"R\",\"6\":\"R\",\"7\":\"R\",\"8\":\"M\",\"9\":\"M\",\"10\":\"M\",\"11\":\"M\",\"12\":\"R\",\"13\":\"R\",\"14\":\"R\",\"15\":\"R\"},\"base\":{\"0\":\"A\",\"1\":\"C\",\"2\":\"G\",\"3\":\"T\",\"4\":\"A\",\"5\":\"C\",\"6\":\"G\",\"7\":\"T\",\"8\":\"A\",\"9\":\"C\",\"10\":\"G\",\"11\":\"T\",\"12\":\"A\",\"13\":\"C\",\"14\":\"G\",\"15\":\"T\"},\"count\":{\"0\":2675,\"1\":2373,\"2\":3274,\"3\":2115,\"4\":3206,\"5\":3076,\"6\":1131,\"7\":3024,\"8\":62,\"9\":46,\"10\":49,\"11\":55,\"12\":72,\"13\":45,\"14\":14,\"15\":80},\"fitted\":{\"0\":2673.0806215912,\"1\":2377.2661304465,\"2\":3275.0981230216,\"3\":2111.5551249406,\"4\":3207.9193784087,\"5\":3071.7338695535,\"6\":1129.9018769784,\"7\":3027.4448750594,\"8\":63.9193784087,\"9\":41.7338695555,\"10\":47.9018769784,\"11\":58.4448750594,\"12\":70.0806215913,\"13\":49.2661304487,\"14\":15.0981230216,\"15\":76.5551249406},\"ret\":{\"0\":0.0000901567,\"1\":-0.0002001362,\"2\":-0.0000515537,\"3\":0.0001618859,\"4\":-0.0000900974,\"5\":0.0002004551,\"6\":0.0000515874,\"7\":-0.0001616619,\"8\":-0.0000887575,\"9\":0.0002102223,\"10\":0.0000521489,\"11\":-0.0001568904,\"12\":0.0000913474,\"13\":-0.0001913812,\"14\":-0.00004964,\"15\":0.00016534}}", "df": 3, "rel_entropy": 3.30253415289456e-05, "formula": "count ~ group * mut * base - group : mut : base"}, "pos0": {"deviance": 11.54237401090543, "prob": 0.009127091788080988, "stats": "{\"group\":{\"0\":\"1\",\"1\":\"1\",\"2\":\"1\",\"3\":\"1\",\"4\":\"1\",\"5\":\"1\",\"6\":\"1\",\"7\":\"1\",\"8\":\"2\",\"9\":\"2\",\"10\":\"2\",\"11\":\"2\",\"12\":\"2\",\"13\":\"2\",\"14\":\"2\",\"15\":\"2\"},\"mut\":{\"0\":\"M\",\"1\":\"M\",\"2\":\"M\",\"3\":\"M\",\"4\":\"R\",\"5\":\"R\",\"6\":\"R\",\"7\":\"R\",\"8\":\"M\",\"9\":\"M\",\"10\":\"M\",\"11\":\"M\",\"12\":\"R\",\"13\":\"R\",\"14\":\"R\",\"15\":\"R\"},\"base\":{\"0\":\"A\",\"1\":\"C\",\"2\":\"G\",\"3\":\"T\",\"4\":\"A\",\"5\":\"C\",\"6\":\"G\",\"7\":\"T\",\"8\":\"A\",\"9\":\"C\",\"10\":\"G\",\"11\":\"T\",\"12\":\"A\",\"13\":\"C\",\"14\":\"G\",\"15\":\"T\"},\"count\":{\"0\":2620,\"1\":3362,\"2\":2880,\"3\":1575,\"4\":2631,\"5\":2517,\"6\":2756,\"7\":2533,\"8\":49,\"9\":69,\"10\":65,\"11\":29,\"12\":63,\"13\":46,\"14\":36,\"15\":66},\"fitted\":{\"0\":2612.6324227799,\"1\":3364.5413442147,\"2\":2892.5850215782,\"3\":1567.2412114271,\"4\":2638.3675772201,\"5\":2514.4586557852,\"6\":2743.4149784218,\"7\":2540.7587885729,\"8\":56.3675772201,\"9\":66.4586557852,\"10\":52.4149784218,\"11\":36.7587885729,\"12\":55.6324227799,\"13\":48.5413442148,\"14\":48.5850215782,\"15\":58.2412114271},\"ret\":{\"0\":0.0003464317,\"1\":-0.0001192837,\"2\":-0.0005896419,\"3\":0.000365214,\"4\":-0.0003454609,\"5\":0.000119389,\"6\":0.0005922826,\"7\":-0.0003637569,\"8\":-0.0003222809,\"9\":0.0001215817,\"10\":0.0006567905,\"11\":-0.0003228325,\"12\":0.0003679025,\"13\":-0.0001161491,\"14\":-0.0005067694,\"15\":0.0003875692}}", "df": 3, "rel_entropy": 0.000270985913764977, "formula": "count ~ group * mut * base - group : mut : base"}, "pos3": {"deviance": 8.372600766412951, "prob": 0.038907259800385084, "stats": "{\"group\":{\"0\":\"1\",\"1\":\"1\",\"2\":\"1\",\"3\":\"1\",\"4\":\"1\",\"5\":\"1\",\"6\":\"1\",\"7\":\"1\",\"8\":\"2\",\"9\":\"2\",\"10\":\"2\",\"11\":\"2\",\"12\":\"2\",\"13\":\"2\",\"14\":\"2\",\"15\":\"2\"},\"mut\":{\"0\":\"M\",\"1\":\"M\",\"2\":\"M\",\"3\":\"M\",\"4\":\"R\",\"5\":\"R\",\"6\":\"R\",\"7\":\"R\",\"8\":\"M\",\"9\":\"M\",\"10\":\"M\",\"11\":\"M\",\"12\":\"R\",\"13\":\"R\",\"14\":\"R\",\"15\":\"R\"},\"base\":{\"0\":\"A\",\"1\":\"C\",\"2\":\"G\",\"3\":\"T\",\"4\":\"A\",\"5\":\"C\",\"6\":\"G\",\"7\":\"T\",\"8\":\"A\",\"9\":\"C\",\"10\":\"G\",\"11\":\"T\",\"12\":\"A\",\"13\":\"C\",\"14\":\"G\",\"15\":\"T\"},\"count\":{\"0\":2984,\"1\":1990,\"2\":3263,\"3\":2200,\"4\":2294,\"5\":2734,\"6\":2778,\"7\":2631,\"8\":75,\"9\":37,\"10\":63,\"11\":37,\"12\":44,\"13\":51,\"14\":45,\"15\":71},\"fitted\":{\"0\":2991.5095712332,\"1\":1989.9002923371,\"2\":3267.5442802455,\"3\":2188.0458561843,\"4\":2286.4904287669,\"5\":2734.0997076629,\"6\":2773.4557197546,\"7\":2642.9541438157,\"8\":67.4904287668,\"9\":37.0997076629,\"10\":58.4557197545,\"11\":48.9541438157,\"12\":51.5095712332,\"13\":50.9002923371,\"14\":49.5442802455,\"15\":59.0458561843},\"ret\":{\"0\":-0.0003521687,\"1\":0.0000046819,\"2\":-0.0002132281,\"3\":0.000562837,\"4\":0.0003531901,\"5\":-0.0000046817,\"6\":0.0002135513,\"7\":-0.0005600351,\"8\":0.0003715394,\"9\":-0.0000046755,\"10\":0.0002214634,\"11\":-0.0004863946,\"12\":-0.0003255591,\"13\":0.0000046864,\"14\":-0.0002032772,\"15\":0.0006146383}}", "df": 3, "rel_entropy": 0.00019656760967302791, "formula": "count ~ group * mut * base - group : mut : base"}}