{"split0_test_score": {"2": 0.777648293, "3": 0.7765687583, "1": 0.7782624452, "0": 0.7782586306, "4": 0.7754053023}, "best_a_choice": 0.1, "rank_test_score": {"2": 3, "3": 4, "1": 1, "0": 2, "4": 5}, "params": {"2": {"alpha": 1.0}, "3": {"alpha": 2.0}, "1": {"alpha": 0.1}, "0": {"alpha": 0.01}, "4": {"alpha": 3.0}}, "param_alpha": {"2": 1.0, "3": 2.0, "1": 0.1, "0": 0.01, "4": 3.0}}