{"Pos_0:Pos_5_TT": 0.0, "Pos_0:Pos_1_GG": 0.0, "TtoA": 0.7609804514537375, "Pos_0:Pos_2_AC": 0.0, "Pos_3:Pos_4_TG": 0.0, "Pos_0:Pos_3_CG": -0.2689078087349346, "Pos_2:Pos_5_TT": 0.0, "Pos_2:Pos_3_TG": 0.04602056792863613, "Pos_0:Pos_2_GG": 0.0, "Pos_0:Pos_2_TT": 0.0, "Pos_3:Pos_4_GT": 0.0, "Pos_0:Pos_3_CA": 0.0, "Pos_2:Pos_3_GC": 0.013793906166079117, "Pos_2:Pos_5_GT": 0.0, "Pos_0:Pos_3_TG": 0.0, "Pos_0:Pos_1_AC": 0.017977498853483497, "Pos_1:Pos_4_GC": 0.0, "Pos_0:Pos_1_CA": 0.06221716297985566, "Pos_1:Pos_5_CC": 0.0, "Pos_1_G": -0.07304872995722704, "Pos_2:Pos_3_CC": 0.0, "Pos_1:Pos_2_GC": 0.0, "Pos_2:Pos_5_AG": 0.0, "Pos_0:Pos_1_TT": 0.0, "Pos_0:Pos_5_GA": 0.05455828215285592, "Pos_2_C": -0.02104583284904593, "Pos_3:Pos_5_TT": 0.0, "Pos_0:Pos_5_CA": 0.0, "Pos_1_C": 0.0, "Pos_3:Pos_4_AT": -0.1028500089106753, "Pos_2:Pos_4_GC": 0.025625246220390557, "Pos_3_C": 0.05201145950212136, "Pos_1:Pos_5_TC": 0.0, "Pos_1:Pos_4_CT": 0.0, "Pos_2:Pos_3_AG": 0.0, "Pos_4_G": 0.0, "Pos_0:Pos_1_CT": 0.0, "Pos_2:Pos_4_GA": 0.0, "Pos_1:Pos_5_GC": 0.0, "Pos_2:Pos_4_TC": 0.0, "Pos_1:Pos_2_AC": -0.13091764953816906, "Pos_4:Pos_5_GC": 0.0, "Pos_2:Pos_4_CA": 0.0, "Pos_0:Pos_3_CT": 0.0, "Pos_3:Pos_5_TA": 0.0, "Pos_1:Pos_3_CG": 0.0, "Pos_1:Pos_4_GT": 0.0, "Pos_0:Pos_3_GC": 0.0, "CtoA": 0.10199937044349307, "Pos_0:Pos_1_GC": -0.028676564640340685, "Pos_0:Pos_2_GA": 0.0, "Pos_0:Pos_4_GT": -0.03400137551401915, "Pos_2:Pos_5_CT": 0.0, "Pos_1:Pos_2_CT": 0.0, "Pos_4:Pos_5_GG": 0.0, "Pos_0:Pos_1_AT": 0.0, "Pos_2:Pos_4_AT": 0.0, "Pos_0:Pos_2_GT": 0.0, "Pos_3:Pos_5_GG": -0.12411844313365732, "Pos_0:Pos_1_AA": 0.0, "Pos_0:Pos_5_TC": 0.027394439013934745, "Pos_0:Pos_2_GC": 0.0, "Pos_2:Pos_5_CA": 0.0, "Pos_3:Pos_4_AA": 0.0, "Pos_2_T": 0.0, "Pos_0:Pos_4_AC": 0.12774113784626814, "Pos_2:Pos_3_CT": 0.04267241162211386, "Pos_2:Pos_4_GT": 0.12785756038561608, "Pos_1:Pos_2_CA": 0.10752709720018468, "Pos_4:Pos_5_AA": 0.0, "Pos_1:Pos_3_AA": 0.0, "Pos_3:Pos_5_GA": 0.12436791303411701, "Pos_0:Pos_4_TC": -0.0258085625153579, "TtoC": 0.007900481666536554, "Pos_0:Pos_3_GT": 0.0, "Pos_1:Pos_3_AG": 0.0, "Pos_4_T": 0.0, "Pos_0:Pos_3_GA": -0.05843439009000501, "Pos_0:Pos_2_CA": 0.0, "Pos_0:Pos_1_TA": 0.0397136505803409, "Pos_1:Pos_2_GA": 0.0, "Pos_1:Pos_4_AC": 0.0, "Pos_0:Pos_3_AA": 0.0, "Pos_0:Pos_3_CC": 0.07454209724799823, "Pos_1:Pos_5_TA": 0.0, "Pos_3:Pos_4_TT": 0.0, "Pos_2:Pos_4_AC": -0.006184290550879541, "GtoA": -0.524308817976645, "Pos_0:Pos_4_GC": 0.0, "Pos_3:Pos_4_CC": 0.0, "Pos_1:Pos_3_TT": 0.0, "Pos_3:Pos_5_AC": 0.0598881189081081, "Pos_4:Pos_5_AC": 0.08017645111859677, "Pos_0:Pos_1_CG": 0.09010090932962321, "Pos_4:Pos_5_CA": 0.0, "Pos_4:Pos_5_TG": 0.0, "Pos_2:Pos_5_TG": 0.0, "Pos_2:Pos_4_TT": 0.06337964776087432, "Pos_0:Pos_2_AT": 0.0, "Pos_1:Pos_3_TC": 0.0, "Pos_2:Pos_5_GG": 0.0, "Pos_4:Pos_5_AG": 0.0, "Pos_2:Pos_5_GA": 0.0, "Pos_1:Pos_2_CC": 0.0, "Pos_3:Pos_4_AC": -0.017267443278995022, "Pos_1:Pos_5_TT": 0.02771401058497295, "Pos_3:Pos_5_CC": 0.07842773674484868, "Pos_4:Pos_5_CT": 0.0, "Pos_4:Pos_5_TA": 0.0, "Pos_4:Pos_5_TC": 0.0, "Pos_2:Pos_3_TC": 0.0, "Pos_1:Pos_5_AA": 0.0, "Pos_2:Pos_3_AT": 0.0, "Pos_3:Pos_4_CT": 0.14513811552577913, "Pos_3:Pos_4_GG": 0.0, "CtoG": -1.1456297586481516, "Pos_2:Pos_3_GT": 0.0, "Pos_3:Pos_5_TC": 0.0, "Pos_0:Pos_4_AA": -0.020888095036676314, "Pos_4:Pos_5_GT": -0.01607511718060654, "Pos_0:Pos_4_GA": 0.0, "Pos_0:Pos_4_AT": 0.11862697247835745, "Pos_0:Pos_4_TG": 0.013657750901232857, "Pos_1:Pos_3_CC": 0.0, "Pos_1:Pos_4_CC": -0.09249692755146495, "Pos_5_C": 0.0, "AtoC": -0.26750948358783877, "Pos_1_A": 0.0, "Pos_2:Pos_5_CC": -0.0960728088259883, "Pos_1:Pos_2_AT": 0.0, "Pos_0:Pos_3_GG": 0.0, "Pos_2:Pos_4_GG": -0.016636450301599808, "Pos_1:Pos_5_CG": -0.019267172065220245, "Pos_1:Pos_4_AA": 0.0, "Pos_0:Pos_4_TT": 0.0, "Pos_1:Pos_5_GA": 0.0, "Pos_2:Pos_4_AA": 0.0, "AtoT": 0.7227108794193752, "Pos_4:Pos_5_TT": 0.08222471711532527, "Pos_3:Pos_5_GC": -0.046069685462643645, "Pos_0:Pos_5_TG": 0.0, "Pos_1:Pos_2_AA": 0.0, "Pos_3_A": 0.0, "Pos_1:Pos_3_GG": 0.0, "Pos_5_T": 0.0, "Pos_1:Pos_4_TG": 0.0, "Pos_1:Pos_2_TC": 0.0, "Pos_0:Pos_5_TA": 0.027252653347737684, "Pos_2:Pos_3_TA": 0.0, "Pos_2:Pos_3_GA": 0.0, "Pos_2:Pos_4_AG": 0.03357695206860388, "Pos_3:Pos_4_TC": 0.0, "Pos_0:Pos_3_AC": 0.0, "Pos_0:Pos_3_AG": 0.0, "Pos_2_A": 0.0, "Pos_2:Pos_3_CA": -0.03238319674596914, "Pos_3:Pos_4_TA": 0.0, "Pos_2:Pos_3_TT": 0.0, "Pos_1_T": 0.10656568561104976, "Pos_0:Pos_2_TC": 0.027786086818922414, "Pos_0:Pos_5_GC": 0.0, "Pos_1:Pos_4_GG": 0.0, "Pos_0_A": 0.0, "Pos_2:Pos_5_AA": 0.0, "Pos_1:Pos_5_GG": 0.0, "Pos_2:Pos_3_GG": 0.0, "Pos_0:Pos_4_CC": 0.0, "TtoG": 0.11980694121288218, "Pos_0_C": 0.0, "Pos_1:Pos_3_AC": 0.0, "Pos_3:Pos_5_GT": 0.0, "Pos_1:Pos_5_AC": 0.015171054542147386, "Pos_4_C": 0.0, "Pos_3:Pos_5_TG": 0.13445024016664903, "Pos_1:Pos_5_CT": 0.0017083031466509535, "Pos_1:Pos_5_AG": 0.0, "Pos_1:Pos_3_GC": 0.0, "Pos_2_G": 0.24940888503640515, "Pos_0:Pos_4_CG": 0.0, "Pos_0:Pos_1_GT": 0.0, "Pos_0:Pos_5_CG": 0.0, "Pos_0:Pos_4_AG": 0.0, "Pos_3:Pos_4_CA": 0.21635743699650406, "Pos_1:Pos_2_TA": 0.0, "Pos_0:Pos_1_CC": 0.0, "Pos_2:Pos_5_TA": 0.02047036377666144, "Pos_3_T": 0.07644384774261608, "Pos_4:Pos_5_AT": 0.0, "Pos_3:Pos_4_AG": 0.1903130246798119, "Pos_1:Pos_4_AT": 0.14351678524296438, "Pos_5_A": 0.042360950185135984, "GtoT": 0.22371821168981998, "Pos_4_A": 0.0, "Pos_2:Pos_4_CC": 0.0, "Pos_0_G": -0.0010373225013963492, "Pos_0:Pos_1_TG": 0.0, "Pos_0:Pos_2_TA": 0.0, "Pos_3:Pos_5_CG": 0.0, "Pos_0:Pos_1_TC": 0.0, "Pos_3:Pos_5_AA": -0.042804671685649366, "Pos_2:Pos_3_CG": -0.00014917185537529086, "Pos_2:Pos_4_TG": 0.0, "Pos_3:Pos_5_AG": 0.0, "Pos_2:Pos_5_CG": 0.0, "GtoC": -1.2548308929406848, "Pos_0:Pos_3_AT": 0.0, "Pos_1:Pos_2_CG": -0.21747459877428849, "Pos_1:Pos_5_TG": 0.0, "Pos_0:Pos_5_CC": 0.0, "Pos_0:Pos_2_AA": 0.0, "Pos_0:Pos_4_CT": 0.0, "Pos_2:Pos_4_TA": 0.0, "Pos_0:Pos_5_AC": 0.0, "CtoT": -0.5784138840208997, "Pos_0:Pos_3_TA": 0.10505270426488666, "Pos_1:Pos_4_TA": 0.0, "Pos_1:Pos_4_CA": 0.0, "Pos_1:Pos_4_GA": 0.0, "Pos_0:Pos_5_AT": 0.05636958381885063, "Pos_0:Pos_4_TA": 0.057557548896731495, "Pos_1:Pos_4_CG": 0.0, "Pos_1:Pos_4_TT": 0.0, "Pos_1:Pos_5_CA": 0.0, "Pos_0:Pos_2_TG": 0.0, "Pos_1:Pos_2_TT": 0.0, "Pos_2:Pos_4_CT": -0.10990465618530951, "Pos_2:Pos_5_AC": 0.0, "Pos_1:Pos_5_AT": 0.0, "Pos_1:Pos_3_CA": 0.0, "Pos_3:Pos_4_GC": 0.0, "Pos_1:Pos_3_GA": 0.0, "Pos_0:Pos_5_GT": 0.0, "Pos_1:Pos_4_TC": 0.05309618010667233, "Pos_4:Pos_5_CC": -0.09583400805443568, "Pos_1:Pos_2_TG": 0.0, "Pos_3:Pos_5_CT": 0.0, "Pos_0:Pos_5_CT": 0.050806515850752805, "Pos_2:Pos_5_AT": 0.0, "Pos_0:Pos_4_CA": 0.0, "Pos_4:Pos_5_GA": 0.1539196529663838, "Pos_2:Pos_3_AA": 0.0, "Pos_0:Pos_5_AG": 0.0, "Pos_1:Pos_4_AG": 0.0, "Pos_0:Pos_3_TC": 0.08493475722501435, "Pos_3:Pos_4_GA": -0.14937212850334453, "Pos_0:Pos_3_TT": 0.0, "AtoG": 0.0, "Pos_1:Pos_3_AT": 0.0, "Pos_1:Pos_3_TG": 0.0, "Pos_0:Pos_2_CC": -0.08478485197649471, "Pos_1:Pos_2_AG": 0.07699216845065038, "Pos_0:Pos_4_GG": 0.0, "Pos_3_G": 0.0, "Pos_0:Pos_5_AA": -0.03984956642590782, "Pos_1:Pos_3_GT": 0.0, "Pos_2:Pos_5_GC": 0.0, "Pos_0:Pos_1_GA": 0.0, "Pos_0:Pos_5_GG": 0.0, "Pos_0:Pos_2_CT": 0.0, "Pos_2:Pos_4_CG": 0.0, "Pos_3:Pos_5_CA": 0.04323121521592746, "Pos_0_T": 0.09486757438084843, "Pos_2:Pos_5_TC": 0.0, "Pos_1:Pos_3_CT": 0.0, "Pos_1:Pos_2_GG": 0.0, "Pos_3:Pos_5_AT": 0.0, "Pos_2:Pos_3_AC": 0.0, "Pos_1:Pos_3_TA": 0.0, "Pos_3:Pos_4_CG": -0.004222319743704174, "Pos_0:Pos_2_CG": 0.003931360275919574, "Pos_0:Pos_1_AG": 0.0, "Pos_0:Pos_2_AG": 0.0, "Pos_1:Pos_5_GT": 0.0, "Pos_4:Pos_5_CG": 0.2862560220231289, "Pos_1:Pos_2_GT": 0.0, "Pos_5_G": -0.006435924603399864}