{"Pos_1_C": 0.0, "GtoT": -0.0042712204399270835, "Pos_0_T": 0.0, "Pos_0_A": 0.0, "Pos_0_G": 0.2797497241553181, "Pos_0_C": -0.09837424765921657, "TtoG": 0.0, "GtoA": -0.4464598400471542, "GtoC": -0.49936208291370104, "AtoG": 0.0037282547001770187, "TtoA": 0.4867111190318498, "AtoC": -0.054094281963858425, "Pos_1_T": 0.02524415376824259, "AtoT": 0.45897556398786776, "Pos_1_G": -0.26578153252499015, "CtoT": -0.3744379948367609, "CtoA": 0.033580939688876724, "CtoG": -0.5197880296650169, "TtoC": 0.0, "GC_feature": -0.110610979873347, "Pos_1_A": -0.138961427126207}