{"best_a_choice": 0.01, "param_alpha": {"1": 0.1, "2": 1.0, "3": 2.0, "4": 3.0, "0": 0.01}, "params": {"1": {"alpha": 0.1}, "2": {"alpha": 1.0}, "3": {"alpha": 2.0}, "4": {"alpha": 3.0}, "0": {"alpha": 0.01}}, "rank_test_score": {"1": 2, "2": 3, "3": 4, "4": 5, "0": 1}, "split0_test_score": {"1": 0.7755203716, "2": 0.7754855243, "3": 0.7754015577, "4": 0.7752766186, "0": 0.7755227503}}