{"best_a_choice": 0.01, "param_alpha": {"2": 1.0, "3": 2.0, "1": 0.1, "4": 3.0, "0": 0.01}, "rank_test_score": {"2": 3, "3": 4, "1": 2, "4": 5, "0": 1}, "params": {"2": {"alpha": 1.0}, "3": {"alpha": 2.0}, "1": {"alpha": 0.1}, "4": {"alpha": 3.0}, "0": {"alpha": 0.01}}, "split0_test_score": {"2": 0.6857582832, "3": 0.6850935375, "1": 0.6881788653, "4": 0.6847470859, "0": 0.6903969047}}