{"best_a_choice": 0.1, "param_alpha": {"0": 0.01, "3": 2.0, "2": 1.0, "4": 3.0, "1": 0.1}, "split0_test_score": {"0": 0.7679097809, "3": 0.7677167241, "2": 0.7678434509, "4": 0.7676910136, "1": 0.7679157141}, "params": {"0": {"alpha": 0.01}, "3": {"alpha": 2.0}, "2": {"alpha": 1.0}, "4": {"alpha": 3.0}, "1": {"alpha": 0.1}}, "rank_test_score": {"0": 2, "3": 4, "2": 3, "4": 5, "1": 1}}