{"param_penalty": {"1": "l1", "2": "l1", "0": "l1", "3": "l1"}, "best_c_choice": 0.1, "param_C": {"1": 1.0, "2": 10.0, "0": 0.1, "3": 100.0}, "params": {"1": {"penalty": "l1", "C": 1.0}, "2": {"penalty": "l1", "C": 10.0}, "0": {"penalty": "l1", "C": 0.1}, "3": {"penalty": "l1", "C": 100.0}}, "rank_test_score": {"1": 2, "2": 3, "0": 1, "3": 4}, "split0_test_score": {"1": 0.7551373031, "2": 0.7502250808, "0": 0.7664524989, "3": 0.7497238025}}