{"best_a_choice": 0.01, "params": {"3": {"alpha": 2.0}, "1": {"alpha": 0.1}, "0": {"alpha": 0.01}, "4": {"alpha": 3.0}, "2": {"alpha": 1.0}}, "param_alpha": {"3": 2.0, "1": 0.1, "0": 0.01, "4": 3.0, "2": 1.0}, "rank_test_score": {"3": 4, "1": 2, "0": 1, "4": 5, "2": 3}, "split0_test_score": {"3": 0.6804986536, "1": 0.6836236456, "0": 0.6859489624, "4": 0.6801543725, "2": 0.6811707732}}