{"params": {"0": {"alpha": 0.01}, "1": {"alpha": 0.1}, "4": {"alpha": 3.0}, "3": {"alpha": 2.0}, "2": {"alpha": 1.0}}, "split0_test_score": {"0": 0.7191580347, "1": 0.7178076109, "4": 0.7128512602, "3": 0.7136763573, "2": 0.7149379381}, "param_alpha": {"0": 0.01, "1": 0.1, "4": 3.0, "3": 2.0, "2": 1.0}, "rank_test_score": {"0": 1, "1": 2, "4": 5, "3": 4, "2": 3}, "best_a_choice": 0.01}