{"CtoG": -1.4238011538852218, "AtoC": 0.0, "TtoA": 1.0959014429259046, "AtoG": 0.3394615398073175, "TtoG": 0.269065932060004, "AtoT": 1.0389131658160338, "GtoA": -0.32360974708194007, "GtoT": 0.3491451960010104, "GtoC": -1.3063459557885044, "CtoA": 0.2532200694666072, "TtoC": 0.35602842304772964, "CtoT": -0.29796977539154657}