{"param_penalty": {"1": "l1", "0": "l1", "3": "l1", "2": "l1"}, "params": {"1": {"C": 1.0, "penalty": "l1"}, "0": {"C": 0.1, "penalty": "l1"}, "3": {"C": 100.0, "penalty": "l1"}, "2": {"C": 10.0, "penalty": "l1"}}, "rank_test_score": {"1": 1, "0": 1, "3": 1, "2": 1}, "param_C": {"1": 1.0, "0": 0.1, "3": 100.0, "2": 10.0}, "best_c_choice": 0.1, "split0_test_score": {"1": 0.732468726, "0": 0.732468726, "3": 0.732468726, "2": 0.732468726}}