{"Pos_0_G": -0.007076702887907862, "Pos_2_T": 0.07816936250829526, "Pos_3_A": -0.058855199439867084, "Pos_2_G": -0.2235249708442901, "GtoT": 0.5762850852178512, "Pos_3_C": 0.0, "Pos_2_C": 0.11093531753179785, "CtoG": -2.522669341629008, "TtoG": 0.641029247099841, "CtoT": -0.05362439095400287, "Pos_1_A": 0.05329018348403981, "Pos_1_G": 0.30159408475766036, "Pos_2_A": 0.0, "AtoG": 0.5460818367966516, "AtoC": 0.24334622196628178, "AtoT": 1.3234350749323494, "TtoC": 0.5523861377035911, "CtoA": 0.4405352039149469, "GtoC": -2.448176171223679, "Pos_1_T": 0.0, "Pos_0_T": 0.19518874066714864, "GtoA": -0.08141227257158644, "Pos_3_G": 0.023363877961302352, "TtoA": 1.3960470638175724, "Pos_0_A": 0.03833753156223926, "Pos_0_C": 0.0, "Pos_1_C": -0.15249443575360044, "Pos_3_T": 0.014862799265147782}