{"split0_test_score": {"1": 0.6943829868, "2": 0.6908811749, "0": 0.6966336067, "4": 0.6887411787, "3": 0.6895613199}, "rank_test_score": {"1": 2, "2": 3, "0": 1, "4": 5, "3": 4}, "best_a_choice": 0.01, "param_alpha": {"1": 0.1, "2": 1.0, "0": 0.01, "4": 3.0, "3": 2.0}, "params": {"1": {"alpha": 0.1}, "2": {"alpha": 1.0}, "0": {"alpha": 0.01}, "4": {"alpha": 3.0}, "3": {"alpha": 2.0}}}