{"rank_test_score": {"2": 1, "0": 5, "1": 4, "4": 3, "3": 2}, "split0_test_score": {"2": 0.6687833437, "0": 0.666378045, "1": 0.6680543985, "4": 0.6686579101, "3": 0.6687335963}, "best_a_choice": 1.0, "param_alpha": {"2": 1.0, "0": 0.01, "1": 0.1, "4": 3.0, "3": 2.0}, "params": {"2": {"alpha": 1.0}, "0": {"alpha": 0.01}, "1": {"alpha": 0.1}, "4": {"alpha": 3.0}, "3": {"alpha": 2.0}}}