{"Pos_0:Pos_1_CT": 0.0, "Pos_0:Pos_1_TG": -0.04526688262904775, "Pos_1_T": 0.06909458699934116, "Pos_0:Pos_1_AG": -0.08768460609200569, "CtoT": -0.3291940264021257, "CtoG": -1.1345540784851773, "Pos_0:Pos_1_GA": 0.05246350303493557, "AtoG": 0.08667067087818524, "Pos_0:Pos_1_AT": -0.032161416218134474, "CtoA": 0.0051476291200624824, "TtoA": 0.4887104386894054, "Pos_0_G": 0.09022898260329446, "Pos_0:Pos_1_TC": 0.011929984829521699, "Pos_1_C": 0.014390086017318776, "Pos_0:Pos_1_CG": -0.11773482708490565, "Pos_0_C": -0.09753071375832106, "GtoA": -0.3681069933663559, "AtoT": 0.5031516851300386, "Pos_0:Pos_1_TA": -0.10469532364373985, "Pos_1_A": 0.0, "Pos_0:Pos_1_TT": 0.010208198731028214, "GtoT": 0.05790165421014874, "AtoC": -0.0556463062388174, "Pos_0:Pos_1_GT": 0.06256893627979589, "Pos_0_A": 0.0, "Pos_1_G": -0.06676525444749597, "Pos_0:Pos_1_AC": 0.02917386323683431, "Pos_0:Pos_1_GG": 0.0, "GtoC": -1.0821354317562353, "Pos_0:Pos_1_CA": -0.04299380156529478, "Pos_0:Pos_1_AA": 0.0341087269211504, "TtoC": 0.09088768765481704, "Pos_0:Pos_1_GC": 0.18154693576053638, "Pos_0:Pos_1_CC": -4.068736292312153e-05, "GC_feature": -0.1103874064198784, "Pos_0_T": 0.0, "TtoG": 0.04383074004466424}