{"split0_test_score": {"1": 0.6522008798, "4": 0.6518420977, "0": 0.6534489833, "2": 0.6508077367, "3": 0.6513487724}, "param_alpha": {"1": 0.1, "4": 3.0, "0": 0.01, "2": 1.0, "3": 2.0}, "params": {"1": {"alpha": 0.1}, "4": {"alpha": 3.0}, "0": {"alpha": 0.01}, "2": {"alpha": 1.0}, "3": {"alpha": 2.0}}, "rank_test_score": {"1": 2, "4": 3, "0": 1, "2": 5, "3": 4}, "best_a_choice": 0.01}