{"Pos_22_C": 0.07552070114034884, "Pos_28_C": -0.09463031444150306, "Pos_1_C": 0.08339990010257521, "Pos_35_G": 0.0, "Pos_7_A": -0.04033497456854929, "Pos_17_A": -0.009420690878797837, "Pos_34_A": -0.04117775903291475, "Pos_40_A": 0.0, "Pos_46_C": -0.00403246339187853, "Pos_11_C": 0.0, "Pos_11_G": 0.02702774453972607, "Pos_43_A": -0.034188897005504135, "Pos_57_T": 0.03835302503182766, "Pos_19_A": 0.0, "Pos_9_A": 0.05521590696892686, "Pos_1_A": 0.0, "Pos_45_T": 0.12422922520230992, "Pos_1_G": -0.04114361077456773, "Pos_0_G": 0.0, "Pos_44_T": 0.09017818704718963, "Pos_56_T": 0.0, "Pos_17_G": 0.046757100482969494, "Pos_55_G": 0.05608370246513624, "AtoG": 0.0980273076999015, "GtoT": 0.16346780857300233, "AtoT": 0.8978782993955128, "Pos_56_A": 0.06536237239403549, "Pos_43_T": 0.0, "Pos_42_G": -0.04467659751107963, "Pos_12_C": -0.03761031309100213, "Pos_11_A": -0.03705184041136868, "Pos_55_A": -0.022575194706032586, "Pos_24_T": 0.06003748640308896, "Pos_29_G": 0.22458796964072908, "TtoA": 0.9736908427182642, "Pos_53_T": 0.08147175998249996, "Pos_9_T": 0.06892671112499583, "Pos_53_G": -0.058161719506284744, "Pos_15_A": 0.039945788189594746, "Pos_0_C": -0.022727259316159015, "Pos_23_C": 0.0, "Pos_10_G": 0.0, "Pos_18_A": 0.04847040087119297, "Pos_50_T": 0.06963858834659566, "Pos_30_A": 0.0, "Pos_36_T": 0.06717431291783227, "Pos_39_A": -0.05054487998206322, "Pos_23_G": 0.0415570113364013, "Pos_3_A": 0.053909068643967405, "Pos_32_A": 0.09439761716278317, "Pos_56_C": -0.06074970076600132, "Pos_2_A": 0.0, "Pos_22_G": -0.012659794713454754, "Pos_16_A": -0.028127781835820886, "Pos_13_T": 0.07949480878405228, "Pos_20_G": 0.09915186889370946, "Pos_46_G": 0.07912870896101698, "Pos_9_C": 0.0, "Pos_31_G": -0.05081499155343552, "Pos_47_T": 0.06288706589269814, "Pos_25_C": 0.04082256385664585, "Pos_48_C": 0.06711172864854358, "Pos_13_C": 0.03381893696818189, "Pos_18_C": 0.0, "Pos_12_A": 0.05123462761018387, "Pos_13_A": 0.0, "GtoA": -0.48140357699912406, "Pos_17_T": 0.027556957065584232, "Pos_26_T": 0.061593977627075615, "Pos_47_G": 0.0, "Pos_13_G": -0.028023439848836467, "Pos_19_C": 0.12802043309983582, "Pos_8_G": 0.01272192963634735, "Pos_25_A": -0.0716769919608994, "Pos_18_G": -0.025828713735072607, "Pos_28_T": 0.12013982912367757, "Pos_24_C": 0.0, "Pos_35_A": 0.07697703162630666, "Pos_19_G": -0.03419229401824981, "Pos_36_C": 0.09742165245690161, "Pos_38_T": 0.06623008055999198, "Pos_52_A": 0.0, "Pos_51_G": -0.03106139834345935, "Pos_21_A": 0.022845624347760614, "Pos_55_C": 0.0, "Pos_50_G": 0.0, "Pos_49_A": -0.019266309933797136, "Pos_45_G": -0.03271902437852822, "Pos_41_G": 0.0, "Pos_5_T": 0.036040454529226905, "Pos_51_C": 0.1395359000242808, "Pos_54_G": -0.006195687922103477, "Pos_30_C": 0.06728832705440596, "Pos_46_A": 0.0, "Pos_31_A": 0.0, "Pos_46_T": 0.00749859528957078, "Pos_37_T": 0.0, "Pos_52_C": -0.027615508529910498, "Pos_58_T": 0.0, "Pos_7_G": 0.0, "Pos_50_C": -0.018550318839973365, "Pos_38_C": -0.020187140527757996, "Pos_41_T": 0.01785400569768638, "AtoC": -0.06617548647258854, "Pos_37_C": 0.048168853769947326, "Pos_40_G": 0.014635440076799037, "Pos_34_T": 0.03161532218557891, "Pos_42_C": 0.08892387677132213, "Pos_33_G": -0.11176791684285604, "Pos_41_A": 0.018699791763447136, "Pos_5_A": 0.0, "Pos_30_G": -0.15546674171479913, "CtoA": 0.0, "Pos_25_G": 0.0, "Pos_19_T": 0.14072574449816802, "Pos_8_A": 0.004733164629258439, "Pos_6_T": 0.09253260063138248, "Pos_8_T": -0.053032810357446974, "Pos_25_T": 0.06486289992972429, "Pos_41_C": -0.03176216924622376, "Pos_27_G": 0.0, "Pos_52_T": 0.0016194441446444983, "Pos_58_C": 0.009488804244305647, "Pos_39_G": 0.0, "Pos_23_A": -0.04017289079217588, "Pos_24_G": -0.03291686346096126, "Pos_0_T": 0.037073170418375406, "Pos_3_T": 0.0278377229227621, "Pos_57_G": -0.05972117684166641, "Pos_56_G": 0.0, "Pos_51_A": 0.0, "CtoT": -0.5239870896847028, "Pos_35_T": 0.03670249255018297, "Pos_37_A": -0.007504213312084003, "Pos_48_G": 0.0, "Pos_7_C": 0.0017209186420288573, "Pos_49_G": 0.07696471274517855, "Pos_15_G": 0.0, "Pos_55_T": 0.059204211374452684, "Pos_4_A": -0.05009017194850514, "Pos_31_C": 9.194852265758352e-05, "Pos_59_G": -0.039588605640810494, "Pos_39_C": 0.022690674872093995, "Pos_2_T": -0.0337523463671267, "Pos_53_C": 0.0, "Pos_8_C": 0.0, "Pos_53_A": 0.03842907783795761, "Pos_14_T": 0.0, "Pos_44_G": 0.0, "Pos_45_A": -0.02854328093066928, "Pos_12_T": 0.06566935759479367, "Pos_2_G": 0.09617509793543969, "Pos_59_A": 0.06016527937980897, "Pos_40_C": 0.0, "Pos_6_G": 0.0, "Pos_6_C": -0.01982188884605422, "Pos_29_A": 0.014323070662427015, "Pos_12_G": -0.014487862811824875, "Pos_10_T": 0.02942988428958182, "Pos_47_A": 0.060937960172085255, "Pos_4_G": 0.0, "Pos_27_A": 0.008072356505522016, "Pos_36_G": 0.0, "Pos_32_T": 0.015778985213545923, "Pos_57_C": 0.022658145961258584, "Pos_20_A": -0.016157152086308753, "Pos_38_G": 0.0, "Pos_21_T": 0.054715144519575515, "Pos_45_C": 0.05514973989161022, "Pos_59_C": 0.0, "Pos_35_C": -0.02423290714144362, "Pos_44_C": -0.031108738833867555, "Pos_24_A": 0.0068696530484413714, "Pos_43_G": 0.056752847400981354, "Pos_16_G": 0.0, "Pos_32_G": -0.02135077818259513, "Pos_40_T": -0.04989100208497948, "Pos_27_T": 0.16892052433943208, "Pos_20_T": 0.031792032590924765, "Pos_32_C": 0.0, "Pos_18_T": 0.045336045268786915, "Pos_34_G": 0.03587443295392182, "Pos_10_C": 0.013962877928818498, "Pos_33_T": 0.13093030577196108, "Pos_2_C": 0.0010906621395217159, "Pos_54_T": 0.07453172071097344, "Pos_28_G": 0.0, "Pos_49_C": 0.06431672112005149, "GtoC": -1.6289082636010905, "Pos_38_A": 0.017736447518903683, "Pos_33_C": 0.009540318235244889, "Pos_47_C": -0.009991238942243925, "Pos_48_A": -0.003093658172490924, "Pos_37_G": 0.12474875180061981, "Pos_11_T": 0.0, "Pos_5_C": -0.02679528346542472, "TtoG": 0.0296607396248648, "Pos_10_A": -0.058114356039601495, "Pos_4_C": 0.02511062406902719, "Pos_54_A": 0.0, "Pos_3_C": -0.02022882617505411, "Pos_44_A": 0.08867490799858786, "Pos_15_T": 0.03477838589337291, "Pos_27_C": -0.01972053855703623, "Pos_49_T": 0.0, "Pos_16_C": 0.027514305376554957, "Pos_43_C": 0.0, "Pos_58_G": 0.052915621999012646, "Pos_3_G": 0.0, "Pos_6_A": 0.06950605252519709, "Pos_23_T": 0.02955022052302627, "Pos_22_A": -0.026084226571544057, "Pos_14_C": 0.02859183491513937, "Pos_48_T": 0.04702273726411663, "Pos_51_T": 0.04728972428078754, "Pos_21_C": 0.0, "Pos_5_G": 0.06029032963919618, "Pos_20_C": 0.0, "Pos_7_T": 0.016888713240518664, "Pos_52_G": 0.12220444833382868, "TtoC": 0.09822019624633398, "Pos_33_A": 0.0, "Pos_15_C": -0.04953987986870985, "Pos_29_T": 0.0, "Pos_1_T": 0.023764810732182933, "Pos_42_A": -0.016192459948239528, "Pos_14_G": 0.0998381852050053, "Pos_39_T": 0.008555819167273836, "Pos_30_T": 0.0849495904857515, "Pos_58_A": -0.06658791721698713, "Pos_26_A": -0.0017802275037775263, "Pos_29_C": -0.1575512672257116, "CtoG": -1.763409562718918, "Pos_28_A": 0.05742034231551196, "Pos_21_G": -0.07593280339828956, "Pos_31_T": 0.06711876960782348, "Pos_0_A": 0.006802866431941773, "Pos_26_G": 0.09962821326242881, "Pos_50_A": 0.045273308574602295, "Pos_36_A": -0.039048437866256794, "Pos_22_T": 0.13346752940928244, "Pos_9_G": -0.0033455323937742663, "Pos_17_C": 0.0, "Pos_57_A": 0.0, "Pos_26_C": 0.0, "Pos_16_T": 0.049758866591053906, "Pos_14_A": -0.0344454164379365, "Pos_4_T": 0.0, "Pos_34_C": 0.0, "Pos_54_C": 0.024864049052700028, "Pos_42_T": 0.11205094755539867, "Pos_59_T": 0.002706220520492605}