{"params": {"0": {"alpha": 0.01}, "3": {"alpha": 2.0}, "4": {"alpha": 3.0}, "2": {"alpha": 1.0}, "1": {"alpha": 0.1}}, "rank_test_score": {"0": 1, "3": 4, "4": 5, "2": 3, "1": 2}, "param_alpha": {"0": 0.01, "3": 2.0, "4": 3.0, "2": 1.0, "1": 0.1}, "split0_test_score": {"0": 0.7201792819, "3": 0.7149316644, "4": 0.7141561029, "2": 0.7161148685, "1": 0.7188851134}, "best_a_choice": 0.01}