{"rank_test_score": {"2": 3, "1": 1, "0": 2, "4": 5, "3": 4}, "params": {"2": {"alpha": 1.0}, "1": {"alpha": 0.1}, "0": {"alpha": 0.01}, "4": {"alpha": 3.0}, "3": {"alpha": 2.0}}, "split0_test_score": {"2": 0.7711386611, "1": 0.7717604425, "0": 0.7716841503, "4": 0.7680564562, "3": 0.7697119969}, "param_alpha": {"2": 1.0, "1": 0.1, "0": 0.01, "4": 3.0, "3": 2.0}, "best_a_choice": 0.1}