{"best_a_choice": 0.01, "rank_test_score": {"3": 5, "4": 4, "1": 2, "2": 3, "0": 1}, "split0_test_score": {"3": 0.6771285992, "4": 0.6771440407, "1": 0.6782175672, "2": 0.6773500288, "0": 0.6791330275}, "params": {"3": {"alpha": 2.0}, "4": {"alpha": 3.0}, "1": {"alpha": 0.1}, "2": {"alpha": 1.0}, "0": {"alpha": 0.01}}, "param_alpha": {"3": 2.0, "4": 3.0, "1": 0.1, "2": 1.0, "0": 0.01}}