{"Pos_2:Pos_3_TT": 0.08985263101510019, "Pos_2_C": 0.08474784595031504, "Pos_0:Pos_3_TC": 0.016942286172531424, "Pos_0:Pos_2_CT": 0.0016094980318734097, "Pos_0:Pos_3_TT": 0.03452928231484269, "Pos_1:Pos_3_TC": 0.06787233585527132, "Pos_0:Pos_2_GC": 0.010776535031962521, "Pos_1:Pos_3_CT": -0.09219369352082762, "Pos_0:Pos_2_AC": -0.020316796008405306, "Pos_2:Pos_3_CC": 0.0010916895580750042, "Pos_2:Pos_3_GA": -0.09307152694991422, "Pos_1:Pos_3_AG": 0.062113224043375416, "Pos_2:Pos_3_GG": 0.03472717521648935, "Pos_0:Pos_2_GG": 0.005752810862585158, "Pos_0:Pos_3_AC": 0.06918061322252475, "Pos_0:Pos_3_CC": -0.033877756225497935, "Pos_0:Pos_3_AG": 0.0, "Pos_3_T": 0.02067793865706872, "Pos_0:Pos_3_TA": 0.0, "Pos_1:Pos_3_GC": 0.003273413263687578, "Pos_1_G": 0.16896387249114792, "Pos_1:Pos_3_CC": 0.0033362968028105102, "Pos_2:Pos_3_AA": 0.0, "Pos_0:Pos_1_TT": 0.02724625565129366, "Pos_0:Pos_3_AA": -0.015272280606276459, "Pos_0:Pos_1_GA": 0.0009135241889469226, "Pos_0:Pos_3_CA": 0.023533633056728703, "Pos_2:Pos_3_AC": 0.028228150791612536, "Pos_1:Pos_2_AG": 0.007092813594273959, "Pos_2:Pos_3_CG": -0.11882177662371655, "Pos_2:Pos_3_GT": 0.002263657438643784, "Pos_0:Pos_2_AT": 0.15110135394236834, "Pos_0:Pos_1_GC": -0.0005456376467876914, "Pos_1:Pos_3_GT": 0.03703524029857798, "Pos_0:Pos_1_AA": 0.009382968678991422, "Pos_0:Pos_1_TA": 0.0, "CtoG": -2.6227910566329196, "Pos_1:Pos_2_AT": -0.07346141381607599, "Pos_0:Pos_2_CG": 0.07753089387907294, "Pos_3_C": 0.03761089716082272, "Pos_1:Pos_2_GT": 0.10710268528720063, "Pos_0:Pos_3_GG": 0.0, "Pos_2:Pos_3_AT": -0.020491294616084888, "Pos_2:Pos_3_CA": 0.11898367752540488, "Pos_0:Pos_1_CT": 0.00040527602383548766, "Pos_2_T": 0.08610617039708508, "AtoG": 0.4884888721954578, "Pos_1:Pos_2_GG": 0.0, "Pos_0:Pos_1_CA": 0.07829080381583811, "Pos_1:Pos_2_CG": -0.13394772425452217, "Pos_1:Pos_2_GA": 0.0, "Pos_1:Pos_2_AC": 0.03977740234730822, "Pos_0:Pos_2_AG": 0.0, "Pos_1:Pos_3_AA": 0.0019503795363586245, "Pos_1:Pos_3_AT": 0.0839715647768921, "Pos_1:Pos_2_CA": 0.0015948604952434168, "GtoT": 0.5251480517303575, "Pos_0_A": -0.0002171009046233585, "Pos_0:Pos_2_AA": 0.06888990477958046, "Pos_0:Pos_3_GT": -0.06899332145761346, "Pos_1:Pos_3_CG": 0.007373501320158211, "Pos_0:Pos_1_AG": 0.12251365847804374, "Pos_1:Pos_2_CC": -0.000632137222277121, "Pos_2:Pos_3_GC": 0.0, "Pos_2_G": -0.08386680696365872, "AtoT": 1.231662675205231, "Pos_0:Pos_3_TG": 0.0, "Pos_1:Pos_3_GA": 0.003815754825334769, "Pos_0:Pos_3_CG": 0.037545516331747936, "Pos_2:Pos_3_TA": 0.04824995303169752, "Pos_0:Pos_3_AT": 0.050377568745420855, "Pos_1:Pos_2_TC": 0.007980944054979391, "Pos_0:Pos_1_CC": 0.006710724658727078, "CtoA": 0.33635471892009877, "Pos_0:Pos_2_TT": 0.017457319413587927, "Pos_0:Pos_2_TC": 0.018537584323208234, "Pos_3_G": -0.002122170010211896, "Pos_0:Pos_2_CC": 0.02981939312420096, "Pos_0:Pos_1_CG": -0.346213618025596, "Pos_1_C": -0.051581748564155226, "Pos_0:Pos_3_GC": 0.0026433584050978335, "TtoC": 0.48864136055505053, "Pos_0:Pos_3_GA": 0.0, "Pos_0:Pos_2_GT": 0.0, "Pos_0:Pos_1_AT": 0.0, "Pos_0:Pos_2_CA": -0.0766040406384355, "Pos_1:Pos_2_GC": 0.17467824473820848, "Pos_1:Pos_2_TG": 0.0, "Pos_2:Pos_3_TC": 0.0015410117020007166, "Pos_1:Pos_2_AA": 0.09214222605758862, "TtoA": 1.3414750959333315, "Pos_1:Pos_3_AC": -0.02634207451644829, "Pos_2:Pos_3_CT": 0.12433859406961024, "Pos_1:Pos_2_CT": 0.08968646312166255, "Pos_2:Pos_3_TG": -0.019849108304268337, "Pos_0:Pos_2_TG": -0.03613010951392266, "Pos_2_A": 0.0, "GtoA": -0.16548124001649486, "Pos_1:Pos_3_CA": -0.030343800330582184, "Pos_0:Pos_1_GT": 0.0, "Pos_1:Pos_2_TA": -0.2549806149390083, "Pos_1:Pos_2_TT": 0.09910011823304106, "Pos_1:Pos_3_TT": 0.02291451705116103, "Pos_0:Pos_1_TC": 0.001780561170034502, "Pos_0:Pos_3_CT": 0.0028324971216735517, "Pos_3_A": 0.0, "CtoT": -0.14567620323248412, "Pos_0_T": 0.17685771687887755, "Pos_1:Pos_3_TG": 0.0, "GtoC": -2.6056222524913846, "Pos_0_C": 0.0, "Pos_1:Pos_3_GG": -0.007620739120024458, "TtoG": 0.4675001714389798, "Pos_0:Pos_1_AC": -0.08781462941759355, "Pos_0:Pos_1_GG": 0.08586213477684003, "Pos_0:Pos_2_GA": 0.0, "Pos_2:Pos_3_AG": 0.2266341985522648, "Pos_0:Pos_2_TA": 0.04962360147614408, "AtoC": 0.15942436711041508, "Pos_1:Pos_3_TA": 0.0, "Pos_1_T": 0.0, "Pos_0_G": 0.0, "Pos_1_A": 0.0004766531150062625, "Pos_0:Pos_1_TG": 0.11176672205520295}