{"rank_test_score": {"2": 3, "0": 4, "1": 1, "3": 2}, "best_c_choice": 1.0, "param_C": {"2": 10.0, "0": 0.1, "1": 1.0, "3": 100.0}, "split0_test_score": {"2": 0.7772900339, "0": 0.7766655172, "1": 0.77733059, "3": 0.7773032355}, "params": {"2": {"C": 10.0, "penalty": "l1"}, "0": {"C": 0.1, "penalty": "l1"}, "1": {"C": 1.0, "penalty": "l1"}, "3": {"C": 100.0, "penalty": "l1"}}, "param_penalty": {"2": "l1", "0": "l1", "1": "l1", "3": "l1"}}