{"best_a_choice": 0.01, "split0_test_score": {"0": 0.6795459925, "1": 0.6774001566, "2": 0.675024752, "3": 0.6743578771, "4": 0.6739951159}, "params": {"0": {"alpha": 0.01}, "1": {"alpha": 0.1}, "2": {"alpha": 1.0}, "3": {"alpha": 2.0}, "4": {"alpha": 3.0}}, "param_alpha": {"0": 0.01, "1": 0.1, "2": 1.0, "3": 2.0, "4": 3.0}, "rank_test_score": {"0": 1, "1": 2, "2": 3, "3": 4, "4": 5}}