{"pos1": {"rel_entropy": 0.004878909114833449, "deviance": 1487.657451658556, "stats": "{\"group\":{\"0\":\"1\",\"1\":\"1\",\"2\":\"1\",\"3\":\"1\",\"4\":\"1\",\"5\":\"1\",\"6\":\"1\",\"7\":\"1\",\"8\":\"2\",\"9\":\"2\",\"10\":\"2\",\"11\":\"2\",\"12\":\"2\",\"13\":\"2\",\"14\":\"2\",\"15\":\"2\"},\"mut\":{\"0\":\"M\",\"1\":\"M\",\"2\":\"M\",\"3\":\"M\",\"4\":\"R\",\"5\":\"R\",\"6\":\"R\",\"7\":\"R\",\"8\":\"M\",\"9\":\"M\",\"10\":\"M\",\"11\":\"M\",\"12\":\"R\",\"13\":\"R\",\"14\":\"R\",\"15\":\"R\"},\"base\":{\"0\":\"A\",\"1\":\"C\",\"2\":\"G\",\"3\":\"T\",\"4\":\"A\",\"5\":\"C\",\"6\":\"G\",\"7\":\"T\",\"8\":\"A\",\"9\":\"C\",\"10\":\"G\",\"11\":\"T\",\"12\":\"A\",\"13\":\"C\",\"14\":\"G\",\"15\":\"T\"},\"count\":{\"0\":2085,\"1\":7263,\"2\":4362,\"3\":5285,\"4\":5757,\"5\":1893,\"6\":5532,\"7\":5813,\"8\":17576,\"9\":19051,\"10\":9213,\"11\":11394,\"12\":19933,\"13\":5035,\"14\":13369,\"15\":18897},\"fitted\":{\"0\":3334.1194025278,\"1\":7202.373745927,\"2\":4066.7174542965,\"3\":4391.7893972586,\"4\":4507.880597488,\"5\":1953.6262540731,\"6\":5827.2825457037,\"7\":6706.2106027416,\"8\":16326.880597482,\"9\":19111.6262540731,\"10\":9508.2825457036,\"11\":12287.2106027416,\"12\":21182.1194025183,\"13\":4974.373745927,\"14\":13073.7174542964,\"15\":18003.7893972585},\"ret\":{\"0\":-0.0064200099,\"1\":0.0003993277,\"2\":0.0020054853,\"3\":0.0064177876,\"4\":0.0092359939,\"5\":-0.0003914237,\"6\":-0.0018868904,\"7\":-0.0054499883,\"8\":0.0084989213,\"9\":-0.0003970273,\"10\":-0.001906422,\"11\":-0.0056404277,\"12\":-0.0079467311,\"13\":0.0004000722,\"14\":0.001958522,\"15\":0.0060017195}}", "df": 3, "formula": "count ~ group * mut * base - group : mut : base", "prob": 0}, "pos2": {"rel_entropy": 0.005035919839594193, "deviance": 1535.5325338097027, "stats": "{\"group\":{\"0\":\"1\",\"1\":\"1\",\"2\":\"1\",\"3\":\"1\",\"4\":\"1\",\"5\":\"1\",\"6\":\"1\",\"7\":\"1\",\"8\":\"2\",\"9\":\"2\",\"10\":\"2\",\"11\":\"2\",\"12\":\"2\",\"13\":\"2\",\"14\":\"2\",\"15\":\"2\"},\"mut\":{\"0\":\"M\",\"1\":\"M\",\"2\":\"M\",\"3\":\"M\",\"4\":\"R\",\"5\":\"R\",\"6\":\"R\",\"7\":\"R\",\"8\":\"M\",\"9\":\"M\",\"10\":\"M\",\"11\":\"M\",\"12\":\"R\",\"13\":\"R\",\"14\":\"R\",\"15\":\"R\"},\"base\":{\"0\":\"A\",\"1\":\"C\",\"2\":\"G\",\"3\":\"T\",\"4\":\"A\",\"5\":\"C\",\"6\":\"G\",\"7\":\"T\",\"8\":\"A\",\"9\":\"C\",\"10\":\"G\",\"11\":\"T\",\"12\":\"A\",\"13\":\"C\",\"14\":\"G\",\"15\":\"T\"},\"count\":{\"0\":3171,\"1\":3506,\"2\":3184,\"3\":9134,\"4\":5100,\"5\":4799,\"6\":4857,\"7\":4239,\"8\":11383,\"9\":17224,\"10\":16971,\"11\":11656,\"12\":14831,\"13\":14187,\"14\":17745,\"15\":10471},\"fitted\":{\"0\":3389.1812171397,\"1\":4225.9905791412,\"2\":3682.5746237586,\"3\":7697.2535799604,\"4\":4881.8187828602,\"5\":4079.0094208588,\"6\":4358.4253762414,\"7\":5675.7464200396,\"8\":11164.8187828602,\"9\":16504.0094208588,\"10\":16472.4253762414,\"11\":13092.7464200396,\"12\":15049.1812171398,\"13\":14906.9905791413,\"14\":18243.5746237586,\"15\":9034.2535799604},\"ret\":{\"0\":-0.0013840053,\"1\":-0.0042952376,\"2\":-0.0030381403,\"3\":0.0102532758,\"4\":0.0014626042,\"5\":0.005116778,\"6\":0.003450539,\"7\":-0.0081153945,\"8\":0.0014449835,\"9\":0.0048240953,\"10\":0.0033192411,\"11\":-0.0088867883,\"12\":-0.0014206663,\"13\":-0.0046066217,\"14\":-0.0032251439,\"15\":0.0101364006}}", "df": 3, "formula": "count ~ group * mut * base - group : mut : base", "prob": 0}, "pos0": {"rel_entropy": 0.0017772790548442796, "deviance": 541.9208202868983, "stats": "{\"group\":{\"0\":\"1\",\"1\":\"1\",\"2\":\"1\",\"3\":\"1\",\"4\":\"1\",\"5\":\"1\",\"6\":\"1\",\"7\":\"1\",\"8\":\"2\",\"9\":\"2\",\"10\":\"2\",\"11\":\"2\",\"12\":\"2\",\"13\":\"2\",\"14\":\"2\",\"15\":\"2\"},\"mut\":{\"0\":\"M\",\"1\":\"M\",\"2\":\"M\",\"3\":\"M\",\"4\":\"R\",\"5\":\"R\",\"6\":\"R\",\"7\":\"R\",\"8\":\"M\",\"9\":\"M\",\"10\":\"M\",\"11\":\"M\",\"12\":\"R\",\"13\":\"R\",\"14\":\"R\",\"15\":\"R\"},\"base\":{\"0\":\"A\",\"1\":\"C\",\"2\":\"G\",\"3\":\"T\",\"4\":\"A\",\"5\":\"C\",\"6\":\"G\",\"7\":\"T\",\"8\":\"A\",\"9\":\"C\",\"10\":\"G\",\"11\":\"T\",\"12\":\"A\",\"13\":\"C\",\"14\":\"G\",\"15\":\"T\"},\"count\":{\"0\":5177,\"1\":4414,\"2\":4244,\"3\":5160,\"4\":4774,\"5\":5324,\"6\":4429,\"7\":4468,\"8\":13602,\"9\":18243,\"10\":18883,\"11\":6506,\"12\":14275,\"13\":17254,\"14\":16538,\"15\":9167},\"fitted\":{\"0\":4989.8079366118,\"1\":4929.4183063966,\"2\":4596.1290680062,\"3\":4479.6446889853,\"4\":4961.1920633882,\"5\":4808.5816936033,\"6\":4076.8709319938,\"7\":5148.3553110146,\"8\":13789.1920633881,\"9\":17727.5816936033,\"10\":18530.8709319938,\"11\":7186.3553110146,\"12\":14087.8079366118,\"13\":17769.4183063966,\"14\":16890.1290680061,\"15\":8486.6446889853},\"ret\":{\"0\":0.0012505753,\"1\":-0.0031974758,\"2\":-0.0022188517,\"3\":0.0047854956,\"4\":-0.0012043664,\"5\":0.0035557609,\"6\":0.0024066716,\"7\":-0.0041537889,\"8\":-0.0012194551,\"9\":0.0034294,\"10\":0.0023314861,\"11\":-0.0042443311,\"12\":0.0012359486,\"13\":-0.0033312117,\"14\":-0.0022854337,\"15\":0.0046368555}}", "df": 3, "formula": "count ~ group * mut * base - group : mut : base", "prob": 3.918286899979516e-117}, "pos3": {"rel_entropy": 0.0005699235448406018, "deviance": 173.77880759861694, "stats": "{\"group\":{\"0\":\"1\",\"1\":\"1\",\"2\":\"1\",\"3\":\"1\",\"4\":\"1\",\"5\":\"1\",\"6\":\"1\",\"7\":\"1\",\"8\":\"2\",\"9\":\"2\",\"10\":\"2\",\"11\":\"2\",\"12\":\"2\",\"13\":\"2\",\"14\":\"2\",\"15\":\"2\"},\"mut\":{\"0\":\"M\",\"1\":\"M\",\"2\":\"M\",\"3\":\"M\",\"4\":\"R\",\"5\":\"R\",\"6\":\"R\",\"7\":\"R\",\"8\":\"M\",\"9\":\"M\",\"10\":\"M\",\"11\":\"M\",\"12\":\"R\",\"13\":\"R\",\"14\":\"R\",\"15\":\"R\"},\"base\":{\"0\":\"A\",\"1\":\"C\",\"2\":\"G\",\"3\":\"T\",\"4\":\"A\",\"5\":\"C\",\"6\":\"G\",\"7\":\"T\",\"8\":\"A\",\"9\":\"C\",\"10\":\"G\",\"11\":\"T\",\"12\":\"A\",\"13\":\"C\",\"14\":\"G\",\"15\":\"T\"},\"count\":{\"0\":4444,\"1\":4731,\"2\":5682,\"3\":4138,\"4\":4878,\"5\":4732,\"6\":5073,\"7\":4312,\"8\":17379,\"9\":15109,\"10\":11319,\"11\":13427,\"12\":16438,\"13\":14041,\"14\":13069,\"15\":13686},\"fitted\":{\"0\":4726.222473341,\"1\":4872.4489417924,\"2\":5213.5637036976,\"3\":4182.7648813075,\"4\":4595.7775266721,\"5\":4590.5510582077,\"6\":5541.4362965818,\"7\":4267.2351186925,\"8\":17096.7775266653,\"9\":14967.5510582076,\"10\":11787.436296435,\"11\":13382.2351186925,\"12\":16720.2224733347,\"13\":14182.4489417924,\"14\":12600.5637035659,\"15\":13730.7648813075},\"ret\":{\"0\":-0.0017947449,\"1\":-0.0009141903,\"2\":0.0032066358,\"3\":-0.0002920442,\"4\":0.0019068587,\"5\":0.000941939,\"6\":-0.0029388704,\"7\":0.0002951558,\"8\":0.0018663444,\"9\":0.0009321598,\"10\":-0.0030106822,\"11\":0.0002941116,\"12\":-0.0018354375,\"13\":-0.0009231474,\"14\":0.0031289772,\"15\":-0.0002931419}}", "df": 3, "formula": "count ~ group * mut * base - group : mut : base", "prob": 1.944588720159207e-37}}