{"best_a_choice": 0.01, "params": {"1": {"alpha": 0.1}, "0": {"alpha": 0.01}, "2": {"alpha": 1.0}, "4": {"alpha": 3.0}, "3": {"alpha": 2.0}}, "param_alpha": {"1": 0.1, "0": 0.01, "2": 1.0, "4": 3.0, "3": 2.0}, "split0_test_score": {"1": 0.7085153484, "0": 0.7103350223, "2": 0.7036250346, "4": 0.6997614481, "3": 0.7012690961}, "rank_test_score": {"1": 2, "0": 1, "2": 3, "4": 5, "3": 4}}