{"split0_test_score": {"2": 0.7631184458, "3": 0.7629514595, "0": 0.7632615769, "1": 0.7632615769, "4": 0.7623493545}, "params": {"2": {"alpha": 1.0}, "3": {"alpha": 2.0}, "0": {"alpha": 0.01}, "1": {"alpha": 0.1}, "4": {"alpha": 3.0}}, "param_alpha": {"2": 1.0, "3": 2.0, "0": 0.01, "1": 0.1, "4": 3.0}, "best_a_choice": 0.01, "rank_test_score": {"2": 3, "3": 4, "0": 1, "1": 1, "4": 5}}