{"Pos_0:Pos_1_GC": 0.10988978947464671, "Pos_0:Pos_1_AT": -0.05644009061019074, "GtoT": 0.025324678715437046, "Pos_0:Pos_1_AC": 0.0, "Pos_1_G": -0.18811778574015778, "Pos_0:Pos_1_TG": 0.005713936765391131, "Pos_0_G": 0.1479658996888273, "Pos_0:Pos_1_TA": -0.11816712341548266, "Pos_0:Pos_1_GG": 0.0, "Pos_0:Pos_1_GA": 0.0, "Pos_1_C": 0.0, "TtoA": 0.4461014239149158, "Pos_0_A": 0.0, "Pos_1_T": 0.0, "Pos_0:Pos_1_AA": 0.013586230916837755, "Pos_1_A": 0.0, "AtoT": 0.38344844156688124, "GtoA": -0.453006985013173, "Pos_0:Pos_1_CC": 0.0, "CtoT": -0.4385651397147752, "Pos_0:Pos_1_CG": -0.08757442658017241, "CtoG": -0.6143225898484889, "Pos_0:Pos_1_AG": -0.0428786682509575, "Pos_0_C": -0.05956209746084168, "Pos_0:Pos_1_TT": 0.02186869022064933, "TtoG": 0.0013190550124531047, "AtoC": -0.11436760332964443, "Pos_0:Pos_1_TC": 0.0, "TtoC": 0.02689892085571542, "CtoA": -0.0035559724756988316, "Pos_0:Pos_1_CT": 0.0, "GC_feature": -0.1382576062429979, "AtoG": 0.0, "Pos_0_T": 0.0230824499816953, "GtoC": -0.5481980736565502, "Pos_0:Pos_1_CA": -0.06739637523481401, "Pos_0:Pos_1_GT": 0.07143699014528347}