{"params": {"0": {"alpha": 0.01}, "4": {"alpha": 3.0}, "2": {"alpha": 1.0}, "3": {"alpha": 2.0}, "1": {"alpha": 0.1}}, "rank_test_score": {"0": 1, "4": 5, "2": 3, "3": 4, "1": 2}, "best_a_choice": 0.01, "split0_test_score": {"0": 0.7169807362, "4": 0.7087068472, "2": 0.7106294106, "3": 0.7094468816, "1": 0.7145203128}, "param_alpha": {"0": 0.01, "4": 3.0, "2": 1.0, "3": 2.0, "1": 0.1}}