{"rank_test_score": {"0": 1, "2": 1, "3": 4, "4": 5, "1": 1}, "best_a_choice": 0.01, "split0_test_score": {"0": 0.7692216251, "2": 0.7692216251, "3": 0.7692213873, "4": 0.7689954147, "1": 0.7692216251}, "param_alpha": {"0": 0.01, "2": 1.0, "3": 2.0, "4": 3.0, "1": 0.1}, "params": {"0": {"alpha": 0.01}, "2": {"alpha": 1.0}, "3": {"alpha": 2.0}, "4": {"alpha": 3.0}, "1": {"alpha": 0.1}}}