{"param_alpha": {"4": 3.0, "0": 0.01, "2": 1.0, "3": 2.0, "1": 0.1}, "split0_test_score": {"4": 0.7668135105, "0": 0.7670951087, "2": 0.7670347119, "3": 0.7669475397, "1": 0.7670910011}, "params": {"4": {"alpha": 3.0}, "0": {"alpha": 0.01}, "2": {"alpha": 1.0}, "3": {"alpha": 2.0}, "1": {"alpha": 0.1}}, "best_a_choice": 0.01, "rank_test_score": {"4": 5, "0": 1, "2": 3, "3": 4, "1": 2}}