{"params": {"3": {"alpha": 2.0}, "4": {"alpha": 3.0}, "0": {"alpha": 0.01}, "1": {"alpha": 0.1}, "2": {"alpha": 1.0}}, "split0_test_score": {"3": 0.7576273126, "4": 0.7560633225, "0": 0.7624985695, "1": 0.7623688728, "2": 0.7599732977}, "rank_test_score": {"3": 4, "4": 5, "0": 1, "1": 2, "2": 3}, "best_a_choice": 0.01, "param_alpha": {"3": 2.0, "4": 3.0, "0": 0.01, "1": 0.1, "2": 1.0}}