{"Pos_1:Pos_2_GT": -0.002507593065352008, "Pos_0:Pos_4_AA": 0.0, "Pos_0_G": -0.027259622793967365, "Pos_1:Pos_2_TC": -0.02995294934000484, "Pos_2:Pos_3_CG": -0.08446012344618863, "Pos_3:Pos_4_CT": 0.2346873912645783, "Pos_3:Pos_4_TG": 0.0, "Pos_0:Pos_2_AA": 0.0, "Pos_0:Pos_2_TC": 0.07580399744480457, "Pos_0:Pos_3_TG": 0.0, "Pos_2:Pos_3_TA": -0.13352364960590918, "Pos_1:Pos_2_TA": 0.0, "Pos_2:Pos_5_GC": 0.0, "Pos_3_T": 0.09091226472169013, "Pos_1:Pos_4_AT": 0.06912764493077926, "Pos_1:Pos_4_CT": 0.024602700736037285, "Pos_1:Pos_4_GG": 0.007540628223743813, "Pos_1:Pos_3_GA": 0.0, "Pos_2:Pos_5_CT": -0.04138204294846079, "Pos_3:Pos_4_GT": 0.0, "Pos_2_G": 0.2750147562746932, "Pos_1:Pos_4_TC": 0.028560288915552644, "Pos_2:Pos_3_AA": 0.22854840553541564, "Pos_1:Pos_2_GA": 0.0, "Pos_0:Pos_1_GC": -0.016952158364581634, "Pos_0:Pos_2_GC": -0.0576194144854474, "Pos_0:Pos_1_TG": 0.0, "Pos_0:Pos_3_GC": 0.0, "Pos_0:Pos_3_GG": 0.17217571364591255, "Pos_1_G": 0.0, "Pos_0:Pos_4_TC": 0.0, "Pos_3:Pos_4_GC": 0.0, "Pos_2:Pos_4_GT": 0.03253565470841763, "Pos_0:Pos_4_GG": 0.0, "Pos_2:Pos_5_CG": 0.02195735322726038, "Pos_4_C": 0.0, "Pos_1:Pos_3_TC": 0.0, "AtoG": 0.03539721086784773, "Pos_0:Pos_5_AG": 0.0, "Pos_0:Pos_3_TC": 0.0, "Pos_0:Pos_4_CG": 0.0, "Pos_2:Pos_3_CT": 0.005601663329744817, "Pos_3:Pos_4_AC": 0.0, "CtoG": -1.694841828430131, "Pos_1:Pos_5_AA": 0.0, "Pos_4:Pos_5_TT": 0.08931610975487386, "Pos_0:Pos_1_AA": 0.013417856500658559, "Pos_2:Pos_3_AG": 0.0, "Pos_0:Pos_2_TG": 0.0, "Pos_0_A": 0.0, "Pos_2:Pos_4_AC": -0.05084194256696528, "Pos_2:Pos_5_AG": 0.0, "Pos_1:Pos_2_TT": 0.002491764466774584, "Pos_1:Pos_5_GA": 0.0, "Pos_2:Pos_5_GG": 0.0, "Pos_5_A": 0.1436998194109997, "Pos_0:Pos_5_CT": 0.0, "Pos_2:Pos_3_TT": 0.032818494858315485, "Pos_2:Pos_4_CG": 0.0, "GtoC": -1.6419252774088418, "Pos_2:Pos_5_TC": 0.11382635575680487, "Pos_4_T": 0.0, "Pos_3:Pos_5_CC": 0.058081068098316854, "Pos_2:Pos_4_AT": 0.08935229553867709, "Pos_0:Pos_4_AG": 0.0, "Pos_3:Pos_5_GA": 0.0, "Pos_4:Pos_5_GC": 0.0, "Pos_4:Pos_5_GG": 0.0, "Pos_2:Pos_5_AC": -0.024256682826782637, "Pos_1:Pos_3_AC": 0.0, "Pos_3:Pos_5_AG": 0.01671182435210858, "Pos_0_C": 0.0, "Pos_0:Pos_3_AC": -0.06453445788476168, "Pos_1:Pos_2_CG": -0.3524849276970739, "Pos_0:Pos_4_GC": 0.023093530602139895, "Pos_2:Pos_4_GG": 0.0, "Pos_3:Pos_5_AA": 0.0, "Pos_1:Pos_3_CG": 0.11612499477891108, "Pos_4:Pos_5_GT": 0.0, "Pos_0:Pos_3_CT": 0.029894172688099394, "Pos_0:Pos_5_CC": 0.0, "GtoA": -0.5767378109373303, "Pos_3_A": 0.0, "Pos_0:Pos_1_AG": 0.0, "Pos_3_G": -0.1052608731939528, "TtoC": 0.07382741483342052, "Pos_1:Pos_3_CC": 0.022550883277701547, "Pos_3:Pos_4_CC": 0.0, "Pos_2:Pos_5_TA": 0.0, "Pos_0:Pos_5_GC": 0.0, "Pos_3:Pos_4_GG": 0.06312005340541647, "Pos_2:Pos_4_AG": 0.0, "Pos_4:Pos_5_AT": 0.0, "Pos_1:Pos_5_AG": 0.0042068500641870635, "Pos_0:Pos_4_TA": 0.0, "Pos_4:Pos_5_CT": 0.08868737163347593, "Pos_3:Pos_5_TA": 0.05836426300938936, "Pos_2_C": -0.023939853396800725, "Pos_1:Pos_5_GC": 0.040151133142423384, "Pos_4:Pos_5_GA": 0.03639740834361883, "Pos_5_G": 0.0, "Pos_2:Pos_4_TT": 0.0, "Pos_3:Pos_5_CT": 0.2164532434265081, "Pos_3_C": 0.0, "Pos_0:Pos_4_AT": 0.028406807329073233, "Pos_5_T": 0.0, "Pos_0:Pos_1_TT": 0.10761905636980848, "Pos_1:Pos_4_CG": 0.0, "Pos_1:Pos_5_TT": 0.03300834179679928, "Pos_3:Pos_4_AG": 0.11855825823819542, "Pos_3:Pos_5_TT": 0.0, "Pos_0:Pos_2_GT": 0.0, "Pos_3:Pos_5_GT": 0.09192510538352684, "Pos_0:Pos_5_GA": 0.019049288561226587, "Pos_0:Pos_3_AA": 0.0027773968512736003, "TtoG": 0.04059127078448313, "Pos_4_A": -0.018388111562958293, "Pos_2:Pos_3_AC": 0.0, "Pos_2:Pos_5_GT": 0.0, "Pos_0:Pos_3_TT": 0.0, "Pos_0:Pos_4_GT": 0.0, "Pos_3:Pos_5_TG": 0.07091896021990678, "Pos_1:Pos_4_GT": -0.06649278194477365, "Pos_0:Pos_4_TT": 0.0, "Pos_2:Pos_5_CC": -0.11005709195019234, "Pos_3:Pos_4_TC": 0.02457506334432182, "Pos_1:Pos_4_CA": 0.0, "Pos_0:Pos_2_CC": 0.0, "Pos_0:Pos_4_CA": 0.0, "Pos_0:Pos_3_AT": 0.045191740292610305, "Pos_2:Pos_4_AA": 0.0, "Pos_1:Pos_3_TG": 0.0, "Pos_2:Pos_5_TT": 0.024457292023027783, "Pos_1:Pos_4_TT": 0.0, "Pos_2:Pos_4_TG": 0.0, "Pos_1:Pos_5_CT": 0.0018974788911710287, "Pos_3:Pos_5_TC": 0.0, "Pos_0:Pos_2_CG": 0.0, "Pos_3:Pos_5_GC": -0.052689512255158534, "Pos_0:Pos_5_TC": 0.0, "Pos_0:Pos_1_GA": 0.0, "Pos_2_T": 0.0, "Pos_1:Pos_2_AT": 0.011506761130573296, "Pos_1:Pos_5_TA": 0.023365588292147146, "Pos_0:Pos_3_AG": 0.0, "Pos_2:Pos_5_CA": 0.0, "Pos_0:Pos_4_AC": 0.0, "AtoC": -0.28042466131508226, "Pos_1:Pos_3_AT": 0.07516133244681034, "Pos_0:Pos_5_AA": -0.02797038922884631, "Pos_1:Pos_5_AT": 0.0, "Pos_0:Pos_1_CC": 0.0, "Pos_1:Pos_3_AG": -0.02946373285939259, "Pos_1:Pos_5_GT": -0.10955271964202727, "Pos_2_A": 0.0, "Pos_1:Pos_2_GC": 0.0, "Pos_4:Pos_5_CA": 0.0, "Pos_0:Pos_1_TA": 0.0, "Pos_2:Pos_4_GC": 0.0, "Pos_3:Pos_4_TA": 0.0, "Pos_1:Pos_4_AG": 0.0, "Pos_0_T": 0.15039126539045417, "Pos_2:Pos_4_CA": 0.0, "CtoT": -0.551852504803765, "Pos_3:Pos_4_GA": -0.06664610138663725, "Pos_4_G": 0.0, "Pos_2:Pos_4_TA": -0.021451500777498786, "Pos_2:Pos_4_CC": 0.002739751158968235, "Pos_0:Pos_2_AT": 0.13630390503651038, "Pos_2:Pos_3_TG": 0.06709283635494315, "Pos_0:Pos_5_AC": 0.13407229002609264, "Pos_1:Pos_4_GC": -0.0015598656249944803, "Pos_2:Pos_5_AT": 0.0, "Pos_0:Pos_2_TT": 0.0, "Pos_1:Pos_3_GG": 0.0, "Pos_0:Pos_4_CT": 0.0, "Pos_1:Pos_4_TA": 0.0, "Pos_1:Pos_5_GG": 0.0, "Pos_4:Pos_5_TC": 0.05854902498253098, "Pos_0:Pos_3_GA": 0.0, "TtoA": 0.8893151588642215, "Pos_1:Pos_3_AA": 0.05070452727689811, "Pos_0:Pos_2_CA": 0.0, "Pos_0:Pos_3_TA": 0.0, "Pos_0:Pos_1_CA": -0.024565688231874497, "Pos_2:Pos_5_TG": 0.0, "Pos_1:Pos_2_GG": 0.0, "Pos_3:Pos_4_CG": 0.0, "Pos_0:Pos_1_GT": 0.1389315150137375, "Pos_0:Pos_2_CT": 0.0, "Pos_1:Pos_3_TT": 0.0, "Pos_0:Pos_4_GA": 0.0, "Pos_4:Pos_5_TA": 0.0, "Pos_2:Pos_5_AA": 0.007679223111643953, "Pos_0:Pos_5_TA": 0.0, "Pos_1_A": 0.0, "Pos_2:Pos_3_GA": 0.012254761317992672, "Pos_0:Pos_2_AG": 0.05932404312921939, "Pos_0:Pos_1_GG": -0.005997934086458452, "Pos_2:Pos_3_CC": 0.0, "Pos_3:Pos_4_TT": 0.04672727909862999, "Pos_2:Pos_4_CT": -0.06717739022448942, "Pos_4:Pos_5_AC": -0.04782317378835911, "Pos_3:Pos_5_AC": 0.0, "Pos_0:Pos_5_TG": 0.0047418408457999, "Pos_1_C": 0.0, "Pos_1:Pos_4_AC": 0.0365070979968832, "Pos_1:Pos_2_TG": 0.06416064096462612, "Pos_4:Pos_5_AA": 0.0076581606508663545, "Pos_5_C": 0.0, "Pos_0:Pos_5_GG": -0.002538060904108367, "Pos_1:Pos_2_CT": 0.0, "Pos_1:Pos_5_CA": 0.0, "Pos_3:Pos_5_AT": 0.0, "Pos_2:Pos_3_AT": -0.08456893240259288, "Pos_0:Pos_4_CC": 0.0, "Pos_0:Pos_1_AC": 0.0008711430972655534, "Pos_0:Pos_1_AT": -0.026782385293249913, "Pos_0:Pos_3_CA": 0.0, "Pos_2:Pos_4_TC": 0.042534308820718826, "Pos_1:Pos_4_TG": 0.053520556713067886, "Pos_3:Pos_4_CA": 0.20253568344127812, "Pos_0:Pos_5_GT": 0.0, "Pos_0:Pos_2_GA": 0.0, "Pos_1:Pos_3_GC": 0.0, "Pos_1:Pos_2_AG": 0.14116001926810537, "Pos_0:Pos_3_CC": 0.006478734839129043, "Pos_2:Pos_3_GT": 0.0, "AtoT": 0.8169121226692925, "Pos_1:Pos_5_TG": 0.0, "Pos_0:Pos_1_CG": 0.11561136600810515, "Pos_1:Pos_3_TA": 0.00968478671509978, "Pos_0:Pos_2_GG": 0.0, "Pos_3:Pos_5_CG": 0.0, "GtoT": 0.09905950826417294, "Pos_1:Pos_2_AA": 0.0, "Pos_0:Pos_5_CA": 0.046368230745740244, "Pos_2:Pos_3_GC": 0.04791839012420292, "Pos_2:Pos_3_CA": 0.0, "Pos_2:Pos_5_GA": 0.0, "Pos_3:Pos_4_AA": 0.0, "Pos_4:Pos_5_CC": 0.0, "Pos_0:Pos_2_TA": 0.0, "Pos_4:Pos_5_CG": 0.33407316294150957, "Pos_0:Pos_1_CT": 0.0, "Pos_2:Pos_4_GA": 0.01610707512715912, "Pos_0:Pos_4_TG": 0.04935795373225724, "Pos_3:Pos_4_AT": -0.18340250518481263, "Pos_1:Pos_4_AA": 0.0, "Pos_1:Pos_5_CC": 0.0, "Pos_1:Pos_3_CA": -0.03862991183092823, "Pos_1:Pos_2_AC": 0.0, "Pos_0:Pos_1_TC": 0.0, "Pos_1:Pos_2_CA": 0.11133721836120845, "Pos_1:Pos_5_TC": 0.0, "Pos_2:Pos_3_TC": 0.0, "Pos_4:Pos_5_AG": 0.0, "Pos_0:Pos_5_AT": 0.12809251509005234, "Pos_0:Pos_2_AC": -0.044136576627327555, "Pos_1:Pos_5_CG": -0.09459518332087494, "Pos_1:Pos_3_GT": 0.0, "Pos_3:Pos_5_GG": -0.1053657571216142, "Pos_1:Pos_4_GA": 0.0, "Pos_1:Pos_4_CC": 0.0, "Pos_1:Pos_3_CT": 0.0, "Pos_1_T": 0.0974857879926344, "Pos_0:Pos_5_TT": 0.0,