{"TtoC": 0.0, "AtoT": 0.3525510609622544, "TtoG": -0.007128419084508476, "GtoA": -0.3598437038544515, "TtoA": 0.2835846353263793, "GtoT": 0.021165590004123266, "AtoC": 0.0, "GtoC": -0.3339931113908248, "GC_feature": -0.029426678446517175, "CtoT": -0.45834502732920285, "CtoA": -0.012504782188542963, "AtoG": 0.00019864689514845424, "CtoG": -0.36016279610229035}