{"param_alpha": {"3": 2.0, "0": 0.01, "2": 1.0, "1": 0.1, "4": 3.0}, "params": {"3": {"alpha": 2.0}, "0": {"alpha": 0.01}, "2": {"alpha": 1.0}, "1": {"alpha": 0.1}, "4": {"alpha": 3.0}}, "rank_test_score": {"3": 3, "0": 1, "2": 3, "1": 1, "4": 3}, "split0_test_score": {"3": 0.740723671, "0": 0.7410939036, "2": 0.740723671, "1": 0.7410939036, "4": 0.740723671}, "best_a_choice": 0.01}