{"rank_test_score": {"3": 2, "4": 3, "0": 5, "1": 4, "2": 1}, "params": {"3": {"alpha": 2.0}, "4": {"alpha": 3.0}, "0": {"alpha": 0.01}, "1": {"alpha": 0.1}, "2": {"alpha": 1.0}}, "param_alpha": {"3": 2.0, "4": 3.0, "0": 0.01, "1": 0.1, "2": 1.0}, "best_a_choice": 1.0, "split0_test_score": {"3": 0.676000373, "4": 0.6759641579, "0": 0.674332547, "1": 0.6757229917, "2": 0.6761279285}}