{"Pos_0:Pos_1:Pos_2_TAA": 0.10931801926915294, "Pos_0:Pos_1:Pos_3_ATC": 0.0, "Pos_1:Pos_2_AG": 0.0, "Pos_0:Pos_1:Pos_2_GAA": 0.0, "Pos_1:Pos_3_CA": 0.0, "Pos_0:Pos_1:Pos_2_TTT": 0.04739560228091665, "Pos_1:Pos_2:Pos_3_CCC": 0.037601851414622495, "Pos_0:Pos_2_CG": 0.014071659274025332, "Pos_0:Pos_2:Pos_3_GTC": 0.08412347809069058, "Pos_0:Pos_2:Pos_3_TCC": 0.0, "Pos_2:Pos_3_AG": 0.19678389900793122, "Pos_0:Pos_1:Pos_3_GGA": 0.0, "Pos_2:Pos_3_TC": 0.0, "Pos_0:Pos_1:Pos_2_ACA": 0.0, "Pos_1:Pos_2:Pos_3_TCG": -0.2524815656403783, "Pos_0:Pos_2:Pos_3_GAT": 0.0, "Pos_1:Pos_2:Pos_3_GAA": 0.0, "Pos_1:Pos_2:Pos_3_CCA": 0.0, "Pos_1:Pos_2:Pos_3_AAT": 0.0, "Pos_0:Pos_1:Pos_3_ACC": 0.27708786992024415, "Pos_0:Pos_3_AT": 0.0, "Pos_0:Pos_1_CG": -0.3434796323692172, "Pos_2:Pos_3_GA": -0.11700602746013963, "Pos_2:Pos_3_CT": 0.07430329240437876, "Pos_0:Pos_1:Pos_3_CAA": 0.0, "Pos_0:Pos_3_CA": 0.0, "Pos_0:Pos_1:Pos_3_ACA": 0.0, "Pos_1:Pos_2:Pos_3_GCC": 0.0, "Pos_0:Pos_1:Pos_2_AAT": -0.003676955449237527, "Pos_0:Pos_1:Pos_3_TCA": 0.0, "Pos_2_C": 0.06542862835923996, "Pos_1:Pos_2:Pos_3_ACA": 0.0, "Pos_0:Pos_2:Pos_3_ACC": 0.0, "GtoA": -0.48393023933757384, "Pos_2_A": 0.0, "Pos_1:Pos_3_CC": 0.0, "Pos_0:Pos_2:Pos_3_GAG": 0.0, "Pos_0:Pos_2_TC": 0.007529896694322298, "Pos_0:Pos_3_CG": 0.0, "Pos_0:Pos_1:Pos_2_ACT": 0.0, "Pos_0:Pos_1:Pos_2_GCG": -0.030998206187155757, "Pos_0_G": -0.006028226575602285, "Pos_0:Pos_1:Pos_2_GGT": 0.0, "Pos_1:Pos_3_AA": 0.0, "Pos_1:Pos_2:Pos_3_TGG": 0.16080671104176295, "Pos_0:Pos_2:Pos_3_TGT": -0.2679754997432803, "Pos_1:Pos_2_CT": 0.01871520410974277, "Pos_0:Pos_3_AC": 0.0, "Pos_0:Pos_1_TC": 0.0, "Pos_0:Pos_1:Pos_2_GTG": -0.016112724737056057, "Pos_0:Pos_1_TA": 0.0, "Pos_1_G": 0.25736021473847104, "Pos_1:Pos_2_AT": -0.0927299878476409, "Pos_1:Pos_3_GG": 0.0, "Pos_0:Pos_1:Pos_2_GGC": 0.0, "Pos_0:Pos_2:Pos_3_TTC": 0.0, "Pos_0:Pos_1:Pos_2_CCC": 0.0, "Pos_1:Pos_3_TA": 0.0, "Pos_1:Pos_2:Pos_3_CAG": 0.0, "Pos_0_T": 0.15671920419213284, "Pos_0:Pos_2_AC": 0.0, "Pos_0:Pos_1:Pos_2_TTA": 0.0, "Pos_1:Pos_2:Pos_3_ACG": 0.0, "Pos_0:Pos_2:Pos_3_GAA": 0.0, "Pos_2:Pos_3_CC": 0.0, "Pos_0:Pos_2:Pos_3_GCC": 0.0, "Pos_0:Pos_1_TT": 0.0, "Pos_0:Pos_1:Pos_3_AGG": 0.0, "Pos_0:Pos_3_TC": 0.0, "Pos_0:Pos_1:Pos_3_CCG": 0.08931731844091582, "Pos_2:Pos_3_AA": 0.0, "Pos_0:Pos_2_GG": 0.0, "Pos_0:Pos_2:Pos_3_TAT": 0.0, "Pos_1:Pos_2:Pos_3_AGT": 0.036657598645837584, "Pos_0:Pos_2:Pos_3_GTA": 0.0, "Pos_2:Pos_3_AC": 0.0, "Pos_1:Pos_3_GT": 0.03861203652191741, "Pos_0:Pos_2:Pos_3_ATA": 0.0, "Pos_0:Pos_2:Pos_3_CCT": 0.0, "Pos_0:Pos_1:Pos_2_ACG": 0.0, "Pos_2:Pos_3_AT": 0.0, "Pos_0:Pos_2:Pos_3_ATC": 0.0, "Pos_0:Pos_2:Pos_3_ATG": 0.07803960488544523, "Pos_0:Pos_2:Pos_3_CTT": 0.0, "Pos_1:Pos_2_CG": -0.15245378071709137, "Pos_0:Pos_2:Pos_3_TGA": 0.0, "Pos_0:Pos_1:Pos_2_TAC": 0.0, "Pos_0:Pos_1_CT": 0.0, "Pos_0:Pos_1:Pos_3_AAA": 0.0, "Pos_0:Pos_2_CT": 0.0, "Pos_0:Pos_1:Pos_3_CTT": 0.0, "Pos_1:Pos_3_CG": 0.0, "Pos_0:Pos_1:Pos_3_GTG": 0.0, "Pos_0:Pos_1:Pos_3_GCA": 0.0, "Pos_0:Pos_3_CT": 0.0, "Pos_0:Pos_1:Pos_2_CGA": -0.029265153098389982, "Pos_0:Pos_2_TG": 0.0, "Pos_0:Pos_1:Pos_2_AGG": 0.0, "Pos_1:Pos_2:Pos_3_GCG": 0.0, "Pos_0:Pos_2:Pos_3_TTA": 0.0, "GtoT": 0.18373475614748794, "Pos_0:Pos_1:Pos_2_CAC": 0.0, "Pos_0:Pos_1:Pos_2_GGA": 0.0, "Pos_0:Pos_1:Pos_3_GCC": 0.008911492436641993, "Pos_1:Pos_2:Pos_3_CAC": 0.0, "Pos_0:Pos_2_CC": 0.0, "Pos_0:Pos_2:Pos_3_AGC": 0.02670823101946251, "Pos_0:Pos_2:Pos_3_CCC": 0.0, "Pos_1:Pos_2_TT": 0.05040307138968442, "Pos_1_C": -0.03943190519608909, "Pos_0:Pos_3_GG": 0.0, "Pos_0:Pos_1:Pos_2_TCA": -0.05146949724056677, "Pos_0:Pos_1:Pos_3_TGA": 0.0, "Pos_0:Pos_1:Pos_2_CGG": 0.0, "Pos_0:Pos_1:Pos_2_AAC": 0.08673138438565037, "Pos_0:Pos_1:Pos_3_CTA": 0.04847896059129148, "Pos_1_A": 0.0072780641929725606, "Pos_0:Pos_1:Pos_2_TGG": 0.0, "Pos_0:Pos_3_AA": 0.0, "Pos_0:Pos_2:Pos_3_CCA": 0.0, "Pos_0:Pos_1:Pos_3_TTA": 0.0, "Pos_0:Pos_2:Pos_3_TGG": 0.0, "Pos_0:Pos_2:Pos_3_GGA": -0.004651555845947952, "Pos_1:Pos_3_TC": 0.0, "Pos_1:Pos_2:Pos_3_CAA": 0.0, "AtoT": 0.898444392580559, "Pos_0:Pos_1:Pos_2_TTG": 0.0, "TtoC": 0.16237289284575043, "Pos_0:Pos_1_AC": -0.13082835108316318, "Pos_0:Pos_2:Pos_3_GCG": 0.0, "Pos_0:Pos_1:Pos_2_CAG": 0.0, "Pos_1:Pos_2:Pos_3_GTA": 0.0, "Pos_0:Pos_1:Pos_3_TAA": 0.0, "Pos_0:Pos_1_TG": 0.06345530318346591, "Pos_0:Pos_1:Pos_3_ATT": 0.0, "Pos_0:Pos_1_AT": 0.0, "Pos_0:Pos_2:Pos_3_AAG": 0.0, "Pos_1:Pos_2_AA": 0.0030221531267375337, "Pos_0:Pos_2:Pos_3_CCG": 0.019701979588608493, "CtoA": 0.0, "Pos_1:Pos_2:Pos_3_TGT": 0.0, "Pos_1:Pos_2:Pos_3_CGT": 0.0, "Pos_0:Pos_1:Pos_3_TCG": 0.0, "Pos_0:Pos_1:Pos_3_GAG": 0.0, "Pos_1:Pos_2:Pos_3_CCT": -0.05879685794791758, "Pos_0:Pos_1:Pos_3_AAT": 0.12215684156415918, "Pos_1:Pos_2:Pos_3_AAA": 0.0, "Pos_0:Pos_1_GC": 0.0, "Pos_0:Pos_1:Pos_2_TGT": 0.0, "Pos_0:Pos_1:Pos_3_ATG": 0.0014764556913498524, "Pos_0:Pos_1:Pos_3_GAC": -0.019071398217923856, "Pos_1:Pos_2:Pos_3_AGC": 0.0, "Pos_1:Pos_2:Pos_3_ACC": 0.0, "Pos_0:Pos_2_CA": -0.1087615802393682, "Pos_1:Pos_2_GG": 0.0, "Pos_1:Pos_2:Pos_3_TCC": 0.09639593108279557, "Pos_0:Pos_2:Pos_3_GTG": 0.0, "Pos_0:Pos_2:Pos_3_CAT": -0.0836923354489137, "Pos_1:Pos_2:Pos_3_GGA": -0.016095184074266286, "Pos_0:Pos_2:Pos_3_CGC": 0.0, "Pos_0:Pos_2_GT": 0.0, "Pos_1:Pos_3_CT": -0.042352000252350835, "Pos_0:Pos_1_GG": 0.0, "Pos_0:Pos_1:Pos_3_AGT": 0.0, "Pos_1:Pos_2:Pos_3_ATG": 0.0, "Pos_0:Pos_1:Pos_3_TGT": 0.006181950007858293, "Pos_0:Pos_1:Pos_3_GTT": 0.0, "Pos_0:Pos_1:Pos_3_TGC": 0.01155644334062982, "Pos_0:Pos_1:Pos_3_TAC": 0.0, "Pos_1:Pos_2_GA": 0.0, "TtoG": 0.12146231265805024, "Pos_0:Pos_1_AA": 0.0, "Pos_0:Pos_1:Pos_3_GGT": 0.0, "Pos_1:Pos_2:Pos_3_CGG": 0.0, "Pos_0:Pos_1:Pos_3_CGG": 0.0, "Pos_1:Pos_2:Pos_3_GCT": 0.0, "Pos_1:Pos_2:Pos_3_GTC": 0.1757798584813284, "Pos_0:Pos_2:Pos_3_CGA": 0.0, "Pos_0:Pos_1:Pos_3_CTC": 0.0, "Pos_1:Pos_2:Pos_3_GAC": 0.0, "Pos_0:Pos_1_GA": 0.0, "Pos_0:Pos_1:Pos_2_CTA": 0.0, "Pos_0:Pos_1:Pos_3_GTC": 0.03242820903887679, "Pos_0:Pos_1:Pos_3_CCT": 0.11400472151498481, "Pos_0:Pos_1:Pos_3_GTA": 0.0, "Pos_2:Pos_3_GT": 0.0, "Pos_1:Pos_2:Pos_3_TAA": 0.0, "Pos_0:Pos_1:Pos_3_TCC": 0.0, "Pos_2:Pos_3_CG": -0.03212279918406645, "Pos_1:Pos_2:Pos_3_CCG": 0.0, "Pos_0:Pos_3_CC": 0.0, "Pos_1:Pos_3_AC": 0.0, "Pos_0:Pos_2_AA": 0.028270117163006165, "Pos_0:Pos_2_TA": 0.0, "Pos_0:Pos_3_GA": 0.0, "Pos_0:Pos_2_TT": 0.0, "Pos_0:Pos_1:Pos_2_TCC": 0.0, "Pos_0:Pos_1:Pos_3_TTC": 0.17572826980391512, "Pos_0:Pos_1:Pos_3_AAG": 0.0, "Pos_0:Pos_2:Pos_3_TTG": 0.0, "Pos_0:Pos_2:Pos_3_AGG": 0.0, "Pos_0:Pos_1:Pos_3_TAG": 0.16551794035431586, "Pos_2:Pos_3_GG": 0.0, "Pos_0:Pos_3_AG": 0.0, "Pos_1:Pos_2:Pos_3_TGC": 0.0, "Pos_0:Pos_2:Pos_3_CAC": 0.0, "Pos_0:Pos_1:Pos_3_CAC": 0.0, "Pos_1:Pos_2:Pos_3_GGC": 0.0, "Pos_0:Pos_1:Pos_2_GAT": 0.0, "Pos_1:Pos_2_TC": 0.0, "Pos_0:Pos_1:Pos_3_CAT": 0.0, "Pos_0:Pos_1:Pos_3_CTG": 0.0, "Pos_0:Pos_1:Pos_3_TTG": -0.00903016566208632, "Pos_0:Pos_2:Pos_3_GGC": -0.0030456372014746507, "Pos_0:Pos_2:Pos_3_GTT": -0.03731696698171155, "Pos_0:Pos_2:Pos_3_AAC": 0.08935346387940145, "Pos_1:Pos_2:Pos_3_GAT": 0.0, "Pos_0:Pos_2:Pos_3_GCT": 0.0, "Pos_0:Pos_1:Pos_3_AAC": 0.0, "Pos_0:Pos_1:Pos_3_GGC": 0.0, "Pos_1:Pos_3_TG": 0.0, "Pos_1:Pos_2_GT": 0.0, "Pos_1:Pos_2:Pos_3_TAC": 0.0, "Pos_3_A": 0.0, "Pos_0:Pos_1:Pos_3_CAG": 0.0, "Pos_0:Pos_1:Pos_2_CTG": 0.028393970773857285, "Pos_0:Pos_1:Pos_2_CCT": 0.0, "Pos_0:Pos_1:Pos_2_TCT": 0.0, "Pos_0:Pos_2:Pos_3_CTC": 0.0, "Pos_0:Pos_2:Pos_3_ACA": 0.0, "Pos_0:Pos_3_GT": -0.0015746380718460167, "AtoG": 0.16206545875278916, "Pos_2_T": 0.10337657408033288, "Pos_0:Pos_1:Pos_2_GCT": 0.0, "Pos_0:Pos_2_GA": 0.0, "Pos_0:Pos_3_TT": 0.11984156371752813, "Pos_0:Pos_1:Pos_2_ATA": 0.0, "Pos_0:Pos_1:Pos_2_AGA": 0.008949834870806962, "CtoG": -1.8910281322430724, "Pos_1:Pos_3_AG": 0.0, "Pos_1:Pos_2:Pos_3_CGC": 0.0, "Pos_0:Pos_1:Pos_2_AAA": 0.0, "Pos_3_C": 0.0, "Pos_0:Pos_1:Pos_2_GTC": 0.0, "Pos_0:Pos_2:Pos_3_CGG": 0.0, "Pos_1:Pos_2:Pos_3_GGG": 0.0, "Pos_1:Pos_2:Pos_3_CTG": 0.0, "Pos_0:Pos_1:Pos_2_CCG": 0.0, "Pos_1:Pos_2:Pos_3_TTT": 0.07091248694526474,