{"best_c_choice": 0.1, "param_penalty": {"1": "l1", "3": "l1", "0": "l1", "2": "l1"}, "param_C": {"1": 1.0, "3": 100.0, "0": 0.1, "2": 10.0}, "params": {"1": {"penalty": "l1", "C": 1.0}, "3": {"penalty": "l1", "C": 100.0}, "0": {"penalty": "l1", "C": 0.1}, "2": {"penalty": "l1", "C": 10.0}}, "rank_test_score": {"1": 2, "3": 4, "0": 1, "2": 3}, "split0_test_score": {"1": 0.7730149309, "3": 0.7720516338, "0": 0.7769454555, "2": 0.7721390495}}