{"rank_test_score": {"1": 2, "0": 1, "2": 3, "4": 5, "3": 4}, "params": {"1": {"alpha": 0.1}, "0": {"alpha": 0.01}, "2": {"alpha": 1.0}, "4": {"alpha": 3.0}, "3": {"alpha": 2.0}}, "best_a_choice": 0.01, "split0_test_score": {"1": 0.6827777055, "0": 0.6842188454, "2": 0.6814208594, "4": 0.6809916008, "3": 0.6811146666}, "param_alpha": {"1": 0.1, "0": 0.01, "2": 1.0, "4": 3.0, "3": 2.0}}