{"split0_test_score": {"0": 0.7076312352, "3": 0.7018015006, "2": 0.702476326, "4": 0.7013854138, "1": 0.7056019424}, "params": {"0": {"alpha": 0.01}, "3": {"alpha": 2.0}, "2": {"alpha": 1.0}, "4": {"alpha": 3.0}, "1": {"alpha": 0.1}}, "rank_test_score": {"0": 1, "3": 4, "2": 3, "4": 5, "1": 2}, "param_alpha": {"0": 0.01, "3": 2.0, "2": 1.0, "4": 3.0, "1": 0.1}, "best_a_choice": 0.01}