{"Pos_2:Pos_3_GC": 0.0, "Pos_0:Pos_1:Pos_3_TGT": 0.0, "Pos_1_G": 0.11635162053018837, "Pos_0:Pos_1:Pos_3_AGC": 0.0, "Pos_0:Pos_2:Pos_3_TGG": 0.04162700350168301, "Pos_0:Pos_1:Pos_2_CTA": -0.03762332892104642, "Pos_1:Pos_3_TA": 0.0, "Pos_0:Pos_3_TG": 0.0, "Pos_1:Pos_3_AA": 0.0, "Pos_2:Pos_3_TC": 0.0234896103857299, "Pos_2:Pos_3_AC": 0.0, "Pos_2:Pos_3_CC": 0.0, "Pos_0:Pos_1:Pos_2_AAT": 0.0, "Pos_1:Pos_2:Pos_3_GCT": 0.007866785674588114, "Pos_1:Pos_3_AG": 0.0, "Pos_0:Pos_1_GA": 0.0, "Pos_0:Pos_1:Pos_2_AAG": 0.0, "Pos_0:Pos_1:Pos_2_TAG": -0.04436101677510432, "Pos_0:Pos_1:Pos_2_CTG": 0.005003772743647584, "Pos_0:Pos_2:Pos_3_GTC": 0.011948886310726445, "Pos_0:Pos_2:Pos_3_ACA": 0.013184763084590783, "Pos_1:Pos_2:Pos_3_ATG": 0.0, "Pos_0:Pos_1:Pos_3_GCC": 0.0, "Pos_3_G": 0.0, "Pos_0:Pos_1:Pos_3_TCA": 0.0, "Pos_0:Pos_1:Pos_2_CAT": 0.0, "Pos_0:Pos_2_TG": 0.0, "Pos_2_T": 0.0, "Pos_3_A": 0.0, "Pos_0:Pos_1:Pos_2_TTT": 0.038448647566180036, "Pos_0:Pos_1:Pos_2_CTT": 0.0, "Pos_1:Pos_2:Pos_3_CAT": -0.032695519764583895, "Pos_0:Pos_1_TA": 0.0, "Pos_0:Pos_1:Pos_2_CGA": -0.04964617131515428, "Pos_0:Pos_1:Pos_2_TTG": 0.0, "Pos_0:Pos_2_TA": 0.0, "Pos_0:Pos_2:Pos_3_GTT": 0.0, "AtoT": 0.4477471188655534, "Pos_3_C": 0.0, "Pos_0:Pos_1:Pos_2_GTA": 0.0, "Pos_0:Pos_1:Pos_3_CTT": 0.0030496886388330906, "Pos_0:Pos_2_AT": 0.0, "Pos_0:Pos_1:Pos_3_CAG": 0.0, "Pos_0:Pos_1:Pos_3_CTA": 0.004542217839427106, "Pos_1:Pos_2:Pos_3_TAC": 0.0, "Pos_0:Pos_1:Pos_2_TGA": 0.0, "Pos_0:Pos_2_GA": 0.0, "Pos_0:Pos_1:Pos_3_AGA": 0.010439269319607078, "Pos_0:Pos_1:Pos_2_GGA": 0.008970063299433595, "Pos_0:Pos_2:Pos_3_AAT": 0.0, "Pos_0:Pos_1:Pos_2_AGG": 0.0, "Pos_0:Pos_1:Pos_3_ATG": 0.0, "Pos_0:Pos_2:Pos_3_CAT": -0.007277969866854536, "Pos_1:Pos_3_TG": 0.0, "Pos_0:Pos_2:Pos_3_CGT": 0.008823855461981708, "Pos_2_C": 0.0, "Pos_1:Pos_2:Pos_3_GAC": -0.023803296570311626, "Pos_0:Pos_1:Pos_3_CTC": -0.0009793345162343009, "Pos_0:Pos_1:Pos_2_TCT": 0.0022494489613027477, "Pos_0:Pos_2_TT": 0.0, "Pos_1:Pos_3_GT": 0.03613706518123595, "Pos_1:Pos_3_TC": 0.0, "Pos_1:Pos_2:Pos_3_GTG": 0.0, "Pos_1:Pos_2:Pos_3_AGC": -0.006222454905847358, "Pos_0:Pos_2_CA": 0.0, "Pos_1:Pos_2_TA": -0.0843243452858004, "Pos_1:Pos_2_GA": 0.0, "Pos_0:Pos_3_CC": 0.0, "Pos_0:Pos_1:Pos_2_ACT": 0.0, "Pos_1:Pos_3_CT": -0.014314526835740344, "Pos_1:Pos_2:Pos_3_CCA": 0.011287025775037433, "Pos_1:Pos_2_AT": 0.0, "Pos_1:Pos_2:Pos_3_ATC": 0.0, "Pos_0:Pos_1:Pos_2_ACG": -0.03820475615937248, "Pos_1:Pos_2:Pos_3_TCG": -0.0818210103399768, "Pos_0:Pos_1:Pos_3_GCA": 0.04686025327389065, "Pos_1:Pos_2:Pos_3_TCC": 0.0, "Pos_2:Pos_3_CG": 0.0, "Pos_0:Pos_2_CG": 0.0, "Pos_0:Pos_1:Pos_3_AGG": 0.05367056262714725, "TtoG": 0.009662214999707075, "Pos_0:Pos_2:Pos_3_AGT": 0.0, "Pos_1:Pos_2:Pos_3_CAC": 0.0, "Pos_0:Pos_1:Pos_3_TCC": 0.0, "Pos_0:Pos_1_AT": 0.0, "Pos_0:Pos_1:Pos_2_GAG": 0.0, "Pos_0:Pos_2:Pos_3_CGC": 0.0, "Pos_1:Pos_2:Pos_3_AAC": 0.0, "Pos_1:Pos_2:Pos_3_GGC": 0.003394328801359352, "Pos_0:Pos_1:Pos_2_GAC": 0.0, "Pos_0:Pos_2:Pos_3_CTT": 0.0, "Pos_0:Pos_2_CT": 0.0, "Pos_0:Pos_1:Pos_3_GTA": -0.012643996791828737, "Pos_0:Pos_1:Pos_3_ACA": 0.0, "Pos_0:Pos_3_CA": 0.0, "Pos_0:Pos_1:Pos_2_TGG": 0.004247859189004131, "Pos_0:Pos_1_AC": 0.0, "Pos_0:Pos_2:Pos_3_TCC": 0.0, "Pos_1:Pos_2:Pos_3_TGA": 0.0, "Pos_1:Pos_2_AC": 0.0, "Pos_0:Pos_2:Pos_3_CCG": 0.04739217587082883, "TtoA": 0.419319846554447, "Pos_1:Pos_2:Pos_3_ACC": 0.011617054530559216, "Pos_0:Pos_1:Pos_2_CGT": 0.0, "Pos_0:Pos_1:Pos_2_ATC": 0.0, "Pos_0:Pos_2_GT": 0.0, "Pos_0:Pos_1:Pos_2_CGG": -0.020402620468669135, "AtoG": 0.0, "Pos_0:Pos_1:Pos_3_TGC": 0.004768866079414301, "Pos_1:Pos_2:Pos_3_ATA": -0.025259888345115743, "Pos_0:Pos_1:Pos_3_TTC": 0.02884287821003759, "GtoT": 0.023392910962605637, "Pos_2:Pos_3_AT": 0.0, "Pos_0:Pos_2:Pos_3_AAA": 0.0, "Pos_0:Pos_1:Pos_3_TAG": 0.02512789519685531, "Pos_1:Pos_2:Pos_3_GAA": 0.013095909380260732, "Pos_1:Pos_2:Pos_3_AAA": 0.0004701031417097942, "Pos_0:Pos_2:Pos_3_AGC": 0.0, "Pos_1:Pos_2:Pos_3_TGT": -0.044478529895631454, "Pos_1:Pos_2:Pos_3_GCG": 0.008513837563617899, "Pos_1_T": 0.0, "Pos_0:Pos_1:Pos_2_CAG": 0.0, "Pos_0:Pos_2:Pos_3_TAA": 0.0, "Pos_0:Pos_1:Pos_2_TTC": 0.0, "CtoA": -0.03610280600761281, "Pos_0:Pos_2:Pos_3_GAT": 0.0, "Pos_0:Pos_3_GG": 0.0, "Pos_0:Pos_1:Pos_2_GTC": 0.008250743456049925, "Pos_0:Pos_1:Pos_3_CCT": 0.0, "Pos_0:Pos_3_AT": 0.0, "Pos_0:Pos_1:Pos_3_TTT": 0.0, "Pos_0:Pos_1_CT": 0.0, "Pos_1:Pos_2:Pos_3_TGG": 0.016053469205216886, "Pos_0:Pos_1:Pos_2_GGC": 0.0, "Pos_1:Pos_2:Pos_3_GAT": 0.0007383220192880261, "Pos_0:Pos_2:Pos_3_TAC": -0.008134258513800355, "Pos_0:Pos_2:Pos_3_CAC": -0.021514199421118818, "Pos_0:Pos_1:Pos_2_TCG": -0.026754901990951093, "Pos_0:Pos_1:Pos_2_TCC": 0.0, "Pos_0:Pos_3_AC": 0.0, "Pos_2:Pos_3_AA": 0.0, "Pos_1:Pos_2:Pos_3_TTT": 0.0, "Pos_0_C": 0.0, "Pos_1:Pos_2:Pos_3_GTA": 0.0, "Pos_1:Pos_2:Pos_3_ATT": 0.0, "Pos_0:Pos_1:Pos_3_ATA": 0.0013449875739891379, "Pos_0:Pos_1:Pos_2_GCC": 0.0, "Pos_0:Pos_1:Pos_3_CGG": -0.007749609075132222, "Pos_1:Pos_3_GG": 0.0, "Pos_0:Pos_1:Pos_2_CCA": 0.0, "Pos_1:Pos_2:Pos_3_TTC": 0.017294141902753014, "Pos_1:Pos_2:Pos_3_GGT": 0.0, "Pos_0:Pos_2:Pos_3_CTC": 0.0, "Pos_0:Pos_1:Pos_3_AAG": -0.0434323248595781, "Pos_1:Pos_2:Pos_3_CCT": -0.01979439708301078, "Pos_0:Pos_3_GA": 0.0, "Pos_0:Pos_2:Pos_3_CAG": 0.0, "Pos_0:Pos_2:Pos_3_GGC": -0.0038696936546439085, "Pos_0:Pos_1_GG": 0.0, "Pos_0:Pos_2:Pos_3_TTA": 0.002346112058537454, "CtoT": -0.42148265846900723, "Pos_0:Pos_2:Pos_3_GCC": 0.0, "Pos_1:Pos_2:Pos_3_ACT": 0.007441823733171254, "Pos_1:Pos_2_GG": 0.0, "Pos_0:Pos_2_AA": 0.0, "Pos_0:Pos_2:Pos_3_GAC": 0.002146233012938662, "Pos_0:Pos_1:Pos_3_CGC": 0.0, "GC_feature": -0.09923077013816112, "Pos_0:Pos_1:Pos_2_ACC": 0.0, "Pos_0:Pos_3_TC": 0.0, "Pos_0:Pos_1:Pos_3_AGT": 0.0, "Pos_1:Pos_2:Pos_3_GCC": 0.0, "Pos_1:Pos_2_CT": 0.0, "Pos_1:Pos_2:Pos_3_GGA": -0.011952412723403562, "Pos_0:Pos_1:Pos_2_ATG": -0.021451652837713803, "Pos_0:Pos_1:Pos_3_GAG": -0.05453702629419072, "Pos_0:Pos_2_GC": 0.0, "Pos_2:Pos_3_TA": 0.0, "Pos_0:Pos_2:Pos_3_ATT": 0.049473889228750026, "Pos_0:Pos_1_CG": -0.05220142599035284, "Pos_0:Pos_1:Pos_3_GAC": 0.0, "Pos_1:Pos_2:Pos_3_AAT": -0.03274774558975568, "Pos_0:Pos_2:Pos_3_ATC": 0.0, "Pos_1:Pos_2:Pos_3_GAG": 0.0, "Pos_1:Pos_2:Pos_3_GTC": 0.039928089586450825, "Pos_0:Pos_1_CA": 0.00849280790756771, "Pos_1_C": -0.09658225460033125, "Pos_1:Pos_2:Pos_3_CCG": -0.02241417045361827, "Pos_1_A": 0.0, "Pos_1:Pos_2_CG": -0.03247349103545465, "Pos_1:Pos_2:Pos_3_TAA": -0.016104106516404662, "Pos_0:Pos_1:Pos_2_TGC": 0.0440121541609639, "Pos_0:Pos_1:Pos_3_TTG": 0.0, "Pos_0:Pos_1_TC": 0.0, "Pos_1:Pos_2:Pos_3_AGT": 0.0, "Pos_1:Pos_2:Pos_3_TAG": 0.0, "Pos_2:Pos_3_TT": 0.007834236817673033, "Pos_0:Pos_1_GC": -0.03405647196508039, "Pos_0:Pos_2:Pos_3_GTG": -0.023786463928638236, "Pos_0:Pos_1:Pos_3_CCC": -0.025803325118826863, "Pos_1:Pos_2_GC": 0.05551713822517858, "Pos_0:Pos_3_TT": 0.01638616506601217, "Pos_2:Pos_3_GT": 0.0, "Pos_0:Pos_1:Pos_3_ACT": -0.0016890941214490294, "Pos_0:Pos_2:Pos_3_CTA": 0.003930774804022508, "Pos_0:Pos_1:Pos_3_GTT": -0.018308592480847704, "Pos_2:Pos_3_GG": 0.0, "Pos_0:Pos_1:Pos_3_ACG": -0.023682007329119178, "Pos_2:Pos_3_TG": 0.0, "Pos_1:Pos_2_CA": -0.021913422857899982, "Pos_0:Pos_1:Pos_2_GAT": -0.01684752101821333, "Pos_1:Pos_2_AG": 0.0, "Pos_0:Pos_1:Pos_2_CCT": -0.0061663300055283575, "Pos_0_G": 0.0, "Pos_0:Pos_1:Pos_3_TGA": 0.0124613364305573, "AtoC": -0.09396379558015985, "Pos_0:Pos_3_GT": 0.0, "Pos_1:Pos_2_CC": 0.0, "Pos_1:Pos_3_AT": 0.0, "Pos_0:Pos_2:Pos_3_CGG": 0.0, "Pos_0:Pos_2:Pos_3_TCT": 0.009691396366620492, "Pos_0:Pos_2_CC": 0.0, "Pos_0:Pos_2:Pos_3_TCG": -0.008472821205022756, "Pos_0:Pos_1:Pos_2_CCG": 0.014268015303024049, "Pos_2:Pos_3_AG": 0.047352949888593385, "Pos_0:Pos_1_TT": 0.0, "Pos_0:Pos_1:Pos_3_CAC": 0.015529256839273389, "Pos_0:Pos_2:Pos_3_TCA": 0.0, "Pos_0:Pos_1:Pos_2_AGC": 0.04663853599407867, "Pos_0:Pos_1_TG": 0.02222380145693357, "Pos_1:Pos_3_AC": 0.0, "Pos_0:Pos_3_GC": 0.0, "Pos_0:Pos_2:Pos_3_ACG": -0.0324654434034448, "Pos_0:Pos_1:Pos_2_CGC": 0.0,