{"param_alpha": {"2": 1.0, "1": 0.1, "3": 2.0, "4": 3.0, "0": 0.01}, "params": {"2": {"alpha": 1.0}, "1": {"alpha": 0.1}, "3": {"alpha": 2.0}, "4": {"alpha": 3.0}, "0": {"alpha": 0.01}}, "split0_test_score": {"2": 0.6630383368, "1": 0.6477417509, "3": 0.6677894335, "4": 0.6706027084, "0": 0.6349704368}, "best_a_choice": 3.0, "rank_test_score": {"2": 3, "1": 4, "3": 2, "4": 1, "0": 5}}