{"rank_test_score": {"0": 1, "3": 4, "2": 3, "1": 2, "4": 5}, "param_alpha": {"0": 0.01, "3": 2.0, "2": 1.0, "1": 0.1, "4": 3.0}, "params": {"0": {"alpha": 0.01}, "3": {"alpha": 2.0}, "2": {"alpha": 1.0}, "1": {"alpha": 0.1}, "4": {"alpha": 3.0}}, "split0_test_score": {"0": 0.7137681159, "3": 0.6946483468, "2": 0.6974245561, "1": 0.707698099, "4": 0.6936445197}, "best_a_choice": 0.01}