{"GtoT": 0.0, "Pos_1:Pos_2_CT": 0.0, "Pos_0:Pos_3_AT": 0.04886750535992324, "Pos_0:Pos_1_TT": 0.12110643918678976, "Pos_2:Pos_3_AC": 0.0, "Pos_1:Pos_2_GA": 0.0, "Pos_0:Pos_2_CT": 0.0, "Pos_2:Pos_3_CC": 0.0, "Pos_0:Pos_1_AA": 0.0, "Pos_1:Pos_3_AT": 0.15449306426841863, "Pos_1_C": 0.0, "Pos_0_T": 0.0, "Pos_0:Pos_3_CC": -0.14474817549461694, "Pos_2_G": -0.09875193897089186, "AtoC": 0.0, "Pos_1:Pos_2_GG": 0.0, "CtoG": -0.26671070194134816, "Pos_0:Pos_3_CT": 0.0, "Pos_2:Pos_3_TA": 0.0, "Pos_3_A": 0.0, "Pos_2:Pos_3_CG": -0.12561940706685845, "Pos_1_T": 0.0, "Pos_1:Pos_3_CG": 0.0, "AtoG": 0.033774916059564876, "Pos_0:Pos_2_CA": 0.0, "Pos_1:Pos_3_CA": 0.0, "Pos_0:Pos_2_CG": 0.0, "Pos_2:Pos_3_AT": 0.0, "TtoC": 0.11528214633375977, "Pos_0:Pos_2_GT": -0.03534373196750146, "Pos_1:Pos_2_CG": 0.0, "Pos_0:Pos_1_GG": 0.0, "Pos_1:Pos_2_TC": 0.04429869015064376, "Pos_1:Pos_2_CC": -0.011073481606852984, "Pos_0:Pos_3_CA": -0.03198252796885285, "Pos_1:Pos_3_TT": 0.0, "Pos_0:Pos_3_TG": 0.0, "Pos_1:Pos_2_TA": 0.0, "Pos_2:Pos_3_GC": -0.021351666504385015, "Pos_1:Pos_3_AG": 0.0, "Pos_0:Pos_1_TA": 0.0, "Pos_1:Pos_3_AA": 0.0, "Pos_2:Pos_3_AG": 0.0024092935248544727, "Pos_0_C": 0.0, "Pos_0:Pos_1_AC": -0.02707183267199516, "Pos_0:Pos_2_GA": 0.01898320818486022, "Pos_0:Pos_2_TC": 0.0, "Pos_2_A": 0.0, "Pos_0:Pos_1_CG": 0.0, "Pos_0:Pos_3_AG": 0.0, "GtoA": -0.3876105553660765, "Pos_3_T": 0.0, "CtoA": -0.010911137382636134, "Pos_1:Pos_3_CT": 0.0, "Pos_2:Pos_3_TG": -0.019170050738039034, "Pos_2:Pos_3_TC": 0.0, "Pos_0:Pos_1_CA": 0.0, "Pos_0:Pos_1_GC": 0.0, "Pos_0:Pos_3_GA": 0.12921002967306888, "Pos_0:Pos_3_TC": 0.0059650376842699405, "Pos_0:Pos_3_GG": -0.03957428997700624, "Pos_1:Pos_2_AT": -0.10551068374707773, "CtoT": -0.46972955819537876, "Pos_2:Pos_3_GT": -0.12932118650320332, "Pos_0:Pos_2_AT": 0.0, "TtoA": 0.36514221996515633, "Pos_0:Pos_1_CT": 0.0, "Pos_0:Pos_3_CG": 0.0, "Pos_1:Pos_2_GT": 0.016753072037217938, "Pos_1:Pos_3_GC": 0.040373239382427414, "Pos_1_A": 0.0, "Pos_1:Pos_2_AC": 0.10829704902147841, "Pos_0:Pos_2_AG": 0.0, "Pos_0:Pos_3_AC": -0.005783349102301228, "Pos_0:Pos_1_AT": 0.0, "Pos_0:Pos_2_TT": -0.006120269260224157, "Pos_0:Pos_1_TG": 0.042343151801840416, "Pos_0:Pos_1_GT": -0.014247493323314148, "Pos_1_G": 0.21651048293967923, "Pos_2:Pos_3_CA": 0.0, "Pos_1:Pos_3_TG": 0.0, "Pos_2:Pos_3_TT": 0.0, "Pos_1:Pos_3_CC": -0.043007262260192775, "Pos_0:Pos_2_AA": -0.09773811285532288, "Pos_1:Pos_2_AG": 0.0, "TtoG": 0.0, "Pos_0:Pos_1_TC": 0.0, "Pos_0:Pos_3_AA": 0.0, "Pos_0:Pos_3_TT": 0.00648148185684725, "Pos_3_G": 0.0, "Pos_0:Pos_3_GC": 0.0, "Pos_1:Pos_2_TG": 0.0, "AtoT": 0.415697337179203, "Pos_1:Pos_2_GC": 0.0, "Pos_0:Pos_2_AC": 0.0, "Pos_1:Pos_2_AA": 0.14409830939460266, "Pos_1:Pos_3_TC": 0.0, "Pos_1:Pos_2_CA": 0.06296979688955431, "GtoC": -0.2561546972358531, "Pos_1:Pos_3_GA": -0.034708021363482805, "Pos_0:Pos_3_GT": -0.006122675608304325, "Pos_0:Pos_2_GG": -0.06412601283048625, "GC_feature": 0.0, "Pos_0:Pos_2_GC": 0.043284851287875105, "Pos_2:Pos_3_GA": 0.0, "Pos_1:Pos_3_GT": 0.0, "Pos_1:Pos_3_AC": 0.0, "Pos_2_C": 0.0342037972762444, "Pos_1:Pos_3_TA": -0.019050581578280764, "Pos_0:Pos_3_TA": -0.07010752749084805, "Pos_2_T": 0.0, "Pos_0:Pos_1_GA": 0.0, "Pos_3_C": 0.0, "Pos_0:Pos_2_TA": 0.0, "Pos_0:Pos_2_CC": 0.0, "Pos_0:Pos_1_AG": 0.0, "Pos_2:Pos_3_GG": 0.0, "Pos_0_G": 0.0, "Pos_2:Pos_3_AA": -0.17625718632578005, "Pos_1:Pos_2_TT": -0.012737951385184052, "Pos_0_A": 0.0, "Pos_0:Pos_2_TG": 0.0, "Pos_0:Pos_1_CC": 0.0, "Pos_1:Pos_3_GG": 0.0, "Pos_2:Pos_3_CT": 0.0}