{"best_a_choice": 3.0, "params": {"4": {"alpha": 3.0}, "0": {"alpha": 0.01}, "2": {"alpha": 1.0}, "1": {"alpha": 0.1}, "3": {"alpha": 2.0}}, "param_alpha": {"4": 3.0, "0": 0.01, "2": 1.0, "1": 0.1, "3": 2.0}, "split0_test_score": {"4": 0.6522468053, "0": 0.6334426855, "2": 0.6475586496, "1": 0.6413465573, "3": 0.650400534}, "rank_test_score": {"4": 1, "0": 5, "2": 3, "1": 4, "3": 2}}