{"AtoT": 0.3882170598009767, "GtoT": -0.02290223015844818, "TtoA": 0.4199650600917751, "GC_feature": -0.1390179008296937, "CtoG": -1.279846856880139, "TtoG": 0.0680291517436528, "TtoC": 0.20726608679640818, "AtoC": -0.13512104741391448, "GtoA": -0.5271478405404513, "GtoC": -0.9766541375269568, "CtoA": 0.04026292114719957, "CtoT": -0.42692208542312177, "AtoG": 0.08246967209695019}