{"rank_test_score": {"3": 1, "1": 4, "0": 3, "2": 2}, "param_C": {"3": 100.0, "1": 1.0, "0": 0.1, "2": 10.0}, "params": {"3": {"penalty": "l1", "C": 100.0}, "1": {"penalty": "l1", "C": 1.0}, "0": {"penalty": "l1", "C": 0.1}, "2": {"penalty": "l1", "C": 10.0}}, "best_c_choice": 100.0, "param_penalty": {"3": "l1", "1": "l1", "0": "l1", "2": "l1"}, "split0_test_score": {"3": 0.7713077985, "1": 0.7702647594, "0": 0.7710882113, "2": 0.7712764289}}