{"Pos_0:Pos_4_AC": 0.029842508296919718, "Pos_1:Pos_2_TT": 0.05005011052880571, "Pos_2:Pos_5_CT": -0.06290508126054785, "Pos_4:Pos_5_AG": -0.0464903276716488, "Pos_0:Pos_4_GC": 0.0, "Pos_0:Pos_5_GG": 0.0, "Pos_0:Pos_1_GC": -0.003747766899294837, "Pos_0:Pos_1_GT": 0.04618616549955528, "Pos_0:Pos_3_TC": 0.028553692876928553, "Pos_0:Pos_1_AA": 0.03682576788030874, "Pos_0:Pos_4_CA": 0.0, "Pos_2:Pos_4_GC": 0.04050632327569491, "Pos_1:Pos_5_AC": -0.010478125659426917, "Pos_0:Pos_3_CT": 0.0, "Pos_0:Pos_5_TT": 0.0, "GtoA": -0.4334777875038361, "Pos_0:Pos_2_TG": 0.0, "Pos_1:Pos_4_TT": 0.0028491204660098406, "Pos_1:Pos_4_CT": 0.0, "Pos_3:Pos_4_GC": 0.0, "Pos_1:Pos_2_TC": -0.006177490061128024, "Pos_5_G": 0.0, "Pos_0:Pos_3_GA": -0.0007338567831287786, "Pos_3:Pos_4_TT": 0.03069776511800518, "Pos_5_C": 0.0, "Pos_2:Pos_5_TG": -0.020113417178574948, "Pos_2:Pos_3_CA": -0.02278882843804295, "Pos_3:Pos_5_TG": 0.01629524493769076, "Pos_0:Pos_3_GC": 0.0, "GtoC": -0.640532752711219, "Pos_2:Pos_5_AG": 0.0, "Pos_2:Pos_4_TG": -0.01789016168160397, "Pos_0:Pos_3_AC": 0.0, "Pos_3_T": 0.0, "Pos_2:Pos_5_GT": 0.0, "Pos_3:Pos_4_TA": 0.0, "Pos_3:Pos_4_CC": 0.0, "Pos_3:Pos_5_CA": 0.0, "Pos_2:Pos_4_TA": 0.0, "Pos_5_T": 0.0, "Pos_1:Pos_4_TG": 0.0, "Pos_0:Pos_4_GG": 0.0, "Pos_1:Pos_5_CT": 0.0, "AtoT": 0.38446266016293956, "Pos_1:Pos_3_GG": -0.012823427264311694, "Pos_3_G": 0.0, "Pos_0:Pos_5_AC": 0.03329156939057019, "Pos_2:Pos_3_GG": 0.0, "Pos_0:Pos_4_TC": -0.012140692799857931, "Pos_2:Pos_3_GC": 0.04993335757370688, "Pos_0:Pos_4_GT": -0.02779444835579815, "Pos_2_T": 0.0, "Pos_0:Pos_2_AT": 0.001997516820381663, "Pos_0:Pos_5_CA": 0.023490609677788175, "Pos_0:Pos_4_AT": 0.0, "Pos_0:Pos_4_AA": -0.0006570218268781005, "Pos_2_A": 0.0, "Pos_0:Pos_4_CT": 0.0, "Pos_0:Pos_3_AG": 0.0103852964189903, "Pos_0:Pos_5_TA": 0.0, "Pos_1:Pos_5_GA": 0.0, "Pos_3:Pos_4_AT": -0.07914021339414413, "Pos_0:Pos_1_TT": 0.06784987404947375, "Pos_1:Pos_3_GT": 0.0, "Pos_2:Pos_4_AA": -0.01980644154028968, "Pos_0:Pos_4_TA": 0.006384396220949923, "Pos_4:Pos_5_TG": -0.007323550584138844, "Pos_0_T": 0.03604093237088111, "Pos_1:Pos_4_AG": -0.037880375620928185, "Pos_1:Pos_3_GC": 0.0, "Pos_0:Pos_3_CC": 0.0, "Pos_2:Pos_4_TT": 0.0, "Pos_1:Pos_2_AT": 0.0, "Pos_0:Pos_2_GC": -0.018922622923363747, "Pos_0:Pos_4_TT": 0.0, "Pos_0:Pos_5_AG": -0.0254250227193339, "Pos_3:Pos_5_GA": 0.0, "Pos_1:Pos_2_TG": 0.051945435205417306, "Pos_0:Pos_3_TT": 0.0, "Pos_3:Pos_5_TA": 0.031704415123526036, "Pos_3:Pos_4_AC": -0.025649345280173375, "Pos_1:Pos_3_AG": 0.0, "Pos_1:Pos_5_GG": -0.016872077994684962, "Pos_1:Pos_2_GA": -0.011203989772950102, "Pos_0:Pos_2_CG": 0.0, "Pos_4:Pos_5_CA": 0.0, "Pos_1:Pos_3_AA": 0.0, "Pos_2:Pos_4_GG": 0.0, "Pos_1:Pos_5_TA": 0.0, "TtoC": 0.0, "Pos_1:Pos_4_GG": 0.009798425321639843, "Pos_4:Pos_5_CC": -0.016710745891777627, "Pos_0:Pos_4_TG": 0.011642764207735919, "Pos_2:Pos_3_TG": 0.0, "Pos_2:Pos_5_CG": 0.0, "Pos_1:Pos_5_GT": -0.04736977354442125, "Pos_0:Pos_1_TC": 0.05350478921037819, "Pos_2:Pos_5_TC": 0.01235232622716076, "Pos_2:Pos_5_AA": 0.016511611663954734, "Pos_0:Pos_2_CC": 0.0, "Pos_1:Pos_3_CT": -0.011932840176248311, "Pos_0:Pos_1_AC": 0.0, "Pos_0:Pos_1_AG": -0.024496682518790253, "Pos_1:Pos_2_CT": -0.0008237758140185148, "Pos_0:Pos_1_AT": 0.007736842440712714, "Pos_4_G": 0.0, "Pos_5_A": 0.0, "Pos_0:Pos_4_CG": 0.016541183250837015, "Pos_1:Pos_4_CC": -0.0361434884753227, "Pos_3:Pos_5_CT": 0.0791568479844194, "Pos_3:Pos_4_TG": -0.00436335926126219, "Pos_1:Pos_5_TC": 0.0, "Pos_1:Pos_4_GC": -0.01863542627942161, "Pos_0:Pos_5_TG": 0.018335241945636297, "Pos_1_C": 0.0, "Pos_0:Pos_2_AC": -0.024534666322352187, "Pos_3:Pos_5_GC": -0.037047412535648375, "Pos_2:Pos_3_AG": -0.007054386718025855, "Pos_4:Pos_5_AT": -0.03587867920186395, "Pos_0:Pos_3_AT": 0.0, "Pos_3:Pos_5_GT": 0.01150919560587432, "Pos_0:Pos_5_CG": -0.009376106888101752, "Pos_1:Pos_5_CG": -0.029087142272652647, "Pos_1:Pos_5_TG": 0.011608903173879203, "Pos_0:Pos_5_GC": 0.0, "Pos_2:Pos_3_AA": 0.04621073050375175, "AtoC": -0.0956903299690418, "Pos_4:Pos_5_AC": 0.0, "Pos_1:Pos_3_AC": 0.0, "Pos_2_C": 0.0, "Pos_4_A": 0.0, "Pos_1_G": 0.0, "Pos_0:Pos_3_AA": 0.0, "Pos_0:Pos_5_TC": 0.0, "Pos_0:Pos_5_CC": -0.00810350880723899, "GtoT": 0.020715409494184094, "Pos_3:Pos_5_AG": 0.0, "Pos_2:Pos_3_TT": 0.0, "Pos_1:Pos_3_CA": -0.038549958583980685, "Pos_1:Pos_2_GC": 0.0, "Pos_1:Pos_4_CA": 0.0, "Pos_2:Pos_5_CC": -0.07294742409813772, "Pos_1_T": 0.011432731151491397, "Pos_1:Pos_5_AA": 0.0029904737652942594, "Pos_1:Pos_5_TT": 0.0, "Pos_2:Pos_4_CT": -0.06689093080030611, "Pos_1:Pos_2_CA": 0.01257874371854705, "Pos_1:Pos_3_TG": -0.017025256478356794, "Pos_3:Pos_5_TT": -0.0039674224303463965, "Pos_2:Pos_3_AT": -0.04714311714856327, "Pos_1:Pos_2_AG": 0.019912673820405527, "Pos_0:Pos_5_CT": 0.0, "Pos_2:Pos_3_GT": 0.0, "Pos_0:Pos_1_GG": -0.035596488573364185, "Pos_1:Pos_3_GA": -0.023299486507783473, "TtoA": 0.4481976701888076, "Pos_2:Pos_3_TC": 0.0, "Pos_2:Pos_4_CA": 0.0030595517446536332, "Pos_1:Pos_3_CC": 0.0, "Pos_3:Pos_4_GG": 0.0, "Pos_2:Pos_5_AC": -0.008348126479446957, "Pos_1_A": 0.0, "Pos_0:Pos_1_CT": 0.0, "Pos_2:Pos_4_GT": 0.05145126488918814, "Pos_4:Pos_5_TT": 0.05782258473216764, "Pos_3:Pos_5_CG": 0.0, "AtoG": 5.20980765679601e-06, "Pos_1:Pos_2_AA": 0.0, "Pos_0:Pos_3_CG": -0.15795718384862686, "Pos_1:Pos_2_AC": -0.03846633790701942, "Pos_4:Pos_5_TC": 0.05617222036333296, "CtoG": -0.6731096732785278, "Pos_0:Pos_1_CG": 0.030789361765914933, "Pos_3:Pos_4_TC": 0.042857529415257896, "Pos_3:Pos_4_GA": -0.036534610619843796, "Pos_1:Pos_2_CC": 0.0, "Pos_0:Pos_2_TC": 0.009121511141957321, "Pos_1:Pos_4_CG": 0.0007382273769364095, "Pos_4:Pos_5_TA": 0.0, "Pos_0:Pos_1_GA": 0.0, "Pos_2:Pos_4_CC": 0.0, "Pos_0:Pos_4_AG": -0.016013593997504308, "Pos_2:Pos_3_CC": 0.0, "CtoT": -0.4619781877632468, "Pos_2:Pos_5_CA": 0.0, "Pos_0:Pos_4_CC": 0.0, "Pos_0:Pos_2_TT": -0.022367920372078652, "Pos_2:Pos_3_AC": 0.0049597301629124265, "Pos_4:Pos_5_GC": -0.0005534249320804464, "Pos_2:Pos_5_GC": 0.023981741796209634, "Pos_1:Pos_3_TC": 0.0, "Pos_0:Pos_5_GT": -0.007566298558275726, "Pos_0:Pos_2_GA": -0.020223868059039782, "Pos_2:Pos_3_GA": 0.0, "Pos_0:Pos_1_TG": 0.0, "Pos_4:Pos_5_GT": 0.0, "Pos_0:Pos_1_CA": -0.01863445021049796, "Pos_1:Pos_5_CA": 0.04231559835717864, "Pos_2:Pos_4_AC": -0.0055454241563447195, "Pos_3:Pos_5_CC": 0.0, "Pos_2:Pos_5_TA": -0.002546241290326442, "Pos_3:Pos_5_GG": -0.09295767563210511, "Pos_3:Pos_4_GT": -0.03082249453744741, "Pos_2:Pos_5_GG": 0.0, "Pos_0:Pos_3_CA": -0.018857169088756152, "Pos_3_A": 0.0, "Pos_3:Pos_5_AT": 0.0, "Pos_2_G": 0.17353891167225707, "Pos_4_T": 0.0, "Pos_0_C": 0.0, "Pos_2:Pos_3_TA": -0.047935577141672084, "Pos_0:Pos_2_CT": -0.009299997157824126, "TtoG": 0.0057715776781430625, "Pos_4:Pos_5_GA": 0.053337074762954836, "Pos_3:Pos_5_AA": -0.01449664713496844, "Pos_2:Pos_4_AT": 0.028651842776880505, "Pos_0_G": 0.0, "Pos_4:Pos_5_CT": 0.0, "Pos_3:Pos_4_CG": -0.05478523031210811, "Pos_1:Pos_4_AT": 0.03862411974621198, "Pos_2:Pos_5_GA": 0.0, "Pos_1:Pos_4_TC": 0.0, "Pos_2:Pos_4_CG": 0.0, "Pos_1:Pos_5_CC": 0.0, "Pos_0:Pos_3_GG": 0.0, "Pos_0:Pos_2_AA": 0.0, "Pos_3:Pos_4_CA": 0.07187870072437949, "Pos_4:Pos_5_AA": 0.009762627873679729, "Pos_0:Pos_1_CC": 0.0, "Pos_1:Pos_3_TA": 2.7063843812535116e-05, "Pos_2:Pos_5_AT": 0.010675789828923121, "Pos_2:Pos_4_TC": 0.0, "Pos_0_A": 0.0, "Pos_4_C": 0.0, "Pos_1:Pos_3_AT": 0.06782615814617683, "Pos_0:Pos_3_TG": -0.04967739425878364, "Pos_1:Pos_4_GA": 0.0, "Pos_0:Pos_5_GA": 0.0, "Pos_0:Pos_2_GG": 0.0, "Pos_1:Pos_5_AG": 0.0, "Pos_0:Pos_5_AT": 0.042040425300757675, "Pos_3:Pos_4_CT": 0.031692691687763605, "GC_feature": -0.08533166514702197, "Pos_0:Pos_2_CA": 0.003443208996483311, "Pos_4:Pos_5_GG": 0.0, "Pos_2:Pos_4_AG": 0.0027756127126787036, "Pos_3_C": 0.0, "Pos_0:Pos_4_GA": 0.0, "Pos_1:Pos_4_AC": 0.0, "Pos_1:Pos_3_CG": 0.020687196454072368, "Pos_0:Pos_1_TA": 0.0, "Pos_3:Pos_4_AA": 0.0, "Pos_2:Pos_4_GA": -0.00031920019050153074, "Pos_3:Pos_4_AG": 0.07792757426777822, "Pos_0:Pos_2_AG": 0.009459431305742555,