{"pos2": {"df": 3, "formula": "count ~ group * mut * base - group : mut : base", "stats": "{\"group\":{\"0\":\"1\",\"1\":\"1\",\"2\":\"1\",\"3\":\"1\",\"4\":\"1\",\"5\":\"1\",\"6\":\"1\",\"7\":\"1\",\"8\":\"2\",\"9\":\"2\",\"10\":\"2\",\"11\":\"2\",\"12\":\"2\",\"13\":\"2\",\"14\":\"2\",\"15\":\"2\"},\"mut\":{\"0\":\"M\",\"1\":\"M\",\"2\":\"M\",\"3\":\"M\",\"4\":\"R\",\"5\":\"R\",\"6\":\"R\",\"7\":\"R\",\"8\":\"M\",\"9\":\"M\",\"10\":\"M\",\"11\":\"M\",\"12\":\"R\",\"13\":\"R\",\"14\":\"R\",\"15\":\"R\"},\"base\":{\"0\":\"A\",\"1\":\"C\",\"2\":\"G\",\"3\":\"T\",\"4\":\"A\",\"5\":\"C\",\"6\":\"G\",\"7\":\"T\",\"8\":\"A\",\"9\":\"C\",\"10\":\"G\",\"11\":\"T\",\"12\":\"A\",\"13\":\"C\",\"14\":\"G\",\"15\":\"T\"},\"count\":{\"0\":11383,\"1\":17224,\"2\":16971,\"3\":11656,\"4\":14831,\"5\":14187,\"6\":17745,\"7\":10471,\"8\":232,\"9\":292,\"10\":226,\"11\":222,\"12\":273,\"13\":233,\"14\":284,\"15\":182},\"fitted\":{\"0\":11394.8130622357,\"1\":17227.3607901853,\"2\":16947.3435804472,\"3\":11664.482567132,\"4\":14819.1869377644,\"5\":14183.6392098148,\"6\":17768.6564195529,\"7\":10462.5174328681,\"8\":220.1869377645,\"9\":288.6392098148,\"10\":249.6564195648,\"11\":213.5174328681,\"12\":284.8130622357,\"13\":236.3607901853,\"14\":260.3435804578,\"15\":190.482567132},\"ret\":{\"0\":-0.0001014237,\"1\":-0.000028867,\"2\":0.0002033547,\"3\":-0.0000728403,\"4\":0.0001015168,\"5\":0.0000288732,\"6\":-0.0002030776,\"7\":0.0000728963,\"8\":0.000104151,\"9\":0.0000290372,\"10\":-0.0001932657,\"11\":0.0000742954,\"12\":-0.0000993422,\"13\":-0.0000286636,\"14\":0.0002121779,\"15\":-0.0000712197}}", "deviance": 6.426598681166063, "prob": 0.0926026553754396, "rel_entropy": 2.7602818786577257e-05}, "pos3": {"df": 3, "formula": "count ~ group * mut * base - group : mut : base", "stats": "{\"group\":{\"0\":\"1\",\"1\":\"1\",\"2\":\"1\",\"3\":\"1\",\"4\":\"1\",\"5\":\"1\",\"6\":\"1\",\"7\":\"1\",\"8\":\"2\",\"9\":\"2\",\"10\":\"2\",\"11\":\"2\",\"12\":\"2\",\"13\":\"2\",\"14\":\"2\",\"15\":\"2\"},\"mut\":{\"0\":\"M\",\"1\":\"M\",\"2\":\"M\",\"3\":\"M\",\"4\":\"R\",\"5\":\"R\",\"6\":\"R\",\"7\":\"R\",\"8\":\"M\",\"9\":\"M\",\"10\":\"M\",\"11\":\"M\",\"12\":\"R\",\"13\":\"R\",\"14\":\"R\",\"15\":\"R\"},\"base\":{\"0\":\"A\",\"1\":\"C\",\"2\":\"G\",\"3\":\"T\",\"4\":\"A\",\"5\":\"C\",\"6\":\"G\",\"7\":\"T\",\"8\":\"A\",\"9\":\"C\",\"10\":\"G\",\"11\":\"T\",\"12\":\"A\",\"13\":\"C\",\"14\":\"G\",\"15\":\"T\"},\"count\":{\"0\":17379,\"1\":15109,\"2\":11319,\"3\":13427,\"4\":16438,\"5\":14041,\"6\":13069,\"7\":13686,\"8\":303,\"9\":249,\"10\":180,\"11\":240,\"12\":310,\"13\":197,\"14\":223,\"15\":242},\"fitted\":{\"0\":17367.1541144396,\"1\":15126.5381975406,\"2\":11312.0528930358,\"3\":13428.2547949838,\"4\":16449.8458855602,\"5\":14023.4618024593,\"6\":13075.9471069642,\"7\":13684.7452050162,\"8\":314.8458855603,\"9\":231.461802462,\"10\":186.9471069642,\"11\":238.7452050162,\"12\":298.1541144397,\"13\":214.5381975433,\"14\":216.0528930358,\"15\":243.2547949838},\"ret\":{\"0\":0.000101793,\"1\":-0.0001505689,\"2\":0.0000596952,\"3\":-0.0000107784,\"4\":-0.0001017216,\"5\":0.0001507504,\"6\":-0.000059661,\"7\":0.0000107794,\"8\":-0.0000998195,\"9\":0.0001562251,\"10\":-0.0000585541,\"11\":0.0000108072,\"12\":0.0001037535,\"13\":-0.0001443233,\"14\":0.0000606262,\"15\":-0.0000107511}}", "deviance": 4.249521997586443, "prob": 0.23575032673090293, "rel_entropy": 1.8252078813122543e-05}, "pos1": {"df": 3, "formula": "count ~ group * mut * base - group : mut : base", "stats": "{\"group\":{\"0\":\"1\",\"1\":\"1\",\"2\":\"1\",\"3\":\"1\",\"4\":\"1\",\"5\":\"1\",\"6\":\"1\",\"7\":\"1\",\"8\":\"2\",\"9\":\"2\",\"10\":\"2\",\"11\":\"2\",\"12\":\"2\",\"13\":\"2\",\"14\":\"2\",\"15\":\"2\"},\"mut\":{\"0\":\"M\",\"1\":\"M\",\"2\":\"M\",\"3\":\"M\",\"4\":\"R\",\"5\":\"R\",\"6\":\"R\",\"7\":\"R\",\"8\":\"M\",\"9\":\"M\",\"10\":\"M\",\"11\":\"M\",\"12\":\"R\",\"13\":\"R\",\"14\":\"R\",\"15\":\"R\"},\"base\":{\"0\":\"A\",\"1\":\"C\",\"2\":\"G\",\"3\":\"T\",\"4\":\"A\",\"5\":\"C\",\"6\":\"G\",\"7\":\"T\",\"8\":\"A\",\"9\":\"C\",\"10\":\"G\",\"11\":\"T\",\"12\":\"A\",\"13\":\"C\",\"14\":\"G\",\"15\":\"T\"},\"count\":{\"0\":17576,\"1\":19051,\"2\":9213,\"3\":11394,\"4\":19933,\"5\":5035,\"6\":13369,\"7\":18897,\"8\":378,\"9\":219,\"10\":174,\"11\":201,\"12\":361,\"13\":55,\"14\":207,\"15\":349},\"fitted\":{\"0\":17588.4278102887,\"1\":19048.7642235367,\"2\":9221.8242705244,\"3\":11374.9836956506,\"4\":19920.5721897117,\"5\":5037.2357764634,\"6\":13360.1757294757,\"7\":18916.0163043495,\"8\":365.5721897117,\"9\":221.2357764634,\"10\":165.1757294757,\"11\":220.0163043511,\"12\":373.4278102884,\"13\":52.7642235367,\"14\":215.8242705244,\"15\":329.983695652},\"ret\":{\"0\":-0.0001067194,\"1\":0.0000192068,\"2\":-0.0000757658,\"3\":0.0001634899,\"4\":0.0001067904,\"5\":-0.0000192015,\"6\":0.0000758271,\"7\":-0.0001632713,\"8\":0.0001085515,\"9\":-0.0000191083,\"10\":0.0000777918,\"11\":-0.0001560814,\"12\":-0.0001049606,\"13\":0.000019607,\"14\":-0.0000742309,\"15\":0.0001679724}}", "deviance": 4.632689666739924, "prob": 0.20075566764208255, "rel_entropy": 1.98978183810085e-05}, "pos0": {"df": 3, "formula": "count ~ group * mut * base - group : mut : base", "stats": "{\"group\":{\"0\":\"1\",\"1\":\"1\",\"2\":\"1\",\"3\":\"1\",\"4\":\"1\",\"5\":\"1\",\"6\":\"1\",\"7\":\"1\",\"8\":\"2\",\"9\":\"2\",\"10\":\"2\",\"11\":\"2\",\"12\":\"2\",\"13\":\"2\",\"14\":\"2\",\"15\":\"2\"},\"mut\":{\"0\":\"M\",\"1\":\"M\",\"2\":\"M\",\"3\":\"M\",\"4\":\"R\",\"5\":\"R\",\"6\":\"R\",\"7\":\"R\",\"8\":\"M\",\"9\":\"M\",\"10\":\"M\",\"11\":\"M\",\"12\":\"R\",\"13\":\"R\",\"14\":\"R\",\"15\":\"R\"},\"base\":{\"0\":\"A\",\"1\":\"C\",\"2\":\"G\",\"3\":\"T\",\"4\":\"A\",\"5\":\"C\",\"6\":\"G\",\"7\":\"T\",\"8\":\"A\",\"9\":\"C\",\"10\":\"G\",\"11\":\"T\",\"12\":\"A\",\"13\":\"C\",\"14\":\"G\",\"15\":\"T\"},\"count\":{\"0\":13602,\"1\":18243,\"2\":18883,\"3\":6506,\"4\":14275,\"5\":17254,\"6\":16538,\"7\":9167,\"8\":265,\"9\":271,\"10\":298,\"11\":138,\"12\":299,\"13\":241,\"14\":261,\"15\":171},\"fitted\":{\"0\":13589.8846739216,\"1\":18248.8162074463,\"2\":18880.8897309342,\"3\":6514.4093876978,\"4\":14287.1153260784,\"5\":17248.1837925536,\"6\":16540.1102690657,\"7\":9158.5906123022,\"8\":277.1153260784,\"9\":265.1837925536,\"10\":300.1102690658,\"11\":129.5906123023,\"12\":286.8846739216,\"13\":246.8162074464,\"14\":258.8897309342,\"15\":179.4093876979},\"ret\":{\"0\":0.0001041192,\"1\":-0.0000499543,\"2\":0.0000181286,\"3\":-0.0000721915,\"4\":-0.0001040287,\"5\":0.0000499707,\"6\":-0.0000181264,\"7\":0.0000722713,\"8\":-0.0001017639,\"9\":0.0000505062,\"10\":-0.0000180637,\"11\":0.0000745329,\"12\":0.0001062401,\"13\":-0.0000493689,\"14\":0.0000182013,\"15\":-0.0000705181}}", "deviance": 2.317687968469457, "prob": 0.5091408335272958, "rel_entropy": 9.954678076441677e-06}}