{"rank_test_score": {"0": 5, "3": 2, "1": 4, "2": 3, "4": 1}, "split0_test_score": {"0": 0.5752399774, "3": 0.5932382835, "1": 0.579396449, "2": 0.589693519, "4": 0.5950577201}, "param_alpha": {"0": 0.01, "3": 2.0, "1": 0.1, "2": 1.0, "4": 3.0}, "best_a_choice": 3.0, "params": {"0": {"alpha": 0.01}, "3": {"alpha": 2.0}, "1": {"alpha": 0.1}, "2": {"alpha": 1.0}, "4": {"alpha": 3.0}}}