{"param_alpha": {"4": 3.0, "2": 1.0, "3": 2.0, "0": 0.01, "1": 0.1}, "rank_test_score": {"4": 4, "2": 1, "3": 4, "0": 1, "1": 1}, "params": {"4": {"alpha": 3.0}, "2": {"alpha": 1.0}, "3": {"alpha": 2.0}, "0": {"alpha": 0.01}, "1": {"alpha": 0.1}}, "best_a_choice": 0.01, "split0_test_score": {"4": 0.7258954797, "2": 0.7267346939, "3": 0.7258954797, "0": 0.7267346939, "1": 0.7267346939}}