{"param_penalty": {"3": "l1", "0": "l1", "2": "l1", "1": "l1"}, "split0_test_score": {"3": 0.6893390426, "0": 0.7329741515, "2": 0.68720591, "1": 0.7006320974}, "param_C": {"3": 100.0, "0": 0.1, "2": 10.0, "1": 1.0}, "best_c_choice": 0.1, "rank_test_score": {"3": 3, "0": 1, "2": 4, "1": 2}, "params": {"3": {"C": 100.0, "penalty": "l1"}, "0": {"C": 0.1, "penalty": "l1"}, "2": {"C": 10.0, "penalty": "l1"}, "1": {"C": 1.0, "penalty": "l1"}}}