{"split0_test_score": {"2": 0.7798168016, "4": 0.7760681348, "0": 0.7798011168, "1": 0.7796913232, "3": 0.777918941}, "rank_test_score": {"2": 1, "4": 5, "0": 2, "1": 3, "3": 4}, "best_a_choice": 1.0, "param_alpha": {"2": 1.0, "4": 3.0, "0": 0.01, "1": 0.1, "3": 2.0}, "params": {"2": {"alpha": 1.0}, "4": {"alpha": 3.0}, "0": {"alpha": 0.01}, "1": {"alpha": 0.1}, "3": {"alpha": 2.0}}}