{"GtoC": -0.23779031636805548, "Pos_5_T": 0.044049920313510446, "Pos_0_A": 0.0, "GC_feature": -0.07685638446851795, "Pos_2_G": 0.23561570992145522, "Pos_2_A": 0.0, "Pos_2_C": -0.09601526185650755, "Pos_4_G": -0.0554986785175297, "Pos_3_G": -0.2534890510788187, "AtoC": 0.0, "Pos_3_C": 0.0, "Pos_4_C": 0.036219005091336715, "AtoT": 0.4733050147174483, "TtoC": 0.0449368011324131, "AtoG": 0.09705021844158816, "CtoA": 0.0, "Pos_0_T": 0.06511835382496568, "Pos_0_G": 0.0, "CtoT": -0.34743797908612944, "Pos_5_G": -0.0384824578061162, "Pos_3_A": 0.0, "Pos_1_G": -0.03866244434156953, "Pos_3_T": 0.0, "TtoA": 0.3648981110429198, "Pos_1_C": 0.0, "CtoG": -0.29399077813087515, "Pos_1_T": 0.12037598082131329, "GtoT": 0.0, "Pos_2_T": 0.0, "Pos_5_A": 0.03889241086642555, "TtoG": -0.06510274614889519, "Pos_0_C": -0.04902319939841893, "Pos_1_A": 0.0, "Pos_5_C": 0.0, "Pos_4_T": 0.0, "GtoA": -0.38315493831895964, "Pos_4_A": 0.0}