{"GtoT": 0.5548008654526045, "Pos_5_G": -0.027493751594330675, "Pos_4_A": -0.03904218818430297, "Pos_3_T": 0.08588689009891823, "Pos_3_A": 0.0, "TtoG": 0.6043652314156067, "Pos_2_G": 0.3078146832695751, "Pos_0_A": 0.07144347764791181, "CtoT": -0.07605413425888957, "Pos_4_C": 0.0, "Pos_2_C": -0.15014152846739995, "Pos_0_C": -0.012834384489679272, "Pos_5_C": 0.0, "Pos_1_T": 0.2024926671237259, "Pos_1_G": -0.021072313965868752, "Pos_2_T": 0.0, "TtoC": 0.5227363351459956, "AtoT": 1.2885229733949686, "Pos_3_C": 0.12382845936261858, "Pos_1_C": 0.0, "Pos_1_A": 0.06003306170236252, "Pos_2_A": 0.05121797705915943, "Pos_3_G": -0.21172243726371998, "Pos_4_T": 0.0494378166487587, "Pos_5_A": 0.13787746894666744, "GtoA": -0.10270811943118582, "CtoG": -2.5427052714215614, "Pos_0_G": 0.0, "TtoA": 1.3597516328442745, "AtoC": 0.20482501813453308, "Pos_0_T": 0.15762956924211047, "CtoA": 0.4154486864371622, "AtoG": 0.509610475424263, "GtoC": -2.4624308057027924, "Pos_5_T": 0.0952670429203004, "Pos_4_G": 0.0410285287720177}