{"Pos_0_T": 0.03649270052119163, "TtoC": 0.13193639675666669, "AtoG": 0.23028813287577815, "TtoG": 0.07122930372492867, "GtoT": 0.15872619778538616, "AtoC": -0.0007838574398933223, "CtoA": 0.004969739212855352, "GtoA": -0.3228227430655556, "Pos_0_G": 0.26166357797470363, "Pos_0_A": 0.043673135887473354, "Pos_1_A": -0.01635011895629617, "Pos_0_C": -0.057600722622569996, "Pos_1_C": 0.24716385014936681, "CtoG": -1.2159896686593363, "Pos_1_G": -0.17437134185128383, "GC_feature": -0.17059531999352023, "Pos_1_T": 0.20909663918962987, "CtoT": -0.24746675108672525, "GtoC": -1.000506165194496, "AtoT": 0.48364912603278937, "TtoA": 0.5927402996603924}