{"params": {"3": {"penalty": "l1", "C": 100.0}, "0": {"penalty": "l1", "C": 0.1}, "2": {"penalty": "l1", "C": 10.0}, "1": {"penalty": "l1", "C": 1.0}}, "param_C": {"3": 100.0, "0": 0.1, "2": 10.0, "1": 1.0}, "split0_test_score": {"3": 0.773164219, "0": 0.7696452413, "2": 0.7731069998, "1": 0.7728819378}, "best_c_choice": 100.0, "param_penalty": {"3": "l1", "0": "l1", "2": "l1", "1": "l1"}, "rank_test_score": {"3": 1, "0": 4, "2": 2, "1": 3}}