{"param_alpha": {"4": 3.0, "3": 2.0, "0": 0.01, "1": 0.1, "2": 1.0}, "rank_test_score": {"4": 5, "3": 4, "0": 1, "1": 2, "2": 3}, "params": {"4": {"alpha": 3.0}, "3": {"alpha": 2.0}, "0": {"alpha": 0.01}, "1": {"alpha": 0.1}, "2": {"alpha": 1.0}}, "split0_test_score": {"4": 0.7006640301, "3": 0.7015342308, "0": 0.7081205246, "1": 0.7062947765, "2": 0.7029140771}, "best_a_choice": 0.01}