{"param_penalty": {"3": "l1", "2": "l1", "0": "l1", "1": "l1"}, "rank_test_score": {"3": 4, "2": 3, "0": 1, "1": 2}, "best_c_choice": 0.1, "param_C": {"3": 100.0, "2": 10.0, "0": 0.1, "1": 1.0}, "split0_test_score": {"3": 0.6624089262, "2": 0.6834541293, "0": 0.7726759489, "1": 0.7264028228}, "params": {"3": {"C": 100.0, "penalty": "l1"}, "2": {"C": 10.0, "penalty": "l1"}, "0": {"C": 0.1, "penalty": "l1"}, "1": {"C": 1.0, "penalty": "l1"}}}