{"Pos_2_C": 0.038215759306971665, "Pos_0_A": 0.08521371957471437, "Pos_3_G": 0.0, "TtoG": 0.044326963332063755, "GtoC": -0.418150101568214, "TtoA": 0.4526638890292482, "CtoA": -0.012589505087330456, "Pos_1_G": 0.21535738835811866, "GtoA": -0.3777014448226721, "Pos_1_C": -0.15796434913442906, "Pos_0_C": 0.0, "Pos_1_A": 0.0, "Pos_0_G": -0.08347545117765623, "Pos_1_T": -0.021860278188358933, "Pos_3_A": -0.027049502852468855, "AtoC": -0.08131027628342448, "Pos_2_G": -0.22289445578639558, "CtoT": -0.3677132914076321, "CtoG": -0.49895581355699675, "AtoT": 0.3979893415484108, "AtoG": 0.02063597227926361, "Pos_3_T": 0.03297529412614425, "GC_feature": -0.07990078498492209, "Pos_2_A": -0.05167958568043826, "Pos_2_T": 0.0, "TtoC": 0.0, "GtoT": 0.05977967048144467, "Pos_3_C": 0.0, "Pos_0_T": 0.10951940135618288}