{"param_alpha": {"2": 1.0, "4": 3.0, "0": 0.01, "1": 0.1, "3": 2.0}, "params": {"2": {"alpha": 1.0}, "4": {"alpha": 3.0}, "0": {"alpha": 0.01}, "1": {"alpha": 0.1}, "3": {"alpha": 2.0}}, "rank_test_score": {"2": 3, "4": 1, "0": 5, "1": 4, "3": 2}, "split0_test_score": {"2": 0.6522743538, "4": 0.6548039581, "0": 0.6479179191, "1": 0.6494365404, "3": 0.6535959313}, "best_a_choice": 3.0}