{"params": {"0": {"alpha": 0.01}, "4": {"alpha": 3.0}, "1": {"alpha": 0.1}, "3": {"alpha": 2.0}, "2": {"alpha": 1.0}}, "rank_test_score": {"0": 1, "4": 3, "1": 2, "3": 4, "2": 5}, "param_alpha": {"0": 0.01, "4": 3.0, "1": 0.1, "3": 2.0, "2": 1.0}, "best_a_choice": 0.01, "split0_test_score": {"0": 0.7170070268, "4": 0.7162384717, "1": 0.7164110045, "3": 0.7158463517, "2": 0.7144817743}}