{"Pos_0:Pos_1_GT": 0.022203144352683637, "Pos_0:Pos_1_AT": -0.08197996332175628, "Pos_0:Pos_1_GC": 0.06297156620155801, "Pos_0_A": 0.0, "TtoC": 0.022487315451107683, "AtoT": 0.4207705048981423, "Pos_0:Pos_1_AA": 0.0, "Pos_0:Pos_1_TG": -0.04956710922834607, "AtoC": -0.06889723554546395, "AtoG": 0.0, "CtoG": -0.6694886929435553, "GtoT": 0.06343414364112872, "Pos_0_G": 0.17644808300756762, "Pos_1_A": -3.107875864341585e-05, "Pos_0:Pos_1_CG": -0.15578569010862475, "Pos_0:Pos_1_GG": 0.0, "GtoC": -0.7868391163106453, "Pos_1_T": 0.03362762779240061, "Pos_0:Pos_1_CA": -0.0863543845318716, "Pos_1_G": -0.18233395871640756, "Pos_0:Pos_1_TT": 0.005986626319071115, "GC_feature": -0.1329051981183427, "TtoA": 0.47168051408893963, "GtoA": -0.44545824163077563, "Pos_0_C": -0.02467214138569702, "Pos_0:Pos_1_AC": 0.05798116035235567, "CtoA": 0.0, "Pos_1_C": 0.01754690407120677, "Pos_0:Pos_1_TA": -0.15566540036197607, "Pos_0:Pos_1_CC": 0.0, "Pos_0:Pos_1_TC": 0.0, "Pos_0:Pos_1_GA": -0.02422791922569903, "CtoT": -0.49073350579163005, "TtoG": -0.030952416849771975, "Pos_0:Pos_1_AG": 0.0, "Pos_0:Pos_1_CT": 0.0, "Pos_0_T": 0.0}