{"param_alpha": {"3": 2.0, "2": 1.0, "4": 3.0, "1": 0.1, "0": 0.01}, "split0_test_score": {"3": 0.7631084266, "2": 0.763937633, "4": 0.7621332265, "1": 0.7644013779, "0": 0.7644319125}, "best_a_choice": 0.01, "params": {"3": {"alpha": 2.0}, "2": {"alpha": 1.0}, "4": {"alpha": 3.0}, "1": {"alpha": 0.1}, "0": {"alpha": 0.01}}, "rank_test_score": {"3": 4, "2": 3, "4": 5, "1": 2, "0": 1}}