{"split0_test_score": {"0": 0.7731576846, "3": 0.7731277144, "1": 0.7731547941, "4": 0.7730195479, "2": 0.773162705}, "params": {"0": {"alpha": 0.01}, "3": {"alpha": 2.0}, "1": {"alpha": 0.1}, "4": {"alpha": 3.0}, "2": {"alpha": 1.0}}, "best_a_choice": 1.0, "param_alpha": {"0": 0.01, "3": 2.0, "1": 0.1, "4": 3.0, "2": 1.0}, "rank_test_score": {"0": 2, "3": 4, "1": 3, "4": 5, "2": 1}}