{"best_a_choice": 0.01, "rank_test_score": {"0": 1, "4": 5, "2": 3, "3": 4, "1": 2}, "params": {"0": {"alpha": 0.01}, "4": {"alpha": 3.0}, "2": {"alpha": 1.0}, "3": {"alpha": 2.0}, "1": {"alpha": 0.1}}, "param_alpha": {"0": 0.01, "4": 3.0, "2": 1.0, "3": 2.0, "1": 0.1}, "split0_test_score": {"0": 0.711355861, "4": 0.7021814807, "2": 0.7047598307, "3": 0.7030853028, "1": 0.7091280254}}