{"rank_test_score": {"2": 3, "1": 1, "4": 5, "3": 4, "0": 2}, "split0_test_score": {"2": 0.7704655391, "1": 0.7705172644, "4": 0.7702758293, "3": 0.770405903, "0": 0.7705158952}, "param_alpha": {"2": 1.0, "1": 0.1, "4": 3.0, "3": 2.0, "0": 0.01}, "params": {"2": {"alpha": 1.0}, "1": {"alpha": 0.1}, "4": {"alpha": 3.0}, "3": {"alpha": 2.0}, "0": {"alpha": 0.01}}, "best_a_choice": 0.1}