{"pos2": {"rel_entropy": 0.001605559966635777, "df": 3, "formula": "count ~ group * mut * base - group : mut : base", "stats": "{\"group\":{\"0\":\"1\",\"1\":\"1\",\"2\":\"1\",\"3\":\"1\",\"4\":\"1\",\"5\":\"1\",\"6\":\"1\",\"7\":\"1\",\"8\":\"2\",\"9\":\"2\",\"10\":\"2\",\"11\":\"2\",\"12\":\"2\",\"13\":\"2\",\"14\":\"2\",\"15\":\"2\"},\"mut\":{\"0\":\"M\",\"1\":\"M\",\"2\":\"M\",\"3\":\"M\",\"4\":\"R\",\"5\":\"R\",\"6\":\"R\",\"7\":\"R\",\"8\":\"M\",\"9\":\"M\",\"10\":\"M\",\"11\":\"M\",\"12\":\"R\",\"13\":\"R\",\"14\":\"R\",\"15\":\"R\"},\"base\":{\"0\":\"A\",\"1\":\"C\",\"2\":\"G\",\"3\":\"T\",\"4\":\"A\",\"5\":\"C\",\"6\":\"G\",\"7\":\"T\",\"8\":\"A\",\"9\":\"C\",\"10\":\"G\",\"11\":\"T\",\"12\":\"A\",\"13\":\"C\",\"14\":\"G\",\"15\":\"T\"},\"count\":{\"0\":17,\"1\":10,\"2\":5,\"3\":35,\"4\":18,\"5\":12,\"6\":17,\"7\":20,\"8\":232,\"9\":292,\"10\":226,\"11\":222,\"12\":273,\"13\":233,\"14\":284,\"15\":182},\"fitted\":{\"0\":15.70387408,\"1\":11.8657586219,\"2\":9.2759066716,\"3\":30.1544606268,\"4\":19.29612592,\"5\":10.1342413781,\"6\":12.7240933289,\"7\":24.8455393732,\"8\":233.29612592,\"9\":290.1342413781,\"10\":221.7240933287,\"11\":226.8455393732,\"12\":271.70387408,\"13\":234.8657586219,\"14\":288.2759066713,\"15\":177.1544606268},\"ret\":{\"0\":0.0006487971,\"1\":-0.0008232518,\"2\":-0.0014869645,\"3\":0.0025098807,\"4\":-0.0006023035,\"5\":0.0009758617,\"6\":0.0023701504,\"7\":-0.0020880266,\"8\":-0.0006220013,\"9\":0.0009007434,\"10\":0.0020774178,\"11\":-0.0023067446,\"12\":0.0006252226,\"13\":-0.0008942869,\"14\":-0.0020423663,\"15\":0.0023634317}}", "prob": 0.08309462087061137, "deviance": 6.672707221338289}, "pos1": {"rel_entropy": 0.003041387081492612, "df": 3, "formula": "count ~ group * mut * base - group : mut : base", "stats": "{\"group\":{\"0\":\"1\",\"1\":\"1\",\"2\":\"1\",\"3\":\"1\",\"4\":\"1\",\"5\":\"1\",\"6\":\"1\",\"7\":\"1\",\"8\":\"2\",\"9\":\"2\",\"10\":\"2\",\"11\":\"2\",\"12\":\"2\",\"13\":\"2\",\"14\":\"2\",\"15\":\"2\"},\"mut\":{\"0\":\"M\",\"1\":\"M\",\"2\":\"M\",\"3\":\"M\",\"4\":\"R\",\"5\":\"R\",\"6\":\"R\",\"7\":\"R\",\"8\":\"M\",\"9\":\"M\",\"10\":\"M\",\"11\":\"M\",\"12\":\"R\",\"13\":\"R\",\"14\":\"R\",\"15\":\"R\"},\"base\":{\"0\":\"A\",\"1\":\"C\",\"2\":\"G\",\"3\":\"T\",\"4\":\"A\",\"5\":\"C\",\"6\":\"G\",\"7\":\"T\",\"8\":\"A\",\"9\":\"C\",\"10\":\"G\",\"11\":\"T\",\"12\":\"A\",\"13\":\"C\",\"14\":\"G\",\"15\":\"T\"},\"count\":{\"0\":6,\"1\":24,\"2\":12,\"3\":25,\"4\":22,\"5\":5,\"6\":12,\"7\":28,\"8\":378,\"9\":219,\"10\":174,\"11\":201,\"12\":361,\"13\":55,\"14\":207,\"15\":349},\"fitted\":{\"0\":13.7366621139,\"1\":23.0817574579,\"2\":10.788477133,\"3\":19.3931032952,\"4\":14.2633378861,\"5\":5.9182425421,\"6\":13.211522867,\"7\":33.6068967048,\"8\":370.2633378861,\"9\":219.9182425421,\"10\":175.211522867,\"11\":206.6068967048,\"12\":368.7366621139,\"13\":54.0817574579,\"14\":205.788477133,\"15\":343.3931032952},\"ret\":{\"0\":-0.0023916521,\"1\":0.000450563,\"2\":0.0006145988,\"3\":0.0030553215,\"4\":0.004587921,\"5\":-0.0004056824,\"6\":-0.0005554345,\"7\":-0.0024594563,\"8\":0.0037617583,\"9\":-0.0004409638,\"10\":-0.0005810032,\"11\":-0.00266127,\"12\":-0.0036837945,\"13\":0.000445618,\"14\":0.0005847364,\"15\":0.0027201271}}", "prob": 0.005483469927436249, "deviance": 12.640004710683296}, "pos3": {"rel_entropy": 0.0014251173368661186, "df": 3, "formula": "count ~ group * mut * base - group : mut : base", "stats": "{\"group\":{\"0\":\"1\",\"1\":\"1\",\"2\":\"1\",\"3\":\"1\",\"4\":\"1\",\"5\":\"1\",\"6\":\"1\",\"7\":\"1\",\"8\":\"2\",\"9\":\"2\",\"10\":\"2\",\"11\":\"2\",\"12\":\"2\",\"13\":\"2\",\"14\":\"2\",\"15\":\"2\"},\"mut\":{\"0\":\"M\",\"1\":\"M\",\"2\":\"M\",\"3\":\"M\",\"4\":\"R\",\"5\":\"R\",\"6\":\"R\",\"7\":\"R\",\"8\":\"M\",\"9\":\"M\",\"10\":\"M\",\"11\":\"M\",\"12\":\"R\",\"13\":\"R\",\"14\":\"R\",\"15\":\"R\"},\"base\":{\"0\":\"A\",\"1\":\"C\",\"2\":\"G\",\"3\":\"T\",\"4\":\"A\",\"5\":\"C\",\"6\":\"G\",\"7\":\"T\",\"8\":\"A\",\"9\":\"C\",\"10\":\"G\",\"11\":\"T\",\"12\":\"A\",\"13\":\"C\",\"14\":\"G\",\"15\":\"T\"},\"count\":{\"0\":18,\"1\":10,\"2\":19,\"3\":20,\"4\":22,\"5\":16,\"6\":16,\"7\":13,\"8\":303,\"9\":249,\"10\":180,\"11\":240,\"12\":310,\"13\":197,\"14\":223,\"15\":242},\"fitted\":{\"0\":19.8160237802,\"1\":14.3660031649,\"2\":16.0319905567,\"3\":16.7859824982,\"4\":20.1839762198,\"5\":11.6339968351,\"6\":18.9680094433,\"7\":16.2140175018,\"8\":301.1839762198,\"9\":244.6339968351,\"10\":182.9680094433,\"11\":243.2140175018,\"12\":311.8160237802,\"13\":201.3660031649,\"14\":220.0319905567,\"15\":238.7859824982},\"ret\":{\"0\":-0.0008326008,\"1\":-0.0017434044,\"2\":0.0015530337,\"3\":0.0016861223,\"4\":0.0009121151,\"5\":0.002453568,\"6\":-0.0013102223,\"7\":-0.0013821214,\"8\":0.0008765581,\"9\":0.0021196986,\"10\":-0.0014166533,\"11\":-0.001536423,\"12\":-0.0008713788,\"13\":-0.0020781163,\"14\":0.0014378911,\"15\":0.0015570506}}", "prob": 0.11542780093130421, "deviance": 5.922787652015589}, "pos0": {"rel_entropy": 0.0008690930465413174, "df": 3, "formula": "count ~ group * mut * base - group : mut : base", "stats": "{\"group\":{\"0\":\"1\",\"1\":\"1\",\"2\":\"1\",\"3\":\"1\",\"4\":\"1\",\"5\":\"1\",\"6\":\"1\",\"7\":\"1\",\"8\":\"2\",\"9\":\"2\",\"10\":\"2\",\"11\":\"2\",\"12\":\"2\",\"13\":\"2\",\"14\":\"2\",\"15\":\"2\"},\"mut\":{\"0\":\"M\",\"1\":\"M\",\"2\":\"M\",\"3\":\"M\",\"4\":\"R\",\"5\":\"R\",\"6\":\"R\",\"7\":\"R\",\"8\":\"M\",\"9\":\"M\",\"10\":\"M\",\"11\":\"M\",\"12\":\"R\",\"13\":\"R\",\"14\":\"R\",\"15\":\"R\"},\"base\":{\"0\":\"A\",\"1\":\"C\",\"2\":\"G\",\"3\":\"T\",\"4\":\"A\",\"5\":\"C\",\"6\":\"G\",\"7\":\"T\",\"8\":\"A\",\"9\":\"C\",\"10\":\"G\",\"11\":\"T\",\"12\":\"A\",\"13\":\"C\",\"14\":\"G\",\"15\":\"T\"},\"count\":{\"0\":15,\"1\":19,\"2\":11,\"3\":22,\"4\":13,\"5\":21,\"6\":15,\"7\":18,\"8\":265,\"9\":271,\"10\":298,\"11\":138,\"12\":299,\"13\":241,\"14\":261,\"15\":171},\"fitted\":{\"0\":13.3877365771,\"1\":21.2153284605,\"2\":13.8677258104,\"3\":18.529209152,\"4\":14.6122634229,\"5\":18.7846715395,\"6\":12.1322741896,\"7\":21.470790848,\"8\":266.6122634229,\"9\":268.7846715395,\"10\":295.1322741896,\"11\":141.470790848,\"12\":297.3877365771,\"13\":243.2153284605,\"14\":263.8677258104,\"15\":167.529209152},\"ret\":{\"0\":0.0008208212,\"1\":-0.0010083805,\"2\":-0.0012263517,\"3\":0.001817743,\"4\":-0.0007314019,\"5\":0.0011266151,\"6\":0.0015316242,\"7\":-0.0015273294,\"8\":-0.000773522,\"9\":0.0010704682,\"10\":0.0013867244,\"11\":-0.0016495971,\"12\":0.0007779721,\"13\":-0.0010612168,\"14\":-0.0013725148,\"15\":0.001687439}}", "prob": 0.30653010746764536, "deviance": 3.611950701425715}}