{"TtoA": 1.5485113867380333, "Pos_0_G": -0.046838269565165895, "Pos_2_A": 0.0, "Pos_1_G": 0.2540250825120102, "Pos_2_C": 0.13007661221813308, "Pos_3_C": 0.008430558511701871, "TtoC": 0.7096077238267788, "GtoC": -3.0169632041639014, "Pos_3_T": 0.0, "Pos_2_T": 0.09705659112744618, "CtoG": -3.0799917918470294, "Pos_0_A": 0.0391969059398817, "Pos_0_T": 0.1672955901817453, "AtoC": 0.3173500744539362, "Pos_0_C": 0.0, "Pos_1_A": 0.0, "Pos_3_G": 0.02963774655075564, "CtoT": 0.07377509118459714, "GtoA": 0.047607808711345546, "Pos_1_T": 0.005521580220665268, "GtoT": 0.7503632332755843, "AtoG": 0.6874868869508147, "Pos_3_A": -0.07629963799680195, "Pos_1_C": -0.14769625995351127, "CtoA": 0.6501063661195365, "AtoT": 1.461036320406596, "TtoG": 0.7061233881834188, "Pos_2_G": -0.20744969025289967}