{"params": {"4": {"alpha": 3.0}, "2": {"alpha": 1.0}, "1": {"alpha": 0.1}, "3": {"alpha": 2.0}, "0": {"alpha": 0.01}}, "split0_test_score": {"4": 0.6629753958, "2": 0.6632576769, "1": 0.6662368873, "3": 0.6626435247, "0": 0.6699065421}, "rank_test_score": {"4": 4, "2": 3, "1": 2, "3": 5, "0": 1}, "best_a_choice": 0.01, "param_alpha": {"4": 3.0, "2": 1.0, "1": 0.1, "3": 2.0, "0": 0.01}}