{"split0_test_score": {"3": 0.7739467405, "2": 0.7739903889, "1": 0.7740222035, "4": 0.7738826357, "0": 0.774025712}, "best_a_choice": 0.01, "params": {"3": {"alpha": 2.0}, "2": {"alpha": 1.0}, "1": {"alpha": 0.1}, "4": {"alpha": 3.0}, "0": {"alpha": 0.01}}, "rank_test_score": {"3": 4, "2": 3, "1": 2, "4": 5, "0": 1}, "param_alpha": {"3": 2.0, "2": 1.0, "1": 0.1, "4": 3.0, "0": 0.01}}