{"split0_test_score": {"1": 0.6711795914, "4": 0.6699019075, "0": 0.6716166185, "3": 0.6697931278, "2": 0.6697692726}, "params": {"1": {"alpha": 0.1}, "4": {"alpha": 3.0}, "0": {"alpha": 0.01}, "3": {"alpha": 2.0}, "2": {"alpha": 1.0}}, "rank_test_score": {"1": 2, "4": 3, "0": 1, "3": 4, "2": 5}, "best_a_choice": 0.01, "param_alpha": {"1": 0.1, "4": 3.0, "0": 0.01, "3": 2.0, "2": 1.0}}