{"rank_test_score": {"3": 4, "1": 2, "4": 5, "0": 1, "2": 3}, "split0_test_score": {"3": 0.6882036531, "1": 0.6928357986, "4": 0.6875447651, "0": 0.6949041988, "2": 0.6893913554}, "param_alpha": {"3": 2.0, "1": 0.1, "4": 3.0, "0": 0.01, "2": 1.0}, "best_a_choice": 0.01, "params": {"3": {"alpha": 2.0}, "1": {"alpha": 0.1}, "4": {"alpha": 3.0}, "0": {"alpha": 0.01}, "2": {"alpha": 1.0}}}