{"GtoA": -0.1834438130693223, "AtoG": 0.47454138618264796, "TtoC": 0.4783927089387769, "CtoA": 0.3822079841340923, "GtoC": -1.9319045114629612, "TtoG": 0.2348047669011726, "GtoT": 0.5369766770781146, "TtoA": 1.2377847307677996, "AtoT": 1.2034361287886404, "CtoG": -1.782641497298258, "AtoC": 0.18823862296450888, "CtoT": -0.2515518235471334}