{"param_alpha": {"1": 0.1, "0": 0.01, "4": 3.0, "3": 2.0, "2": 1.0}, "params": {"1": {"alpha": 0.1}, "0": {"alpha": 0.01}, "4": {"alpha": 3.0}, "3": {"alpha": 2.0}, "2": {"alpha": 1.0}}, "split0_test_score": {"1": 0.6712544702, "0": 0.6733248635, "4": 0.6668627266, "3": 0.6670352594, "2": 0.6677567601}, "rank_test_score": {"1": 2, "0": 1, "4": 5, "3": 4, "2": 3}, "best_a_choice": 0.01}