{"Pos_1:Pos_3_AG": 0.0, "Pos_1:Pos_3_CC": 0.0, "Pos_0:Pos_2:Pos_3_ACA": 0.0, "Pos_1:Pos_3_TA": 0.0, "Pos_0:Pos_2:Pos_3_TCG": 0.03956716834577733, "Pos_2:Pos_3_GG": 0.0, "Pos_0:Pos_1:Pos_3_CTT": 0.0, "Pos_1:Pos_2_GT": 0.0, "Pos_0:Pos_2:Pos_3_CGG": 0.0, "Pos_2:Pos_3_TG": 0.0, "Pos_0:Pos_1:Pos_2_AAT": 0.0, "Pos_0:Pos_2:Pos_3_GGC": -0.0435278842498381, "Pos_0:Pos_1:Pos_2_AGA": 0.05151270720648589, "Pos_1:Pos_2:Pos_3_GAT": 0.0, "Pos_0:Pos_1:Pos_2_ACA": 0.0, "Pos_0:Pos_1:Pos_2_TTG": 0.0, "Pos_0:Pos_3_GG": 0.0, "Pos_0:Pos_1:Pos_3_ACG": 0.0, "Pos_0:Pos_1:Pos_2_GGT": 0.0, "Pos_0:Pos_1:Pos_3_GGG": 0.0, "Pos_0:Pos_2:Pos_3_ATG": 0.0, "Pos_2:Pos_3_TA": 0.0, "Pos_0:Pos_1_AA": 0.0, "Pos_0:Pos_1:Pos_3_GAC": -0.031145081950208604, "Pos_1:Pos_2_AT": 0.0, "Pos_0:Pos_1:Pos_3_AAT": 0.025862440249807113, "Pos_1:Pos_2:Pos_3_CGA": -0.0549125908755705, "Pos_0:Pos_3_GC": 0.0, "Pos_0:Pos_2:Pos_3_TCC": 0.0, "Pos_2_C": 0.0, "Pos_1:Pos_2_CC": 0.0, "Pos_1:Pos_2:Pos_3_TAG": 0.0, "Pos_1:Pos_2_GA": 0.06392237993107847, "Pos_0:Pos_1:Pos_2_TCT": 0.06576758829646653, "Pos_1:Pos_2:Pos_3_GTT": 0.0, "Pos_0:Pos_2:Pos_3_TTA": 0.0, "Pos_0:Pos_1_AC": 0.0, "Pos_2:Pos_3_GA": -0.02307410511278581, "Pos_0:Pos_1:Pos_3_CTG": 0.0, "Pos_0:Pos_1_TT": 0.0, "Pos_0:Pos_1_CA": 0.0, "Pos_0:Pos_1:Pos_2_GAG": 0.0, "Pos_0:Pos_2:Pos_3_TAT": 0.0, "Pos_0:Pos_1:Pos_2_GCG": -0.0031813140192122626, "Pos_0:Pos_1_CT": 0.0, "AtoT": 0.3736918197036168, "Pos_0:Pos_2:Pos_3_TGG": 0.0, "Pos_1:Pos_2:Pos_3_ATC": 0.0, "Pos_1:Pos_2:Pos_3_TAC": -0.0006970890881034134, "Pos_0:Pos_1:Pos_2_TTA": -0.011672608339912575, "Pos_0:Pos_2:Pos_3_GTT": 0.003496294710174069, "Pos_1:Pos_2_AC": 0.0, "Pos_0:Pos_1:Pos_3_TCC": 0.0, "Pos_2:Pos_3_AC": 0.0, "Pos_0:Pos_1:Pos_3_ATC": 0.0, "Pos_2:Pos_3_TC": 0.0, "Pos_1:Pos_2:Pos_3_AGT": 0.0, "Pos_0:Pos_2:Pos_3_GCT": 0.0, "Pos_1_G": 0.1640762709186826, "Pos_0:Pos_2:Pos_3_CCA": 0.0, "Pos_1:Pos_2:Pos_3_GGA": 0.0, "Pos_1:Pos_2:Pos_3_AGC": 0.0, "Pos_0:Pos_1:Pos_2_TGT": -0.015463026488373773, "Pos_2:Pos_3_CC": 0.0, "Pos_1:Pos_2:Pos_3_TGA": 0.0, "TtoA": 0.43033923872612334, "Pos_3_T": 0.0, "Pos_1:Pos_2:Pos_3_GCG": 0.07370485980281463, "Pos_1:Pos_2:Pos_3_ATG": 0.0, "Pos_1:Pos_2:Pos_3_TCT": 0.0, "Pos_0:Pos_1:Pos_3_GTC": 0.01273239254322808, "Pos_1:Pos_2:Pos_3_CTT": 0.0, "Pos_0:Pos_1:Pos_3_GTG": -0.004327749413344885, "Pos_0:Pos_2:Pos_3_CGT": 0.0, "Pos_0:Pos_2:Pos_3_GGG": 0.0, "Pos_0:Pos_1:Pos_2_ATA": 0.0, "Pos_1_A": 0.0, "Pos_0:Pos_1:Pos_3_CAA": 0.0, "Pos_1:Pos_2:Pos_3_CCT": -0.024610447000261042, "Pos_1:Pos_3_CA": -0.0020190541478143365, "Pos_1:Pos_2:Pos_3_TCG": -0.15002516241294087, "Pos_0:Pos_1_AT": 0.0, "Pos_0:Pos_3_CT": 0.0, "Pos_0:Pos_2:Pos_3_GTC": 0.0, "Pos_0:Pos_2:Pos_3_TGA": -0.00376640121596703, "Pos_0:Pos_2_TT": 0.0, "Pos_1:Pos_3_AT": 0.0, "Pos_0:Pos_1:Pos_2_TGA": 0.015804282735307436, "Pos_2:Pos_3_CT": 0.0, "Pos_0:Pos_2:Pos_3_CAA": 0.0, "Pos_1:Pos_2_CT": 0.0, "Pos_0:Pos_2:Pos_3_TGT": -0.00930683866815231, "Pos_1:Pos_2:Pos_3_TTG": -0.011777105760305502, "Pos_0:Pos_3_AG": 0.0, "Pos_0:Pos_1:Pos_2_AAA": -0.024474473895858218, "Pos_0:Pos_1:Pos_3_CCA": -0.0047328737521778194, "Pos_0:Pos_2:Pos_3_AAC": -0.07612979058125821, "Pos_0:Pos_2_GA": 0.0, "Pos_1:Pos_3_GA": 0.0, "Pos_0:Pos_3_CC": 0.0, "Pos_0:Pos_1:Pos_2_ACT": 0.0, "Pos_2_A": 0.0, "Pos_1_T": 0.0, "Pos_0:Pos_1:Pos_2_CAT": 0.012039832205641612, "Pos_0:Pos_1:Pos_3_TGT": 0.1095767081234251, "Pos_3_A": 0.0, "Pos_0:Pos_2:Pos_3_GTA": 0.0, "Pos_2:Pos_3_GT": -0.030393353267086868, "Pos_1:Pos_3_TT": 0.0, "Pos_0:Pos_2:Pos_3_TTT": 0.0, "Pos_0:Pos_1:Pos_2_TTC": 0.0, "Pos_0:Pos_1:Pos_2_GGA": 0.0, "Pos_0:Pos_1:Pos_3_CAC": 0.0, "Pos_0:Pos_1:Pos_3_TTC": 0.037851030133041544, "Pos_0:Pos_2:Pos_3_TCT": 0.08926598477222815, "TtoC": 0.0005036031532849917, "Pos_0:Pos_1:Pos_2_ATT": 0.0, "Pos_1:Pos_2:Pos_3_CAC": 0.0, "Pos_1:Pos_2:Pos_3_TGG": 0.0, "Pos_0:Pos_2:Pos_3_AAA": 0.0, "Pos_0:Pos_2:Pos_3_TTC": 0.0, "Pos_0:Pos_1:Pos_3_GCT": -0.11094891713775172, "Pos_0:Pos_1:Pos_2_GCC": 0.0, "GC_feature": -0.12366139404575176, "Pos_0:Pos_1:Pos_3_ATA": 0.0020968807193487418, "Pos_1:Pos_2:Pos_3_TAT": 0.0, "Pos_0:Pos_1:Pos_3_TAT": 0.0, "Pos_0:Pos_1:Pos_3_CGG": -0.10917739297690818, "CtoA": -0.03165331510460449, "Pos_1:Pos_2_AG": 0.0, "Pos_0:Pos_1_CC": 0.0, "Pos_0:Pos_2:Pos_3_TCA": 0.0, "Pos_1:Pos_2:Pos_3_AAC": 0.0, "Pos_1:Pos_2:Pos_3_TCC": 0.00024061042856386808, "Pos_1:Pos_3_CG": 0.0, "Pos_0:Pos_3_AC": 0.0, "Pos_0:Pos_2_TC": 0.022898467984520048, "Pos_0:Pos_1:Pos_3_TGA": 0.06129691205600652, "Pos_0:Pos_1:Pos_3_CAG": 0.0, "Pos_0:Pos_1:Pos_2_AAG": 0.0, "Pos_1:Pos_3_GC": 0.1343576514130495, "Pos_1:Pos_2:Pos_3_GCA": 0.0, "Pos_0:Pos_2_AG": -0.02169674453301157, "Pos_2:Pos_3_AG": 0.0, "Pos_0:Pos_1:Pos_2_CAC": -0.012319479607505967, "Pos_0:Pos_3_TC": 0.0, "Pos_1:Pos_3_TG": 0.0, "Pos_0:Pos_2:Pos_3_TAA": 0.0, "Pos_0:Pos_2_GT": 0.008089146170138697, "Pos_0:Pos_1:Pos_3_AAA": -0.02917563299473304, "Pos_0:Pos_1_GG": 0.0, "Pos_0:Pos_2:Pos_3_GAA": -0.04492811343430632, "Pos_0:Pos_1:Pos_2_CTC": 0.06409673995474642, "Pos_1:Pos_2:Pos_3_TAA": 0.0, "Pos_0:Pos_1:Pos_2_AGC": 0.0, "Pos_1:Pos_2:Pos_3_ACG": 0.0, "Pos_0:Pos_1:Pos_2_GAT": -0.06359892725330517, "Pos_1:Pos_3_TC": 0.0, "Pos_0:Pos_3_CG": 0.0, "Pos_0:Pos_1:Pos_2_GTC": -0.07466864677779181, "Pos_1:Pos_2:Pos_3_ATT": 0.0, "Pos_0:Pos_2:Pos_3_CAG": 0.0586058272453084, "Pos_0:Pos_1:Pos_2_CCG": 0.0, "Pos_0:Pos_1:Pos_3_TAA": 0.019210685890512585, "Pos_0:Pos_3_CA": 0.0, "Pos_1:Pos_2:Pos_3_CGC": 0.0, "Pos_0:Pos_2:Pos_3_GCA": -0.008648968575718917, "Pos_0:Pos_2_CG": 0.0, "Pos_1:Pos_2:Pos_3_AGA": 0.0, "Pos_1:Pos_2:Pos_3_TTT": 0.0, "Pos_1:Pos_2:Pos_3_GGT": -0.0033521716678161003, "Pos_0:Pos_1:Pos_3_CTA": 0.0005063018990077978, "Pos_0:Pos_2:Pos_3_AGA": 0.0, "Pos_0:Pos_2:Pos_3_ACC": 0.0, "Pos_0:Pos_1_TG": 0.0, "GtoC": -0.48932206139026696, "Pos_0:Pos_1:Pos_2_CGT": 0.0, "Pos_0:Pos_1:Pos_3_TAG": 0.021940955242672398, "Pos_0:Pos_1:Pos_3_AGG": 0.0, "Pos_0:Pos_1:Pos_2_TCG": 0.0, "Pos_0:Pos_2:Pos_3_GGA": 0.0, "Pos_1:Pos_2:Pos_3_GGC": 0.0, "Pos_0:Pos_1:Pos_3_TGC": 0.0, "Pos_1:Pos_2_TC": 0.0, "Pos_0:Pos_2:Pos_3_GTG": 0.0, "Pos_0:Pos_2:Pos_3_GAG": 0.0, "Pos_0:Pos_1:Pos_2_AGT": 0.06991320374006071, "Pos_0:Pos_2:Pos_3_AAT": 0.0, "Pos_0:Pos_1:Pos_2_CGC": 0.0, "Pos_0:Pos_1:Pos_2_TCA": 0.0, "Pos_0:Pos_1_GC": 0.0, "Pos_0:Pos_2:Pos_3_GGT": -0.005367097831462051, "Pos_1:Pos_2:Pos_3_GTC": 0.0, "Pos_0:Pos_2:Pos_3_CTA": 0.0, "Pos_1:Pos_2:Pos_3_AAG": 0.0, "Pos_0:Pos_1:Pos_3_GCA": 0.0, "Pos_1:Pos_2_AA": 0.0, "Pos_0:Pos_1:Pos_3_CGC": 0.0, "Pos_3_G": 0.0, "Pos_1_C": -0.052477695667543955, "Pos_0:Pos_1:Pos_2_GGC": 0.09227555999788882, "Pos_0:Pos_1:Pos_3_ACC": -0.13164954385783995, "Pos_0:Pos_3_AT": 0.0, "Pos_0:Pos_2:Pos_3_CAT": -0.009268841006870275, "Pos_0:Pos_1:Pos_2_GAA": 0.0, "Pos_2:Pos_3_AA": 0.0, "Pos_0:Pos_1:Pos_3_AAC": 0.021725489229527054, "Pos_0:Pos_2:Pos_3_ACG": 0.0, "Pos_0:Pos_2_CC": 0.0, "Pos_0:Pos_2:Pos_3_TAC": 0.023996397145145208, "Pos_2_T": 0.03272676919685646, "Pos_0:Pos_1:Pos_3_TTT": 0.0, "Pos_0:Pos_1:Pos_2_TCC": 0.0, "Pos_0:Pos_1:Pos_2_TAG": -0.19398490081128383, "Pos_0:Pos_2_AC": 0.03808657399882492, "Pos_0:Pos_2:Pos_3_CTG": 0.0, "Pos_0_G": 0.0, "Pos_0:Pos_2:Pos_3_ATC": 0.0, "Pos_1:Pos_2:Pos_3_CAA": -0.04204066117164233, "Pos_1:Pos_3_AC": 0.0, "Pos_0:Pos_1:Pos_3_GAT": 0.0, "Pos_1:Pos_2:Pos_3_GAG": -0.005431930420912169, "Pos_1:Pos_2:Pos_3_AGG": 0.0, "Pos_0:Pos_1:Pos_2_CGG": -0.032529274686793765, "Pos_0:Pos_1:Pos_2_GCT": 0.03405035856839042, "Pos_0:Pos_1_AG": 0.0, "Pos_0:Pos_2:Pos_3_CCT": 0.0, "Pos_0:Pos_2:Pos_3_AAG": -0.02193095798981303, "Pos_0:Pos_3_AA": 0.0, "Pos_1:Pos_2_CG": 0.0, "Pos_0:Pos_1:Pos_2_ATC": 0.0, "Pos_0:Pos_1:Pos_2_AGG": -0.006381179073590556, "Pos_0:Pos_1:Pos_2_GAC": 0.0, "Pos_1:Pos_3_GT": 0.01802396891611928, "Pos_0:Pos_2:Pos_3_TTG": 0.0, "Pos_0:Pos_1:Pos_2_CTG": 0.04007879404364864, "Pos_1:Pos_2:Pos_3_GAA": 0.0, "Pos_2:Pos_3_TT": 0.03279156907217705, "Pos_2:Pos_3_CA": 0.0, "Pos_0:Pos_2:Pos_3_CGC": 0.0, "Pos_0:Pos_1:Pos_2_GTT": 0.0, "Pos_1:Pos_2:Pos_3_CGG": 0.0, "Pos_1:Pos_2:Pos_3_TCA": 0.0, "Pos_0:Pos_3_TT": 0.0022150121358535464,