{"best_a_choice": 3.0, "rank_test_score": {"3": 2, "0": 4, "4": 1, "2": 3, "1": 5}, "param_alpha": {"3": 2.0, "0": 0.01, "4": 3.0, "2": 1.0, "1": 0.1}, "params": {"3": {"alpha": 2.0}, "0": {"alpha": 0.01}, "4": {"alpha": 3.0}, "2": {"alpha": 1.0}, "1": {"alpha": 0.1}}, "split0_test_score": {"3": 0.6810432958, "0": 0.6794468816, "4": 0.6821876788, "2": 0.6799790196, "1": 0.6794392523}}