{"param_alpha": {"3": 2.0, "1": 0.1, "0": 0.01, "2": 1.0, "4": 3.0}, "best_a_choice": 0.01, "rank_test_score": {"3": 4, "1": 2, "0": 1, "2": 3, "4": 5}, "params": {"3": {"alpha": 2.0}, "1": {"alpha": 0.1}, "0": {"alpha": 0.01}, "2": {"alpha": 1.0}, "4": {"alpha": 3.0}}, "split0_test_score": {"3": 0.7728790531, "1": 0.7729779395, "0": 0.7729793087, "2": 0.7729505556, "4": 0.77277256}}