{"AtoC": 0.0, "GtoC": -0.9412523332100706, "TtoA": 1.0295282863316944, "CtoA": 0.22346293384073393, "TtoG": 0.07931219111659837, "AtoT": 1.0483549003951118, "GtoT": 0.06457058884485727, "CtoT": -0.35058388733682216, "CtoG": -1.0112270778956662, "GtoA": -0.4217650824498173, "TtoC": 0.20158805436277066, "AtoG": 0.24701105399443796}