{"AtoG": 0.15152182821995996, "AtoT": 0.570644357968591, "CtoA": 0.0, "GtoT": -0.028051710898238536, "AtoC": -0.0050924674357971786, "GtoA": -0.4365041455633465, "CtoG": -0.5330857194624493, "CtoT": -0.39540957750825684, "GtoC": -0.45010364827727806, "TtoC": 0.07911650078847339, "TtoG": -0.11244754131057548, "GC_feature": -0.15209799467107346, "TtoA": 0.37704169606589655}