{"best_c_choice": 1.0, "split0_test_score": {"1": 0.7450749733, "0": 0.7444946358, "3": 0.7447848046, "2": 0.7448632286}, "params": {"1": {"penalty": "l1", "C": 1.0}, "0": {"penalty": "l1", "C": 0.1}, "3": {"penalty": "l1", "C": 100.0}, "2": {"penalty": "l1", "C": 10.0}}, "param_C": {"1": 1.0, "0": 0.1, "3": 100.0, "2": 10.0}, "param_penalty": {"1": "l1", "0": "l1", "3": "l1", "2": "l1"}, "rank_test_score": {"1": 1, "0": 4, "3": 3, "2": 2}}