{"AtoG": 0.3912290533925864, "AtoT": 1.083978477349681, "CtoA": 0.22839845751841356, "CtoT": -0.26703432782416947, "TtoA": 1.161370435889256, "CtoG": -1.5347691550862477, "GtoA": -0.25893730060130166, "GtoC": -1.494141496563814, "AtoC": 0.07276137536479317, "TtoG": 0.3261971709694764, "TtoC": 0.3712941397976271, "GtoT": 0.3428640595061578}