{"rank_test_score": {"1": 2, "0": 1, "3": 5, "2": 4, "4": 3}, "split0_test_score": {"1": 0.6673937728, "0": 0.6697377838, "3": 0.6656375538, "2": 0.6656976689, "4": 0.6660125574}, "param_alpha": {"1": 0.1, "0": 0.01, "3": 2.0, "2": 1.0, "4": 3.0}, "params": {"1": {"alpha": 0.1}, "0": {"alpha": 0.01}, "3": {"alpha": 2.0}, "2": {"alpha": 1.0}, "4": {"alpha": 3.0}}, "best_a_choice": 0.01}