{"Pos_1:Pos_4_CG": 0.0, "Pos_0_C": 0.0, "Pos_3:Pos_5_TT": -0.06579604098310189, "Pos_2:Pos_5_AT": 0.04540650783331501, "Pos_4:Pos_5_CA": 0.0, "AtoG": 0.0, "Pos_1:Pos_5_CT": -0.0008221314516208124, "Pos_1:Pos_5_AC": -0.05799899030318436, "Pos_0:Pos_5_GA": 0.0, "Pos_0:Pos_4_GA": 0.0, "Pos_0_G": 0.0, "Pos_0:Pos_1_AA": 0.0, "Pos_0:Pos_4_TC": -0.012353806155137027, "Pos_1:Pos_5_TG": -0.015935196899870656, "Pos_3:Pos_5_TC": 0.058942853902754784, "Pos_0:Pos_5_AG": -0.032109885469769825, "Pos_0:Pos_1_CC": -0.062066773382455365, "Pos_0:Pos_3_CA": 0.0, "Pos_4:Pos_5_GA": 0.12356593008666326, "Pos_0_A": 0.0, "Pos_0:Pos_5_AC": -0.026239600392611143, "Pos_2:Pos_3_CG": -0.008565960863747972, "Pos_1:Pos_4_AA": 0.0, "Pos_2:Pos_4_CG": 0.003522154294913811, "Pos_1:Pos_5_TT": 0.005943741380493739, "Pos_0:Pos_5_CT": 0.0, "Pos_1_C": 0.0, "Pos_0:Pos_4_CC": 0.011134861702031464, "Pos_0:Pos_2_TC": 0.0, "Pos_3:Pos_4_TG": 0.0, "Pos_3:Pos_4_TA": -0.004774354936875175, "Pos_3:Pos_5_GT": 0.06773095784453151, "Pos_1:Pos_4_CT": 0.051562609260991245, "Pos_0:Pos_3_GA": -0.004868351343714393, "Pos_0:Pos_2_TG": 0.0, "Pos_3_T": 0.0, "Pos_0:Pos_5_TG": 0.0, "Pos_0:Pos_2_AT": 0.0, "Pos_4:Pos_5_TT": 0.0, "Pos_3:Pos_5_GC": 0.0, "Pos_2:Pos_5_GG": 0.0, "Pos_0:Pos_3_AA": 0.0, "Pos_3:Pos_5_AT": 0.0, "Pos_2_C": 0.0, "Pos_1:Pos_4_GT": 0.0, "Pos_0:Pos_4_TA": 0.0, "Pos_2:Pos_4_CT": -0.0011672726982131158, "Pos_1:Pos_2_CA": 0.0, "Pos_0:Pos_4_CA": 0.0, "Pos_3:Pos_5_AC": -0.06593839762455779, "Pos_4:Pos_5_TC": 0.0, "Pos_0:Pos_3_TG": 0.0, "Pos_5_G": 0.0, "Pos_0:Pos_5_AA": 0.017284898285309637, "Pos_0:Pos_4_CG": 0.0, "Pos_2:Pos_5_GA": 0.0, "Pos_3_G": -0.17885471333048134, "Pos_1:Pos_3_AG": -0.0034437725287838547, "Pos_3:Pos_5_GG": -0.13997212545057014, "Pos_0:Pos_2_TT": 0.0, "Pos_2:Pos_3_CT": 0.0, "Pos_2:Pos_3_AA": 0.010003765118204022, "Pos_0:Pos_5_GT": 0.0, "Pos_0:Pos_2_GG": -0.040012284183627206, "Pos_0:Pos_2_TA": 0.0, "Pos_0:Pos_2_AG": 0.07853952029778485, "Pos_1:Pos_2_AT": 0.02048035220638643, "Pos_4_G": 0.0, "Pos_1:Pos_3_GC": 0.0, "Pos_0:Pos_4_GC": 0.0, "Pos_2:Pos_4_TT": 0.015647833704680744, "Pos_4_T": 0.0, "Pos_3:Pos_4_GA": -0.0028714396638948887, "Pos_0:Pos_2_AC": -0.02715767137565458, "Pos_2:Pos_5_TC": 0.0, "Pos_1:Pos_4_AG": 0.0, "Pos_1:Pos_3_CG": 0.0, "Pos_0:Pos_4_GG": 0.0, "Pos_1:Pos_5_CC": 0.004727567057760881, "Pos_0:Pos_3_AT": 0.015286467335408041, "Pos_2:Pos_4_GT": 0.0, "Pos_0:Pos_2_CG": 0.07727866427187653, "Pos_2:Pos_3_GT": 0.06109344960465165, "Pos_1:Pos_3_TG": 0.0, "Pos_0:Pos_3_CG": -0.04011494777197424, "Pos_3:Pos_4_TT": 0.0, "Pos_1_A": 0.0, "Pos_3:Pos_4_CC": 0.0, "Pos_0:Pos_5_CC": -0.053374523907024164, "Pos_4:Pos_5_GG": -0.02221340490775499, "Pos_3_C": 0.0, "Pos_1:Pos_3_AT": 0.09285373632088584, "Pos_0:Pos_5_TT": -0.0062146145180610795, "Pos_0:Pos_4_CT": 0.0, "Pos_1:Pos_3_CT": -0.01474183900979611, "Pos_2:Pos_5_GC": 0.0, "Pos_1:Pos_4_TT": 0.015781308903427747, "Pos_0:Pos_2_GT": 0.016156456877163144, "Pos_2:Pos_3_AT": -0.05389564363205174, "Pos_2:Pos_5_CC": -0.05526816765906646, "Pos_1:Pos_4_CC": 0.0, "Pos_2:Pos_3_AC": 0.0, "Pos_0:Pos_1_GT": 0.05071200999388766, "Pos_2:Pos_3_AG": 0.0, "Pos_1:Pos_5_CA": 0.030258525922323514, "Pos_2_G": 0.0, "Pos_0:Pos_4_AA": 0.0, "Pos_2:Pos_5_CT": 0.0, "Pos_0:Pos_1_AT": 0.0, "Pos_2:Pos_3_CA": 0.0, "Pos_3:Pos_5_AA": 0.0, "Pos_1:Pos_2_TT": 0.08404269826167332, "Pos_1:Pos_4_TA": 0.0, "Pos_1:Pos_2_GT": -0.006607150980271704, "Pos_2:Pos_4_AA": -0.005012889574554949, "Pos_0:Pos_4_AC": 0.0, "TtoA": 0.4881787282059354, "Pos_1:Pos_4_TG": 0.0, "Pos_0:Pos_4_GT": 0.0, "Pos_0:Pos_2_CA": 0.0, "Pos_2:Pos_4_AT": 0.01829317548764507, "Pos_1:Pos_3_TT": 0.0, "Pos_1:Pos_5_GC": 0.0, "Pos_1:Pos_5_AG": 0.0, "Pos_0:Pos_1_TC": 0.10733579310502268, "Pos_5_C": 0.0, "Pos_1:Pos_4_GG": 0.0, "Pos_3:Pos_5_TG": 0.0, "Pos_0:Pos_5_CG": -0.03050940120934557, "Pos_1:Pos_4_AC": 0.0, "Pos_2_A": 0.0, "Pos_0:Pos_2_CC": 0.0, "Pos_2:Pos_3_GC": 0.16897802269032075, "Pos_1:Pos_5_GT": 0.0, "Pos_0:Pos_3_TA": 0.0, "Pos_4:Pos_5_GT": 0.07841713069517423, "Pos_2:Pos_4_TC": 0.0489612514346253, "Pos_0:Pos_3_GC": 0.0, "Pos_4:Pos_5_AG": 0.0, "Pos_1:Pos_3_TC": 0.0, "Pos_0:Pos_3_TT": 0.0, "Pos_2:Pos_5_TA": 0.06460551177212041, "Pos_0:Pos_1_CA": 0.0, "Pos_4:Pos_5_CG": 0.02484052674080472, "Pos_2:Pos_4_TA": -0.011382031262507572, "Pos_1:Pos_2_TA": 0.0, "Pos_1:Pos_5_AT": 0.0, "Pos_2:Pos_4_GC": 0.16109699955965986, "Pos_0:Pos_3_TC": 0.0, "Pos_2:Pos_3_TG": 0.0, "Pos_0:Pos_1_TT": 0.0, "Pos_2:Pos_3_TA": -0.061921192456259336, "Pos_1_G": 0.0, "Pos_4:Pos_5_TA": 0.01642915200416137, "Pos_1:Pos_3_CC": 0.0, "Pos_3:Pos_4_GT": 0.0, "Pos_4:Pos_5_AC": 0.0, "Pos_0:Pos_2_GC": 0.0, "Pos_1:Pos_5_GA": -0.007657286568150038, "Pos_0:Pos_5_CA": 0.0003256884386403689, "Pos_1:Pos_4_GC": 0.0, "Pos_2:Pos_4_CA": 0.0, "Pos_0:Pos_2_AA": 0.0, "Pos_2:Pos_5_AC": 0.0, "Pos_1:Pos_2_GA": 0.0, "Pos_4:Pos_5_GC": 0.0, "Pos_2:Pos_5_TT": -0.03872186638027762, "Pos_1:Pos_2_TG": 0.1293778066178578, "TtoG": 0.0, "Pos_1:Pos_5_GG": 0.0, "TtoC": 0.005892071110974662, "Pos_2:Pos_5_CG": 0.0, "Pos_0:Pos_1_AG": 0.0, "Pos_3:Pos_5_CC": 0.0, "AtoC": -0.17341350926438148, "Pos_2:Pos_4_AG": 0.05775081085854666, "CtoA": 0.0, "Pos_2:Pos_5_CA": 0.0, "Pos_1:Pos_4_GA": 0.0, "Pos_1:Pos_2_AC": -0.03715387414561058, "Pos_4:Pos_5_TG": 0.0, "Pos_1:Pos_2_GG": 0.0, "Pos_3:Pos_5_AG": 0.0, "Pos_3:Pos_4_AC": 0.0, "Pos_3:Pos_4_GC": 0.0, "Pos_2:Pos_4_GA": 0.034378571463827445, "Pos_1:Pos_3_GA": -0.03449478959798628, "Pos_1:Pos_2_CT": 0.0, "GtoA": -0.3913665131283064, "Pos_4:Pos_5_AT": 0.0, "Pos_1:Pos_2_AA": -0.002337714205957301, "Pos_5_T": 0.0, "Pos_1:Pos_5_AA": 0.0, "Pos_0:Pos_5_GC": 0.0, "Pos_1:Pos_2_CC": 0.0, "Pos_1:Pos_4_AT": 0.0, "Pos_1:Pos_2_AG": 0.022930967145214684, "Pos_0:Pos_3_AG": -0.0047292004505071, "Pos_0:Pos_4_TG": 0.0, "Pos_2:Pos_3_TT": 0.06992141732887362, "Pos_2:Pos_4_TG": 0.0, "Pos_3:Pos_5_CA": 0.0, "Pos_0:Pos_1_AC": 0.05397260512177083, "Pos_2:Pos_5_GT": 0.0, "Pos_2:Pos_4_CC": 0.0, "Pos_0:Pos_1_TG": 0.0, "Pos_0:Pos_1_GA": 0.0, "Pos_2:Pos_3_GG": 0.0, "Pos_2:Pos_3_GA": 0.0, "Pos_1:Pos_4_CA": -0.030336696758875906, "Pos_1:Pos_5_TC": 0.0, "Pos_0:Pos_2_CT": -0.0596493194568278, "Pos_3_A": 0.0, "Pos_0:Pos_1_CT": 0.0, "Pos_1_T": 0.0, "Pos_3:Pos_5_TA": 0.0, "Pos_0:Pos_2_GA": 0.0, "Pos_3:Pos_4_AA": 0.0, "Pos_0:Pos_3_GG": 0.09056652561354259, "Pos_3:Pos_5_GA": -0.01783827013349228, "GC_feature": 0.0, "Pos_1:Pos_3_AA": 0.0, "Pos_3:Pos_4_TC": 0.0, "Pos_0:Pos_5_TC": 0.004676607703229787, "GtoC": -0.35200434306904804, "Pos_2:Pos_4_GG": 0.0, "Pos_5_A": 0.0, "Pos_2:Pos_5_AA": 0.0, "Pos_0:Pos_3_GT": 0.0, "Pos_4:Pos_5_AA": 0.0, "AtoT": 0.40281817796146224, "Pos_0:Pos_5_GG": 0.0, "Pos_3:Pos_4_AG": 0.07737788601622303, "Pos_3:Pos_4_CT": 0.0, "Pos_0:Pos_1_GG": 0.0, "Pos_1:Pos_2_GC": 0.0, "Pos_1:Pos_5_TA": 0.010930049330301178, "Pos_0_T": 0.0, "Pos_0:Pos_1_CG": 0.02093881248085312, "Pos_4:Pos_5_CT": 0.0, "Pos_0:Pos_5_TA": 0.0, "Pos_0:Pos_4_AG": 0.0, "Pos_4_A": 0.0, "Pos_2:Pos_3_CC": 0.0, "Pos_1:Pos_2_CG": -0.19403565537555043, "Pos_1:Pos_3_GT": 0.027152794935133017, "Pos_2:Pos_4_AC": -0.022364861128726102, "Pos_4_C": 0.0, "Pos_0:Pos_3_CT": 0.0, "CtoG": -0.3902738049665363, "Pos_0:Pos_5_AT": 0.021978000188250715, "Pos_1:Pos_3_TA": 0.10078756605756495, "Pos_0:Pos_3_CC": 0.09234728711844163, "Pos_2_T": 0.0, "Pos_3:Pos_5_CG": 0.0, "Pos_2:Pos_3_TC": -0.012526905127075588, "Pos_1:Pos_3_CA": -0.009267202633923917, "Pos_1:Pos_2_TC": -0.059714796662136665, "Pos_4:Pos_5_CC": 0.0, "Pos_2:Pos_5_AG": -0.008851598013267802, "Pos_3:Pos_5_CT": 0.10062764027143863, "GtoT": 0.05484670238027678, "Pos_0:Pos_1_TA": 0.0, "Pos_3:Pos_4_GG": 0.0, "Pos_1:Pos_5_CG": -0.07680894448357216, "Pos_0:Pos_3_AC": 0.0, "Pos_0:Pos_4_AT": 0.0, "Pos_3:Pos_4_CG": -0.07845032428965087, "Pos_2:Pos_5_TG": 0.0, "Pos_1:Pos_4_TC": 0.0, "Pos_1:Pos_3_AC": 0.0, "Pos_0:Pos_4_TT": 0.08981742895108552, "Pos_1:Pos_3_GG": 0.0, "CtoT": -0.4466419836736897, "Pos_0:Pos_1_GC": -0.03814184061108182, "Pos_3:Pos_4_CA": 0.05796973086008735, "Pos_3:Pos_4_AT": 0.0}