{"Pos_3_T": 0.016431119314590355, "Pos_1:Pos_3_TA": 0.09862766862770592, "Pos_1_G": 0.2866680401303185, "Pos_1:Pos_2_GT": 0.0, "Pos_1:Pos_2_CC": 0.0, "Pos_1:Pos_2_GG": 0.0, "Pos_1:Pos_2_TT": 0.054768233435333116, "Pos_1:Pos_3_AC": 0.0, "Pos_0:Pos_3_AT": 0.080673858665416, "Pos_2:Pos_3_CG": -0.038544806812983695, "Pos_1_C": 0.0, "Pos_0:Pos_1_TA": 0.0, "Pos_2:Pos_3_TC": 0.03843306647226366, "Pos_1:Pos_3_AT": 0.05935985644902861, "Pos_2:Pos_3_CC": 0.0, "Pos_0:Pos_3_TA": 0.0, "Pos_2:Pos_3_TG": -0.003143685286035386, "Pos_0:Pos_2_AA": 0.060824956344247304, "Pos_1:Pos_2_AT": -0.09704752469022604, "Pos_0:Pos_1_AG": 0.0, "Pos_0:Pos_1_GA": -0.012602174123015845, "Pos_2:Pos_3_TT": 0.13137038763505873, "CtoG": -1.4975322409024066, "Pos_1:Pos_3_GA": 0.0, "Pos_0:Pos_1_TC": -0.10949062834983943, "Pos_0_T": 0.08108955582917042, "Pos_0:Pos_1_CC": 0.025404430520651916, "Pos_0:Pos_1_AC": -0.20943968329094054, "Pos_2:Pos_3_AT": 0.0, "TtoA": 1.0301077114314652, "Pos_3_A": -0.0012681176901764989, "GtoA": -0.3835086644342149, "Pos_0:Pos_1_GG": 0.0, "Pos_2_A": 0.0, "Pos_1:Pos_2_GA": 0.0, "Pos_1:Pos_2_TA": -0.16504688651684202, "Pos_0:Pos_1_GC": 0.0, "Pos_2:Pos_3_AG": 0.1752988443897014, "Pos_0:Pos_3_CC": 0.0, "Pos_2:Pos_3_GG": 0.15068905143786432, "Pos_0:Pos_3_CG": 0.0, "Pos_0:Pos_2_AT": 0.13748961088680667, "Pos_0:Pos_3_AA": 0.0, "Pos_0:Pos_2_TC": 0.0, "Pos_0:Pos_2_TA": 0.07860199757894948, "Pos_1:Pos_3_CA": 0.0, "Pos_0:Pos_3_TC": 0.07815454797632118, "Pos_2:Pos_3_AC": 0.0, "Pos_1_T": 0.0, "Pos_0:Pos_2_CT": 0.0, "Pos_0:Pos_2_TG": -0.03411811075865508, "Pos_0:Pos_2_CC": 0.0, "Pos_0:Pos_1_CG": -0.2603352308664567, "Pos_0:Pos_2_CG": 0.0, "Pos_0_A": 0.0, "Pos_0_C": 0.0, "Pos_1:Pos_2_CA": 0.0, "Pos_0:Pos_2_AG": -0.10938601153204078, "Pos_0:Pos_1_AT": 0.0, "GtoT": 0.2882045484144417, "Pos_0:Pos_2_CA": -0.01884496425156799, "Pos_0:Pos_3_CT": 0.0, "Pos_0:Pos_1_AA": 0.0, "Pos_2:Pos_3_CA": 0.0862886042378169, "Pos_2_T": 0.0726207203753474, "Pos_2_C": 0.10325910654440842, "Pos_0:Pos_3_GA": -0.016813429988068156, "Pos_3_C": 0.03400176411620596, "Pos_1:Pos_3_CG": 0.0, "Pos_0:Pos_2_TT": 0.021031911794802263, "TtoG": 0.23600569056340215, "Pos_2:Pos_3_TA": 0.0, "CtoA": 0.08691736359666206, "Pos_0:Pos_3_CA": 0.0, "Pos_2:Pos_3_GA": -0.08716805402793695, "Pos_0:Pos_2_GT": 0.0, "Pos_1:Pos_2_GC": 0.09443455743810218, "CtoT": -0.32072487305794123, "Pos_0:Pos_2_AC": 0.0, "Pos_0:Pos_1_CA": 0.16932572020026565, "Pos_0:Pos_3_AC": 0.0, "Pos_0:Pos_1_TG": 0.08997429130695421, "Pos_1:Pos_3_AG": 0.02107245229952323, "Pos_0:Pos_1_GT": 0.0, "Pos_1:Pos_2_AC": 0.05396577111924943, "Pos_0_G": -0.0417710626637513, "Pos_0:Pos_3_GT": -0.027953056365781513, "Pos_0:Pos_2_GG": 0.0, "Pos_2:Pos_3_GT": 0.0, "Pos_0:Pos_3_TG": 0.0, "Pos_0:Pos_3_AG": 0.0, "Pos_2:Pos_3_GC": 0.0, "Pos_1:Pos_3_GC": 0.0048497319252265095, "Pos_1:Pos_2_TC": 0.0, "Pos_0:Pos_2_GA": -0.0016358546689083215, "AtoC": 0.0, "Pos_3_G": 0.0, "Pos_1:Pos_3_CT": -0.0648617329236677, "Pos_1:Pos_2_TG": 0.0, "Pos_1:Pos_2_AG": 0.0, "Pos_1_A": 0.0, "Pos_0:Pos_1_TT": 0.05256854870045908, "AtoT": 0.9903798995038682, "Pos_1:Pos_3_TT": 0.0, "Pos_0:Pos_3_TT": 0.04081229889407556, "Pos_1:Pos_2_AA": 0.13027173589738003, "Pos_2:Pos_3_CT": 0.017653538967834843, "Pos_0:Pos_1_CT": 0.0, "Pos_2:Pos_3_AA": 0.0, "Pos_0:Pos_3_GC": 0.0, "AtoG": 0.2385274612137619, "Pos_1:Pos_3_GG": 0.0, "Pos_1:Pos_3_TC": 0.0, "GtoC": -1.4634696011454846, "TtoC": 0.2635428999104896, "Pos_0:Pos_3_GG": 0.0, "Pos_1:Pos_3_CC": 0.0, "Pos_1:Pos_2_CT": 0.008150011885588854, "Pos_1:Pos_2_CG": -0.10985689776161707, "Pos_0:Pos_2_GC": 0.0, "Pos_1:Pos_3_AA": -0.0011055094058026239, "Pos_1:Pos_3_GT": 0.030490511553604768, "Pos_1:Pos_3_TG": 0.0, "Pos_2_G": -0.08441717103924931}