{"AtoG": 0.0, "Pos_0:Pos_2_GT": 0.0, "GtoT": 0.03222755692238709, "Pos_0:Pos_2_GA": 0.0, "Pos_0:Pos_2_AA": 0.013372193699853626, "Pos_2:Pos_3_TA": -0.02375965839755748, "Pos_2:Pos_3_GT": -0.01848187697351013, "Pos_0_G": -0.05986170882196906, "Pos_2:Pos_3_TG": 0.0, "Pos_0:Pos_3_TG": 0.02106708418742281, "Pos_0:Pos_1_AA": -0.030600729527837815, "Pos_0:Pos_2_TA": 0.01914305429239561, "Pos_1:Pos_3_AT": 0.02072189003688378, "Pos_0:Pos_1_AT": 0.0, "Pos_0:Pos_2_GG": 0.0, "Pos_3_A": 0.0, "AtoT": 0.3896447624069459, "Pos_2_G": -0.11128107341864296, "Pos_1:Pos_3_CC": 0.0036345980827795863, "Pos_0:Pos_3_TT": 0.0, "Pos_0:Pos_3_GT": -0.054884137705747654, "Pos_0:Pos_1_CG": -0.159954813141919, "Pos_1:Pos_3_TG": 0.009072535115873847, "Pos_1:Pos_3_CT": -0.0688021947153152, "TtoG": 0.0032950922857347686, "Pos_0:Pos_2_AG": -0.06282699706796688, "Pos_0:Pos_1_TT": 0.02799170363026218, "Pos_0:Pos_1_GG": 0.0, "Pos_1:Pos_3_TA": 0.0, "Pos_3_G": 0.0, "AtoC": -0.11883979268624965, "Pos_0:Pos_1_CA": 0.014186607943883765, "Pos_0:Pos_1_TC": 0.0, "Pos_0:Pos_1_AC": -0.031251194392834365, "Pos_1:Pos_2_GC": 0.06409668256607219, "GtoC": -0.5536759597699018, "Pos_1:Pos_3_GA": 0.020007024614663565, "Pos_1:Pos_3_AG": 0.0, "Pos_0:Pos_1_GC": 0.0, "Pos_1:Pos_3_GC": 0.0, "Pos_2:Pos_3_TC": 0.03655726010526145, "Pos_0:Pos_1_CT": -0.037323938444417816, "Pos_0:Pos_3_TC": 0.020915272107746005, "Pos_0:Pos_3_CT": 0.004681437038498579, "CtoA": -0.005481725917956104, "Pos_0:Pos_2_CA": -0.02985994191744916, "Pos_1:Pos_3_CA": -0.004131552446245129, "Pos_0:Pos_2_AC": -0.01603499514156794, "Pos_0:Pos_3_GG": 0.009821451552781192, "Pos_1:Pos_2_TG": 0.019929783939135845, "Pos_0:Pos_1_CC": 0.0, "Pos_2_T": 0.0, "Pos_0:Pos_2_TG": -0.022591177197249627, "Pos_1:Pos_2_AT": -0.04805949623421951, "Pos_0:Pos_2_CT": -0.004766713539462917, "TtoC": 0.019919770540760537, "Pos_0:Pos_3_CC": 0.0, "Pos_1:Pos_3_GT": 0.0, "Pos_3_T": 0.0, "Pos_0:Pos_1_AG": 0.037912013980897, "Pos_1:Pos_3_TT": 0.0, "Pos_2_A": 0.0, "Pos_2:Pos_3_CT": 0.11227486868966768, "CtoG": -0.6138762106882917, "Pos_0:Pos_3_AA": -0.023002684682333917, "Pos_2:Pos_3_AA": -0.05599213985859886, "Pos_1:Pos_3_GG": 0.0, "Pos_0:Pos_1_TG": 0.030392639201733577, "Pos_1:Pos_2_CC": 0.0, "Pos_1:Pos_3_TC": 0.039715860570340766, "Pos_2:Pos_3_AT": -0.09316088024719765, "Pos_0_C": 0.0, "Pos_0:Pos_2_CC": 0.008299546091579174, "Pos_0_A": 0.0, "Pos_0:Pos_2_TC": 0.0, "Pos_0:Pos_3_AG": -0.012249113229830843, "Pos_2:Pos_3_AG": 0.034140965575395824, "Pos_2:Pos_3_GG": 0.0, "Pos_0:Pos_3_TA": 0.0, "Pos_1:Pos_2_AG": 0.0, "Pos_0:Pos_3_AT": 0.01144541157495699, "Pos_1:Pos_2_GA": 0.0, "Pos_0:Pos_1_TA": 0.0011440902189663023, "Pos_0:Pos_2_CG": 0.03483812193549986, "Pos_1:Pos_2_GG": 0.0, "Pos_1_A": 0.0, "Pos_1:Pos_2_AA": 0.07652325080323331, "Pos_1:Pos_3_AC": -0.034101301451763905, "Pos_1:Pos_2_TT": 0.014334210880170001, "GC_feature": -0.13275209979751493, "Pos_2:Pos_3_GC": 0.0, "Pos_2:Pos_3_CA": 0.02650579809443701, "Pos_1:Pos_2_CA": -0.023238945574137197, "Pos_0:Pos_3_AC": 0.0, "Pos_2:Pos_3_TT": 0.045388322159125374, "Pos_1:Pos_3_AA": 0.0, "Pos_1_G": 0.21857112407948356, "Pos_0:Pos_2_TT": 0.005293115824411683, "GtoA": -0.45400992628850556, "Pos_1_T": 0.0, "Pos_0:Pos_3_GC": -0.022399076092548317, "Pos_0_T": 0.02038700700036626, "Pos_0:Pos_3_CG": 0.0, "Pos_0:Pos_3_GA": 0.0, "Pos_1:Pos_2_CT": 0.0, "Pos_2:Pos_3_GA": -0.11345387065191183, "Pos_0:Pos_1_GT": 0.0, "Pos_1:Pos_2_GT": 0.026475925332772078, "Pos_2:Pos_3_CG": -0.03198925652868689, "Pos_1:Pos_2_CG": -0.06294140577610662, "Pos_1:Pos_2_AC": 0.0, "CtoT": -0.4527006851256548, "Pos_1:Pos_2_TA": -0.08644035228105082, "Pos_0:Pos_1_GA": -0.016257241090835668, "Pos_2:Pos_3_AC": 0.001752136231151627, "Pos_0:Pos_2_GC": 0.0, "Pos_1:Pos_2_TC": 0.0, "Pos_3_C": 0.0, "TtoA": 0.4391718982639083, "Pos_0:Pos_3_CA": 0.0, "Pos_2_C": 0.0, "Pos_2:Pos_3_CC": 0.0, "Pos_0:Pos_2_AT": 0.028246035265030178, "Pos_1_C": -0.0357830343566276, "Pos_1:Pos_3_CG": 0.0}