{"params": {"4": {"alpha": 3.0}, "3": {"alpha": 2.0}, "0": {"alpha": 0.01}, "2": {"alpha": 1.0}, "1": {"alpha": 0.1}}, "best_a_choice": 3.0, "split0_test_score": {"4": 0.6113071711, "3": 0.6085309618, "0": 0.5874113809, "2": 0.6042411695, "1": 0.5933716042}, "param_alpha": {"4": 3.0, "3": 2.0, "0": 0.01, "2": 1.0, "1": 0.1}, "rank_test_score": {"4": 1, "3": 2, "0": 5, "2": 3, "1": 4}}