{"Pos_0:Pos_1_GT": -0.014264460031693372, "Pos_2:Pos_3_TA": 0.11398344773765118, "Pos_0:Pos_2_AG": -0.026777025015130924, "TtoC": 0.24353843886579601, "Pos_1:Pos_3_TC": 0.0, "Pos_0:Pos_1_AC": -0.18033794246799903, "Pos_1:Pos_3_AA": 0.0, "Pos_1:Pos_2_TG": 0.0, "Pos_0:Pos_1_CG": -0.22197548328731403, "Pos_0:Pos_3_GT": -0.10693923548691327, "Pos_2:Pos_3_GT": 0.0030331100375972243, "Pos_1:Pos_3_TT": 0.0, "Pos_0:Pos_3_GG": 0.26452281493594687, "AtoT": 1.022499136754012, "Pos_1:Pos_3_GT": 0.1541009932171713, "Pos_2_A": 0.0, "Pos_1:Pos_3_AC": -0.04140421131569329, "Pos_1:Pos_3_CC": 0.0, "TtoG": 0.10024963710279007, "Pos_1:Pos_2_AT": -0.16262469288294823, "Pos_0:Pos_1_TC": 0.012101369804955048, "Pos_0:Pos_3_AT": 0.03276967135389852, "Pos_3_T": 0.0, "Pos_1:Pos_3_GC": 0.12554490719411604, "CtoA": 0.170723290845353, "Pos_0:Pos_2_CG": 0.11187389833307834, "AtoC": 0.0, "Pos_0:Pos_1_GA": 0.0, "Pos_1_A": 0.0, "Pos_1:Pos_2_AA": 0.15107545487187227, "Pos_1:Pos_3_CG": 0.0, "Pos_1:Pos_3_AG": 0.09612832367343094, "Pos_3_G": -0.020171589433350234, "Pos_2:Pos_3_GA": -0.04825938675180448, "Pos_0:Pos_2_GT": 0.01564755949311762, "Pos_1:Pos_2_TA": -0.1577804041209121, "Pos_2_G": 0.0, "CtoT": -0.46293508803558625, "Pos_2:Pos_3_AA": 0.0, "Pos_0:Pos_1_CT": 0.0, "Pos_1:Pos_2_CA": 0.0, "Pos_0:Pos_3_CT": 0.0029657309032168596, "Pos_0:Pos_1_CA": 0.12864474783067625, "Pos_2:Pos_3_AC": 0.0, "Pos_0:Pos_2_AC": 0.003169926507597954, "Pos_0:Pos_3_GA": 0.02163819563197428, "Pos_0:Pos_1_AG": 0.11003773426311658, "Pos_1:Pos_2_TC": 0.03228836843038151, "Pos_0_G": 0.0, "Pos_2:Pos_3_CA": 0.1038772017735977, "Pos_1:Pos_3_TG": -0.07296404760067267, "Pos_0:Pos_3_CG": -0.014407124073594102, "Pos_2:Pos_3_TC": 0.0, "Pos_0:Pos_3_CA": 0.00094543866852936, "Pos_0:Pos_3_AA": -0.031085213789821695, "Pos_1:Pos_2_GT": 0.014675372451043, "Pos_0:Pos_2_CT": -0.049209569006572376, "Pos_0:Pos_2_AA": 0.24548789899703094, "Pos_2:Pos_3_AT": -0.2052815163880679, "Pos_0:Pos_2_TC": 0.0, "Pos_2:Pos_3_GC": 0.06721011786419374, "Pos_2_C": 0.30375880591989807, "Pos_1:Pos_3_CT": 0.0, "Pos_1:Pos_2_GC": 0.0, "Pos_0:Pos_2_AT": 0.1375523640298704, "Pos_0:Pos_1_GC": 0.0, "Pos_0_T": 0.13179705152946192, "TtoA": 1.1286583099461716, "Pos_0:Pos_3_CC": 0.0, "Pos_0:Pos_2_CC": 0.0, "GtoC": -2.1929939208108076, "Pos_0_C": 0.0, "Pos_0:Pos_3_TT": 0.08138112726617626, "Pos_0:Pos_3_AC": 0.17258569800569779, "Pos_1:Pos_2_AG": 0.0, "Pos_1:Pos_2_CC": 0.0, "Pos_0:Pos_3_TA": 0.011652542097078441, "GtoT": 0.37214541078100205, "Pos_0:Pos_2_GG": 0.0, "Pos_1:Pos_2_GG": 0.0, "Pos_0:Pos_2_GA": -0.06226248443393325, "Pos_2:Pos_3_GG": 0.0, "Pos_3_A": 0.0, "Pos_0:Pos_3_GC": 0.0, "Pos_0:Pos_3_AG": 0.015878367599458147, "Pos_1_C": 0.0, "Pos_0_A": 0.0, "Pos_0:Pos_1_AA": 0.043204325030727714, "Pos_0:Pos_2_TA": 0.18020983171584481, "Pos_1:Pos_3_TA": 0.0, "Pos_2:Pos_3_AG": 0.2212065107175571, "CtoG": -2.074954029320745, "Pos_0:Pos_1_TA": -0.03188238759042834, "Pos_1:Pos_2_TT": 0.15823415508078642, "Pos_0:Pos_2_GC": 0.016778965057815873, "Pos_2_T": 0.16176491829398065, "Pos_0:Pos_3_TC": 0.030309697574122777, "Pos_2:Pos_3_TG": 0.0, "Pos_2:Pos_3_TT": 0.15350345908097368, "Pos_2:Pos_3_CT": 0.06126345775563842, "Pos_2:Pos_3_CG": -0.2947697620015513, "Pos_0:Pos_1_TG": 0.10290876125197637, "Pos_1:Pos_2_CT": 0.11388116141440606, "Pos_0:Pos_1_GG": 0.0978339568751015, "Pos_1:Pos_3_GG": 0.0, "Pos_0:Pos_2_TG": 0.0, "Pos_1:Pos_3_AT": 0.2739542175255883, "Pos_1:Pos_3_CA": 0.01139817052825184, "Pos_0:Pos_1_CC": 0.0920135474284316, "Pos_1:Pos_3_GA": 0.0, "Pos_1:Pos_2_GA": 0.02004396987146875, "Pos_0:Pos_1_TT": 0.04837310174080432, "Pos_3_C": 0.0, "GtoA": -0.39188547877354457, "Pos_0:Pos_2_CA": 0.0, "Pos_1:Pos_2_AC": 0.008799023634080229, "AtoG": 0.2265533541846895, "Pos_0:Pos_3_TG": -0.0018898580004198023, "Pos_1_T": 0.0, "Pos_1_G": 0.1903834805576933, "Pos_0:Pos_2_TT": 0.0388440110914299, "Pos_1:Pos_2_CG": -0.2180265876723426, "Pos_0:Pos_1_AT": 0.0026522692829162695, "Pos_2:Pos_3_CC": 0.018250264827239588}