{"best_a_choice": 3.0, "params": {"3": {"alpha": 2.0}, "0": {"alpha": 0.01}, "2": {"alpha": 1.0}, "4": {"alpha": 3.0}, "1": {"alpha": 0.1}}, "param_alpha": {"3": 2.0, "0": 0.01, "2": 1.0, "4": 3.0, "1": 0.1}, "rank_test_score": {"3": 2, "0": 5, "2": 3, "4": 1, "1": 4}, "split0_test_score": {"3": 0.6532483217, "0": 0.6471704624, "2": 0.6519935379, "4": 0.6535149633, "1": 0.6498682477}}