{"best_c_choice": 0.1, "params": {"2": {"penalty": "l1", "C": 10.0}, "3": {"penalty": "l1", "C": 100.0}, "1": {"penalty": "l1", "C": 1.0}, "0": {"penalty": "l1", "C": 0.1}}, "param_penalty": {"2": "l1", "3": "l1", "1": "l1", "0": "l1"}, "param_C": {"2": 10.0, "3": 100.0, "1": 1.0, "0": 0.1}, "split0_test_score": {"2": 0.6902460423, "3": 0.6669082586, "1": 0.7246004196, "0": 0.7514800687}, "rank_test_score": {"2": 3, "3": 4, "1": 2, "0": 1}}