{"Pos_1:Pos_4_GA": 0.0, "Pos_0:Pos_1_AC": 0.0, "Pos_2:Pos_4_CT": -0.14288351921082856, "GtoC": -1.7982140972239289, "Pos_3:Pos_4_CG": -0.12552000067247854, "Pos_0:Pos_3_TC": 0.031572790961649555, "Pos_1:Pos_4_GG": 0.02717604127757152, "Pos_4:Pos_5_TG": -0.008382198598494569, "Pos_0:Pos_1_TC": 0.05612987849136199, "Pos_3:Pos_5_GT": 0.01732771244553002, "Pos_2:Pos_5_CG": 0.0, "Pos_2:Pos_3_GG": 0.0, "Pos_2:Pos_5_TA": 0.0, "Pos_4:Pos_5_AG": -0.005052635804426031, "Pos_0:Pos_2_AG": 0.0, "Pos_1:Pos_3_CT": 0.0, "Pos_3:Pos_4_GA": -0.07479097848153451, "Pos_2:Pos_5_CT": -0.10393127418056071, "Pos_4_A": 0.0, "Pos_1:Pos_5_AT": 0.0, "Pos_0:Pos_5_GC": 0.0, "Pos_1:Pos_2_GC": 0.0, "Pos_5_G": -0.0024710992519384693, "Pos_0:Pos_2_TC": 0.034213781220005984, "Pos_3:Pos_5_AT": 0.0, "Pos_2:Pos_4_AT": 0.05146583892869249, "Pos_0:Pos_4_TT": 0.0, "Pos_0:Pos_3_GC": 0.0, "Pos_2:Pos_3_GA": 0.0, "Pos_0:Pos_3_AT": 6.0196049692096945e-05, "Pos_1:Pos_2_TA": 0.0, "Pos_5_T": 0.0, "Pos_0:Pos_4_GT": -0.036999645841539086, "Pos_1:Pos_4_CT": 0.0, "Pos_0:Pos_2_TG": 0.0, "Pos_0:Pos_1_TA": 0.0, "Pos_1:Pos_2_AT": 0.0, "Pos_1:Pos_5_GT": -0.06440339724068364, "Pos_1:Pos_4_AT": 0.09921390110179905, "Pos_2:Pos_4_CG": 0.0, "Pos_2:Pos_3_GT": 0.0, "Pos_2:Pos_3_AG": 0.0, "GtoT": 0.20763382799135321, "Pos_0:Pos_5_GA": 0.012060531848083826, "Pos_1:Pos_4_AA": 0.0, "Pos_1:Pos_2_GG": 0.0, "Pos_3:Pos_5_AC": 0.0, "Pos_0:Pos_5_GG": 0.0, "Pos_0:Pos_3_CC": 0.019629036526310872, "Pos_2_A": 0.0, "Pos_2:Pos_5_TC": 0.022777551738049167, "Pos_2:Pos_3_TA": -0.08969013933281689, "Pos_3:Pos_4_GC": 0.0, "Pos_0:Pos_2_GC": 0.0, "Pos_0:Pos_1_GT": 0.09602077042485921, "Pos_4:Pos_5_GG": 0.0, "Pos_2:Pos_3_AC": 0.0, "Pos_2:Pos_4_TT": 0.0, "Pos_1:Pos_2_TG": 0.07311434399420821, "GtoA": -0.42693041297945256, "Pos_2:Pos_3_TG": 0.011649667702687756, "Pos_0:Pos_3_GA": 0.0, "Pos_0:Pos_3_GG": 0.0, "Pos_3:Pos_4_GG": 0.015193584607876776, "Pos_3:Pos_4_TG": 0.0, "Pos_2:Pos_4_TA": 0.0026941328028192418, "Pos_3:Pos_5_AA": -0.010509613851799006, "Pos_0:Pos_4_TC": -0.01250855946922465, "Pos_0:Pos_5_CT": 0.013183974686899198, "Pos_0:Pos_3_CG": -0.24266505303881336, "Pos_1_T": 0.10905884551032421, "Pos_4:Pos_5_AA": 0.08433148300709555, "Pos_3:Pos_4_CC": 0.0, "Pos_1:Pos_2_TC": -0.016689287332372897, "Pos_3:Pos_5_GA": 0.0, "Pos_4:Pos_5_CA": 0.0, "Pos_1:Pos_3_AC": 0.0, "Pos_2:Pos_5_GC": 0.04390820300011445, "Pos_0:Pos_5_TA": 0.0, "AtoT": 0.8986750173220936, "Pos_1:Pos_3_AA": 0.0, "Pos_2:Pos_5_GA": 0.0, "Pos_0:Pos_4_CG": 0.02610134827527034, "Pos_1:Pos_5_GC": 0.02477327682361704, "Pos_0:Pos_4_GC": 0.0, "Pos_4:Pos_5_CC": -0.027448544236961046, "Pos_4:Pos_5_TT": 0.11029003314671461, "Pos_0:Pos_4_CT": 0.0, "Pos_2:Pos_3_CT": 0.0988556099582462, "Pos_1:Pos_3_CA": -0.02334990489237246, "Pos_0_C": 0.0, "Pos_2:Pos_3_GC": 0.04840059451357878, "Pos_4:Pos_5_GC": 0.0, "Pos_2:Pos_5_GG": 0.0, "Pos_0:Pos_2_TT": -0.0066248455341517964, "Pos_2:Pos_3_CA": 0.0, "Pos_3_G": 0.0, "Pos_1:Pos_5_GG": 0.0, "Pos_0:Pos_3_TA": 0.044493592335133184, "Pos_1:Pos_3_TC": 0.0, "Pos_2:Pos_4_AC": 0.0, "Pos_2:Pos_4_GT": 0.07484663976302039, "Pos_0:Pos_3_CT": 0.052266336843268424, "CtoA": 0.05598853608669688, "Pos_1:Pos_5_CA": 0.07532989878733394, "Pos_0:Pos_1_AA": 0.10265030048045187, "Pos_1:Pos_5_CT": 0.0, "Pos_3:Pos_5_GG": -0.16822449355115918, "Pos_1:Pos_4_AG": -0.0242882969937635, "Pos_0:Pos_5_AT": 0.14906427013995846, "Pos_1:Pos_4_TT": 0.0, "Pos_3:Pos_4_TA": 0.0, "Pos_0:Pos_4_AT": 0.008998792916969759, "Pos_1:Pos_5_TG": 0.018743149440294184, "Pos_0:Pos_1_TG": 0.0, "Pos_1_G": -0.041748965314303894, "Pos_4:Pos_5_CT": 0.0, "Pos_2:Pos_4_GC": 0.06656620450109225, "Pos_0:Pos_4_AC": 0.068942515812566, "Pos_1:Pos_4_TA": 0.0, "Pos_3_C": 0.0517564058479881, "Pos_2:Pos_5_AG": 0.0, "Pos_1:Pos_4_TC": 0.02656389939965212, "Pos_1:Pos_3_GG": 0.0, "Pos_2:Pos_5_TG": -0.04243741696588078, "Pos_1:Pos_2_GT": 0.0, "Pos_0:Pos_5_AA": -0.02360053036523484, "Pos_0:Pos_5_AC": 0.11935476773299884, "Pos_1:Pos_5_AA": 0.0, "Pos_1:Pos_5_GA": 0.0, "Pos_3:Pos_5_TA": 0.07580814634203487, "Pos_1:Pos_2_GA": -0.009818727662048546, "Pos_2:Pos_3_AA": 0.12446912826631498, "Pos_2:Pos_3_CG": -0.05008414631371975, "Pos_0:Pos_1_CC": 0.0, "Pos_0:Pos_1_AT": 0.0, "Pos_0:Pos_4_TG": 0.02307355091877625, "Pos_0:Pos_4_GG": 0.0, "Pos_2:Pos_5_GT": 0.0, "Pos_2_C": -0.020784744596247694, "Pos_0:Pos_5_AG": 0.0, "TtoC": 0.1687592201876927, "Pos_2:Pos_3_AT": -0.06174766799938577, "Pos_1:Pos_4_CC": -0.02393029365921521, "Pos_0:Pos_5_CC": 0.0, "Pos_2:Pos_5_AA": 0.03729196299245467, "Pos_0:Pos_2_AT": 0.011886584760852416, "Pos_1:Pos_5_AC": -0.010710542880135421, "Pos_3:Pos_4_TT": 0.11934461001445258, "Pos_1:Pos_2_CC": 0.0, "Pos_4:Pos_5_CG": 0.1803966421166766, "Pos_0_A": 0.0, "Pos_4:Pos_5_AC": 0.05347504721969434, "Pos_1:Pos_3_AT": 0.09891431349643498, "Pos_1:Pos_3_TA": 0.002277950834618557, "Pos_0:Pos_4_TA": 0.0, "Pos_2:Pos_5_CA": 0.007357882329308982, "Pos_0:Pos_4_CA": -0.009067345486821837, "Pos_1:Pos_2_CA": 0.026397005801954126, "AtoC": -0.09082271806122075, "TtoA": 1.0255778896459842, "Pos_2:Pos_4_TC": 0.0, "Pos_3:Pos_4_AT": -0.07997588539692845, "Pos_3_A": -0.042983884995433784, "Pos_2:Pos_4_AA": -0.009278711416215302, "Pos_2:Pos_4_CA": 0.0051256829480025535, "Pos_0:Pos_2_AC": -0.03627179078675091, "Pos_1:Pos_3_GA": -0.004814397379583663, "Pos_4_G": 0.0, "Pos_1:Pos_5_TT": 0.0, "Pos_0:Pos_4_CC": 0.0, "Pos_3:Pos_5_GC": -0.06252207187450988, "Pos_3:Pos_5_AG": 0.0, "Pos_0:Pos_2_CT": 0.0, "Pos_1:Pos_2_AC": -0.06538004679609469, "Pos_0:Pos_5_TC": 0.0, "Pos_3:Pos_5_CG": 0.0, "Pos_0:Pos_1_TT": 0.08026271425277169, "Pos_0:Pos_1_GC": 0.0, "Pos_1:Pos_3_GC": 0.0, "Pos_0:Pos_2_TA": 0.032773512111736985, "Pos_0:Pos_5_TG": 0.022021567519830754, "Pos_1:Pos_2_AG": 0.030778704902138906, "Pos_3_T": 0.0166186667688022, "Pos_0:Pos_1_CT": -0.012266865374921663, "Pos_3:Pos_5_CC": 0.0, "Pos_0_T": 0.15394910155500702, "Pos_1_C": 0.0, "Pos_2_G": 0.266668762470272, "Pos_0:Pos_4_GA": 0.0, "Pos_0_G": 0.0, "Pos_1_A": 0.0, "Pos_4:Pos_5_TC": 0.09240415545839846, "Pos_0:Pos_1_CA": 0.0, "Pos_0:Pos_1_GG": -0.005914642947934315, "Pos_2:Pos_5_AC": 0.0, "Pos_0:Pos_3_AC": 0.0, "Pos_1:Pos_4_AC": 0.06647837795026132, "Pos_2:Pos_4_AG": 0.029248994788886453, "Pos_0:Pos_4_AA": 0.0, "Pos_1:Pos_2_CT": 0.0, "Pos_2:Pos_3_CC": 0.0, "Pos_1:Pos_5_CG": -0.04046698614738121, "Pos_2:Pos_4_GG": 0.0, "Pos_1:Pos_3_CG": 0.08953267624283077, "Pos_0:Pos_1_AG": 0.0, "Pos_0:Pos_2_AA": 0.0, "Pos_1:Pos_3_TT": 0.04729860949412387, "Pos_2:Pos_3_TT": 0.016273867850744847, "Pos_0:Pos_3_GT": -0.034368844273270895, "Pos_2:Pos_4_GA": 0.0, "Pos_5_C": 0.0, "Pos_1:Pos_4_GC": 0.0, "Pos_1:Pos_4_GT": -0.02288640430362065, "Pos_0:Pos_3_AA": 0.0, "Pos_1:Pos_3_CC": 0.025271181557419118, "Pos_0:Pos_3_CA": 0.0, "Pos_2:Pos_4_CC": -0.00296980832495705, "TtoG": 0.17690643868206865, "Pos_2:Pos_3_TC": 0.0, "Pos_0:Pos_2_CC": 0.0, "Pos_3:Pos_5_TC": 0.0, "Pos_0:Pos_2_GA": 0.0, "Pos_0:Pos_2_GT": 0.029945849909261184, "Pos_1:Pos_3_TG": -0.015140174167537173, "Pos_3:Pos_4_GT": 0.0, "Pos_4:Pos_5_AT": 0.0, "Pos_4:Pos_5_TA": 0.0, "Pos_3:Pos_5_TT": 0.0, "Pos_0:Pos_2_GG": 0.0007868647615454508, "Pos_0:Pos_4_AG": -0.00938495124478938, "Pos_1:Pos_2_TT": 0.09869262410836886, "Pos_2:Pos_5_CC": -0.11684116199644135, "Pos_4_C": 0.0, "Pos_1:Pos_3_GT": 0.0, "Pos_4_T": 0.0, "Pos_0:Pos_1_GA": 0.033173644854254, "Pos_3:Pos_4_AC": -0.02297060124459549, "Pos_3:Pos_5_CT": 0.14574635809656664, "Pos_1:Pos_2_CG": -0.31057927610040775, "Pos_1:Pos_4_TG": 0.0, "Pos_4:Pos_5_GA": 0.10245175962677416, "Pos_2_T": 0.0, "Pos_0:Pos_3_TT": 0.0, "Pos_1:Pos_4_CG": 0.007585565892362613, "Pos_0:Pos_5_CG": 0.0, "Pos_0:Pos_3_AG": 0.013118221100902952, "Pos_0:Pos_3_TG": -0.10164388188863217, "Pos_0:Pos_5_GT": 0.0, "Pos_2:Pos_5_TT": 0.0, "Pos_1:Pos_5_AG": 0.0, "Pos_3:Pos_4_AA": 0.0, "Pos_0:Pos_5_TT": 0.0, "Pos_1:Pos_3_AG": 0.0, "Pos_3:Pos_4_AG": 0.21940340327030403, "Pos_5_A": 0.010235035060642106, "CtoT": -0.44084125098989474, "Pos_4:Pos_5_GT": 0.0, "Pos_1:Pos_5_TA": 0.0, "Pos_3:Pos_5_CA": 0.0, "Pos_3:Pos_4_CA": 0.11237407409553621, "Pos_1:Pos_5_CC": 0.0,