{"rank_test_score": {"1": 2, "3": 4, "0": 1, "4": 5, "2": 3}, "best_a_choice": 0.01, "param_alpha": {"1": 0.1, "3": 2.0, "0": 0.01, "4": 3.0, "2": 1.0}, "split0_test_score": {"1": 0.7106408545, "3": 0.7026988365, "0": 0.7130211711, "4": 0.7011348465, "2": 0.7050715239}, "params": {"1": {"alpha": 0.1}, "3": {"alpha": 2.0}, "0": {"alpha": 0.01}, "4": {"alpha": 3.0}, "2": {"alpha": 1.0}}}