{"AtoT": 0.3525448739484054, "AtoC": 0.0, "TtoA": 0.2836032106032322, "CtoA": -0.012501321629287939, "CtoT": -0.4583221573011437, "TtoC": 0.0, "GtoT": 0.0211571805875283, "AtoG": 0.00021425180377512756, "CtoG": -0.3601646081076111, "GtoC": -0.3339960762072613, "TtoG": -0.007122063099571231, "GC_feature": -0.029428490644664858, "GtoA": -0.3598405874642356}