{"Pos_0_G": 0.0, "AtoG": 0.0, "Pos_1_C": -0.12388696212417968, "AtoT": 0.385306257465015, "Pos_3_A": -0.03530892798064206, "CtoA": -0.06180396659194642, "Pos_3_C": 0.0, "GtoT": 0.050001325045349466, "TtoC": 0.01566674628013095, "AtoC": -0.03148800095992577, "Pos_1_A": 0.0, "Pos_1_T": -0.0010237013763768025, "GtoC": -0.4743825671767621, "Pos_0_T": 0.19506815813457798, "TtoA": 0.4287316973817731, "Pos_1_G": 0.313396175753903, "CtoG": -0.41530933838729384, "Pos_0_A": 0.0, "Pos_0_C": 0.0, "Pos_3_G": 0.0, "TtoG": 0.02438270520277719, "Pos_2_A": -0.07793268961896613, "Pos_2_G": -0.2667380324321622, "Pos_3_T": 0.01437637730982433, "CtoT": -0.3296079281987452, "Pos_2_C": 0.0, "Pos_2_T": 0.031284604878315775, "GC_feature": -0.12309040013018366, "GtoA": -0.32794750304071757}