{"params": {"1": {"penalty": "l1", "C": 1.0}, "2": {"penalty": "l1", "C": 10.0}, "0": {"penalty": "l1", "C": 0.1}, "3": {"penalty": "l1", "C": 100.0}}, "param_C": {"1": 1.0, "2": 10.0, "0": 0.1, "3": 100.0}, "best_c_choice": 0.1, "rank_test_score": {"1": 2, "2": 3, "0": 1, "3": 4}, "split0_test_score": {"1": 0.7116688919, "2": 0.6562654969, "0": 0.7514762541, "3": 0.6188518024}, "param_penalty": {"1": "l1", "2": "l1", "0": "l1", "3": "l1"}}