{"pos0": {"stats": "{\"group\":{\"8\":\"1\",\"9\":\"1\",\"10\":\"1\",\"11\":\"1\",\"12\":\"1\",\"13\":\"1\",\"14\":\"1\",\"15\":\"1\",\"0\":\"2\",\"1\":\"2\",\"2\":\"2\",\"3\":\"2\",\"4\":\"2\",\"5\":\"2\",\"6\":\"2\",\"7\":\"2\"},\"mut\":{\"8\":\"M\",\"9\":\"M\",\"10\":\"M\",\"11\":\"M\",\"12\":\"R\",\"13\":\"R\",\"14\":\"R\",\"15\":\"R\",\"0\":\"M\",\"1\":\"M\",\"2\":\"M\",\"3\":\"M\",\"4\":\"R\",\"5\":\"R\",\"6\":\"R\",\"7\":\"R\"},\"base\":{\"8\":\"A\",\"9\":\"C\",\"10\":\"G\",\"11\":\"T\",\"12\":\"A\",\"13\":\"C\",\"14\":\"G\",\"15\":\"T\",\"0\":\"A\",\"1\":\"C\",\"2\":\"G\",\"3\":\"T\",\"4\":\"A\",\"5\":\"C\",\"6\":\"G\",\"7\":\"T\"},\"count\":{\"8\":2561,\"9\":2880,\"10\":2338,\"11\":2788,\"12\":2427,\"13\":2695,\"14\":2704,\"15\":2741,\"0\":2620,\"1\":3362,\"2\":2880,\"3\":1575,\"4\":2631,\"5\":2517,\"6\":2756,\"7\":2533},\"fitted\":{\"8\":2533.2740874735,\"9\":3048.5014874429,\"10\":2473.551656909,\"11\":2511.6727681746,\"12\":2454.7259125265,\"13\":2526.4985125571,\"14\":2568.448343091,\"15\":3017.3272318254,\"0\":2647.7259125265,\"1\":3193.4985125571,\"2\":2744.448343091,\"3\":1851.3272318254,\"4\":2603.2740874735,\"5\":2685.5014874429,\"6\":2891.551656909,\"7\":2256.6727681746},\"ret\":{\"8\":0.0006636138,\"9\":-0.0038982193,\"10\":-0.0031367298,\"11\":0.006927227,\"12\":-0.0006562735,\"13\":0.0041420579,\"14\":0.0033104946,\"15\":-0.0062671208,\"0\":-0.0006565472,\"1\":0.0041151852,\"2\":0.0033052132,\"3\":-0.0060606281,\"4\":0.0006635174,\"5\":-0.003882618,\"6\":-0.0031499615,\"7\":0.0069651994}}", "deviance": 200.32861584114687, "formula": "count ~ group * mut * base - group : mut : base", "prob": 3.582261204332364e-43, "rel_entropy": 0.002384410300908718, "df": 3}, "pos2": {"stats": "{\"group\":{\"8\":\"1\",\"9\":\"1\",\"10\":\"1\",\"11\":\"1\",\"12\":\"1\",\"13\":\"1\",\"14\":\"1\",\"15\":\"1\",\"0\":\"2\",\"1\":\"2\",\"2\":\"2\",\"3\":\"2\",\"4\":\"2\",\"5\":\"2\",\"6\":\"2\",\"7\":\"2\"},\"mut\":{\"8\":\"M\",\"9\":\"M\",\"10\":\"M\",\"11\":\"M\",\"12\":\"R\",\"13\":\"R\",\"14\":\"R\",\"15\":\"R\",\"0\":\"M\",\"1\":\"M\",\"2\":\"M\",\"3\":\"M\",\"4\":\"R\",\"5\":\"R\",\"6\":\"R\",\"7\":\"R\"},\"base\":{\"8\":\"A\",\"9\":\"C\",\"10\":\"G\",\"11\":\"T\",\"12\":\"A\",\"13\":\"C\",\"14\":\"G\",\"15\":\"T\",\"0\":\"A\",\"1\":\"C\",\"2\":\"G\",\"3\":\"T\",\"4\":\"A\",\"5\":\"C\",\"6\":\"G\",\"7\":\"T\"},\"count\":{\"8\":4695,\"9\":1495,\"10\":3072,\"11\":1305,\"12\":3305,\"13\":2978,\"14\":1069,\"15\":3215,\"0\":2675,\"1\":2373,\"2\":3274,\"3\":2115,\"4\":3206,\"5\":3076,\"6\":1131,\"7\":3024},\"fitted\":{\"8\":4212.2722824816,\"9\":1719.3556390366,\"10\":3057.928267265,\"11\":1577.4438112167,\"12\":3787.7277175183,\"13\":2753.6443609634,\"14\":1083.071732735,\"15\":2942.5561887833,\"0\":3157.7277175183,\"1\":2148.6443609634,\"2\":3288.071732735,\"3\":1842.5561887833,\"4\":2723.2722824816,\"5\":3300.3556390366,\"6\":1116.928267265,\"7\":3296.4438112167},\"ret\":{\"8\":0.0121259793,\"9\":-0.0049760989,\"10\":0.000335747,\"11\":-0.0058901034,\"12\":-0.0107258154,\"13\":0.0055526768,\"14\":-0.0003327919,\"15\":0.0067769015,\"0\":-0.0105644487,\"1\":0.0056103907,\"2\":-0.0003342596,\"3\":0.0069429765,\"4\":0.0124544531,\"5\":-0.0051549932,\"6\":0.0003370788,\"7\":-0.0062098105}}", "deviance": 499.7172534712417, "formula": "count ~ group * mut * base - group : mut : base", "prob": 5.494723878734552e-108, "rel_entropy": 0.005947881992373377, "df": 3}, "pos1": {"stats": "{\"group\":{\"8\":\"1\",\"9\":\"1\",\"10\":\"1\",\"11\":\"1\",\"12\":\"1\",\"13\":\"1\",\"14\":\"1\",\"15\":\"1\",\"0\":\"2\",\"1\":\"2\",\"2\":\"2\",\"3\":\"2\",\"4\":\"2\",\"5\":\"2\",\"6\":\"2\",\"7\":\"2\"},\"mut\":{\"8\":\"M\",\"9\":\"M\",\"10\":\"M\",\"11\":\"M\",\"12\":\"R\",\"13\":\"R\",\"14\":\"R\",\"15\":\"R\",\"0\":\"M\",\"1\":\"M\",\"2\":\"M\",\"3\":\"M\",\"4\":\"R\",\"5\":\"R\",\"6\":\"R\",\"7\":\"R\"},\"base\":{\"8\":\"A\",\"9\":\"C\",\"10\":\"G\",\"11\":\"T\",\"12\":\"A\",\"13\":\"C\",\"14\":\"G\",\"15\":\"T\",\"0\":\"A\",\"1\":\"C\",\"2\":\"G\",\"3\":\"T\",\"4\":\"A\",\"5\":\"C\",\"6\":\"G\",\"7\":\"T\"},\"count\":{\"8\":4510,\"9\":1797,\"10\":2688,\"11\":1572,\"12\":2343,\"13\":2809,\"14\":2662,\"15\":2753,\"0\":1510,\"1\":3593,\"2\":3499,\"3\":1835,\"4\":2302,\"5\":3125,\"6\":2505,\"7\":2505},\"fitted\":{\"8\":3841.930172486,\"9\":2162.5394791646,\"10\":2884.6012188482,\"11\":1677.9291295013,\"12\":3011.069827514,\"13\":2443.4605208354,\"14\":2465.3987811518,\"15\":2647.0708704987,\"0\":2178.0698275172,\"1\":3227.4605208354,\"2\":3302.3987811518,\"3\":1729.0708704987,\"4\":1633.9301724886,\"5\":3490.5394791646,\"6\":2701.6012188482,\"7\":2610.9291295013},\"ret\":{\"8\":0.0172122789,\"9\":-0.0079208913,\"10\":-0.0045168511,\"11\":-0.0024403151,\"12\":-0.0139919222,\"13\":0.0093223164,\"14\":0.0048619235,\"15\":0.0025714368,\"0\":-0.0131679072,\"1\":0.0091768183,\"2\":0.0048167145,\"3\":0.0025973535,\"4\":0.0187845813,\"5\":-0.0082292376,\"6\":-0.004505512,\"7\":-0.0024697823}}", "deviance": 1016.6779951931717, "formula": "count ~ group * mut * base - group : mut : base", "prob": 4.336473758492522e-220, "rel_entropy": 0.01210100451334474, "df": 3}, "pos3": {"stats": "{\"group\":{\"8\":\"1\",\"9\":\"1\",\"10\":\"1\",\"11\":\"1\",\"12\":\"1\",\"13\":\"1\",\"14\":\"1\",\"15\":\"1\",\"0\":\"2\",\"1\":\"2\",\"2\":\"2\",\"3\":\"2\",\"4\":\"2\",\"5\":\"2\",\"6\":\"2\",\"7\":\"2\"},\"mut\":{\"8\":\"M\",\"9\":\"M\",\"10\":\"M\",\"11\":\"M\",\"12\":\"R\",\"13\":\"R\",\"14\":\"R\",\"15\":\"R\",\"0\":\"M\",\"1\":\"M\",\"2\":\"M\",\"3\":\"M\",\"4\":\"R\",\"5\":\"R\",\"6\":\"R\",\"7\":\"R\"},\"base\":{\"8\":\"A\",\"9\":\"C\",\"10\":\"G\",\"11\":\"T\",\"12\":\"A\",\"13\":\"C\",\"14\":\"G\",\"15\":\"T\",\"0\":\"A\",\"1\":\"C\",\"2\":\"G\",\"3\":\"T\",\"4\":\"A\",\"5\":\"C\",\"6\":\"G\",\"7\":\"T\"},\"count\":{\"8\":2218,\"9\":2251,\"10\":3461,\"11\":2637,\"12\":2431,\"13\":2538,\"14\":2940,\"15\":2658,\"0\":2984,\"1\":1990,\"2\":3263,\"3\":2200,\"4\":2294,\"5\":2734,\"6\":2778,\"7\":2631},\"fitted\":{\"8\":2437.9014860498,\"9\":2136.6161035149,\"10\":3461.4147653836,\"11\":2531.0676451476,\"12\":2211.098514183,\"13\":2652.3838964866,\"14\":2939.5852346165,\"15\":2763.9323548527,\"0\":2764.0985140793,\"1\":2104.3838964875,\"2\":3262.5852346165,\"3\":2305.9323548529,\"4\":2513.9014860294,\"5\":2619.6161035139,\"6\":2778.4147653836,\"7\":2525.0676451476},\"ret\":{\"8\":-0.0049912251,\"9\":0.0027945261,\"10\":-0.0000098729,\"11\":0.002573768,\"12\":0.0054868354,\"13\":-0.0026633322,\"14\":0.0000098742,\"15\":-0.0024727646,\"0\":0.0054376691,\"1\":-0.0026475271,\"2\":0.0000098741,\"3\":-0.002462888,\"4\":-0.0049988156,\"5\":0.0027815077,\"6\":-0.0000098727,\"7\":0.00257389}}", "deviance": 118.6008694846106, "formula": "count ~ group * mut * base - group : mut : base", "prob": 1.5443616355784767e-25, "rel_entropy": 0.0014116462279162374, "df": 3}}