{"param_alpha": {"1": 0.1, "2": 1.0, "0": 0.01, "3": 2.0, "4": 3.0}, "best_a_choice": 0.01, "params": {"1": {"alpha": 0.1}, "2": {"alpha": 1.0}, "0": {"alpha": 0.01}, "3": {"alpha": 2.0}, "4": {"alpha": 3.0}}, "rank_test_score": {"1": 2, "2": 3, "0": 1, "3": 4, "4": 5}, "split0_test_score": {"1": 0.6976530138, "2": 0.6943540098, "0": 0.6998618328, "3": 0.6935919757, "4": 0.6932040365}}