{"params": {"4": {"alpha": 3.0}, "0": {"alpha": 0.01}, "1": {"alpha": 0.1}, "2": {"alpha": 1.0}, "3": {"alpha": 2.0}}, "param_alpha": {"4": 3.0, "0": 0.01, "1": 0.1, "2": 1.0, "3": 2.0}, "best_a_choice": 1.0, "rank_test_score": {"4": 3, "0": 5, "1": 4, "2": 1, "3": 2}, "split0_test_score": {"4": 0.6755606483, "0": 0.6740705081, "1": 0.6753305725, "2": 0.675742348, "3": 0.6755915411}}