{"GtoC": -0.5655710845851009, "AtoT": 0.3812430328783134, "GC_feature": -0.08327430344164805, "Pos_0_T": 0.10430954696028472, "AtoC": -0.10525760015596673, "Pos_4_C": 0.0, "Pos_1_G": -0.08431465181104494, "TtoA": 0.45831322971494065, "Pos_5_C": -0.0333624457395206, "CtoG": -0.6019380806847281, "GtoT": 0.015081786731752258, "Pos_5_G": -0.07319728430158556, "Pos_1_T": 0.10611080472025576, "CtoA": -0.06849798451845873, "Pos_3_C": 0.013046580403447361, "TtoG": 0.0008294925021474541, "Pos_0_C": -0.057404838393475696, "Pos_2_G": 0.23720156616332863, "Pos_2_T": -0.021892396653052263, "Pos_1_C": 0.0, "CtoT": -0.42862495383742305, "Pos_1_A": 0.0, "Pos_3_G": -0.30343534131921107, "TtoC": 0.0, "Pos_0_A": 0.031696315641387016, "Pos_2_A": 0.0, "Pos_3_A": -0.09128484452569792, "Pos_4_T": 0.034637591418676755, "Pos_4_A": -0.016271624930802153, "GtoA": -0.415385355678648, "Pos_0_G": -0.06810807046432617, "Pos_5_T": 0.026548526632477323, "AtoG": 0.02789411019154128, "Pos_2_C": -0.1284636301405396, "Pos_5_A": 0.11035369761369203, "Pos_3_T": 0.0, "Pos_4_G": 0.03769419158069866}