{"CtoG": -1.3419950527443723, "GtoT": 0.31479403833964853, "TtoG": 0.2772319454596622, "TtoC": 0.3205604688582821, "CtoA": 0.11065760157198301, "GtoA": -0.2879847306723073, "AtoT": 1.0172588268079665, "AtoC": 0.0, "TtoA": 1.1175521743772308, "CtoT": -0.2779662845375322, "GtoC": -1.286212427176685, "AtoG": 0.3972048469618558}