{"param_alpha": {"1": 0.1, "0": 0.01, "4": 3.0, "2": 1.0, "3": 2.0}, "split0_test_score": {"1": 0.6948663632, "0": 0.6971049342, "4": 0.6854254334, "2": 0.6893042873, "3": 0.6869025468}, "params": {"1": {"alpha": 0.1}, "0": {"alpha": 0.01}, "4": {"alpha": 3.0}, "2": {"alpha": 1.0}, "3": {"alpha": 2.0}}, "best_a_choice": 0.01, "rank_test_score": {"1": 2, "0": 1, "4": 5, "2": 3, "3": 4}}