{"params": {"4": {"alpha": 3.0}, "0": {"alpha": 0.01}, "3": {"alpha": 2.0}, "2": {"alpha": 1.0}, "1": {"alpha": 0.1}}, "rank_test_score": {"4": 5, "0": 1, "3": 4, "2": 3, "1": 2}, "param_alpha": {"4": 3.0, "0": 0.01, "3": 2.0, "2": 1.0, "1": 0.1}, "best_a_choice": 0.01, "split0_test_score": {"4": 0.6616718671, "0": 0.6670144753, "3": 0.6617138522, "2": 0.6621661466, "1": 0.6644863024}}