{"pos0": {"prob": 0.30766786633421384, "stats": "{\"group\":{\"8\":\"1\",\"9\":\"1\",\"10\":\"1\",\"11\":\"1\",\"12\":\"1\",\"13\":\"1\",\"14\":\"1\",\"15\":\"1\",\"0\":\"2\",\"1\":\"2\",\"2\":\"2\",\"3\":\"2\",\"4\":\"2\",\"5\":\"2\",\"6\":\"2\",\"7\":\"2\"},\"mut\":{\"8\":\"M\",\"9\":\"M\",\"10\":\"M\",\"11\":\"M\",\"12\":\"R\",\"13\":\"R\",\"14\":\"R\",\"15\":\"R\",\"0\":\"M\",\"1\":\"M\",\"2\":\"M\",\"3\":\"M\",\"4\":\"R\",\"5\":\"R\",\"6\":\"R\",\"7\":\"R\"},\"base\":{\"8\":\"A\",\"9\":\"C\",\"10\":\"G\",\"11\":\"T\",\"12\":\"A\",\"13\":\"C\",\"14\":\"G\",\"15\":\"T\",\"0\":\"A\",\"1\":\"C\",\"2\":\"G\",\"3\":\"T\",\"4\":\"A\",\"5\":\"C\",\"6\":\"G\",\"7\":\"T\"},\"count\":{\"8\":8,\"9\":2,\"10\":7,\"11\":6,\"12\":5,\"13\":5,\"14\":4,\"15\":9,\"0\":29,\"1\":40,\"2\":59,\"3\":33,\"4\":44,\"5\":36,\"6\":32,\"7\":49},\"fitted\":{\"8\":5.7955258885,\"9\":3.6616227633,\"10\":7.2833837053,\"11\":6.2594676436,\"12\":7.2044741115,\"13\":3.3383772381,\"14\":3.7166162947,\"15\":8.7405323564,\"0\":31.2044741115,\"1\":38.3383772374,\"2\":58.7166162947,\"3\":32.7405323564,\"4\":41.7955258885,\"5\":37.6616227626,\"6\":32.2833837053,\"7\":49.2594676436},\"ret\":{\"8\":0.0070077244,\"9\":-0.003286735,\"10\":-0.0007548853,\"11\":-0.0006902555,\"12\":-0.0049628305,\"13\":0.0054884929,\"14\":0.0007987033,\"15\":0.0007154383,\"0\":-0.0057736522,\"1\":0.0046117438,\"2\":0.0007719197,\"3\":0.0007078616,\"4\":0.0061456924,\"5\":-0.0044141746,\"6\":-0.0007666747,\"7\":-0.0007032149}}", "deviance": 3.602833142834437, "df": 3, "rel_entropy": 0.004895153726677225, "formula": "count ~ group * mut * base - group : mut : base"}, "pos2": {"prob": 0.1584341589008527, "stats": "{\"group\":{\"8\":\"1\",\"9\":\"1\",\"10\":\"1\",\"11\":\"1\",\"12\":\"1\",\"13\":\"1\",\"14\":\"1\",\"15\":\"1\",\"0\":\"2\",\"1\":\"2\",\"2\":\"2\",\"3\":\"2\",\"4\":\"2\",\"5\":\"2\",\"6\":\"2\",\"7\":\"2\"},\"mut\":{\"8\":\"M\",\"9\":\"M\",\"10\":\"M\",\"11\":\"M\",\"12\":\"R\",\"13\":\"R\",\"14\":\"R\",\"15\":\"R\",\"0\":\"M\",\"1\":\"M\",\"2\":\"M\",\"3\":\"M\",\"4\":\"R\",\"5\":\"R\",\"6\":\"R\",\"7\":\"R\"},\"base\":{\"8\":\"A\",\"9\":\"C\",\"10\":\"G\",\"11\":\"T\",\"12\":\"A\",\"13\":\"C\",\"14\":\"G\",\"15\":\"T\",\"0\":\"A\",\"1\":\"C\",\"2\":\"G\",\"3\":\"T\",\"4\":\"A\",\"5\":\"C\",\"6\":\"G\",\"7\":\"T\"},\"count\":{\"8\":4,\"9\":7,\"10\":9,\"11\":3,\"12\":3,\"13\":2,\"14\":9,\"15\":9,\"0\":27,\"1\":43,\"2\":47,\"3\":44,\"4\":23,\"5\":28,\"6\":71,\"7\":39},\"fitted\":{\"8\":3.8410930381,\"9\":5.6668182454,\"10\":7.4965718604,\"11\":5.9955168637,\"12\":3.1589069619,\"13\":3.3331817546,\"14\":10.5034281397,\"15\":6.0044831487,\"0\":27.1589069619,\"1\":44.3331817546,\"2\":48.5034281397,\"3\":41.0044831438,\"4\":22.8410930381,\"5\":26.6668182454,\"6\":69.4965718603,\"7\":41.9955168562},\"ret\":{\"8\":0.0004406238,\"9\":0.0040189576,\"10\":0.0044701324,\"11\":-0.0056445629,\"12\":-0.0004207645,\"13\":-0.0027759791,\"14\":-0.0037779729,\"15\":0.0098979994,\"0\":-0.0004305467,\"1\":-0.0035677503,\"2\":-0.0040214218,\"3\":0.0084303316,\"4\":0.000433311,\"5\":0.0037118626,\"6\":0.0041292773,\"7\":-0.0078425211}}", "deviance": 5.1895187132928955, "df": 3, "rel_entropy": 0.007050976512626217, "formula": "count ~ group * mut * base - group : mut : base"}, "pos1": {"prob": 0.03579027357610846, "stats": "{\"group\":{\"8\":\"1\",\"9\":\"1\",\"10\":\"1\",\"11\":\"1\",\"12\":\"1\",\"13\":\"1\",\"14\":\"1\",\"15\":\"1\",\"0\":\"2\",\"1\":\"2\",\"2\":\"2\",\"3\":\"2\",\"4\":\"2\",\"5\":\"2\",\"6\":\"2\",\"7\":\"2\"},\"mut\":{\"8\":\"M\",\"9\":\"M\",\"10\":\"M\",\"11\":\"M\",\"12\":\"R\",\"13\":\"R\",\"14\":\"R\",\"15\":\"R\",\"0\":\"M\",\"1\":\"M\",\"2\":\"M\",\"3\":\"M\",\"4\":\"R\",\"5\":\"R\",\"6\":\"R\",\"7\":\"R\"},\"base\":{\"8\":\"A\",\"9\":\"C\",\"10\":\"G\",\"11\":\"T\",\"12\":\"A\",\"13\":\"C\",\"14\":\"G\",\"15\":\"T\",\"0\":\"A\",\"1\":\"C\",\"2\":\"G\",\"3\":\"T\",\"4\":\"A\",\"5\":\"C\",\"6\":\"G\",\"7\":\"T\"},\"count\":{\"8\":5,\"9\":3,\"10\":13,\"11\":2,\"12\":7,\"13\":7,\"14\":3,\"15\":6,\"0\":24,\"1\":64,\"2\":37,\"3\":36,\"4\":45,\"5\":42,\"6\":29,\"7\":45},\"fitted\":{\"8\":4.2356309007,\"9\":5.7180513196,\"10\":9.6766310621,\"11\":3.3696867235,\"12\":7.7643690995,\"13\":4.2819486923,\"14\":6.3233689419,\"15\":4.6303132767,\"0\":24.7643690994,\"1\":61.2819486852,\"2\":40.3233689388,\"3\":34.6303132766,\"4\":44.2356309006,\"5\":44.7180513148,\"6\":25.6766310612,\"7\":46.3696867234},\"ret\":{\"8\":0.0022541525,\"9\":-0.0052582808,\"10\":0.0104295166,\"11\":-0.0028351772,\"12\":-0.001971319,\"13\":0.0093492217,\"14\":-0.0060785856,\"15\":0.0042250262,\"0\":-0.0020446996,\"1\":0.0075474363,\"2\":-0.0086480726,\"3\":0.0037946283,\"4\":0.002094933,\"5\":-0.0071568496,\"6\":0.0095916357,\"7\":-0.0036664548}}", "deviance": 8.55755382198051, "df": 3, "rel_entropy": 0.011627111171169172, "formula": "count ~ group * mut * base - group : mut : base"}, "pos3": {"prob": 0.021986234875975175, "stats": "{\"group\":{\"8\":\"1\",\"9\":\"1\",\"10\":\"1\",\"11\":\"1\",\"12\":\"1\",\"13\":\"1\",\"14\":\"1\",\"15\":\"1\",\"0\":\"2\",\"1\":\"2\",\"2\":\"2\",\"3\":\"2\",\"4\":\"2\",\"5\":\"2\",\"6\":\"2\",\"7\":\"2\"},\"mut\":{\"8\":\"M\",\"9\":\"M\",\"10\":\"M\",\"11\":\"M\",\"12\":\"R\",\"13\":\"R\",\"14\":\"R\",\"15\":\"R\",\"0\":\"M\",\"1\":\"M\",\"2\":\"M\",\"3\":\"M\",\"4\":\"R\",\"5\":\"R\",\"6\":\"R\",\"7\":\"R\"},\"base\":{\"8\":\"A\",\"9\":\"C\",\"10\":\"G\",\"11\":\"T\",\"12\":\"A\",\"13\":\"C\",\"14\":\"G\",\"15\":\"T\",\"0\":\"A\",\"1\":\"C\",\"2\":\"G\",\"3\":\"T\",\"4\":\"A\",\"5\":\"C\",\"6\":\"G\",\"7\":\"T\"},\"count\":{\"8\":5,\"9\":1,\"10\":10,\"11\":7,\"12\":7,\"13\":5,\"14\":4,\"15\":7,\"0\":56,\"1\":43,\"2\":24,\"3\":38,\"4\":46,\"5\":34,\"6\":39,\"7\":42},\"fitted\":{\"8\":6.5601993824,\"9\":3.2529601644,\"10\":6.3294672589,\"11\":6.8573731943,\"12\":5.4398006176,\"13\":2.7470398356,\"14\":7.6705327411,\"15\":7.1426268057,\"0\":54.4398006176,\"1\":40.7470398356,\"2\":27.6705327411,\"3\":38.1426268057,\"4\":47.5601993824,\"5\":36.2529601644,\"6\":35.3294672589,\"7\":41.8573731943},\"ret\":{\"8\":-0.0036899876,\"9\":-0.0032053408,\"10\":0.012428506,\"11\":0.0003915758,\"12\":0.004796669,\"13\":0.0081374185,\"14\":-0.0070770838,\"15\":-0.0003836772,\"0\":0.0042998528,\"1\":0.0062883902,\"2\":-0.009281362,\"3\":-0.0003868473,\"4\":-0.0041693584,\"5\":-0.0059278735,\"6\":0.0104753432,\"7\":0.0003882324}}", "deviance": 9.630160576766098, "df": 3, "rel_entropy": 0.01308445730538872, "formula": "count ~ group * mut * base - group : mut : base"}}