{"Pos_1_G": -0.22901529773706497, "Pos_1_A": 0.0, "AtoG": 0.30716858275951603, "TtoG": 0.4496456040908346, "CtoA": 0.08105285299318879, "Pos_0_A": 0.02466955747929989, "GtoA": -0.1721356411089893, "Pos_0_G": 0.3921669808888367, "GtoT": 0.46001946252859854, "Pos_0_T": 0.0, "TtoC": 0.3571832571370466, "CtoG": -1.6870072332852106, "AtoT": 1.1011089777390966, "AtoC": 0.1719108848096917, "Pos_0_C": -0.1460939955733897, "GtoC": -1.8245956210127363, "CtoT": -0.16005194395072753, "Pos_1_T": 0.17534068978099102, "TtoA": 1.2142352378411092, "Pos_1_C": 0.12059822333100323}