{"best_c_choice": 1.0, "param_penalty": {"3": "l1", "2": "l1", "1": "l1", "0": "l1"}, "param_C": {"3": 100.0, "2": 10.0, "1": 1.0, "0": 0.1}, "split0_test_score": {"3": 0.770112531, "2": 0.7701239748, "1": 0.7703681099, "0": 0.7658306313}, "rank_test_score": {"3": 3, "2": 2, "1": 1, "0": 4}, "params": {"3": {"penalty": "l1", "C": 100.0}, "2": {"penalty": "l1", "C": 10.0}, "1": {"penalty": "l1", "C": 1.0}, "0": {"penalty": "l1", "C": 0.1}}}