{"param_alpha": {"4": 3.0, "1": 0.1, "3": 2.0, "2": 1.0, "0": 0.01}, "params": {"4": {"alpha": 3.0}, "1": {"alpha": 0.1}, "3": {"alpha": 2.0}, "2": {"alpha": 1.0}, "0": {"alpha": 0.01}}, "split0_test_score": {"4": 0.644825585, "1": 0.6551304975, "3": 0.6454843466, "2": 0.6469900872, "0": 0.661780852}, "rank_test_score": {"4": 5, "1": 2, "3": 4, "2": 3, "0": 1}, "best_a_choice": 0.01}