{"Pos_3:Pos_5_TG": 0.1612949878259318, "Pos_2:Pos_3_AC": 0.018311453814229935, "Pos_1:Pos_5_AT": 0.0, "Pos_4:Pos_5_GC": 0.0, "Pos_0:Pos_4_AG": 0.0, "Pos_2:Pos_3_AG": 0.0, "Pos_0:Pos_4_AA": 0.0, "Pos_0:Pos_2_AT": 0.0, "Pos_0:Pos_4_CC": -0.08038184885489046, "Pos_0:Pos_5_AC": 0.06495217703346881, "Pos_0:Pos_2_CG": 0.0, "Pos_0:Pos_4_AT": 0.057825655238045746, "Pos_3:Pos_5_TA": 0.03490336476361454, "Pos_2:Pos_5_CC": 0.0, "Pos_3:Pos_5_GG": 0.0, "Pos_1:Pos_5_GA": 0.0, "Pos_0:Pos_1_TC": 0.0, "Pos_0:Pos_1_CG": 0.0, "Pos_4:Pos_5_CC": 0.0, "Pos_1:Pos_4_CC": 0.0, "Pos_2_C": -0.10345988758962765, "Pos_0:Pos_3_TT": 0.058567941557403795, "Pos_0:Pos_3_GC": 0.0, "Pos_1:Pos_4_TC": 0.1829088005625558, "Pos_0:Pos_3_CC": 0.0, "Pos_2:Pos_4_CT": 0.0, "Pos_2:Pos_4_CG": 0.0, "Pos_1:Pos_5_CT": 0.03409951738901023, "CtoA": 0.12596003661695873, "Pos_2:Pos_3_GT": 0.034216222034005324, "Pos_3:Pos_4_TC": 0.035397963617864514, "Pos_1:Pos_2_GA": 0.0, "Pos_3:Pos_5_GC": -0.0980514283085766, "Pos_2:Pos_5_GA": 0.0, "Pos_1:Pos_5_GC": 0.0, "Pos_1:Pos_3_AA": 0.0, "Pos_4:Pos_5_AG": -0.09715007235570111, "Pos_2:Pos_4_CA": 0.0005522287734869885, "Pos_0:Pos_5_TG": 0.0, "Pos_1:Pos_2_AT": 0.03959950047961158, "Pos_4:Pos_5_AA": 0.0, "Pos_0:Pos_3_AT": 0.0, "Pos_1_C": 0.0, "Pos_4_A": 0.0, "Pos_3:Pos_5_AC": 0.0, "Pos_0:Pos_5_GC": 0.0, "Pos_1:Pos_3_GC": 0.0, "Pos_3:Pos_5_CA": 0.0, "Pos_4_C": 0.0, "Pos_1:Pos_3_AC": 0.0, "Pos_2:Pos_3_GG": 0.0, "Pos_2:Pos_3_TA": -0.21939964332380346, "Pos_2:Pos_4_GC": 0.025706266367179494, "Pos_4:Pos_5_GA": 0.0, "Pos_1:Pos_5_GT": 0.0, "Pos_0:Pos_2_GA": -0.014728464987630422, "Pos_2:Pos_5_AC": 0.0, "Pos_0:Pos_3_CG": -0.1756571491145222, "Pos_1:Pos_4_TG": 0.0, "Pos_3:Pos_5_TT": 0.0, "Pos_4_G": 0.0, "Pos_1:Pos_5_TG": 0.0238180999826671, "Pos_0:Pos_5_TA": 0.0, "GtoT": 0.0, "Pos_1:Pos_5_GG": -0.007072927028569588, "Pos_0:Pos_3_TA": -0.008736821250835223, "Pos_3:Pos_4_AC": 0.0, "Pos_0:Pos_1_TA": 0.0, "Pos_0:Pos_4_TT": 0.04328272240889771, "Pos_3:Pos_4_GT": 0.0, "Pos_0:Pos_4_TC": 0.044755321556368716, "Pos_0:Pos_4_AC": 0.029210401574215904, "Pos_1:Pos_5_TA": 0.0, "Pos_0:Pos_5_AG": 0.0, "Pos_0:Pos_4_TA": -0.0027136980440618866, "Pos_4:Pos_5_GG": 0.0, "Pos_4:Pos_5_TA": 0.0, "Pos_1:Pos_5_AG": 0.0, "Pos_1:Pos_2_CA": 0.0, "Pos_0:Pos_1_GT": 0.0, "Pos_4:Pos_5_AC": 0.0, "Pos_1:Pos_3_CA": -0.08274802169375084, "Pos_2:Pos_4_GA": 0.0, "Pos_1:Pos_4_GC": 0.0037784232377462406, "Pos_1:Pos_4_CA": 0.0, "Pos_1_A": 0.0, "Pos_1:Pos_3_TC": 0.0, "Pos_2:Pos_3_TT": 0.06662215160838947, "Pos_2_T": 0.0, "Pos_0:Pos_1_GA": 0.07847178119684924, "Pos_0:Pos_2_AC": 0.0, "Pos_0_C": 0.0, "Pos_0:Pos_2_TA": 0.0, "Pos_0:Pos_5_CG": -0.02631234310562626, "Pos_2:Pos_3_TG": 0.0, "Pos_0:Pos_5_TC": 0.0, "Pos_1:Pos_2_GG": 0.0, "Pos_0:Pos_1_GC": 0.0, "Pos_5_C": 0.0, "Pos_2:Pos_5_AG": 0.0, "Pos_0:Pos_2_TG": 0.11041697533369212, "Pos_1:Pos_3_TA": 0.04617396985526266, "Pos_0:Pos_2_GC": 0.0, "Pos_2:Pos_4_TT": 0.0, "TtoG": 0.0, "Pos_1:Pos_4_AC": 0.0, "Pos_4:Pos_5_CT": 0.0, "Pos_2:Pos_4_AA": 0.0, "Pos_2:Pos_5_GT": 0.013828708571412173, "Pos_0_T": 0.09046829066915828, "Pos_3:Pos_5_AA": 0.0, "Pos_4:Pos_5_TC": 0.0, "Pos_3:Pos_4_TG": -0.05387415485631188, "Pos_5_T": 0.008247164108113, "Pos_1:Pos_3_CT": 0.0, "Pos_0:Pos_3_TG": 0.05330889846032697, "Pos_3:Pos_5_AT": 0.0, "Pos_0:Pos_4_CG": 0.0, "Pos_2:Pos_3_GA": 0.0, "Pos_4:Pos_5_AT": 0.0, "Pos_1_T": 0.0, "Pos_3:Pos_4_AG": 0.14538466582117418, "Pos_0:Pos_1_TT": 0.12211567201626727, "Pos_1:Pos_2_AA": 0.0, "Pos_3:Pos_4_TA": 0.0, "Pos_1:Pos_4_CG": 0.0, "Pos_2:Pos_5_TT": 0.0, "Pos_1:Pos_2_TG": 0.12706679817132246, "Pos_0:Pos_2_AG": 0.0, "Pos_0:Pos_5_GT": 0.0, "Pos_3:Pos_5_CT": 0.018771522931089968, "Pos_0:Pos_1_AC": 0.0, "Pos_0:Pos_1_AA": 0.02721978830646121, "Pos_0:Pos_1_CT": 0.0, "Pos_0_G": 0.0, "Pos_3:Pos_4_TT": 0.0, "Pos_0:Pos_1_CA": 0.0, "Pos_3:Pos_5_TC": 0.0, "Pos_0:Pos_2_CT": 0.0, "Pos_4:Pos_5_GT": 0.0, "Pos_1:Pos_3_AG": -0.02001060970462684, "Pos_0:Pos_1_AT": 0.036081068245552926, "Pos_2:Pos_4_AC": 0.0, "Pos_2:Pos_5_TG": -0.10869815248890682, "Pos_0:Pos_5_AA": 0.0, "TtoA": 0.9708708148361516, "Pos_2:Pos_3_GC": 0.1550906164379666, "Pos_3_C": 0.0, "Pos_1:Pos_5_TC": 0.0, "Pos_0:Pos_4_CA": 0.0, "Pos_2:Pos_3_AT": -0.12958890638094933, "Pos_0:Pos_5_TT": 0.0, "Pos_2:Pos_5_AT": 0.0, "Pos_2:Pos_5_TA": 0.10409007067908033, "Pos_2:Pos_5_GG": 0.0, "Pos_1:Pos_2_TC": 0.0, "Pos_2:Pos_5_CA": -0.0019394053065282153, "Pos_1:Pos_5_CC": 0.0, "Pos_1:Pos_4_GT": -0.04403102845462155, "Pos_0:Pos_1_CC": 0.0, "Pos_2:Pos_3_CA": 0.0, "Pos_3_T": 0.14516807845652874, "Pos_3:Pos_4_CG": 0.0, "Pos_2:Pos_3_AA": 0.07226705043211816, "Pos_0:Pos_3_TC": 0.0, "Pos_0:Pos_5_GA": 0.0, "Pos_3:Pos_5_GT": 0.0, "TtoC": 0.06433173418148244, "Pos_4:Pos_5_TT": 0.0, "Pos_0:Pos_5_CT": 0.0, "Pos_3:Pos_4_CC": 0.0, "Pos_3_G": -0.0515465162884866, "Pos_0:Pos_1_TG": 0.0, "Pos_0:Pos_3_GA": 0.01649023395989273, "CtoT": -0.4508253115082914, "Pos_2:Pos_5_CG": 0.0, "Pos_1:Pos_2_CG": -0.25567966304456, "Pos_0:Pos_4_GG": 0.0, "Pos_2:Pos_4_TA": 0.0, "Pos_0:Pos_3_AC": 0.0, "Pos_2_A": 0.0, "Pos_4_T": 0.037012528862365564, "Pos_1:Pos_5_AA": 0.0, "Pos_2:Pos_5_TC": 0.016036015417770492, "GtoC": -1.179674941465262, "Pos_1:Pos_5_AC": 0.01940801751202898, "Pos_0:Pos_2_CC": -0.03167950859397465, "Pos_1:Pos_3_CG": 0.03950875080474736, "Pos_1:Pos_4_TA": 0.0, "GtoA": -0.5254863366637499, "Pos_0:Pos_2_GG": 0.0, "Pos_1_G": -0.03795798408401558, "Pos_3:Pos_4_GA": -0.10129289136759315, "Pos_1:Pos_2_GT": 0.0, "AtoC": -0.022154684162459342, "Pos_3:Pos_4_AT": 0.0, "Pos_0:Pos_3_GG": 0.0, "Pos_0:Pos_2_TT": 0.0, "Pos_0:Pos_1_GG": -0.1260672757408122, "Pos_2:Pos_5_CT": 0.0, "Pos_0:Pos_2_GT": 0.0, "Pos_2:Pos_4_CC": 0.0, "Pos_1:Pos_2_AC": -0.037399805251787765, "Pos_2:Pos_3_CC": 0.0, "Pos_3:Pos_4_GG": 0.09161652802378195, "Pos_1:Pos_2_TT": 0.0, "Pos_1:Pos_4_GA": 0.0, "Pos_3:Pos_4_GC": 0.0, "Pos_2:Pos_4_TC": 0.008782372503980338, "Pos_2:Pos_4_GG": 0.0, "Pos_0:Pos_3_AA": 0.0, "Pos_2:Pos_3_CT": 0.0, "Pos_3:Pos_4_CT": 0.1807103752575451, "Pos_3:Pos_5_AG": 0.0, "Pos_2_G": 0.15157450454711657, "Pos_0:Pos_4_GA": 0.052216320423369045, "Pos_1:Pos_2_GC": 0.0, "Pos_1:Pos_4_AT": 0.0, "Pos_1:Pos_2_CT": 0.0, "Pos_1:Pos_4_AA": 0.0, "Pos_1:Pos_3_GT": 0.0, "Pos_3:Pos_4_AA": -0.02896605061102937, "Pos_1:Pos_2_CC": 0.027642187333905686, "AtoT": 0.9259109533258595, "Pos_3:Pos_5_CG": 0.0, "Pos_0:Pos_3_GT": -0.015606256769417012, "Pos_1:Pos_4_AG": 0.0, "Pos_0:Pos_2_TC": 0.0, "Pos_5_G": -0.022487498860289775, "Pos_3_A": 0.0, "CtoG": -1.2740332225126105, "Pos_0:Pos_3_CT": 0.0, "Pos_1:Pos_2_AG": 0.18347699782061405, "Pos_2:Pos_4_AG": 0.0, "Pos_1:Pos_3_GG": 0.0, "Pos_3:Pos_5_CC": 0.0, "Pos_2:Pos_3_CG": -0.0628797742552003, "Pos_1:Pos_5_CG": -0.04463393565505113, "Pos_0_A": 0.009072535219315383, "Pos_2:Pos_4_TG": 0.0, "Pos_0:Pos_5_AT": 0.0, "Pos_0:Pos_2_AA": 0.0, "Pos_0:Pos_4_TG": 0.0, "Pos_4:Pos_5_CG": 0.09966335458880844, "Pos_2:Pos_3_TC": 0.0, "Pos_0:Pos_3_AG": 0.0, "Pos_0:Pos_4_CT": 0.0, "Pos_4:Pos_5_TG": 0.0, "Pos_0:Pos_3_CA": 0.0, "Pos_0:Pos_2_CA": 0.06598081284675786, "Pos_1:Pos_5_CA": 0.0, "Pos_4:Pos_5_CA": 0.0, "Pos_1:Pos_3_CC": 0.0, "Pos_0:Pos_1_AG": 0.0, "Pos_3:Pos_5_GA": 0.0, "Pos_5_A": 0.05048072527946642, "Pos_0:Pos_5_GG": 0.0, "Pos_2:Pos_5_AA": 0.0, "Pos_1:Pos_3_TG": 0.0, "Pos_2:Pos_4_AT": 0.0, "AtoG": 0.084306260147007, "Pos_3:Pos_4_CA": 0.19525654043345037, "Pos_0:Pos_4_GC": 0.0, "Pos_1:Pos_5_TT": 0.15407978714141043, "Pos_0:Pos_4_GT": -0.0807056181877776, "Pos_1:Pos_3_AT": 0.0, "Pos_2:Pos_5_GC": -0.06292663944229106, "Pos_1:Pos_3_TT": 0.0, "Pos_1:Pos_4_CT": 0.01710004854153557, "Pos_0:Pos_5_CA": 0.13440852690820781, "Pos_1:Pos_2_TA": 0.0, "Pos_0:Pos_5_CC": -0.04510498835197242, "Pos_1:Pos_4_TT": 0.0, "Pos_1:Pos_4_GG": 0.0, "Pos_1:Pos_3_GA": -0.07515298078559002, "Pos_2:Pos_4_GT": 0.03310710350565829}