{"Pos_1_G": -0.18901832327855067, "CtoG": -3.4241957388975357, "AtoC": 0.4958503448966396, "GtoC": -3.388124972215126, "Pos_1_A": 0.0009941858889525256, "Pos_0_T": -0.02401949355318276, "Pos_1_C": 0.13109094683395592, "TtoC": 0.7753804441927696, "CtoA": 0.6531628488616059, "Pos_0_A": 0.02340229362294, "TtoG": 0.8199520916550482, "AtoG": 0.7739712234034618, "GtoT": 0.8057891452484892, "TtoA": 1.588807799047374, "Pos_0_G": 0.2780807866100651, "AtoT": 1.6075411137934021, "CtoT": 0.21161853982581236, "Pos_1_T": 0.1294441463951482, "GtoA": 0.13915157907636913, "Pos_0_C": -0.15401079879487398}