{"split0_test_score": {"2": 0.7652239489, "3": 0.7652307949, "1": 0.7650024433, "0": 0.7640768661}, "param_C": {"2": 10.0, "3": 100.0, "1": 1.0, "0": 0.1}, "best_c_choice": 100.0, "rank_test_score": {"2": 2, "3": 1, "1": 3, "0": 4}, "params": {"2": {"C": 10.0, "penalty": "l1"}, "3": {"C": 100.0, "penalty": "l1"}, "1": {"C": 1.0, "penalty": "l1"}, "0": {"C": 0.1, "penalty": "l1"}}, "param_penalty": {"2": "l1", "3": "l1", "1": "l1", "0": "l1"}}