{"Pos_1:Pos_3_CT": -0.10583671605279156, "Pos_0:Pos_2_AA": -0.042096556998090465, "Pos_0:Pos_3_AG": 0.0, "GtoC": -0.5114923317765273, "Pos_0:Pos_1_TG": 0.0024503848313719534, "CtoT": -0.46130839661699596, "Pos_0:Pos_2_CG": 0.0, "Pos_0_T": 0.031648487162807104, "Pos_2:Pos_3_CC": 0.0, "Pos_0:Pos_1_GA": -0.05009183378296026, "Pos_0:Pos_2_TC": 0.01589649151889989, "Pos_1:Pos_3_TG": -0.0016069556851812637, "Pos_1:Pos_3_GA": 0.0, "Pos_0:Pos_2_CA": -0.016328445503091107, "AtoT": 0.37589543325561464, "Pos_1:Pos_2_CG": -0.05580946724652632, "Pos_1:Pos_3_CC": 0.0, "Pos_0:Pos_2_AG": 0.0, "Pos_2:Pos_3_CA": 0.07690739886551512, "CtoG": -0.4405286128947537, "Pos_2:Pos_3_TA": 0.0, "Pos_1:Pos_3_AT": 0.0, "Pos_2:Pos_3_CG": -0.05223779464737996, "Pos_1:Pos_2_GT": 0.0, "Pos_1:Pos_3_TC": 0.0, "Pos_2:Pos_3_AT": -0.062215957820616535, "AtoC": -0.12968785344358302, "Pos_0:Pos_3_TA": 9.041331844415748e-05, "Pos_2_T": 0.0, "Pos_0:Pos_3_AA": 0.0, "Pos_2:Pos_3_AC": -0.02440316944600446, "Pos_0:Pos_3_CC": -0.08650397030561677, "Pos_0_A": 0.0, "Pos_1:Pos_2_TT": -0.028108319240417245, "Pos_2:Pos_3_GC": 0.0, "Pos_0:Pos_3_CG": 0.0, "GtoA": -0.3923166546553646, "Pos_2:Pos_3_GA": -0.11614621512407451, "AtoG": 0.0, "Pos_1:Pos_2_GA": 0.0, "Pos_0:Pos_3_GC": -0.04985264455285565, "GC_feature": -0.050798437383268606, "Pos_0:Pos_2_AT": 0.0002355577501490818, "Pos_0:Pos_1_CG": -0.11640782879536149, "TtoA": 0.4039429322383529, "Pos_1:Pos_3_TA": 0.0, "Pos_1_C": -0.0013816944874033006, "Pos_0:Pos_3_TG": 0.0, "Pos_1:Pos_2_CT": 0.0, "Pos_0:Pos_3_GG": 0.0, "Pos_1:Pos_2_TA": -0.049204761599895404, "Pos_0:Pos_2_AC": 0.0, "Pos_1:Pos_3_TT": 0.03412745423993317, "Pos_0:Pos_2_GC": 0.0, "Pos_0:Pos_2_TT": 0.009331064727824013, "TtoG": 0.05709332827171076, "Pos_0_G": 0.0, "Pos_0:Pos_1_CT": 0.0, "Pos_2:Pos_3_CT": 0.06565886583453039, "Pos_1:Pos_2_CC": 0.0, "Pos_0:Pos_3_TC": 0.02785105207321874, "Pos_1:Pos_2_TC": 0.0, "Pos_0:Pos_3_CA": 0.0, "Pos_1:Pos_3_CA": 0.0, "Pos_0:Pos_3_TT": 0.0, "Pos_1:Pos_2_GC": 0.04832610404788749, "Pos_1_G": 0.1742049847015246, "TtoC": 0.0, "Pos_3_A": 0.0, "Pos_2_G": -0.15002215272508265, "Pos_0:Pos_2_CT": 0.0, "Pos_3_T": 0.0, "Pos_0:Pos_1_AT": 0.018053000603788356, "Pos_2_A": 0.0, "Pos_0:Pos_2_CC": 0.021765378854428065, "Pos_1_A": 0.0, "Pos_0:Pos_1_CC": 0.0, "Pos_2:Pos_3_GG": 0.0, "Pos_0:Pos_1_TC": 0.0, "Pos_1:Pos_3_CG": 0.0, "Pos_1:Pos_2_CA": -0.08349284756074558, "Pos_0:Pos_3_GA": 0.0, "Pos_0:Pos_1_CA": 0.044461119597178266, "Pos_0:Pos_1_GT": -0.02265983502831313, "Pos_1:Pos_2_TG": 0.0019963463543850005, "Pos_1:Pos_3_GT": 0.07724944751710278, "Pos_1:Pos_3_AG": 0.01654839590966543, "Pos_0:Pos_2_GT": -0.0027714702324632377, "Pos_1:Pos_2_AG": 0.0, "Pos_3_G": 0.0, "Pos_0:Pos_2_TA": 0.0, "Pos_0:Pos_2_TG": -0.008063991480488841, "Pos_0:Pos_1_TA": 0.0, "Pos_2:Pos_3_TG": -0.0019262549507568676, "Pos_2:Pos_3_AA": 0.0, "Pos_1:Pos_2_AT": 0.007258909389954037, "Pos_0:Pos_2_GA": 0.0, "Pos_1:Pos_3_AC": -0.020893854068424117, "Pos_0:Pos_3_AT": 0.06471853748394649, "Pos_1:Pos_3_AA": 0.0, "Pos_1:Pos_3_GC": 0.03689849945057592, "Pos_0:Pos_1_AA": 0.0, "Pos_0:Pos_1_TT": 0.019060013910464236, "Pos_0:Pos_1_AG": 0.047829935364555494, "Pos_0:Pos_2_GG": 0.0, "Pos_0:Pos_1_GC": 0.0, "Pos_1:Pos_3_GG": -0.017800690439254124, "Pos_2:Pos_3_GT": -0.0019889849661736997, "Pos_3_C": 0.0, "Pos_0:Pos_1_AC": -0.08661723510111977, "Pos_2_C": 0.006103539595981911, "Pos_0:Pos_3_AC": 0.0, "Pos_0:Pos_1_GG": 0.0, "Pos_1:Pos_2_GG": 0.0, "Pos_0:Pos_3_GT": -0.032935808677429346, "Pos_1:Pos_2_AC": 0.0, "Pos_0:Pos_3_CT": 0.0, "Pos_0_C": 0.0, "CtoA": 0.04362952069989497, "Pos_1:Pos_2_AA": 0.0, "Pos_1_T": 0.0, "GtoT": 0.09634241788325892, "Pos_2:Pos_3_TC": 0.0, "Pos_2:Pos_3_AG": 0.08840669629778024, "Pos_2:Pos_3_TT": 0.011531171432167009}