{"Pos_1:Pos_3_GA": 0.0, "Pos_1:Pos_2:Pos_3_CGG": 0.0, "Pos_0:Pos_1:Pos_3_TAG": 0.01625014677521865, "Pos_0:Pos_2:Pos_3_TCA": 0.016072179846159617, "Pos_0:Pos_1:Pos_3_AGG": 0.08395944539157967, "Pos_0:Pos_1:Pos_3_GCA": 0.0, "Pos_0:Pos_1:Pos_2_GCC": 0.0, "CtoG": -0.3953259873674742, "Pos_0:Pos_1:Pos_3_CGT": -0.03122294286634531, "Pos_0:Pos_1_AG": 0.030913361657518436, "Pos_1:Pos_2_CC": 0.0, "Pos_0:Pos_1:Pos_3_TCC": -0.02391512098015872, "Pos_0:Pos_1:Pos_3_GAC": -0.019915930759250234, "Pos_0:Pos_1:Pos_2_AAA": 0.0, "Pos_0:Pos_1:Pos_3_CAG": 0.03755165744932367, "Pos_1:Pos_2_GT": 0.0, "Pos_0:Pos_1:Pos_3_AAC": 0.0038656621321650044, "Pos_0:Pos_1:Pos_2_GGG": 0.0, "Pos_0:Pos_1:Pos_2_ACA": 0.0, "Pos_0:Pos_1:Pos_2_ATA": 0.0, "Pos_1:Pos_2_GC": 0.0, "Pos_0:Pos_2:Pos_3_CCC": -0.06200521266066441, "Pos_2:Pos_3_CT": 0.0, "Pos_1:Pos_2:Pos_3_TCG": -0.06790577535021952, "Pos_0:Pos_1:Pos_3_GAG": 0.0, "Pos_0:Pos_2:Pos_3_TCT": 0.04126202985561675, "AtoT": 0.3694482604058602, "Pos_0:Pos_3_AG": 0.0, "Pos_2:Pos_3_GT": 0.0, "Pos_0:Pos_1:Pos_2_CTG": 0.008114890568799474, "Pos_2:Pos_3_AT": 0.0, "Pos_0:Pos_2:Pos_3_GGG": 0.0, "Pos_0:Pos_1_GG": 0.0, "Pos_1:Pos_2:Pos_3_ACG": 0.011505478088476276, "Pos_0:Pos_1:Pos_3_TAA": 0.0, "Pos_0:Pos_2:Pos_3_AGT": 0.0, "Pos_0:Pos_1:Pos_3_GGA": 0.0, "Pos_0:Pos_1:Pos_2_CTA": 0.0, "Pos_0:Pos_2:Pos_3_CGT": 0.0, "Pos_1:Pos_2:Pos_3_AGT": 0.0, "Pos_0:Pos_2_AA": 0.0, "Pos_0:Pos_1:Pos_3_ATC": -0.030766427299755997, "Pos_0:Pos_1:Pos_3_ACG": -0.09359543430333496, "Pos_2:Pos_3_CG": 0.0, "Pos_0:Pos_1:Pos_2_CTT": 0.0, "Pos_1_G": 0.153163364891775, "Pos_0:Pos_1:Pos_2_TTC": 0.1680210918869653, "Pos_0:Pos_2:Pos_3_CTA": 0.0, "Pos_0:Pos_1:Pos_3_GGG": 0.005930144121297773, "Pos_0:Pos_1:Pos_3_CGG": 0.0, "Pos_0:Pos_2_TG": 0.0, "Pos_1:Pos_2:Pos_3_TAT": 0.0, "Pos_0:Pos_2:Pos_3_ACG": 0.005232940029997863, "Pos_0:Pos_1:Pos_2_TCG": -0.04760069922461089, "TtoA": 0.510094819688963, "Pos_0:Pos_3_TT": 0.0, "Pos_1:Pos_2:Pos_3_TTG": 0.0, "Pos_2:Pos_3_GC": 0.0, "Pos_0:Pos_1:Pos_2_ACG": -0.005521496130598177, "Pos_0:Pos_2:Pos_3_ACT": 0.0, "Pos_0:Pos_3_AT": 0.0, "Pos_0:Pos_1:Pos_3_TCG": 0.0, "Pos_1:Pos_2:Pos_3_GCG": 0.04196893827946003, "Pos_0:Pos_1:Pos_3_GTT": 0.0, "Pos_1:Pos_2_AT": 0.0, "Pos_0:Pos_1:Pos_3_CTT": 0.0, "Pos_2:Pos_3_AG": 0.0, "Pos_0_T": 0.025261730700587383, "Pos_0:Pos_1:Pos_2_TGG": 0.0, "GtoT": 0.05595339242607393, "Pos_0:Pos_2:Pos_3_AGA": -0.003383312881724683, "Pos_1:Pos_2:Pos_3_TCC": 0.0, "Pos_1:Pos_2:Pos_3_CGT": -0.09921104700694987, "Pos_0:Pos_2:Pos_3_CAG": 0.04559305543831731, "Pos_1:Pos_3_AC": 0.0, "Pos_1:Pos_2:Pos_3_CAC": -0.11075501245522132, "Pos_1:Pos_2:Pos_3_GCA": 0.06624363000175083, "Pos_0:Pos_2:Pos_3_CGG": 0.0, "Pos_1:Pos_3_GG": 0.0, "Pos_2_G": -0.09111046475742306, "Pos_0_A": 0.0, "Pos_0:Pos_3_TG": 0.0, "Pos_0:Pos_1:Pos_2_AGA": 0.0, "Pos_1:Pos_3_GT": 0.0, "Pos_1:Pos_2:Pos_3_CCG": -0.0076359073984378885, "Pos_1:Pos_2_AC": 0.0, "Pos_2:Pos_3_GA": -0.0035682853709870037, "Pos_2:Pos_3_TT": 0.0, "Pos_0:Pos_1:Pos_3_TAC": 0.0, "Pos_0:Pos_1:Pos_3_TCT": 0.0, "Pos_1:Pos_2_GA": 0.0, "Pos_1:Pos_3_CA": -0.0024141660427793848, "Pos_0:Pos_1:Pos_2_GTA": -0.0046229250063263075, "Pos_0:Pos_1:Pos_3_GTG": 0.03670275741679228, "Pos_0:Pos_1:Pos_2_TGT": 0.0, "Pos_0:Pos_1:Pos_2_AGC": 0.01410510488571974, "Pos_0:Pos_1:Pos_3_TGG": -0.08281572092724825, "Pos_0:Pos_1:Pos_3_CCC": 0.0, "Pos_1:Pos_2:Pos_3_TCA": 0.013752729021156792, "TtoC": 0.10705065363940446, "Pos_0:Pos_2:Pos_3_TGG": 0.0, "Pos_1:Pos_3_GC": 0.0, "Pos_0:Pos_2:Pos_3_GTG": 0.0, "Pos_2:Pos_3_GG": 0.0, "Pos_0:Pos_1:Pos_2_CGT": -0.005997811785908471, "Pos_1:Pos_2:Pos_3_AGA": 0.0, "Pos_1:Pos_2:Pos_3_TAA": 0.0, "Pos_0:Pos_2:Pos_3_GGT": 0.0, "CtoT": -0.3637098088036354, "Pos_0:Pos_1:Pos_3_CTG": 0.0, "Pos_0:Pos_1_TT": 0.013524970246311026, "Pos_0:Pos_1:Pos_2_CGA": 0.0, "Pos_0:Pos_1:Pos_2_TGC": 0.12869235414343766, "Pos_0:Pos_2:Pos_3_CGC": 0.07890858845889967, "Pos_0:Pos_2:Pos_3_CCA": 0.0, "Pos_0:Pos_1:Pos_2_CAT": 0.0, "Pos_1:Pos_2:Pos_3_CTT": 0.0, "Pos_0:Pos_1:Pos_3_AAA": 0.0, "Pos_1:Pos_2:Pos_3_ATG": 0.0, "Pos_1:Pos_2_AG": 0.0, "Pos_0:Pos_2:Pos_3_ACA": 0.0, "Pos_2:Pos_3_AA": -0.007648661670949534, "Pos_0:Pos_1:Pos_3_TGT": 0.03657478362513221, "Pos_0:Pos_2:Pos_3_CTC": 0.0, "Pos_0:Pos_1:Pos_2_AAT": 0.0, "Pos_1_A": 0.0, "Pos_0:Pos_1:Pos_2_TAT": 0.07377088782104256, "Pos_1:Pos_3_CC": 0.0, "Pos_0:Pos_1:Pos_3_AAG": -0.0010905243007565972, "Pos_0:Pos_1:Pos_2_AGG": 0.0, "Pos_1:Pos_2:Pos_3_ACC": 0.0, "Pos_0:Pos_2:Pos_3_GAC": -0.06642232437035318, "Pos_0:Pos_1:Pos_3_GAA": 0.0, "AtoG": 0.0, "Pos_0:Pos_1:Pos_2_ATG": 0.0, "Pos_1:Pos_2:Pos_3_GGC": 0.0, "Pos_0:Pos_2:Pos_3_CAT": -0.01724611933383432, "Pos_0:Pos_1:Pos_3_GCC": 0.0, "Pos_0:Pos_2:Pos_3_CAC": 0.0, "Pos_0:Pos_1_AA": 0.0, "Pos_0:Pos_1:Pos_2_CGG": 0.0, "Pos_1:Pos_3_AG": 0.0, "Pos_0:Pos_1_GC": -0.01037412338535838, "Pos_0:Pos_1:Pos_3_GGT": 0.0, "Pos_0:Pos_2:Pos_3_ATC": 0.0, "Pos_1:Pos_2:Pos_3_GTG": 0.0, "Pos_0:Pos_2:Pos_3_AAG": 0.0, "Pos_0:Pos_1:Pos_3_AGT": 0.0, "Pos_1:Pos_2:Pos_3_CAT": 0.0, "Pos_0:Pos_2:Pos_3_AAT": 0.0, "Pos_1:Pos_2:Pos_3_ATA": -0.017184080683658547, "Pos_0:Pos_1:Pos_3_GTC": -0.006001986912204408, "Pos_0:Pos_1:Pos_2_GAC": 0.009147778571816126, "Pos_0:Pos_1:Pos_2_CAA": 0.0, "Pos_0:Pos_1:Pos_3_TTA": 0.011457637930699977, "Pos_1:Pos_2:Pos_3_ACT": 0.09281261458310713, "Pos_0:Pos_3_TA": 0.0, "Pos_0:Pos_2:Pos_3_GTC": 0.0, "Pos_1:Pos_2:Pos_3_AAG": 0.06535970964912255, "Pos_0:Pos_1:Pos_2_ACT": 0.0, "Pos_0:Pos_1:Pos_3_GGC": 0.06732925785877027, "Pos_0:Pos_1_GT": 0.0, "Pos_0:Pos_1:Pos_3_ATA": 0.0, "Pos_0:Pos_3_GT": 0.0, "Pos_1:Pos_2:Pos_3_CTG": 0.0, "Pos_0:Pos_1:Pos_2_GTT": 0.0, "Pos_0:Pos_1:Pos_3_AGA": 0.0, "Pos_0:Pos_1_CG": -0.06324520021172281, "Pos_0_G": 0.0, "Pos_1:Pos_2:Pos_3_TGC": 0.0, "Pos_1:Pos_2:Pos_3_CCC": 0.0163178110160563, "Pos_1:Pos_2:Pos_3_TTT": 0.01575417315560904, "Pos_0:Pos_2:Pos_3_AGG": -0.10545700831060512, "Pos_0:Pos_1:Pos_2_TTA": -0.06650640119839613, "Pos_0:Pos_1:Pos_2_CAC": 0.0, "Pos_1:Pos_2_TC": 0.0, "Pos_0:Pos_2_GG": 0.0, "Pos_0:Pos_1:Pos_3_CCG": 0.0640014951005434, "Pos_0:Pos_1_AT": 0.0, "Pos_0:Pos_1:Pos_2_GCG": 0.0, "Pos_0:Pos_1_AC": 0.0, "GtoA": -0.35904610365638456, "Pos_0:Pos_1:Pos_3_CAA": 0.0, "Pos_0:Pos_2:Pos_3_CCG": 0.0, "Pos_0:Pos_1:Pos_3_TAT": -0.031052214991319594, "Pos_0:Pos_1:Pos_2_TAA": 0.043869892349677746, "Pos_0:Pos_2_AG": -0.05145090716976376, "Pos_1:Pos_2:Pos_3_ATC": 0.029703591995068262, "Pos_1_C": -0.05416455468115707, "Pos_0:Pos_2:Pos_3_GCG": 0.0, "Pos_0:Pos_3_CA": 0.0, "Pos_1:Pos_2:Pos_3_GGA": 0.0, "Pos_1:Pos_2_CA": 0.0, "Pos_0:Pos_2:Pos_3_CGA": 0.0, "Pos_1:Pos_3_AT": 0.0, "Pos_3_T": 0.0, "Pos_0:Pos_1:Pos_2_CAG": 0.0, "Pos_0:Pos_1:Pos_3_GCG": -0.017857767631649243, "Pos_0:Pos_2:Pos_3_AAA": -0.017060681380153046, "Pos_0:Pos_3_GG": 0.0, "Pos_0:Pos_1:Pos_3_CGC": -0.05730091720251662, "Pos_0:Pos_1:Pos_3_CCA": 0.0, "GtoC": -0.3604545738090907, "Pos_0:Pos_1:Pos_2_TTG": 0.0, "Pos_1:Pos_2:Pos_3_CGA": 0.0, "Pos_1:Pos_2:Pos_3_CTA": 0.0, "Pos_0:Pos_1:Pos_3_TCA": 0.0, "Pos_1:Pos_2:Pos_3_GAG": 0.04239535571355154, "Pos_0:Pos_2:Pos_3_GTT": -0.013343331740705042, "Pos_2:Pos_3_TC": 0.0, "Pos_0:Pos_2_TC": 0.0, "Pos_0:Pos_1:Pos_2_CCG": 0.0, "Pos_1:Pos_2:Pos_3_TAG": -0.01095293909126894, "Pos_0:Pos_1:Pos_2_AAG": 0.0, "Pos_0:Pos_1:Pos_2_TGA": 0.0, "Pos_1:Pos_3_TA": 0.0, "Pos_1:Pos_2_TG": 0.0, "Pos_0:Pos_3_CT": 0.0, "Pos_0:Pos_1:Pos_3_AAT": 0.0, "Pos_0:Pos_2_CA": 0.0, "Pos_0:Pos_1:Pos_2_GGT": 0.0, "Pos_0:Pos_2:Pos_3_TCG": 0.0, "Pos_1:Pos_2:Pos_3_TGT": 0.0, "Pos_0:Pos_3_AC": 0.0, "Pos_0:Pos_1:Pos_3_TTG": 0.006964399188407751, "Pos_0:Pos_1_TG": 0.0, "Pos_1:Pos_3_TC": 0.0, "Pos_2:Pos_3_CC": 0.0, "Pos_0:Pos_1:Pos_2_CGC": 0.0, "Pos_2_T": 0.0, "Pos_0:Pos_2_AT": 0.0, "Pos_0:Pos_2:Pos_3_ATG": 0.0, "Pos_1:Pos_2:Pos_3_ACA": 0.0, "Pos_0:Pos_1:Pos_3_TTC": 0.08684276753098938, "Pos_0:Pos_1:Pos_2_ACC": 0.0, "Pos_0:Pos_3_CC": 0.0, "Pos_0:Pos_1:Pos_2_TTT": 0.007143257899187018, "Pos_0:Pos_2:Pos_3_CAA": 0.0, "Pos_0:Pos_3_CG": 0.0, "Pos_0:Pos_1:Pos_3_CAC": 0.0, "Pos_0:Pos_2:Pos_3_ATA": -0.020329978207005002, "Pos_0:Pos_1:Pos_3_ATG": 0.0,