{"rank_test_score": {"3": 2, "4": 1, "0": 5, "2": 3, "1": 4}, "best_a_choice": 3.0, "param_alpha": {"3": 2.0, "4": 3.0, "0": 0.01, "2": 1.0, "1": 0.1}, "params": {"3": {"alpha": 2.0}, "4": {"alpha": 3.0}, "0": {"alpha": 0.01}, "2": {"alpha": 1.0}, "1": {"alpha": 0.1}}, "split0_test_score": {"3": 0.6526072859, "4": 0.6538565707, "0": 0.6430307076, "2": 0.6510528323, "1": 0.6472954415}}