{"Pos_1:Pos_3_AG": -0.048282757720696116, "Pos_0:Pos_1_AT": 0.0, "Pos_0:Pos_3_CG": -0.11530265585307842, "Pos_0:Pos_3_AT": 0.0, "Pos_3:Pos_5_GC": -0.046778863908709487, "Pos_0:Pos_1_GT": 0.0036290490966921227, "Pos_4:Pos_5_TG": 0.0, "Pos_2:Pos_5_TT": 0.0, "Pos_0:Pos_1_GG": 0.0, "Pos_5_G": 0.0, "Pos_0:Pos_3_AG": 0.004066745242905688, "Pos_0:Pos_3_CT": 0.07716843535703265, "Pos_3:Pos_4_CG": 0.0, "Pos_1:Pos_2_GC": -0.03255061262475783, "Pos_0:Pos_4_CA": -0.015986691221535787, "AtoT": 0.3919979354462437, "Pos_5_T": 0.0, "Pos_2:Pos_4_TG": -0.010081740527249751, "Pos_1_A": 0.0, "Pos_1:Pos_2_CA": 0.0074260102655634725, "Pos_1:Pos_3_CA": 0.0, "Pos_0:Pos_1_TT": 0.027168138883592742, "Pos_1:Pos_2_TT": 0.0247316430997, "Pos_0:Pos_3_TT": 0.07532374190529563, "Pos_2:Pos_5_TG": -0.007694841870772401, "Pos_2:Pos_4_CA": 0.0, "Pos_0:Pos_2_CC": 0.0, "Pos_4:Pos_5_CT": 0.0, "Pos_2:Pos_3_AG": 0.0, "Pos_1_C": 0.0, "Pos_0:Pos_2_GG": 0.0, "Pos_1:Pos_4_TT": 0.05243713780200768, "AtoC": -0.02183701424545767, "Pos_3:Pos_4_CC": -0.014506110158245862, "Pos_0:Pos_1_TC": 0.041004578155289996, "Pos_3:Pos_5_AA": 0.0, "Pos_2:Pos_3_CG": -0.02763652268142135, "Pos_1:Pos_3_TA": 0.014636264984726356, "Pos_3_A": 0.0, "Pos_0:Pos_5_AC": 0.0, "Pos_0:Pos_5_CC": -0.046687753891872616, "Pos_3:Pos_4_GC": 0.0, "Pos_1:Pos_4_GT": -0.02195223849618655, "AtoG": 0.0, "Pos_2_C": 0.0, "Pos_0:Pos_4_AT": 0.0, "Pos_0:Pos_1_TG": 0.0, "Pos_2:Pos_5_CA": -0.04841159219026833, "Pos_4:Pos_5_GG": -0.007043827452962029, "Pos_3_C": 0.0, "Pos_1:Pos_5_AA": 0.0348386577655201, "TtoG": 0.01521067248917594, "Pos_2:Pos_4_GT": 0.018503409033968708, "Pos_0:Pos_3_CC": 0.0, "Pos_1:Pos_3_CT": 0.0, "Pos_3:Pos_4_GG": 0.0, "Pos_0:Pos_3_GA": 0.005669861387284963, "Pos_1:Pos_2_AT": 0.0, "Pos_1:Pos_3_CC": 0.0, "Pos_0:Pos_1_GA": 0.0, "Pos_3:Pos_5_AG": 0.0, "Pos_2:Pos_3_GT": 0.0, "Pos_0:Pos_5_GA": 0.022304489825985915, "Pos_4:Pos_5_CG": 0.02895668902539094, "Pos_3:Pos_4_CA": 0.0, "Pos_0:Pos_4_CT": 0.0, "Pos_1:Pos_2_AA": 0.0, "Pos_2:Pos_5_AA": 0.0, "Pos_1:Pos_5_TA": 0.0, "Pos_0:Pos_2_CA": 0.05642965655289156, "Pos_0:Pos_4_TA": 0.023242568930392605, "Pos_0:Pos_5_AG": 0.0, "Pos_0:Pos_4_TC": 0.0, "Pos_1:Pos_4_CC": -0.03104659494883067, "Pos_1:Pos_3_AA": 0.0, "Pos_1:Pos_2_CT": 0.0, "Pos_3:Pos_4_GA": -0.0204137089643871, "Pos_1:Pos_5_CA": 0.0, "Pos_3:Pos_4_TC": 0.0, "Pos_3:Pos_5_TA": 0.0, "Pos_4:Pos_5_CC": -0.05073366600478516, "Pos_0:Pos_5_CA": 0.007498965120011805, "Pos_2:Pos_5_AC": -0.09308199531611899, "Pos_0:Pos_5_TT": 0.018427035981900666, "Pos_0:Pos_1_CT": 0.0, "Pos_2:Pos_5_GC": 0.0, "Pos_0:Pos_3_TA": 0.0015160672352296034, "Pos_2:Pos_4_TA": 0.0, "Pos_1:Pos_5_AG": -0.06403656614743675, "Pos_1:Pos_3_TG": -0.04220961217180352, "Pos_0:Pos_5_GT": -0.031138414654819986, "Pos_1:Pos_4_AG": 0.0, "Pos_3:Pos_5_GG": -0.11484545522645508, "Pos_2:Pos_4_AT": 0.009743812092180941, "Pos_2:Pos_5_GT": 0.030550762806535126, "Pos_2:Pos_3_TG": 0.04206363730038149, "Pos_1:Pos_5_GT": -0.07059659319044273, "Pos_0:Pos_1_AA": 0.10636129140287762, "Pos_3:Pos_4_CT": 0.006510997658271718, "CtoG": -0.4223729232326786, "Pos_1:Pos_4_GC": 0.0, "Pos_2:Pos_5_GG": 0.0, "Pos_2_T": 0.0, "Pos_0:Pos_2_TG": 0.0, "Pos_2:Pos_3_GA": 0.05815693385926485, "Pos_3:Pos_5_AT": 0.0, "Pos_0:Pos_5_GG": 0.05855778012080156, "Pos_5_A": 0.0, "Pos_4:Pos_5_TA": 0.0, "Pos_1:Pos_2_AG": 0.0, "Pos_4:Pos_5_CA": 0.0, "TtoA": 0.42729016575614603, "Pos_1:Pos_2_CC": 0.0, "Pos_4:Pos_5_AG": 0.0, "Pos_1:Pos_4_CA": 0.0, "Pos_2:Pos_3_GC": 0.12197099085508134, "Pos_0:Pos_1_TA": -0.011102230658893394, "Pos_3_T": 0.0, "Pos_1:Pos_4_CT": 0.031710782019996026, "Pos_0:Pos_5_TG": 0.0, "GtoT": 0.0632160535019382, "Pos_1:Pos_4_CG": 0.0, "Pos_0:Pos_5_AT": 0.0, "CtoA": -0.02278744258806772, "Pos_1:Pos_4_TC": 0.0006591516658978388, "Pos_1:Pos_2_TA": 0.0, "GC_feature": -0.08282705115058663, "Pos_4_C": 0.0, "Pos_1_T": 0.0722000160775307, "Pos_0:Pos_1_AC": 0.0, "Pos_1:Pos_3_GA": 0.0, "Pos_1:Pos_5_TG": 0.0, "Pos_4_G": 0.0, "Pos_1:Pos_5_CG": 0.0, "Pos_2:Pos_3_CC": 0.0, "Pos_0:Pos_4_AC": 0.08274530227386957, "Pos_3:Pos_5_CC": 0.0, "Pos_0:Pos_5_CG": 0.0, "Pos_0_C": 0.0, "Pos_1:Pos_5_CT": 0.0, "Pos_1:Pos_3_AT": 0.0, "Pos_2:Pos_5_CC": 0.0, "Pos_0:Pos_2_AA": 0.0, "Pos_0:Pos_5_GC": -0.035490405292466984, "GtoC": -0.4746332818160407, "Pos_0:Pos_4_TT": 0.0, "Pos_0:Pos_1_AG": -0.006305647302121709, "Pos_5_C": 0.0, "Pos_1:Pos_4_GA": -0.021783722143481957, "Pos_3:Pos_4_AT": 0.0, "Pos_3:Pos_5_GA": 0.0, "Pos_2:Pos_3_CT": 0.028504930376234364, "Pos_2:Pos_3_TC": 0.0, "Pos_3:Pos_4_TA": 0.0, "Pos_2:Pos_4_TC": 0.0, "Pos_2:Pos_5_TC": 0.0, "Pos_3:Pos_4_TG": -0.013458902619242886, "Pos_0:Pos_5_AA": 0.0, "Pos_2:Pos_5_GA": 0.0, "Pos_4:Pos_5_GA": 0.07157233249673044, "Pos_2:Pos_3_AA": 0.0, "Pos_1:Pos_4_TG": 0.0, "Pos_1:Pos_5_AC": 0.0, "Pos_2:Pos_5_CT": -0.04153643090555109, "Pos_0:Pos_4_GC": -0.013171161764996718, "Pos_1:Pos_3_CG": 0.0, "Pos_1:Pos_4_AC": 0.0, "Pos_1:Pos_3_TC": 0.051990135026839836, "Pos_0:Pos_2_CG": 0.0, "Pos_2:Pos_5_CG": 0.0, "Pos_3:Pos_5_TT": 0.0, "Pos_0:Pos_4_AA": 0.0, "Pos_2:Pos_4_CC": 0.0, "Pos_2_A": 0.0, "Pos_2:Pos_4_AG": 0.0, "Pos_2:Pos_4_AA": 0.0, "Pos_0_G": 0.0, "Pos_0:Pos_3_GG": 0.0, "Pos_0:Pos_2_CT": 0.0, "Pos_2:Pos_4_AC": -0.026954613608271612, "Pos_0:Pos_2_AT": 0.006148678200756851, "Pos_2:Pos_3_GG": 0.0, "Pos_3:Pos_5_CG": -0.05807624118677809, "Pos_1:Pos_5_GA": 0.0, "Pos_0:Pos_1_CG": 0.09270773785545575, "Pos_0:Pos_3_AA": -0.01368188052422043, "Pos_3:Pos_5_GT": 0.0, "Pos_1_G": 0.0, "Pos_3:Pos_5_CA": 0.03487239783512096, "Pos_0:Pos_2_GC": 0.016903636242574273, "Pos_3:Pos_5_CT": 0.012875992840027755, "Pos_2:Pos_3_AC": 0.0, "Pos_1:Pos_2_GG": 0.0, "Pos_2:Pos_4_TT": 0.0, "Pos_0:Pos_4_CC": 0.0, "Pos_2:Pos_4_GA": 0.0, "Pos_1:Pos_4_TA": 0.0, "Pos_1:Pos_4_AA": 0.0, "Pos_2:Pos_5_TA": 0.00043253575411904516, "Pos_1:Pos_2_TG": 0.009851626606344213, "Pos_0:Pos_2_GA": -0.07242429274180087, "Pos_1:Pos_5_TC": 0.0, "Pos_0:Pos_2_GT": -0.024853750454040553, "Pos_2:Pos_3_TA": -0.10682292623875803, "Pos_4_A": 0.0, "Pos_1:Pos_3_TT": 0.0, "Pos_3:Pos_5_AC": 0.0, "Pos_2:Pos_3_CA": -0.0004033274075621766, "Pos_3:Pos_4_AG": 0.003426849546326569, "Pos_4:Pos_5_TC": 0.05912020814898223, "Pos_0:Pos_3_AC": 0.0, "Pos_2_G": 0.22625179621292968, "Pos_2:Pos_5_AT": 0.0, "Pos_0:Pos_3_TC": 0.0, "Pos_0:Pos_1_CC": 0.0, "Pos_1:Pos_5_GC": -0.023518663899352477, "Pos_3:Pos_4_AC": 0.0, "Pos_0:Pos_3_CA": -0.08544234883190595, "Pos_0:Pos_4_GG": 0.0, "Pos_2:Pos_4_CT": -0.08606223460197197, "Pos_0:Pos_3_TG": -0.0495060800124228, "Pos_1:Pos_5_GG": 0.0, "Pos_1:Pos_2_CG": -0.23204306998124574, "Pos_2:Pos_3_AT": 0.0, "Pos_4_T": 0.0, "Pos_4:Pos_5_AA": 0.0, "Pos_0:Pos_1_CA": 0.0, "Pos_3:Pos_5_TG": 0.05250334948268361, "Pos_1:Pos_2_GA": 0.0, "Pos_0:Pos_5_CT": 0.0, "Pos_1:Pos_5_CC": 0.0, "Pos_0:Pos_2_AC": -0.05903280222312217, "Pos_4:Pos_5_AC": -0.017042544538269994, "Pos_0:Pos_3_GT": 0.0, "Pos_1:Pos_5_TT": 0.0, "Pos_0:Pos_5_TA": 0.0, "Pos_0_A": 0.0, "Pos_1:Pos_5_AT": 0.02474738243560628, "Pos_2:Pos_4_CG": 0.0, "Pos_3:Pos_4_GT": -0.06220866397345897, "Pos_2:Pos_4_GC": 0.09168712991500508, "Pos_1:Pos_3_AC": 0.0, "Pos_1:Pos_4_AT": 0.0, "Pos_3:Pos_4_TT": 0.0006158719948131825, "TtoC": 0.018521551234302745, "Pos_1:Pos_4_GG": 0.0, "Pos_1:Pos_3_GC": 0.0, "Pos_2:Pos_3_TT": 0.0, "Pos_0:Pos_4_GA": 0.0, "Pos_1:Pos_3_GT": 0.0, "Pos_1:Pos_2_TC": 0.0, "Pos_0:Pos_4_AG": -0.020136208945015124, "Pos_0:Pos_2_AG": 0.0, "GtoA": -0.3139944969589613, "Pos_0:Pos_2_TT": 0.0, "CtoT": -0.3177675730427666, "Pos_0_T": 0.0, "Pos_4:Pos_5_GT": 0.0, "Pos_1:Pos_2_GT": -0.04742681371059263, "Pos_4:Pos_5_GC": 0.0, "Pos_0:Pos_3_GC": 0.0, "Pos_0:Pos_4_GT": 0.0, "Pos_4:Pos_5_TT": 0.06859273014941208, "Pos_2:Pos_5_AG": 0.0, "Pos_4:Pos_5_AT": 0.0, "Pos_0:Pos_4_TG": 0.0, "Pos_0:Pos_4_CG": 0.015916615714218645, "Pos_3:Pos_5_TC": 0.0, "Pos_1:Pos_3_GG": 0.0, "Pos_0:Pos_5_TC": 0.015903766497366946, "Pos_0:Pos_1_GC": -0.04007260535484665, "Pos_0:Pos_2_TC": 0.0, "Pos_2:Pos_4_GG": -0.028439175391431985, "Pos_1:Pos_2_AC": -0.130541170156336, "Pos_0:Pos_2_TA": 0.021567689508826073, "Pos_3:Pos_4_AA": 0.0,