{"params": {"2": {"penalty": "l1", "C": 10.0}, "3": {"penalty": "l1", "C": 100.0}, "0": {"penalty": "l1", "C": 0.1}, "1": {"penalty": "l1", "C": 1.0}}, "param_penalty": {"2": "l1", "3": "l1", "0": "l1", "1": "l1"}, "best_c_choice": 0.1, "param_C": {"2": 10.0, "3": 100.0, "0": 0.1, "1": 1.0}, "split0_test_score": {"2": 0.7470265115, "3": 0.7466069044, "0": 0.7747129506, "1": 0.7512073241}, "rank_test_score": {"2": 3, "3": 4, "0": 1, "1": 2}}