{"Pos_2_C": 0.11251286168772047, "GtoT": 0.864645614671389, "GtoA": 0.1492630252294929, "TtoG": 0.8682463919010134, "AtoG": 0.72737432041436, "Pos_3_A": -0.010606815740961091, "TtoC": 0.6894222438819875, "Pos_1_G": 0.31848357638819774, "TtoA": 1.6327623998124832, "GtoC": -3.2732020173455787, "Pos_1_A": 0.09496555227002208, "Pos_3_C": 0.01647647104612568, "AtoT": 1.4901791531417707, "Pos_2_T": 0.0817607077095655, "Pos_1_C": -0.12189851781751922, "Pos_0_G": -0.12771993024591158, "CtoG": -3.4176028360733306, "AtoC": 0.40539008584201747, "Pos_1_T": 0.037397366211171776, "CtoA": 0.6248482238482339, "Pos_0_T": 0.131972912115326, "Pos_0_A": 0.09271594329508483, "Pos_0_C": -0.03373496853405368, "Pos_2_A": -0.007103918723495124, "Pos_2_G": -0.19868722436274008, "Pos_3_T": 0.07534255407105425, "CtoT": 0.17822696922096828, "Pos_3_G": 0.024897432595216783}