{"rank_test_score": {"3": 4, "2": 3, "1": 2, "0": 1, "4": 5}, "params": {"3": {"alpha": 2.0}, "2": {"alpha": 1.0}, "1": {"alpha": 0.1}, "0": {"alpha": 0.01}, "4": {"alpha": 3.0}}, "best_a_choice": 0.01, "split0_test_score": {"3": 0.6797355503, "2": 0.6806996171, "1": 0.6838623099, "0": 0.6867170856, "4": 0.6792257526}, "param_alpha": {"3": 2.0, "2": 1.0, "1": 0.1, "0": 0.01, "4": 3.0}}