{"params": {"0": {"alpha": 0.01}, "4": {"alpha": 3.0}, "2": {"alpha": 1.0}, "1": {"alpha": 0.1}, "3": {"alpha": 2.0}}, "param_alpha": {"0": 0.01, "4": 3.0, "2": 1.0, "1": 0.1, "3": 2.0}, "best_a_choice": 3.0, "rank_test_score": {"0": 5, "4": 1, "2": 3, "1": 4, "3": 2}, "split0_test_score": {"0": 0.6245451408, "4": 0.6476488487, "2": 0.6426532405, "1": 0.6324189096, "3": 0.6464881737}}