{"CtoG": -0.5330879079763909, "TtoC": 0.07911396329688475, "GC_feature": -0.15209647863052636, "GtoT": -0.02805729505056375, "TtoG": -0.11245485717444488, "AtoT": 0.5706377128051559, "CtoT": -0.395431038564269, "AtoC": -0.0050962335496933355, "GtoC": -0.4501153178601705, "CtoA": 0.0, "TtoA": 0.3770467229049059, "GtoA": -0.43652322119128806, "AtoG": 0.1515078957318984}