{"TtoG": 0.0, "Pos_0_T": 0.0060398436867812174, "Pos_1_G": -0.12977913076441513, "GtoA": -0.57124986362646, "AtoG": 0.09320556365684837, "AtoT": 0.5399429478797486, "CtoA": 0.012731889684161933, "TtoA": 0.6835281387353733, "Pos_0_A": 0.0, "CtoG": -0.5334629625518699, "TtoC": 0.24881886130376013, "CtoT": -0.43973662894079907, "Pos_0_C": -0.04499441578843774, "GtoC": -0.20612818764248714, "GtoT": 0.0, "Pos_1_A": 0.0, "Pos_1_C": 0.05108675427053383, "AtoC": 0.0, "Pos_1_T": 0.10936341160924316, "Pos_0_G": 0.25153406308136284}