{"split0_test_score": {"4": 0.6957546837, "2": 0.6969142796, "3": 0.6960730671, "1": 0.6997349521, "0": 0.7015286388}, "rank_test_score": {"4": 5, "2": 3, "3": 4, "1": 2, "0": 1}, "param_alpha": {"4": 3.0, "2": 1.0, "3": 2.0, "1": 0.1, "0": 0.01}, "best_a_choice": 0.01, "params": {"4": {"alpha": 3.0}, "2": {"alpha": 1.0}, "3": {"alpha": 2.0}, "1": {"alpha": 0.1}, "0": {"alpha": 0.01}}}