{"best_a_choice": 0.01, "split0_test_score": {"4": 0.7710097425, "3": 0.7717282608, "0": 0.7724276949, "2": 0.7722721591, "1": 0.7724162444}, "rank_test_score": {"4": 5, "3": 4, "0": 1, "2": 3, "1": 2}, "param_alpha": {"4": 3.0, "3": 2.0, "0": 0.01, "2": 1.0, "1": 0.1}, "params": {"4": {"alpha": 3.0}, "3": {"alpha": 2.0}, "0": {"alpha": 0.01}, "2": {"alpha": 1.0}, "1": {"alpha": 0.1}}}