{"AtoT": 1.0793039648461498, "Pos_2_G": 0.2759114491648311, "AtoC": 0.039839416435059886, "Pos_0_C": -0.01891868373568007, "Pos_4_A": -0.02531713148600272, "Pos_3_T": 0.12255988838843196, "Pos_3_C": 0.17114682826551128, "CtoA": 0.2234307177942043, "Pos_2_A": 0.02884470112017931, "Pos_1_T": 0.16199832539462225, "GtoA": -0.321021341524836, "CtoG": -1.571804388813114, "Pos_4_T": 0.08023709522780273, "TtoG": 0.23273948770853137, "Pos_0_A": 0.07706915319944872, "Pos_5_A": 0.14182157096949308, "Pos_4_G": 0.041899287191170344, "Pos_0_T": 0.19418449057245096, "Pos_5_C": 0.0, "Pos_1_A": 0.052093781434530945, "CtoT": -0.32235880984329607, "Pos_1_C": 0.0, "GtoC": -1.5911785132857987, "Pos_2_C": -0.1521217996447967, "Pos_1_G": -0.06888467876164038, "TtoA": 1.1131400360191124, "AtoG": 0.2990962725230021, "GtoT": 0.32859572088589617, "Pos_0_G": 0.0, "TtoC": 0.29454651748874217, "Pos_2_T": 0.0, "Pos_3_A": 0.0, "Pos_5_G": -0.05281422103416423, "Pos_5_T": 0.11441134594954912, "Pos_3_G": -0.15464206216057838, "Pos_4_C": 0.0}