{"Pos_0:Pos_2_TT": 0.0, "Pos_1:Pos_4_TT": 0.0, "Pos_3_G": 0.0, "Pos_0:Pos_2_GG": -0.022072864597087443, "GtoT": 0.03454031464826115, "Pos_5_A": 0.0, "Pos_0:Pos_3_TT": 0.0021342085299846138, "Pos_2:Pos_3_TG": 0.01631635137418279, "Pos_0:Pos_1_TT": 0.05842525373714241, "Pos_1_C": 0.0, "GtoC": -0.6076319117572255, "Pos_2:Pos_5_TA": 0.0, "Pos_2_A": 0.0, "Pos_0:Pos_4_TT": 0.01948597844709521, "Pos_3:Pos_5_AC": 0.0, "Pos_3:Pos_5_TG": 0.028633908587672563, "Pos_1:Pos_2_GA": -0.059415607186446485, "Pos_1:Pos_5_TC": 0.0, "TtoA": 0.4506933773349378, "Pos_0_G": 0.0, "Pos_3:Pos_4_TG": 0.0, "Pos_3:Pos_5_AA": 0.013159905650345853, "Pos_1:Pos_4_GG": 0.0, "Pos_0:Pos_1_CG": 0.0, "Pos_0:Pos_2_CG": 0.010032511784917313, "Pos_1_T": 0.0, "Pos_0:Pos_1_AA": 0.0, "Pos_4:Pos_5_TC": 0.05026791854518106, "Pos_0:Pos_5_TG": 0.03710587962808054, "Pos_2:Pos_5_AT": 0.0, "Pos_0:Pos_3_AG": 0.0, "Pos_4:Pos_5_GG": 0.0, "TtoC": 0.008880883138208156, "Pos_0:Pos_4_AG": -0.009108780254019701, "Pos_0:Pos_2_AT": 0.05532660331951303, "Pos_1:Pos_4_GA": 0.0, "Pos_0:Pos_3_AC": -0.013864834191359617, "Pos_1:Pos_4_GC": 0.0, "Pos_0:Pos_5_CT": 0.0, "Pos_0:Pos_5_AT": 0.024645392101208356, "Pos_0:Pos_2_GA": 0.0002725128916335182, "Pos_0:Pos_5_CC": -0.04196030115746882, "Pos_3:Pos_5_CC": 0.0, "Pos_1:Pos_2_GG": 0.006447287291325296, "Pos_2:Pos_5_AC": 0.0, "Pos_3:Pos_5_AT": 0.0, "Pos_2:Pos_3_GC": 0.08141062405232705, "Pos_0:Pos_4_AC": 0.0, "Pos_4_G": 0.0, "Pos_2:Pos_4_AG": -0.015587413724799708, "Pos_0:Pos_2_AG": 0.04536062692932273, "Pos_3:Pos_5_CG": 0.0, "Pos_0_T": 0.011334408570046103, "Pos_2:Pos_3_TA": -0.054216530617751314, "Pos_3_C": 0.0, "Pos_2:Pos_3_AA": 0.05658782397221832, "Pos_3:Pos_4_CC": 0.0, "Pos_0:Pos_4_TG": 0.0, "Pos_1:Pos_2_CT": 0.0, "Pos_1:Pos_2_CC": 0.0038255348984044366, "Pos_2:Pos_4_AT": 0.045118441824906104, "Pos_0:Pos_3_GC": 0.0, "Pos_0:Pos_3_CT": 0.0, "Pos_0:Pos_4_CA": 0.0, "Pos_4:Pos_5_AG": -0.004843049728296869, "Pos_1:Pos_4_AC": 0.01414404112173448, "Pos_1:Pos_4_CT": 0.0, "Pos_1_A": 0.0, "Pos_1:Pos_3_CG": 0.001934628129786833, "Pos_1:Pos_5_AT": 0.0035748883963960766, "Pos_0:Pos_5_GG": 0.0, "Pos_0:Pos_2_CT": -0.0020992229198603237, "Pos_2:Pos_4_CA": -0.009253821837453028, "Pos_1:Pos_4_AT": 0.0, "Pos_0:Pos_3_GG": 0.014714768214542116, "Pos_1:Pos_4_CG": 0.0, "Pos_4_C": 0.0, "Pos_3:Pos_5_CA": 0.006358636182465593, "Pos_2:Pos_3_CT": 0.0015119159030892114, "Pos_0:Pos_3_AA": 0.0, "Pos_2:Pos_3_CG": -0.07630134362826028, "Pos_1:Pos_3_AT": 0.09735896695514047, "Pos_2:Pos_5_TG": -0.01502282554049495, "Pos_3:Pos_4_GA": -0.0860038629606257, "Pos_1:Pos_2_TC": -0.010289202251711295, "GC_feature": -0.061236471917066715, "Pos_3_T": 0.0, "Pos_0:Pos_2_TG": 0.0, "Pos_0:Pos_5_TT": 0.0, "Pos_3:Pos_5_GG": -0.11973459892722055, "Pos_1:Pos_3_AC": -0.0173403540497065, "Pos_0:Pos_2_CC": 0.0, "Pos_2:Pos_5_CA": 0.01573163096054016, "Pos_2:Pos_4_AA": 0.0, "Pos_3:Pos_5_GT": 0.025304235655558387, "Pos_0:Pos_5_GT": -0.017323683121084687, "Pos_3:Pos_4_TT": 0.05101773278391885, "Pos_0:Pos_3_GA": -0.017623514148566884, "Pos_0:Pos_4_GG": -0.024568197389183068, "Pos_1:Pos_3_GT": -0.0003920863241333049, "Pos_1:Pos_5_CG": -0.027345175302548094, "Pos_0:Pos_4_GC": 0.0, "CtoA": -0.035248909565201464, "Pos_1:Pos_5_TT": 0.0, "Pos_2:Pos_5_GA": 0.02222182122825745, "Pos_1:Pos_3_CC": 0.0, "Pos_2:Pos_4_GT": 0.056853548258219415, "Pos_0:Pos_4_AT": 0.006521154580247307, "Pos_0:Pos_1_CA": 0.0, "Pos_4:Pos_5_GC": -0.0060756401289588854, "Pos_1:Pos_5_TG": 0.0, "Pos_3:Pos_4_CT": 0.0, "AtoG": 0.0, "Pos_3:Pos_4_TC": 0.04037059440674025, "Pos_4:Pos_5_AA": 0.05126359271594528, "Pos_0_C": 0.0, "Pos_1:Pos_5_GG": -0.0036167575441074353, "Pos_3:Pos_4_AG": 0.11920209280004428, "Pos_2:Pos_3_AT": -0.029927200186063437, "Pos_4:Pos_5_GT": 0.0, "Pos_4:Pos_5_TG": -0.030139380077422215, "Pos_0:Pos_4_TA": 0.005094928115314507, "Pos_2:Pos_3_TT": 0.0, "Pos_1:Pos_2_AT": 0.0, "Pos_2_T": 0.0, "Pos_2:Pos_4_CC": 0.0, "Pos_4:Pos_5_TA": 0.0, "TtoG": 0.006386206977898519, "Pos_0:Pos_1_TG": 0.0, "Pos_1:Pos_4_CC": -0.03491046976268386, "Pos_1:Pos_3_CT": 0.0, "Pos_4:Pos_5_CG": 0.08591650436112004, "Pos_3:Pos_4_AA": 0.0, "Pos_0:Pos_3_CC": 0.025276739585335, "Pos_1:Pos_5_CA": 0.02286735770407299, "Pos_0:Pos_4_CG": 0.06136111653812777, "Pos_0:Pos_3_CA": 0.0, "Pos_3:Pos_4_CA": 0.03222025611980974, "Pos_2:Pos_5_CG": 0.0, "Pos_1:Pos_4_AA": -0.010148507652433933, "Pos_0:Pos_1_GC": -0.0021206371034375527, "Pos_0:Pos_5_TC": -0.0063358231971326, "Pos_0:Pos_1_AG": -0.019326382760951485, "Pos_1:Pos_3_TT": 0.028514719124413487, "Pos_2_C": 0.0, "Pos_1:Pos_2_CG": -0.13698818592641468, "Pos_1:Pos_3_TC": 0.0, "Pos_1:Pos_2_CA": 0.011191855105737798, "Pos_3:Pos_5_TC": 0.005583155750600668, "Pos_2:Pos_5_AG": 0.0, "Pos_0_A": 0.0, "GtoA": -0.40736077695859385, "Pos_1:Pos_2_GC": 0.0, "Pos_0:Pos_2_GT": 0.0, "Pos_0:Pos_2_TA": 0.0, "Pos_0:Pos_1_TA": 0.0, "Pos_2:Pos_5_TT": 0.0, "Pos_0:Pos_3_GT": -0.04062324811400712, "Pos_0:Pos_3_TC": 0.046580272706290025, "Pos_0:Pos_4_CC": 0.0, "Pos_2:Pos_4_TG": 0.009792404954325026, "Pos_1:Pos_4_TG": 0.0, "Pos_0:Pos_4_CT": -0.0012278904344255074, "Pos_3:Pos_5_GC": -0.0427621968306075, "Pos_0:Pos_4_GT": 0.0, "Pos_0:Pos_2_AC": -0.015172204466686665, "Pos_3:Pos_4_GG": 0.0, "Pos_3:Pos_4_TA": -0.005224638818420796, "Pos_5_T": 0.0, "Pos_0:Pos_3_CG": -0.11846336881606113, "Pos_2:Pos_4_CT": -0.05193469814510234, "Pos_1:Pos_3_GA": -0.027691160947607624, "Pos_3:Pos_4_CG": -0.05145812599362949, "Pos_2:Pos_4_TA": -0.01578336051778087, "Pos_2:Pos_5_AA": -0.0025928711522771376, "Pos_1:Pos_2_GT": -0.014919084067344157, "Pos_1:Pos_3_AG": -0.010967647377337844, "Pos_2:Pos_5_GG": -0.006271775386962357, "Pos_0:Pos_1_CC": 0.0, "CtoG": -0.6422544698187044, "Pos_0:Pos_1_GA": 0.0, "AtoC": -0.09598784709211769, "Pos_0:Pos_5_AA": -0.0221045503093456, "Pos_0:Pos_3_AT": 0.0, "Pos_1:Pos_5_TA": 0.0, "Pos_2:Pos_3_AC": 0.01688482843605391, "Pos_0:Pos_2_AA": -0.016023785792944865, "Pos_1_G": 0.0, "Pos_1:Pos_3_GG": 0.0, "Pos_0:Pos_4_AA": -0.028852454356623355, "Pos_1:Pos_4_AG": -0.03228561629703964, "Pos_2:Pos_4_TT": -0.0014429775213607016, "Pos_0:Pos_2_GC": -0.025521087307930342, "Pos_1:Pos_2_TA": 0.0, "Pos_0:Pos_5_AC": 0.0, "Pos_1:Pos_5_CT": 0.0, "Pos_3:Pos_4_GT": -0.03127153187637489, "Pos_4_T": 0.0, "Pos_2:Pos_5_CC": -0.02575027279450181, "Pos_4:Pos_5_CT": 0.0, "Pos_1:Pos_3_AA": 0.007311834330712546, "Pos_1:Pos_5_AG": 0.0, "Pos_0:Pos_3_TG": -0.018606398773000802, "Pos_3:Pos_5_GA": 0.0, "Pos_0:Pos_1_GT": 0.04066822494639837, "Pos_2:Pos_3_GG": 0.0, "Pos_2_G": 0.11634416184252111, "Pos_1:Pos_4_TC": 0.051921249699463046, "Pos_1:Pos_5_AC": -0.03941938722873253, "Pos_2:Pos_4_CG": 0.035933709553536114, "Pos_2:Pos_3_GT": 0.0, "Pos_2:Pos_5_CT": -0.04343130078004497, "Pos_0:Pos_5_CA": 0.021949069326795297, "Pos_0:Pos_2_TC": 0.0, "Pos_4:Pos_5_AT": 0.0, "Pos_1:Pos_2_AG": 0.0, "Pos_4_A": 0.0, "Pos_2:Pos_4_GC": 0.06231940952887996, "Pos_4:Pos_5_GA": 0.04345697791821246, "Pos_1:Pos_5_GT": -0.012912972792606395, "Pos_1:Pos_4_TA": 0.0, "Pos_5_C": 0.0, "Pos_0:Pos_4_GA": 0.0, "Pos_0:Pos_1_AC": 0.03749171455068663, "Pos_1:Pos_3_CA": -0.08635197707064025, "Pos_1:Pos_2_TT": 0.012200472846016054, "Pos_4:Pos_5_TT": 0.02384392281950354, "Pos_1:Pos_3_TA": 0.0, "Pos_0:Pos_5_GC": 0.0, "Pos_2:Pos_4_GA": 0.0, "Pos_2:Pos_4_TC": 0.0, "Pos_2:Pos_3_TC": -0.005070694044774567, "Pos_3:Pos_5_TA": 0.0, "Pos_1:Pos_2_TG": 0.06193794865101488, "Pos_2:Pos_4_GG": -0.016872068244030213, "Pos_0:Pos_1_CT": 0.0, "AtoT": 0.39692432610639666, "Pos_4:Pos_5_AC": 0.0, "Pos_2:Pos_5_GC": 0.044314878603373804, "Pos_1:Pos_5_AA": -0.013365269422117495, "Pos_0:Pos_1_TC": 0.07649172010026165, "Pos_0:Pos_4_TC": -0.04889474832596177, "Pos_1:Pos_4_CA": 0.006219708804193158, "Pos_2:Pos_3_CC": 0.0, "CtoT": -0.49135187249627266, "Pos_0:Pos_3_TA": 0.0, "Pos_3:Pos_4_AC": -0.010387580787941412, "Pos_4:Pos_5_CA": 0.0, "Pos_3:Pos_5_CT": 0.09241052550016551, "Pos_0:Pos_5_GA": 0.0, "Pos_2:Pos_5_TC": -0.018363805284122073, "Pos_4:Pos_5_CC": -0.02949702189114065, "Pos_1:Pos_5_GA": 0.01245677210319217, "Pos_3:Pos_4_AT": 0.0, "Pos_0:Pos_5_CG": 0.0,