{"split0_test_score": {"1": 0.7792740396, "0": 0.7825453554, "2": 0.7787992325, "3": 0.7787432476}, "param_penalty": {"1": "l1", "0": "l1", "2": "l1", "3": "l1"}, "rank_test_score": {"1": 2, "0": 1, "2": 3, "3": 4}, "params": {"1": {"C": 1.0, "penalty": "l1"}, "0": {"C": 0.1, "penalty": "l1"}, "2": {"C": 10.0, "penalty": "l1"}, "3": {"C": 100.0, "penalty": "l1"}}, "param_C": {"1": 1.0, "0": 0.1, "2": 10.0, "3": 100.0}, "best_c_choice": 0.1}