{"CtoT": -0.457066220556382, "TtoG": 0.0, "GtoA": -0.4334499166738232, "GtoC": -0.6248786441382773, "AtoG": 0.03337060224369789, "AtoC": -0.08592179611252265, "GtoT": 0.0070080040421169245, "CtoG": -0.6532601621320022, "TtoA": 0.42314265090801967, "GC_feature": -0.13771640100520596, "CtoA": -0.03540303897259314, "AtoT": 0.3861666151573413, "TtoC": 0.021937747680497475}