{"param_alpha": {"0": 0.01, "2": 1.0, "4": 3.0, "1": 0.1, "3": 2.0}, "params": {"0": {"alpha": 0.01}, "2": {"alpha": 1.0}, "4": {"alpha": 3.0}, "1": {"alpha": 0.1}, "3": {"alpha": 2.0}}, "rank_test_score": {"0": 4, "2": 1, "4": 1, "1": 4, "3": 1}, "best_a_choice": 1.0, "split0_test_score": {"0": 0.7356189205, "2": 0.7367213427, "4": 0.7367213427, "1": 0.7356189205, "3": 0.7367213427}}