{"CtoT": -0.4242946542885827, "AtoC": -0.08910464972399186, "TtoA": 0.4323604279591712, "TtoG": 0.0, "TtoC": 0.05899445037852171, "AtoT": 0.4155354784610954, "AtoG": 0.06304378224302412, "CtoG": -0.6449948848646995, "CtoA": -0.03713861726497481, "GtoA": -0.4327200978099569, "GtoT": 0.028393841854444164, "GtoC": -0.6298109896096844, "GC_feature": -0.1521871545139956}