{"Pos_3_T": 0.0, "Pos_2_C": -0.11102537747187909, "GtoC": -0.16111094176908913, "Pos_1_T": 0.1293563610543276, "Pos_5_C": -0.03114575848662982, "TtoC": 0.07440488584835855, "Pos_0_C": -0.0766914977833688, "Pos_3_G": -0.2604893435342698, "AtoT": 0.7834920018079109, "Pos_3_A": 0.0, "AtoC": 0.0, "CtoT": -0.4261418252021667, "Pos_2_A": 0.0, "Pos_0_T": 0.051045588762390647, "TtoG": 0.0, "Pos_5_A": 0.0, "GtoA": -0.48498496780814815, "Pos_4_G": -0.07526415025959121, "TtoA": 0.5888042611845302, "CtoG": -0.39209746820779934, "Pos_0_G": 0.0, "GtoT": 0.0, "Pos_5_T": 0.0009289149314428107, "Pos_4_C": 0.008779835675677564, "Pos_0_A": 0.0, "CtoA": 0.0, "AtoG": 0.15038613523353794, "Pos_4_T": 0.0, "Pos_5_G": -0.09635078202133053, "Pos_2_G": 0.24292022794106594, "Pos_4_A": -0.021737716356280853, "Pos_3_C": 0.0031184973757261095, "Pos_1_A": 0.0, "Pos_1_C": 0.0, "Pos_2_T": 0.0, "Pos_1_G": -0.060455588450825846}