{"param_alpha": {"3": 2.0, "1": 0.1, "4": 3.0, "2": 1.0, "0": 0.01}, "split0_test_score": {"3": 0.6294858523, "1": 0.6152126859, "4": 0.6314464521, "2": 0.6263488927, "0": 0.6041235335}, "rank_test_score": {"3": 2, "1": 4, "4": 1, "2": 3, "0": 5}, "params": {"3": {"alpha": 2.0}, "1": {"alpha": 0.1}, "4": {"alpha": 3.0}, "2": {"alpha": 1.0}, "0": {"alpha": 0.01}}, "best_a_choice": 3.0}