{"params": {"3": {"alpha": 2.0}, "1": {"alpha": 0.1}, "4": {"alpha": 3.0}, "0": {"alpha": 0.01}, "2": {"alpha": 1.0}}, "param_alpha": {"3": 2.0, "1": 0.1, "4": 3.0, "0": 0.01, "2": 1.0}, "rank_test_score": {"3": 4, "1": 2, "4": 5, "0": 1, "2": 3}, "split0_test_score": {"3": 0.707320523, "1": 0.7120406134, "4": 0.7064648006, "0": 0.713919694, "2": 0.7086778448}, "best_a_choice": 0.01}