{"CtoA": 0.2078865578410001, "GtoC": -1.502638299669648, "TtoC": 0.39870958217937624, "TtoA": 1.1634237107156247, "TtoG": 0.30572985860181934, "AtoG": 0.4092364850196189, "GtoT": 0.37277783947250853, "GtoA": -0.2758789637254305, "AtoT": 1.1023926326988425, "CtoG": -1.5245167959754233, "AtoC": 0.033093254896696976, "CtoT": -0.24762377854111492}