{"param_alpha": {"2": 1.0, "3": 2.0, "1": 0.1, "0": 0.01, "4": 3.0}, "params": {"2": {"alpha": 1.0}, "3": {"alpha": 2.0}, "1": {"alpha": 0.1}, "0": {"alpha": 0.01}, "4": {"alpha": 3.0}}, "split0_test_score": {"2": 0.6590225098, "3": 0.6583450224, "1": 0.6614929532, "0": 0.6639443124, "4": 0.6581131499}, "best_a_choice": 0.01, "rank_test_score": {"2": 3, "3": 4, "1": 2, "0": 1, "4": 5}}