{"best_a_choice": 3.0, "params": {"2": {"alpha": 1.0}, "1": {"alpha": 0.1}, "3": {"alpha": 2.0}, "0": {"alpha": 0.01}, "4": {"alpha": 3.0}}, "param_alpha": {"2": 1.0, "1": 0.1, "3": 2.0, "0": 0.01, "4": 3.0}, "rank_test_score": {"2": 3, "1": 4, "3": 2, "0": 5, "4": 1}, "split0_test_score": {"2": 0.6630177314, "1": 0.6609678914, "3": 0.6636824005, "0": 0.6582556644, "4": 0.6642128882}}