{"GtoT": 0.10388891113841084, "Pos_2_C": -0.1663089792223937, "TtoG": 0.08094829179134871, "GC_feature": -0.06167602628182825, "CtoA": 0.048877769729434146, "Pos_0_C": -0.02108480749766889, "GtoC": -1.0117830813514466, "Pos_3_G": -0.1991159442247692, "TtoC": 0.16835746128774165, "CtoT": -0.252539333956043, "Pos_5_A": 0.09083761850793812, "Pos_1_A": 0.06547770103810227, "CtoG": -1.058535100203347, "AtoT": 0.5704886274669271, "Pos_2_T": -0.052352270818663206, "Pos_5_C": -0.013948735786037118, "Pos_5_G": -0.0373334444002482, "AtoC": -0.023315971880464196, "TtoA": 0.5381232657996348, "Pos_4_A": -0.0397979114971054, "Pos_3_C": 0.09610392174637933, "Pos_4_T": 0.03260829170299011, "Pos_4_G": 0.024788725594141754, "Pos_3_A": -0.03815812562534972, "Pos_2_A": 0.0, "Pos_0_G": -0.05334070884935682, "Pos_1_T": 0.15481549233325942, "Pos_4_C": -0.004245102987750299, "Pos_1_C": 0.04958874419366939, "GtoA": -0.27677827371408054, "Pos_0_A": 0.06682132420069016, "Pos_1_G": -0.035717253309720816, "AtoG": 0.16648684753070822, "Pos_3_T": 0.06055894713969753, "Pos_0_T": 0.14210554721468338, "Pos_2_G": 0.22664384544326144, "Pos_5_T": 0.05945030880583857}