{"param_penalty": {"0": "l1", "3": "l1", "2": "l1", "1": "l1"}, "split0_test_score": {"0": 0.7697088296, "3": 0.7645422409, "2": 0.7647108043, "1": 0.7659120464}, "rank_test_score": {"0": 1, "3": 4, "2": 3, "1": 2}, "param_C": {"0": 0.1, "3": 100.0, "2": 10.0, "1": 1.0}, "params": {"0": {"penalty": "l1", "C": 0.1}, "3": {"penalty": "l1", "C": 100.0}, "2": {"penalty": "l1", "C": 10.0}, "1": {"penalty": "l1", "C": 1.0}}, "best_c_choice": 0.1}