{"GC_feature": -0.14463313613401627, "CtoG": -0.8712963996841177, "GtoC": -1.0261463140368186, "AtoT": 0.5083847720307098, "GtoA": -0.3259540833457672, "TtoA": 0.5095561599309181, "TtoG": -0.0065330699321233315, "AtoC": -0.028548027012503533, "CtoT": -0.38170658060330204, "TtoC": 0.16766251968199763, "CtoA": 0.0620518547822869, "AtoG": 0.15894639904282898, "GtoT": 0.11366042972594528}