{"param_C": {"3": 100.0, "1": 1.0, "0": 0.1, "2": 10.0}, "param_penalty": {"3": "l1", "1": "l1", "0": "l1", "2": "l1"}, "split0_test_score": {"3": 0.7325737841, "1": 0.7324688213, "0": 0.7309177568, "2": 0.7325776009}, "rank_test_score": {"3": 2, "1": 3, "0": 4, "2": 1}, "best_c_choice": 10.0, "params": {"3": {"penalty": "l1", "C": 100.0}, "1": {"penalty": "l1", "C": 1.0}, "0": {"penalty": "l1", "C": 0.1}, "2": {"penalty": "l1", "C": 10.0}}}