{"Pos_4_C": 0.0, "TtoA": 0.445488289320183, "TtoG": 0.025370569316619265, "Pos_4_G": 0.028746995472531633, "Pos_5_G": -0.023307541871591078, "Pos_0_G": -0.0039907679180482564, "Pos_4_A": -0.04452728981804507, "Pos_1_T": 0.1537521055610836, "Pos_3_G": -0.2555189447297829, "GtoA": -0.43580074640676447, "Pos_5_T": 0.06869929822280134, "Pos_2_C": -0.1655932447852734, "Pos_5_A": 0.10539081726145492, "Pos_3_A": -0.0630595322301486, "GC_feature": -0.0738618377604784, "Pos_0_T": 0.11862085203581413, "CtoA": -0.03248222448198135, "CtoG": -0.6810874124601768, "CtoT": -0.4328942445992178, "Pos_3_T": 0.0, "Pos_3_C": 0.04234013601133749, "Pos_1_A": 0.037684647960564914, "AtoC": -0.10120823148364437, "AtoT": 0.40410210087608334, "Pos_2_A": 0.0, "Pos_1_C": 0.0, "TtoC": 0.010310844594034635, "Pos_2_G": 0.23955923388201442, "GtoT": 0.018050187175281607, "Pos_0_C": -0.013587358678027999, "Pos_1_G": -0.018912305926066148, "Pos_4_T": 0.028152384171518205, "Pos_2_T": -0.03353814080748491, "AtoG": 0.0, "Pos_5_C": 0.0, "Pos_0_A": 0.04545173780301017, "GtoC": -0.6207453233394065}