{"Pos_48_G": 0.0, "Pos_6_A": 0.0, "Pos_1_T": 0.0, "Pos_58_C": 0.0, "Pos_17_G": 0.0, "Pos_50_T": 0.0, "Pos_9_C": 0.0, "Pos_4_C": 0.0, "Pos_11_T": 0.05892814085128697, "Pos_0_A": 0.0, "Pos_59_T": 0.0, "Pos_57_C": 0.0, "Pos_49_C": 0.056931356156352954, "Pos_26_T": 0.0, "Pos_57_G": -0.05603654099923071, "Pos_36_T": 0.0, "Pos_22_G": -0.10576962284907468, "Pos_42_G": -0.10104729409561716, "TtoA": 0.8508189784850798, "Pos_5_T": 0.0, "Pos_2_C": 0.0, "Pos_24_G": -0.16042222242688403, "Pos_17_C": 0.0, "AtoT": 0.3528038544355148, "Pos_28_G": 0.0, "Pos_35_A": 0.013213851289865956, "Pos_2_G": 0.0, "Pos_58_G": 0.0, "Pos_15_C": -0.05667189936671544, "Pos_56_C": 0.0, "Pos_45_C": 0.031319391393387026, "Pos_54_A": -0.007541261464933025, "Pos_42_T": 0.022094408540913234, "TtoG": 0.0, "Pos_3_T": 0.04845086203690828, "Pos_51_A": 0.0, "AtoC": 0.0, "Pos_5_C": 0.0, "Pos_53_A": 0.0005265738177560502, "Pos_7_T": -0.042653338969693505, "Pos_38_A": 0.0, "Pos_50_C": -0.07225109245767929, "Pos_14_A": -0.01422324191861334, "Pos_27_T": 0.05187861912571756, "Pos_10_A": -0.007650291746205772, "Pos_13_C": 0.0, "Pos_18_A": 0.0, "Pos_12_G": -0.016143717526679487, "Pos_46_T": 0.0, "Pos_25_A": 0.0, "Pos_16_G": -0.06507937188747857, "Pos_11_A": 0.0, "Pos_29_T": 0.0012920931290583107, "Pos_52_G": 0.00877146224783054, "Pos_33_C": 0.0, "Pos_49_G": 0.07663310843473867, "Pos_14_G": 0.0, "Pos_39_C": 0.0, "Pos_42_A": -0.06197476408128286, "Pos_3_G": -0.0035331246620966665, "Pos_2_T": 0.0, "Pos_25_C": 0.0, "Pos_41_T": 0.11164518266392856, "Pos_24_C": -0.0035306778326052953, "Pos_52_A": -0.000609756668008427, "Pos_40_A": 0.0, "Pos_53_C": -0.07533706470325414, "Pos_11_G": 0.0, "Pos_23_T": 0.0, "Pos_48_A": 0.0, "Pos_28_A": 0.0, "Pos_35_G": 0.0, "CtoT": -0.5263714660456281, "Pos_20_G": 0.06257569798504281, "Pos_34_C": 0.0, "Pos_1_C": 0.0, "Pos_31_T": 0.05614275158048351, "Pos_5_G": 0.02547181714254623, "Pos_8_T": 0.0, "Pos_40_T": 0.0, "Pos_16_C": 0.0, "Pos_50_G": 0.0, "GtoT": 0.0, "Pos_55_C": 0.0, "Pos_22_T": 0.12571573782135462, "Pos_15_A": 0.19114930339649053, "Pos_33_G": -0.044823744687654835, "Pos_1_G": 0.0, "Pos_8_C": 0.0, "Pos_44_G": 0.0, "Pos_56_T": 0.032908396945187, "TtoC": 0.0, "Pos_32_A": 0.0, "Pos_4_A": -0.021607048111820064, "Pos_32_G": -0.10116901070520411, "Pos_13_G": -0.11814840857173355, "Pos_10_T": 0.0004154196386620838, "Pos_9_A": 0.0, "Pos_27_G": -0.09030487728054643, "Pos_41_A": 0.0, "Pos_34_T": 0.0, "Pos_22_C": 0.0006440227434711203, "GtoC": 0.0, "Pos_10_C": 0.0, "Pos_39_T": 0.03625663494343568, "Pos_1_A": 0.0, "Pos_39_A": 0.0, "Pos_6_T": 0.0, "Pos_25_T": 0.16649696668644046, "Pos_36_A": 0.0, "Pos_19_C": 0.08584529695218782, "Pos_45_G": -0.10818784715276243, "Pos_51_C": 0.0060255805156581455, "Pos_20_C": -0.0649779262182355, "Pos_47_G": 0.0, "Pos_0_C": 0.0, "Pos_26_G": 0.0, "Pos_58_T": -0.09149278557297022, "Pos_18_G": 0.0, "Pos_38_G": 0.0, "Pos_23_G": 0.0, "Pos_13_A": 0.0, "Pos_14_C": 0.0, "Pos_37_G": 0.15351157952047567, "Pos_36_G": 0.0, "Pos_11_C": 0.0, "Pos_38_C": -0.01176908314805032, "Pos_45_T": 0.04026056982601499, "Pos_32_C": 0.0, "Pos_29_A": -0.04610112318289802, "Pos_37_C": 0.0, "Pos_56_G": -0.023624612248378522, "Pos_0_G": -0.05084090159525988, "Pos_12_T": 0.0, "Pos_6_C": 0.0, "Pos_48_C": 0.0, "Pos_47_A": -0.042309812164125424, "Pos_28_T": 0.03713922896379528, "Pos_15_T": 0.0, "Pos_52_C": -0.006557167823430601, "Pos_42_C": 0.033741922547761094, "Pos_49_T": -0.024599126360303446, "Pos_35_T": 0.0, "Pos_22_A": -0.03422750875794483, "Pos_47_C": 0.007946608096714734, "Pos_57_A": 0.07436595403112002, "Pos_51_G": 0.0, "Pos_59_A": 0.013578347771969566, "Pos_23_A": 0.0, "Pos_44_A": 0.0, "Pos_44_C": -0.025729512334083465, "Pos_8_G": 0.0, "Pos_49_A": -0.07356751607440917, "Pos_16_A": 0.0, "Pos_25_G": 0.0, "Pos_34_G": 0.0, "Pos_31_A": 0.0, "Pos_24_A": 0.031999202140191384, "Pos_37_T": -0.0005627529374681919, "Pos_43_A": 0.0, "Pos_41_C": -0.0869620203868466, "Pos_4_T": 0.06229236946688275, "Pos_46_C": 0.0, "Pos_32_T": 0.0, "Pos_54_C": 0.0, "Pos_45_A": -0.1265755769368012, "Pos_52_T": 0.000716064208365254, "Pos_20_A": -0.07223947096213132, "Pos_53_T": 0.061287745241517984, "Pos_4_G": 0.0, "Pos_19_G": -0.05942423441666473, "Pos_33_T": 0.0, "Pos_31_G": 0.0, "Pos_21_A": 0.0, "Pos_44_T": 0.04084357309003644, "Pos_56_A": 0.0, "Pos_9_T": 0.0, "Pos_54_T": 0.0, "Pos_18_C": 0.0, "Pos_55_T": 0.0, "Pos_29_G": 0.11090395363259242, "Pos_57_T": 0.0, "Pos_2_A": 0.005133452051475102, "Pos_15_G": 0.0, "Pos_30_G": -0.2957200635072781, "Pos_58_A": 0.0, "Pos_26_A": 0.02432661099633617, "Pos_55_A": 0.0, "Pos_34_A": -0.047867225003932354, "Pos_40_C": 0.0, "Pos_3_A": 0.0, "Pos_9_G": 0.0, "Pos_17_T": 0.0, "Pos_7_C": 0.027130142068040018, "Pos_50_A": 0.04298048884301152, "Pos_33_A": 0.0, "Pos_21_T": 0.03311276286655179, "Pos_3_C": 0.0, "Pos_10_G": 0.0, "Pos_30_T": 0.0, "Pos_18_T": 0.06738258713648165, "Pos_21_C": 0.0, "Pos_7_A": 0.0003424133642648508, "GtoA": -0.4901811159837898, "Pos_8_A": -0.02055097678470154, "Pos_21_G": -0.03998836371195012, "Pos_41_G": 0.0, "Pos_59_G": -0.001541334039486904, "Pos_51_T": 0.0, "Pos_23_C": 0.0, "Pos_35_C": -0.11979936240120874, "Pos_24_T": 0.10586421790791745, "Pos_7_G": -0.019558350414740834, "Pos_30_C": 0.09003625748860121, "Pos_28_C": -0.05912926047571374, "Pos_19_A": -0.1285146758845056, "Pos_53_G": -0.039918731096836406, "Pos_37_A": 0.0, "Pos_13_T": 0.02550767573743112, "Pos_48_T": 0.0, "Pos_14_T": 0.0, "Pos_46_G": 0.01991545354246022, "Pos_19_T": 0.02870051911868582, "Pos_29_C": -0.025719908284088475, "CtoA": 0.0, "Pos_43_T": 0.0, "Pos_12_A": 0.012755381404777137, "Pos_27_C": 0.0, "Pos_26_C": 0.0, "AtoG": 0.0, "Pos_12_C": 0.0, "Pos_43_C": -0.005248176560948351, "Pos_38_T": 0.11696278449702607, "Pos_40_G": 0.0, "Pos_47_T": 0.0, "Pos_54_G": 0.0, "Pos_46_A": 0.0, "Pos_6_G": 0.0, "Pos_36_C": 0.07221745421980978, "Pos_43_G": 0.1146467967371529, "Pos_31_C": -0.07896956960106252, "Pos_30_A": 0.0, "Pos_59_C": 0.0, "Pos_0_T": 0.0, "Pos_5_A": -0.2398209372359429, "Pos_20_T": 0.008569775259100004, "Pos_17_A": -0.0023047548238116574, "Pos_39_G": 0.0, "Pos_16_T": 0.0, "Pos_27_A": 0.0, "Pos_55_G": 0.0004665208654118726, "CtoG": -0.21273952785658518}