{"param_alpha": {"4": 3.0, "1": 0.1, "0": 0.01, "2": 1.0, "3": 2.0}, "split0_test_score": {"4": 0.640153532, "1": 0.6394011393, "0": 0.639119171, "2": 0.6391578164, "3": 0.6395409307}, "rank_test_score": {"4": 1, "1": 3, "0": 5, "2": 4, "3": 2}, "best_a_choice": 3.0, "params": {"4": {"alpha": 3.0}, "1": {"alpha": 0.1}, "0": {"alpha": 0.01}, "2": {"alpha": 1.0}, "3": {"alpha": 2.0}}}