{"params": {"2": {"alpha": 1.0}, "3": {"alpha": 2.0}, "0": {"alpha": 0.01}, "1": {"alpha": 0.1}, "4": {"alpha": 3.0}}, "param_alpha": {"2": 1.0, "3": 2.0, "0": 0.01, "1": 0.1, "4": 3.0}, "split0_test_score": {"2": 0.7747393353, "3": 0.7746819812, "0": 0.7747728046, "1": 0.7747693055, "4": 0.7745876587}, "best_a_choice": 0.01, "rank_test_score": {"2": 3, "3": 4, "0": 1, "1": 2, "4": 5}}