{"split0_test_score": {"0": 0.6662353347, "3": 0.6582204028, "4": 0.6571381517, "1": 0.664039463, "2": 0.660071209}, "param_alpha": {"0": 0.01, "3": 2.0, "4": 3.0, "1": 0.1, "2": 1.0}, "params": {"0": {"alpha": 0.01}, "3": {"alpha": 2.0}, "4": {"alpha": 3.0}, "1": {"alpha": 0.1}, "2": {"alpha": 1.0}}, "best_a_choice": 0.01, "rank_test_score": {"0": 1, "3": 4, "4": 5, "1": 2, "2": 3}}