{"AtoG": 0.063082299205773, "TtoA": 0.432386618167294, "CtoG": -0.6449789901515711, "CtoT": -0.4242578957043619, "TtoC": 0.05903328560069835, "GtoA": -0.4326853062971482, "GtoT": 0.028411699661510463, "TtoG": 0.0, "GtoC": -0.6297887675837526, "AtoC": -0.08908763776017366, "AtoT": 0.4155776280181961, "CtoA": -0.03711010692877328, "GC_feature": -0.15218682262557642}