{"best_a_choice": 0.01, "param_alpha": {"1": 0.1, "0": 0.01, "4": 3.0, "3": 2.0, "2": 1.0}, "split0_test_score": {"1": 0.7547807314, "0": 0.7547807314, "4": 0.7542408949, "3": 0.7544621101, "2": 0.7546959323}, "rank_test_score": {"1": 1, "0": 1, "4": 5, "3": 4, "2": 3}, "params": {"1": {"alpha": 0.1}, "0": {"alpha": 0.01}, "4": {"alpha": 3.0}, "3": {"alpha": 2.0}, "2": {"alpha": 1.0}}}