{"split0_test_score": {"0": 0.6420336909, "4": 0.6566832926, "2": 0.6506446452, "1": 0.6456255098, "3": 0.6530914737}, "param_alpha": {"0": 0.01, "4": 3.0, "2": 1.0, "1": 0.1, "3": 2.0}, "best_a_choice": 3.0, "params": {"0": {"alpha": 0.01}, "4": {"alpha": 3.0}, "2": {"alpha": 1.0}, "1": {"alpha": 0.1}, "3": {"alpha": 2.0}}, "rank_test_score": {"0": 5, "4": 1, "2": 3, "1": 4, "3": 2}}