{"GtoA": -0.26307072159758166, "Pos_1_T": 0.07141067985134283, "CtoG": -1.9053848280403025, "TtoC": 0.37381979806800514, "AtoT": 1.1260105546892896, "Pos_0:Pos_1_TT": 0.20229754873860126, "Pos_0:Pos_1_TG": 0.0, "Pos_0:Pos_1_GG": 0.0, "GtoT": 0.4839756359159034, "Pos_0:Pos_1_AG": 0.10589841969043495, "Pos_0:Pos_1_GC": 0.0, "Pos_1_G": -0.1210982614302286, "Pos_0:Pos_1_AT": 0.0, "Pos_0:Pos_1_TC": 0.0, "TtoG": 0.23411457682444298, "Pos_0:Pos_1_CA": 0.0, "Pos_0:Pos_1_CC": 0.0, "Pos_0:Pos_1_GA": 0.04489970737647038, "GtoC": -2.0343623385235157, "Pos_0:Pos_1_TA": -0.23895562318716643, "Pos_0:Pos_1_AC": 0.09416374776121902, "AtoG": 0.34676698199993944, "Pos_0_A": 0.011302831387693862, "Pos_0_C": -0.04482422263429954, "Pos_1_A": 0.0, "Pos_0:Pos_1_GT": 0.10304146950279514, "Pos_0_T": 0.0, "TtoA": 1.2531046801216483, "Pos_0_G": 0.3052558510298836, "CtoT": -0.31391475699304144, "AtoC": 0.13856638668196963, "Pos_0:Pos_1_CT": 0.1877365504751782, "Pos_0:Pos_1_CG": -0.15252384992528412, "Pos_1_C": 0.22473664624530723, "Pos_0:Pos_1_AA": 0.20909747541832155, "CtoA": 0.3182508935803221}