{"rank_test_score": {"1": 1, "2": 2, "0": 4, "3": 3}, "param_penalty": {"1": "l1", "2": "l1", "0": "l1", "3": "l1"}, "params": {"1": {"penalty": "l1", "C": 1.0}, "2": {"penalty": "l1", "C": 10.0}, "0": {"penalty": "l1", "C": 0.1}, "3": {"penalty": "l1", "C": 100.0}}, "split0_test_score": {"1": 0.7575339459, "2": 0.7564041642, "0": 0.7498425557, "3": 0.7562782088}, "best_c_choice": 1.0, "param_C": {"1": 1.0, "2": 10.0, "0": 0.1, "3": 100.0}}