{"GC_feature": -0.16289502086789806, "GtoT": 0.04738009468729308, "CtoA": 0.01501866601517907, "AtoC": -0.0476632998755399, "TtoG": 0.004089748790928355, "TtoC": 0.09252803883806857, "CtoT": -0.4014963430257887, "AtoT": 0.46641527572990693, "TtoA": 0.45725288105827744, "GtoA": -0.3904890000330574, "CtoG": -1.1970217300796053, "GtoC": -1.1911369677783963, "AtoG": 0.099720303441895}