{"param_alpha": {"3": 2.0, "1": 0.1, "4": 3.0, "2": 1.0, "0": 0.01}, "params": {"3": {"alpha": 2.0}, "1": {"alpha": 0.1}, "4": {"alpha": 3.0}, "2": {"alpha": 1.0}, "0": {"alpha": 0.01}}, "rank_test_score": {"3": 4, "1": 2, "4": 5, "2": 3, "0": 1}, "split0_test_score": {"3": 0.779599466, "1": 0.782601564, "4": 0.7779515545, "2": 0.7813084112, "0": 0.7826549685}, "best_a_choice": 0.01}