{"GC_feature": -0.07857701282415808, "GtoT": 0.04204796319690828, "AtoT": 0.3885934512234904, "GtoC": -0.32900547712519607, "TtoC": 0.0, "TtoG": 0.0, "GtoA": -0.3901821439325997, "CtoG": -0.39360405772236773, "CtoT": -0.44590193972011666, "CtoA": -0.01637800140482621, "AtoC": -0.19271471012562566, "TtoA": 0.43204194248365235, "AtoG": 0.0}