{"GtoA": -0.185197776906624, "GtoT": 0.502617043566762, "AtoG": 0.4360428694955673, "CtoA": 0.2854442346274114, "AtoC": 0.10209998686726779, "TtoC": 0.40970238960683336, "TtoG": 0.4939729707918264, "CtoG": -1.9475763392324161, "CtoT": -0.14421991948948634, "TtoA": 1.2525298200021568, "AtoT": 1.157188807543343, "GtoC": -1.7993336428508069}