{"param_alpha": {"2": 1.0, "3": 2.0, "0": 0.01, "1": 0.1, "4": 3.0}, "params": {"2": {"alpha": 1.0}, "3": {"alpha": 2.0}, "0": {"alpha": 0.01}, "1": {"alpha": 0.1}, "4": {"alpha": 3.0}}, "best_a_choice": 0.01, "rank_test_score": {"2": 3, "3": 5, "0": 1, "1": 2, "4": 4}, "split0_test_score": {"2": 0.6890264644, "3": 0.6884553572, "0": 0.6938635331, "1": 0.6917869177, "4": 0.688458552}}