{"params": {"3": {"alpha": 2.0}, "2": {"alpha": 1.0}, "1": {"alpha": 0.1}, "0": {"alpha": 0.01}, "4": {"alpha": 3.0}}, "rank_test_score": {"3": 4, "2": 3, "1": 2, "0": 1, "4": 5}, "best_a_choice": 0.01, "param_alpha": {"3": 2.0, "2": 1.0, "1": 0.1, "0": 0.01, "4": 3.0}, "split0_test_score": {"3": 0.7677206796, "2": 0.7678560779, "1": 0.7679272762, "0": 0.7679329051, "4": 0.767488981}}