{"param_alpha": {"2": 1.0, "3": 2.0, "1": 0.1, "4": 3.0, "0": 0.01}, "params": {"2": {"alpha": 1.0}, "3": {"alpha": 2.0}, "1": {"alpha": 0.1}, "4": {"alpha": 3.0}, "0": {"alpha": 0.01}}, "rank_test_score": {"2": 3, "3": 4, "1": 2, "4": 5, "0": 1}, "split0_test_score": {"2": 0.7801713026, "3": 0.7801435913, "1": 0.7801889047, "4": 0.7801117173, "0": 0.7801928295}, "best_a_choice": 0.01}