{"best_a_choice": 2.0, "rank_test_score": {"4": 3, "3": 1, "0": 5, "2": 2, "1": 4}, "param_alpha": {"4": 3.0, "3": 2.0, "0": 0.01, "2": 1.0, "1": 0.1}, "split0_test_score": {"4": 0.6680692315, "3": 0.6682953011, "0": 0.6659760336, "2": 0.6682373384, "1": 0.6675545655}, "params": {"4": {"alpha": 3.0}, "3": {"alpha": 2.0}, "0": {"alpha": 0.01}, "2": {"alpha": 1.0}, "1": {"alpha": 0.1}}}