{"best_a_choice": 1.0, "params": {"4": {"alpha": 3.0}, "1": {"alpha": 0.1}, "2": {"alpha": 1.0}, "3": {"alpha": 2.0}, "0": {"alpha": 0.01}}, "rank_test_score": {"4": 3, "1": 4, "2": 1, "3": 1, "0": 4}, "param_alpha": {"4": 3.0, "1": 0.1, "2": 1.0, "3": 2.0, "0": 0.01}, "split0_test_score": {"4": 0.7690099755, "1": 0.7645868624, "2": 0.7698569546, "3": 0.7698569546, "0": 0.7645868624}}