{"split0_test_score": {"0": 0.6272742958, "1": 0.6347167325, "3": 0.6469116632, "2": 0.6441354539, "4": 0.6481978167}, "best_a_choice": 3.0, "params": {"0": {"alpha": 0.01}, "1": {"alpha": 0.1}, "3": {"alpha": 2.0}, "2": {"alpha": 1.0}, "4": {"alpha": 3.0}}, "param_alpha": {"0": 0.01, "1": 0.1, "3": 2.0, "2": 1.0, "4": 3.0}, "rank_test_score": {"0": 5, "1": 4, "3": 2, "2": 3, "4": 1}}