{"param_alpha": {"1": 0.1, "0": 0.01, "2": 1.0, "4": 3.0, "3": 2.0}, "split0_test_score": {"1": 0.7071945135, "0": 0.7086289039, "2": 0.7043752683, "4": 0.70268095, "3": 0.7033149219}, "params": {"1": {"alpha": 0.1}, "0": {"alpha": 0.01}, "2": {"alpha": 1.0}, "4": {"alpha": 3.0}, "3": {"alpha": 2.0}}, "rank_test_score": {"1": 2, "0": 1, "2": 3, "4": 5, "3": 4}, "best_a_choice": 0.01}