{"rank_test_score": {"4": 5, "3": 4, "0": 1, "2": 3, "1": 2}, "split0_test_score": {"4": 0.7340990849, "3": 0.7355494804, "0": 0.7396334889, "2": 0.7376306072, "1": 0.7396229926}, "best_a_choice": 0.01, "param_alpha": {"4": 3.0, "3": 2.0, "0": 0.01, "2": 1.0, "1": 0.1}, "params": {"4": {"alpha": 3.0}, "3": {"alpha": 2.0}, "0": {"alpha": 0.01}, "2": {"alpha": 1.0}, "1": {"alpha": 0.1}}}