{"Pos_4:Pos_5_CG": 0.13297457295764742, "Pos_0:Pos_3_GC": 0.0, "Pos_0:Pos_4_CA": 0.0, "TtoA": 0.41975556654584123, "Pos_0:Pos_2_TT": 0.0, "Pos_0:Pos_3_AC": 0.0, "Pos_3:Pos_5_TG": 0.0, "Pos_0:Pos_3_GT": -0.041563274746529655, "Pos_2:Pos_5_GA": 0.0033429736456582243, "Pos_0:Pos_5_CA": 0.03331419574286228, "Pos_0:Pos_1_TG": 0.0, "Pos_0:Pos_2_AG": 0.022793169275903778, "Pos_2:Pos_5_CT": 0.0, "Pos_0:Pos_4_GT": -0.044878717646394665, "Pos_0:Pos_2_CG": 0.0, "Pos_0_G": 0.0, "Pos_1:Pos_3_GC": 0.0, "Pos_0:Pos_2_GG": 0.03404320077741835, "AtoC": -0.0927912048223645, "Pos_1:Pos_5_TT": 0.0072727987084293825, "Pos_2:Pos_3_GT": 0.0, "Pos_0:Pos_5_GG": 0.0, "Pos_3:Pos_4_TG": 0.0, "Pos_2:Pos_5_CA": 0.0, "Pos_1:Pos_3_GA": 0.0, "GtoT": 0.027276627538705592, "Pos_2:Pos_3_GA": 0.0, "Pos_4:Pos_5_TC": 0.0, "Pos_0:Pos_2_TA": 0.004364324785512813, "Pos_4:Pos_5_CT": 0.0, "Pos_1:Pos_3_GG": 0.0, "Pos_0:Pos_1_CC": 0.0, "Pos_0:Pos_4_AG": 0.0, "Pos_1:Pos_5_CC": 0.0, "Pos_0:Pos_3_CC": 0.0, "Pos_2_C": -0.16196421531544533, "Pos_0:Pos_4_TC": -0.03143310695733854, "Pos_2_A": 0.0, "Pos_3:Pos_4_CG": -0.043872375156291464, "Pos_1:Pos_2_CA": 0.0, "Pos_3:Pos_4_GT": 0.0, "Pos_0:Pos_1_GT": 0.02434125974098917, "Pos_4:Pos_5_TG": 0.0, "Pos_2:Pos_3_CC": 0.0, "Pos_0:Pos_5_TG": 0.04995223757157028, "Pos_2:Pos_5_GT": 0.0, "Pos_3:Pos_4_TA": 0.0, "GC_feature": -0.07323929970064327, "Pos_2:Pos_4_AC": 0.0, "CtoT": -0.3941244977402378, "Pos_1:Pos_5_AT": 0.011536405334601079, "Pos_3:Pos_5_AA": 0.0, "Pos_1:Pos_2_TA": 0.0, "Pos_0:Pos_3_TA": 0.011328829706220688, "Pos_5_T": 0.0, "Pos_0:Pos_5_AA": -0.0027136122559083186, "Pos_1:Pos_2_TT": 0.0, "TtoG": 0.0, "Pos_1:Pos_3_CA": -0.02377416557039438, "Pos_0:Pos_1_GC": 0.0, "Pos_1:Pos_4_TC": 0.0, "Pos_1:Pos_5_CT": 0.0, "Pos_0:Pos_1_GG": -0.03039849800497509, "Pos_0:Pos_1_GA": 0.0, "Pos_0:Pos_5_GA": 0.0, "Pos_2:Pos_4_GG": 0.0, "Pos_1:Pos_4_AA": -0.008335221633972515, "AtoT": 0.47856459094583953, "Pos_1:Pos_2_AC": -0.011451609547369014, "Pos_3:Pos_4_AG": 0.09724721802111212, "Pos_0:Pos_1_TC": 0.011223342131434201, "Pos_2:Pos_5_TG": -0.01744937828935788, "Pos_1:Pos_3_AA": 0.0, "Pos_1:Pos_4_GT": -0.042635342337507556, "Pos_0:Pos_4_TA": 0.056486490740404405, "Pos_2:Pos_3_TA": -0.06372222452503916, "Pos_1:Pos_5_AA": 0.013118731125449505, "Pos_3:Pos_5_GG": -0.1262400629068983, "Pos_0:Pos_5_AG": 0.0, "Pos_1:Pos_5_GT": 0.0, "Pos_1:Pos_5_GG": -0.03952362040665454, "Pos_2:Pos_4_AA": 0.0, "Pos_0:Pos_3_CG": -0.08119776741101219, "Pos_2:Pos_5_GG": 0.0, "Pos_4:Pos_5_TT": 0.0, "Pos_0:Pos_5_GC": -0.042875425912310104, "Pos_2:Pos_5_TC": -0.04790970247340736, "Pos_2:Pos_3_TG": 0.0, "Pos_1_T": 0.0, "Pos_4:Pos_5_AA": 0.048740655182298316, "Pos_0:Pos_4_CT": 0.0, "Pos_2:Pos_4_TG": -0.0013804345601602414, "Pos_1:Pos_4_CG": 0.0010050758738624403, "Pos_3:Pos_4_TC": 0.10042731414423794, "Pos_1:Pos_5_CA": 0.0, "Pos_4:Pos_5_CA": 0.0, "Pos_0:Pos_2_AT": 0.0, "Pos_1:Pos_4_AT": 0.0, "Pos_0:Pos_4_AT": 0.013626335148112555, "Pos_3:Pos_5_AC": -0.012177001385725424, "Pos_0_A": 0.0, "Pos_2:Pos_5_CG": 0.0, "Pos_3:Pos_5_CC": 0.0, "Pos_0:Pos_4_GG": 0.013992376563618755, "Pos_0:Pos_2_GC": -0.03207486016182497, "Pos_3:Pos_5_TA": 0.015796442359028082, "Pos_0:Pos_1_AG": -0.02532850103272819, "Pos_0:Pos_1_TT": 0.0, "Pos_0:Pos_2_CA": 0.0, "Pos_0:Pos_5_AC": 0.0, "Pos_3:Pos_5_TT": -0.010873498644277469, "Pos_3:Pos_4_GG": 0.0, "Pos_2:Pos_4_GA": 0.0, "Pos_1:Pos_2_AT": -0.005110328516369763, "Pos_0:Pos_5_TT": -0.018642692538755914, "Pos_1:Pos_5_TA": 0.0, "Pos_3_T": 0.02196532961258838, "Pos_0:Pos_1_AA": 0.0, "Pos_2_T": 0.0, "Pos_3_G": 0.0, "Pos_2:Pos_5_CC": -0.06961693018040976, "Pos_2:Pos_3_GG": 0.0, "Pos_1:Pos_4_TA": 0.0, "Pos_2:Pos_5_AG": 0.00911435815313336, "Pos_1:Pos_3_TT": 0.0011796171429638372, "Pos_3:Pos_4_TT": 0.06935618375275578, "Pos_2:Pos_4_TT": 0.0, "Pos_2:Pos_3_AA": 0.0, "Pos_2:Pos_4_GT": 0.012142378180247252, "Pos_1:Pos_2_CG": -0.21580269566782823, "Pos_0:Pos_1_CT": -0.07113187938009369, "Pos_3:Pos_5_AT": 0.0, "Pos_1:Pos_3_AC": 0.0, "Pos_0:Pos_1_AT": 0.01870569025073968, "Pos_1:Pos_2_GT": 0.0, "Pos_0:Pos_3_GA": 0.0, "GtoC": -0.4847165122180849, "Pos_1:Pos_3_CC": 0.0, "Pos_4_T": 0.0, "Pos_1:Pos_4_CT": 0.0, "Pos_2:Pos_5_AA": 0.0, "Pos_0:Pos_3_AT": 0.0, "Pos_1:Pos_2_GC": 0.0, "Pos_1:Pos_5_GC": 0.0, "Pos_0:Pos_3_CA": 0.0, "Pos_4:Pos_5_GG": -0.10043400404293164, "Pos_0:Pos_4_AA": -0.05629575905194678, "Pos_0:Pos_5_CT": 0.0, "Pos_0:Pos_5_TC": 0.03200381004354441, "Pos_1:Pos_3_GT": -0.029331191307895167, "CtoA": 0.0, "Pos_1:Pos_4_AC": 0.010674889572247458, "Pos_3_C": 0.0, "Pos_3:Pos_4_CT": -0.049119083661113366, "Pos_0:Pos_5_AT": 0.04466200836672815, "GtoA": -0.3543946046353313, "Pos_4_A": 0.0, "Pos_4:Pos_5_TA": 0.0, "Pos_1:Pos_5_TG": 0.0, "Pos_0:Pos_2_AC": -0.011645564376222477, "Pos_2:Pos_5_TT": 0.0, "Pos_3:Pos_4_CC": 0.0, "Pos_3:Pos_5_CT": 0.06789157797264243, "Pos_3:Pos_4_GA": -0.1049283765130567, "Pos_0:Pos_4_CC": 0.0017907295663262962, "Pos_0:Pos_2_GA": -0.07401502025850579, "Pos_0:Pos_4_GA": 0.0, "Pos_0:Pos_2_CT": -0.07161692124167664, "Pos_3:Pos_5_CA": 0.0, "Pos_3:Pos_5_CG": -0.033752402362233126, "Pos_4:Pos_5_CC": -0.03192553676399409, "Pos_1:Pos_2_GG": 0.0, "Pos_2:Pos_3_GC": 0.10745206822414717, "Pos_4:Pos_5_AT": -0.04083407721492588, "Pos_3:Pos_5_GC": -0.007169099322766701, "Pos_3:Pos_5_AG": 0.0, "Pos_1:Pos_3_TC": 0.012263976004927362, "Pos_1:Pos_2_AG": 0.022791998875291795, "Pos_2:Pos_5_TA": 0.006367520204574382, "Pos_1:Pos_3_AT": 0.0, "Pos_1:Pos_5_AC": -0.03090052664391694, "TtoC": 0.0, "Pos_2:Pos_3_AT": -0.049329552496299264, "Pos_1_A": 0.0, "Pos_2:Pos_4_AT": 0.0, "Pos_1:Pos_3_CG": 0.007910955871173894, "Pos_1:Pos_4_GC": -0.039773712708083, "Pos_1:Pos_4_AG": 0.0, "Pos_2:Pos_3_AG": 0.0, "Pos_4:Pos_5_GT": 0.00929027634259847, "CtoG": -0.4466067357846721, "Pos_5_C": 0.0, "Pos_2:Pos_5_GC": 0.006286183535780992, "Pos_1:Pos_3_AG": -0.04692441832265182, "Pos_4:Pos_5_AC": 0.0, "Pos_2:Pos_4_CT": -0.05310572036128961, "Pos_0:Pos_2_TC": 0.0, "Pos_0:Pos_2_GT": 0.0, "Pos_0:Pos_2_TG": -0.010539479141811152, "Pos_4_C": 0.0, "Pos_2:Pos_4_TC": 0.00068600603837307, "Pos_2:Pos_3_CT": 0.0, "Pos_1:Pos_3_CT": 0.0, "Pos_4:Pos_5_AG": -0.015117299329925803, "Pos_4_G": 0.0, "Pos_2:Pos_3_TT": 0.0, "Pos_0_T": 0.02505635060845345, "Pos_1:Pos_4_GG": 0.0, "Pos_2:Pos_5_AT": 0.0, "Pos_0:Pos_3_TG": -0.005119420651921254, "Pos_2:Pos_4_TA": 0.0, "Pos_1:Pos_2_TG": 0.02618201445783121, "Pos_1:Pos_2_CT": 0.0, "Pos_1_G": -0.0510935587189867, "Pos_0:Pos_3_CT": 0.0764222265030124, "Pos_1:Pos_3_TG": 0.0, "Pos_2:Pos_3_CA": -0.06127466629313161, "Pos_2:Pos_5_AC": 0.0, "Pos_1:Pos_2_TC": 0.0, "Pos_0:Pos_3_TT": 0.04015284179200861, "Pos_1:Pos_5_GA": 0.0, "Pos_0:Pos_1_CA": 0.0, "Pos_0:Pos_4_GC": 0.0, "Pos_2:Pos_4_CC": 0.0, "Pos_3_A": 0.0, "Pos_2:Pos_3_CG": 0.0, "Pos_0:Pos_1_CG": 0.0, "Pos_2:Pos_4_CG": 0.026567823279793772, "Pos_0:Pos_1_AC": 0.0, "Pos_1:Pos_2_CC": 0.0034699309910221046, "Pos_0:Pos_3_TC": 0.04432692624127026, "Pos_0:Pos_3_AG": 0.0, "Pos_0:Pos_2_CC": 0.0, "Pos_0:Pos_5_CG": -0.0819181316774375, "Pos_5_A": 0.0, "Pos_1:Pos_5_TC": 0.057190667363704616, "Pos_2:Pos_3_TC": -0.0047563999180112275, "Pos_1:Pos_4_TG": 0.0, "Pos_0_C": 0.0, "Pos_2:Pos_4_AG": 0.0, "Pos_0:Pos_2_AA": 0.0, "Pos_1:Pos_5_CG": 0.0, "Pos_1:Pos_3_TA": 0.0, "Pos_1:Pos_4_CA": 0.0, "Pos_3:Pos_5_TC": 0.0026821763085908092, "Pos_3:Pos_5_GA": 0.0, "AtoG": 0.010396470713261143, "Pos_0:Pos_5_TA": 0.0, "Pos_3:Pos_4_CA": 0.04676420220800351, "Pos_1:Pos_2_GA": -0.007744888028366093, "Pos_1:Pos_4_TT": 0.0, "Pos_0:Pos_3_GG": 0.0, "Pos_0:Pos_1_TA": 0.0, "Pos_0:Pos_4_TT": 0.0, "Pos_3:Pos_5_GT": 8.461952431860447e-05, "Pos_0:Pos_4_CG": -0.03783317353860473, "Pos_2:Pos_4_GC": 0.0, "Pos_3:Pos_4_AA": -0.012219825759683181, "Pos_2:Pos_4_CA": -0.023094673715400815, "Pos_3:Pos_4_AC": -0.027476985233510227, "Pos_0:Pos_3_AA": -0.014090113657850331, "Pos_1:Pos_5_AG": -0.014680343719843362, "Pos_0:Pos_5_GT": 0.0, "Pos_3:Pos_4_AT": 0.0, "Pos_5_G": 0.0, "Pos_4:Pos_5_GA": 0.0, "Pos_1:Pos_2_AA": 0.0, "Pos_0:Pos_4_TG": 0.0, "Pos_0:Pos_5_CC": -0.052978236710203075, "Pos_0:Pos_4_AC": 0.0,