{"best_c_choice": 0.1, "param_penalty": {"0": "l1", "1": "l1", "3": "l1", "2": "l1"}, "split0_test_score": {"0": 0.7677396731, "1": 0.7589452189, "3": 0.7573841353, "2": 0.7575625722}, "rank_test_score": {"0": 1, "1": 2, "3": 4, "2": 3}, "params": {"0": {"penalty": "l1", "C": 0.1}, "1": {"penalty": "l1", "C": 1.0}, "3": {"penalty": "l1", "C": 100.0}, "2": {"penalty": "l1", "C": 10.0}}, "param_C": {"0": 0.1, "1": 1.0, "3": 100.0, "2": 10.0}}