{"params": {"1": {"alpha": 0.1}, "4": {"alpha": 3.0}, "2": {"alpha": 1.0}, "0": {"alpha": 0.01}, "3": {"alpha": 2.0}}, "split0_test_score": {"1": 0.6860225984, "4": 0.6825595951, "2": 0.68353066, "0": 0.6883347157, "3": 0.6828869853}, "best_a_choice": 0.01, "param_alpha": {"1": 0.1, "4": 3.0, "2": 1.0, "0": 0.01, "3": 2.0}, "rank_test_score": {"1": 2, "4": 5, "2": 3, "0": 1, "3": 4}}