{"TtoA": 0.44898167189106003, "CtoG": -0.9413931880096715, "CtoA": -0.004175936024414615, "AtoC": -0.0847878182046036, "AtoG": 0.066327679144028, "TtoC": 0.0682859579630222, "GtoC": -0.868163177532479, "GC_feature": -0.12048513954304216, "TtoG": 0.0, "AtoT": 0.3997029550460567, "CtoT": -0.43317937641271637, "GtoA": -0.43421514834869057, "GtoT": 0.02241854077047277}