{"Pos_53_C": 0.0, "Pos_30_G": -0.17569163212541605, "Pos_11_C": 0.0, "Pos_11_G": 0.047350831285045906, "Pos_14_C": 0.015338685978310446, "Pos_54_G": -0.0001881973716046009, "Pos_0_G": -0.01020639406045506, "Pos_59_T": 0.02360628278937152, "Pos_37_G": 0.14554325021766507, "Pos_27_C": -0.01804114401532518, "Pos_28_G": 0.0, "AtoT": 0.7127376261190904, "Pos_23_C": 0.0, "Pos_19_C": 0.07744447143911978, "Pos_22_T": 0.12399153948377231, "Pos_53_A": 0.0831607855311455, "Pos_53_G": -0.01826882514003826, "Pos_46_T": 0.0, "Pos_57_G": -0.02807098020272858, "Pos_4_A": -0.07993288862999094, "Pos_58_C": 0.0, "Pos_33_G": -0.0729122382025704, "Pos_40_T": -0.03800748597061185, "Pos_52_C": -0.01742013419260595, "GtoA": -0.5289973124674231, "Pos_38_C": 0.0, "Pos_42_C": 0.12311555459347302, "Pos_47_A": 0.013580580993451354, "Pos_6_A": 0.031486474018942424, "Pos_5_T": 0.023914069445433637, "Pos_51_T": 0.02611347125736583, "Pos_44_T": 0.1128979444848979, "Pos_7_A": -0.017917678250121707, "Pos_40_C": 0.0, "Pos_56_A": 0.0, "CtoA": 0.0, "Pos_7_G": 0.02797508125628262, "AtoC": -0.22433261062664908, "Pos_47_C": -0.07664270838317815, "Pos_22_A": -0.02281125167145057, "Pos_25_G": 0.0, "Pos_32_A": 0.07847005322233569, "Pos_44_A": 0.055111541794553826, "Pos_51_C": 0.0806378038220113, "Pos_49_A": -0.026027168733623252, "Pos_24_A": 0.019017248036286714, "Pos_43_G": 0.014059804632670052, "Pos_27_A": 0.035529719968018424, "Pos_42_A": 0.0, "Pos_3_C": -0.03269330986097565, "Pos_18_G": 0.0, "Pos_36_T": 0.05913837643291063, "Pos_30_C": 0.08847823898397393, "Pos_11_A": -0.03136576353659912, "Pos_51_A": 0.0, "Pos_1_C": 0.0385882960150768, "Pos_17_T": 0.0030886422596962974, "Pos_16_C": 0.04605820704717709, "Pos_9_C": -0.030745777162912737, "Pos_2_A": 0.0, "Pos_47_G": 0.0, "Pos_8_T": 0.0, "Pos_45_A": 0.0, "Pos_28_C": -0.022075880218076646, "Pos_12_G": 0.0, "Pos_1_A": 0.0, "Pos_25_C": 0.056057060210014074, "Pos_21_A": 0.006028488332485767, "Pos_48_G": -0.006262762558296227, "Pos_19_G": -0.019961674754387124, "Pos_38_G": -0.011081174811088257, "Pos_57_A": 0.011828752269091655, "Pos_41_A": 0.02408502855216694, "Pos_42_G": -0.018516126641453346, "Pos_45_T": 0.1067579045962248, "GtoC": -1.6934636565087418, "Pos_9_T": 0.06322028069868423, "Pos_18_T": 0.08436110679795647, "Pos_21_T": 0.08493917702208542, "Pos_26_A": 0.0, "Pos_14_A": -0.034209758311795534, "Pos_26_C": -0.044619928641508516, "Pos_58_A": -0.013429491624270495, "Pos_2_C": 0.03572712319536522, "GtoT": 0.16093168695652044, "Pos_9_G": 0.0, "Pos_17_A": 0.0, "Pos_10_T": 0.08853752487161468, "Pos_55_T": 0.0, "Pos_10_A": -0.01203017227895761, "Pos_48_T": 0.11083530086851436, "Pos_23_A": -0.0013827056537911075, "Pos_23_G": 0.0611309062154283, "Pos_31_A": 0.0, "Pos_9_A": 0.03162871188065938, "Pos_13_A": 0.0, "Pos_45_C": 0.09994269477073137, "Pos_50_A": 0.05547948029219927, "Pos_37_C": 0.005961690717046183, "Pos_52_A": 0.007459119141040324, "Pos_38_T": 0.03766139823866808, "Pos_10_G": 0.0, "Pos_32_T": 0.013724700518034082, "Pos_57_C": 0.023278790108782275, "TtoC": 0.09280114430854579, "Pos_20_C": 0.0, "Pos_37_A": -0.001432381436712174, "Pos_7_T": 0.04602058863143108, "Pos_34_G": 0.04984392528136325, "Pos_3_T": 0.02947909512511348, "TtoA": 0.9488354505805334, "Pos_35_T": 0.028572195672205886, "Pos_18_A": 0.048468872794965465, "Pos_44_C": -0.009917507920338436, "Pos_56_C": -0.07740913441459446, "Pos_6_C": -0.009961508142328776, "Pos_24_T": 0.12159097118661963, "Pos_29_T": 0.0, "Pos_25_A": -0.0032869908747033437, "Pos_13_C": 0.1055949855399157, "Pos_41_C": -0.05109340995126962, "CtoG": -1.7416792656485167, "Pos_5_A": 0.0, "Pos_57_T": 0.0, "Pos_49_G": 0.06248586213439718, "Pos_7_C": 0.0, "Pos_32_C": 0.0, "Pos_54_C": 0.0399864922521772, "Pos_2_T": -0.004560899322456878, "Pos_41_T": 0.044490378504950405, "Pos_43_A": -0.038988000375080316, "Pos_46_A": -0.021568449281717087, "Pos_1_G": -0.0268957184827074, "Pos_15_C": -0.05833872322592765, "Pos_33_T": 0.11562279610201658, "Pos_15_A": 0.005430132388328089, "Pos_39_T": 0.0485117540144826, "Pos_17_C": -0.002795084368055872, "Pos_15_T": 0.03387629317358354, "Pos_18_C": -0.01433143109566013, "Pos_8_A": -0.01082950973374022, "Pos_41_G": 0.0, "Pos_48_C": 0.09449269365665042, "Pos_0_A": 0.06719285666485326, "Pos_30_T": 0.049829005830135845, "Pos_52_G": 0.09654763930342435, "Pos_42_T": 0.0977336840852547, "Pos_36_C": 0.12048720223977837, "Pos_35_A": 0.08221034466446184, "Pos_56_T": 0.035019104602169525, "Pos_37_T": 0.0, "Pos_12_T": 0.09154640555049873, "Pos_50_G": 0.0, "Pos_28_A": 0.11336620202008016, "Pos_31_T": 0.04650057154481155, "Pos_6_T": 0.07580088148141818, "Pos_4_T": 0.05984137399855374, "Pos_59_G": -0.0546220480543877, "Pos_50_T": 0.009418994823246868, "Pos_15_G": 0.0, "Pos_14_T": 0.0, "Pos_47_T": 0.026918195265794892, "Pos_50_C": -0.015197605324824765, "Pos_27_G": 0.0, "Pos_40_A": 0.0, "Pos_56_G": 0.0, "Pos_5_C": -0.017723523105079474, "Pos_55_A": -0.07449167635601492, "Pos_14_G": 0.0700877130177355, "Pos_36_G": 0.0, "Pos_16_A": 0.0, "Pos_43_T": 0.0, "Pos_38_A": 0.018677393897757365, "Pos_39_A": 0.0, "Pos_16_T": 0.09337352135804655, "Pos_34_A": 0.0, "Pos_24_G": -0.0005014321202210811, "Pos_43_C": 0.0, "Pos_55_C": 0.0, "Pos_20_G": 0.09487245272985256, "Pos_13_T": 0.10120911764869969, "Pos_52_T": 0.0, "Pos_31_C": 0.0, "Pos_58_T": 0.0, "Pos_46_C": 0.0, "Pos_31_G": -0.007575170149232791, "Pos_22_C": 0.05462870863325254, "Pos_25_T": 0.09884587490977961, "Pos_22_G": 0.0, "Pos_3_G": 0.0, "Pos_53_T": 0.07478463760558308, "Pos_54_T": 0.07944773030962442, "Pos_19_A": 0.0, "Pos_20_T": 0.0507444498044326, "Pos_12_A": 0.04603762194373745, "Pos_33_A": 0.0, "Pos_46_G": 0.07420602090146498, "Pos_0_C": 0.0, "Pos_34_C": 0.0, "Pos_54_A": 0.0, "Pos_49_T": 0.0, "Pos_58_G": 0.09245516561029239, "Pos_12_C": -0.035983567059629615, "Pos_8_C": 0.0, "Pos_27_T": 0.183108404235919, "Pos_35_C": -0.060019763233263655, "Pos_21_G": -0.0017827042713642457, "Pos_26_G": 0.04830977328419348, "Pos_1_T": 0.0, "AtoG": 0.07284304292393591, "Pos_2_G": 0.0883398778578553, "Pos_10_C": 0.05075506320158738, "Pos_59_A": 0.049717837449845724, "Pos_8_G": 0.03863979948827764, "Pos_44_G": 0.0, "TtoG": 0.03126865349765161, "Pos_59_C": 0.0, "Pos_28_T": 0.18815314188588927, "Pos_39_G": -0.009037779306730328, "Pos_36_A": -0.018059497748578644, "Pos_32_G": -0.028738589111055184, "Pos_24_C": 0.0, "Pos_40_G": 0.0, "Pos_20_A": -0.05263840378175687, "Pos_26_T": 0.027872676893231366, "Pos_5_G": 0.12127692736552556, "Pos_51_G": -0.04670338886796472, "Pos_45_G": -0.01996509843252746, "CtoT": -0.49831588375728486, "Pos_48_A": 0.0, "Pos_4_C": 0.041856652605061086, "Pos_16_G": -0.014318690086394822, "Pos_29_G": 0.22867274602349374, "Pos_30_A": 0.0, "Pos_29_C": -0.11491267434684749, "Pos_0_T": 0.05245671165795499, "Pos_39_C": 0.030385282154892307, "Pos_13_G": -0.03477799719802127, "Pos_3_A": 0.05821129071511083, "Pos_49_C": 0.028246333602357926, "Pos_29_A": 0.0, "Pos_23_T": 0.07593079178856367, "Pos_34_T": 0.0, "Pos_11_T": 0.001644719956941208, "Pos_35_G": 0.0, "Pos_6_G": 0.0, "Pos_55_G": 0.040884627070746464, "Pos_17_G": 0.015277324221130631, "Pos_33_C": 0.024074338319146765, "Pos_4_G": 0.0, "Pos_19_T": 0.09383013412572233, "Pos_21_C": 0.0}