{"Pos_2_C": -0.001278365674128918, "Pos_3_T": 0.06453211127130078, "Pos_3_G": -0.22677498136038834, "Pos_3_A": -0.031697966329394964, "Pos_1_G": -0.08935933940617966, "Pos_5_C": -0.023784906252815895, "Pos_1_A": 0.04407200028648467, "GtoC": -3.3151430199707503, "Pos_4_T": -0.0008232163000573922, "Pos_0_C": -0.09589475076644836, "GtoA": 0.09148755484122603, "AtoT": 1.4958101525744514, "Pos_2_A": 0.14253510701296254, "Pos_5_A": 0.1341732629523298, "AtoG": 0.711994018337979, "Pos_0_A": 0.014214812733669598, "Pos_5_G": -0.05290106784256139, "Pos_4_A": -0.09801245047963487, "Pos_0_G": -0.03694016365365325, "Pos_0_T": 0.14234596272009287, "Pos_5_T": 0.08990596778739847, "AtoC": 0.3463125547634038, "TtoA": 1.5670467966787385, "TtoC": 0.7419011633257282, "Pos_2_T": 0.1503817760420928, "Pos_1_T": 0.15081973016449227, "CtoT": 0.11768848322164727, "CtoG": -3.387666771489736, "GtoT": 0.7860289519561476, "CtoA": 0.6892903104888348, "Pos_3_C": 0.10653158309730251, "Pos_2_G": 0.4081807601676179, "Pos_4_G": 0.009192529537351697, "Pos_1_C": -0.023078879092855185, "TtoG": 0.7423815540504533, "Pos_4_C": -0.027286139201216295}