{"TtoA": 0.45786349130964304, "Pos_0:Pos_1_CG": -0.0917954346515932, "Pos_0:Pos_1_AT": -0.04324832015938024, "Pos_0:Pos_1_CA": -0.05421041757795102, "CtoA": -0.017713791732138207, "CtoG": -0.679431112464667, "Pos_0:Pos_1_CC": 0.0, "GtoT": 0.018560289791642114, "Pos_0:Pos_1_AG": 0.0, "Pos_0:Pos_1_AC": 0.017655334555544966, "CtoT": -0.4443277611904111, "GtoC": -0.6268638451856996, "GC_feature": -0.11065263013493695, "TtoG": 0.0, "Pos_0:Pos_1_TG": -0.018190131686475767, "TtoC": 0.020011786969210587, "Pos_0:Pos_1_CT": 0.0, "Pos_1_A": 0.0, "AtoG": 0.0025073451665045664, "Pos_0:Pos_1_GT": 0.027834813934283498, "Pos_0:Pos_1_AA": 0.004743508054993368, "Pos_1_C": 0.01446329012565055, "Pos_1_T": 0.0, "Pos_0:Pos_1_TC": 0.0, "Pos_0:Pos_1_GC": 0.0969712531984493, "Pos_0_G": 0.1961634640693625, "GtoA": -0.4541044275849727, "Pos_0_A": 0.0, "Pos_1_G": -0.21151444666440664, "AtoT": 0.37710385506739186, "Pos_0_C": -0.08041273115248294, "Pos_0:Pos_1_GG": 0.0, "Pos_0:Pos_1_GA": -0.023629895121500693, "Pos_0:Pos_1_TA": -0.10948440289514809, "Pos_0:Pos_1_TT": 0.0201569665404375, "Pos_0_T": 0.0, "AtoC": -0.09230936748283253}