{"pos1": {"formula": "count ~ group * mut * base - group : mut : base", "deviance": 4.133771107740632, "rel_entropy": 9.882784516927972e-05, "df": 3, "stats": "{\"group\":{\"0\":\"1\",\"1\":\"1\",\"2\":\"1\",\"3\":\"1\",\"4\":\"1\",\"5\":\"1\",\"6\":\"1\",\"7\":\"1\",\"8\":\"2\",\"9\":\"2\",\"10\":\"2\",\"11\":\"2\",\"12\":\"2\",\"13\":\"2\",\"14\":\"2\",\"15\":\"2\"},\"mut\":{\"0\":\"M\",\"1\":\"M\",\"2\":\"M\",\"3\":\"M\",\"4\":\"R\",\"5\":\"R\",\"6\":\"R\",\"7\":\"R\",\"8\":\"M\",\"9\":\"M\",\"10\":\"M\",\"11\":\"M\",\"12\":\"R\",\"13\":\"R\",\"14\":\"R\",\"15\":\"R\"},\"base\":{\"0\":\"A\",\"1\":\"C\",\"2\":\"G\",\"3\":\"T\",\"4\":\"A\",\"5\":\"C\",\"6\":\"G\",\"7\":\"T\",\"8\":\"A\",\"9\":\"C\",\"10\":\"G\",\"11\":\"T\",\"12\":\"A\",\"13\":\"C\",\"14\":\"G\",\"15\":\"T\"},\"count\":{\"0\":1298,\"1\":2984,\"2\":1471,\"3\":4661,\"4\":3151,\"5\":1011,\"6\":2936,\"7\":3316,\"8\":15,\"9\":5,\"10\":7,\"11\":16,\"12\":19,\"13\":0,\"14\":12,\"15\":12},\"fitted\":{\"0\":1300.4901209229,\"1\":2984.9680509302,\"2\":1470.1405243796,\"3\":4658.4013037673,\"4\":3148.5098790771,\"5\":1010.0319490698,\"6\":2936.8594756205,\"7\":3318.5986962327,\"8\":12.5098790771,\"9\":4.0319490783,\"10\":7.8594756204,\"11\":18.5986962327,\"12\":21.4901209229,\"13\":0.9680509323,\"14\":11.1405243796,\"15\":9.4013037673},\"ret\":{\"0\":-0.0001189507,\"1\":-0.0000462797,\"2\":0.0000411077,\"3\":0.000124291,\"4\":0.0001191119,\"5\":0.0000463094,\"6\":-0.0000410897,\"7\":-0.0001242076,\"8\":0.0001301986,\"9\":0.0000514459,\"10\":-0.000038762,\"11\":-0.0001151403,\"12\":-0.0001118836,\"13\":-0.0,\"14\":0.0000426417,\"15\":0.0001400353}}", "prob": 0.24737686666438938}, "pos3": {"formula": "count ~ group * mut * base - group : mut : base", "deviance": 17.5935432166475, "rel_entropy": 0.0004206164104582457, "df": 3, "stats": "{\"group\":{\"0\":\"1\",\"1\":\"1\",\"2\":\"1\",\"3\":\"1\",\"4\":\"1\",\"5\":\"1\",\"6\":\"1\",\"7\":\"1\",\"8\":\"2\",\"9\":\"2\",\"10\":\"2\",\"11\":\"2\",\"12\":\"2\",\"13\":\"2\",\"14\":\"2\",\"15\":\"2\"},\"mut\":{\"0\":\"M\",\"1\":\"M\",\"2\":\"M\",\"3\":\"M\",\"4\":\"R\",\"5\":\"R\",\"6\":\"R\",\"7\":\"R\",\"8\":\"M\",\"9\":\"M\",\"10\":\"M\",\"11\":\"M\",\"12\":\"R\",\"13\":\"R\",\"14\":\"R\",\"15\":\"R\"},\"base\":{\"0\":\"A\",\"1\":\"C\",\"2\":\"G\",\"3\":\"T\",\"4\":\"A\",\"5\":\"C\",\"6\":\"G\",\"7\":\"T\",\"8\":\"A\",\"9\":\"C\",\"10\":\"G\",\"11\":\"T\",\"12\":\"A\",\"13\":\"C\",\"14\":\"G\",\"15\":\"T\"},\"count\":{\"0\":2576,\"1\":2403,\"2\":2828,\"3\":2607,\"4\":2697,\"5\":2655,\"6\":2643,\"7\":2419,\"8\":8,\"9\":10,\"10\":10,\"11\":15,\"12\":25,\"13\":3,\"14\":10,\"15\":5},\"fitted\":{\"0\":2567.9238196116,\"1\":2406.8119417294,\"2\":2827.6598556824,\"3\":2611.6043829766,\"4\":2705.0761803884,\"5\":2651.1880582706,\"6\":2643.3401443176,\"7\":2414.3956170234,\"8\":16.0761803942,\"9\":6.1880583046,\"10\":10.3401443176,\"11\":10.3956170248,\"12\":16.9238196183,\"13\":6.8119417678,\"14\":9.6598556824,\"15\":9.6043829781},\"ret\":{\"0\":0.000386768,\"1\":-0.000182123,\"2\":0.0000162649,\"3\":-0.0002199637,\"4\":-0.0003855844,\"5\":0.0001823984,\"6\":-0.0000162629,\"7\":0.0002203677,\"8\":-0.0002669588,\"9\":0.000229494,\"10\":-0.0000159935,\"11\":0.0002629812,\"12\":0.0004663787,\"13\":-0.0001176339,\"14\":0.000016547,\"15\":-0.0001560633}}", "prob": 0.0005334410694677593}, "pos2": {"formula": "count ~ group * mut * base - group : mut : base", "deviance": 4.220286768393901, "rel_entropy": 0.00010089621230739938, "df": 3, "stats": "{\"group\":{\"0\":\"1\",\"1\":\"1\",\"2\":\"1\",\"3\":\"1\",\"4\":\"1\",\"5\":\"1\",\"6\":\"1\",\"7\":\"1\",\"8\":\"2\",\"9\":\"2\",\"10\":\"2\",\"11\":\"2\",\"12\":\"2\",\"13\":\"2\",\"14\":\"2\",\"15\":\"2\"},\"mut\":{\"0\":\"M\",\"1\":\"M\",\"2\":\"M\",\"3\":\"M\",\"4\":\"R\",\"5\":\"R\",\"6\":\"R\",\"7\":\"R\",\"8\":\"M\",\"9\":\"M\",\"10\":\"M\",\"11\":\"M\",\"12\":\"R\",\"13\":\"R\",\"14\":\"R\",\"15\":\"R\"},\"base\":{\"0\":\"A\",\"1\":\"C\",\"2\":\"G\",\"3\":\"T\",\"4\":\"A\",\"5\":\"C\",\"6\":\"G\",\"7\":\"T\",\"8\":\"A\",\"9\":\"C\",\"10\":\"G\",\"11\":\"T\",\"12\":\"A\",\"13\":\"C\",\"14\":\"G\",\"15\":\"T\"},\"count\":{\"0\":1511,\"1\":2412,\"2\":1736,\"3\":4755,\"4\":2773,\"5\":2553,\"6\":2758,\"7\":2330,\"8\":8,\"9\":11,\"10\":6,\"11\":18,\"12\":13,\"13\":8,\"14\":6,\"15\":16},\"fitted\":{\"0\":1511.8484974173,\"1\":2414.0207763844,\"2\":1737.5147239161,\"3\":4750.6160022822,\"4\":2772.1515025827,\"5\":2550.9792236156,\"6\":2756.4852760839,\"7\":2334.3839977178,\"8\":7.1515025827,\"9\":8.9792236156,\"10\":4.4852760839,\"11\":22.3839977178,\"12\":13.8484974173,\"13\":10.0207763844,\"14\":7.5147239161,\"15\":11.6160022822},\"ret\":{\"0\":-0.0000405594,\"1\":-0.0000965827,\"2\":-0.0000723947,\"3\":0.0002097169,\"4\":0.000040577,\"5\":0.0000966614,\"6\":0.0000724462,\"7\":-0.0002094233,\"8\":0.0000428877,\"9\":0.000106761,\"10\":0.0000834731,\"11\":-0.0001876036,\"12\":-0.0000393017,\"13\":-0.0000861505,\"14\":-0.0000645801,\"15\":0.000244969}}", "prob": 0.23863862736592492}, "pos0": {"formula": "count ~ group * mut * base - group : mut : base", "deviance": 0.20697337532853038, "rel_entropy": 4.948201571400267e-06, "df": 3, "stats": "{\"group\":{\"0\":\"1\",\"1\":\"1\",\"2\":\"1\",\"3\":\"1\",\"4\":\"1\",\"5\":\"1\",\"6\":\"1\",\"7\":\"1\",\"8\":\"2\",\"9\":\"2\",\"10\":\"2\",\"11\":\"2\",\"12\":\"2\",\"13\":\"2\",\"14\":\"2\",\"15\":\"2\"},\"mut\":{\"0\":\"M\",\"1\":\"M\",\"2\":\"M\",\"3\":\"M\",\"4\":\"R\",\"5\":\"R\",\"6\":\"R\",\"7\":\"R\",\"8\":\"M\",\"9\":\"M\",\"10\":\"M\",\"11\":\"M\",\"12\":\"R\",\"13\":\"R\",\"14\":\"R\",\"15\":\"R\"},\"base\":{\"0\":\"A\",\"1\":\"C\",\"2\":\"G\",\"3\":\"T\",\"4\":\"A\",\"5\":\"C\",\"6\":\"G\",\"7\":\"T\",\"8\":\"A\",\"9\":\"C\",\"10\":\"G\",\"11\":\"T\",\"12\":\"A\",\"13\":\"C\",\"14\":\"G\",\"15\":\"T\"},\"count\":{\"0\":2536,\"1\":3481,\"2\":2196,\"3\":2201,\"4\":2624,\"5\":2941,\"6\":2566,\"7\":2283,\"8\":14,\"9\":15,\"10\":7,\"11\":7,\"12\":15,\"13\":11,\"14\":9,\"15\":8},\"fitted\":{\"0\":2535.7780414218,\"1\":3481.9293993476,\"2\":2195.6389844571,\"3\":2200.6535747736,\"4\":2624.2219585782,\"5\":2940.0706006525,\"6\":2566.3610155429,\"7\":2283.3464252264,\"8\":14.2219585782,\"9\":14.0706006525,\"10\":7.3610155429,\"11\":7.3464252264,\"12\":14.7780414218,\"13\":11.9293993476,\"14\":8.6389844571,\"15\":7.6535747736},\"ret\":{\"0\":0.0000106134,\"1\":-0.0000444332,\"2\":0.0000172633,\"3\":0.0000165656,\"4\":-0.0000106125,\"5\":0.0000444461,\"6\":-0.0000172607,\"7\":-0.000016563,\"8\":-0.0000105297,\"9\":0.0000458755,\"10\":-0.0000168315,\"11\":-0.0000161674,\"12\":0.0000106922,\"13\":-0.0000426612,\"14\":0.0000176177,\"15\":0.0000169336}}", "prob": 0.9764557827405071}}