{"Pos_4_T": -0.007806897134884452, "Pos_0_G": -0.05455258940983314, "Pos_5_C": -0.03649390949214749, "Pos_0_A": 0.04572844908221183, "Pos_5_A": 0.09462135038426679, "CtoA": 0.0, "Pos_0_C": -0.0880738149306667, "Pos_2_C": -0.2386637916713594, "Pos_5_T": 0.07207855981339902, "Pos_3_C": 0.09791436455744515, "GtoT": 0.047681132600199724, "TtoA": 0.43512967482500764, "AtoC": -0.09059727663381692, "GtoC": -0.7449647334592425, "Pos_2_T": -0.05853360071126358, "Pos_2_G": 0.17862339643465314, "TtoG": -0.004857727949680981, "Pos_2_A": 0.0, "Pos_1_G": -0.08426555482370007, "Pos_4_G": 0.03730639480554646, "AtoG": 0.04234570365374203, "Pos_4_A": 0.0, "Pos_5_G": -0.08000176050270916, "Pos_0_T": 0.17066989798685422, "AtoT": 0.5027139553900807, "Pos_3_G": -0.15509713155660187, "Pos_3_T": 0.12096908553033152, "CtoT": -0.37754713409371604, "Pos_3_A": -0.03173156019601254, "Pos_4_C": 0.05244008574245008, "Pos_1_C": 0.0, "CtoG": -0.6771888220272988, "TtoC": 0.030116940115391042, "Pos_1_A": 0.046082614087250284, "GtoA": -0.3377272291295679, "Pos_1_T": 0.10498985416445314, "GC_feature": -0.09122181221563494}