{"param_penalty": {"1": "l1", "3": "l1", "0": "l1", "2": "l1"}, "rank_test_score": {"1": 1, "3": 4, "0": 2, "2": 3}, "split0_test_score": {"1": 0.7723880953, "3": 0.7722964914, "0": 0.7723332284, "2": 0.772299354}, "params": {"1": {"penalty": "l1", "C": 1.0}, "3": {"penalty": "l1", "C": 100.0}, "0": {"penalty": "l1", "C": 0.1}, "2": {"penalty": "l1", "C": 10.0}}, "best_c_choice": 1.0, "param_C": {"1": 1.0, "3": 100.0, "0": 0.1, "2": 10.0}}