{"pos3": {"rel_entropy": 1.9403199187233694e-05, "stats": "{\"group\":{\"0\":\"1\",\"1\":\"1\",\"2\":\"1\",\"3\":\"1\",\"4\":\"1\",\"5\":\"1\",\"6\":\"1\",\"7\":\"1\",\"8\":\"2\",\"9\":\"2\",\"10\":\"2\",\"11\":\"2\",\"12\":\"2\",\"13\":\"2\",\"14\":\"2\",\"15\":\"2\"},\"mut\":{\"0\":\"M\",\"1\":\"M\",\"2\":\"M\",\"3\":\"M\",\"4\":\"R\",\"5\":\"R\",\"6\":\"R\",\"7\":\"R\",\"8\":\"M\",\"9\":\"M\",\"10\":\"M\",\"11\":\"M\",\"12\":\"R\",\"13\":\"R\",\"14\":\"R\",\"15\":\"R\"},\"base\":{\"0\":\"A\",\"1\":\"C\",\"2\":\"G\",\"3\":\"T\",\"4\":\"A\",\"5\":\"C\",\"6\":\"G\",\"7\":\"T\",\"8\":\"A\",\"9\":\"C\",\"10\":\"G\",\"11\":\"T\",\"12\":\"A\",\"13\":\"C\",\"14\":\"G\",\"15\":\"T\"},\"count\":{\"0\":6820,\"1\":8693,\"2\":5996,\"3\":10435,\"4\":8006,\"5\":8038,\"6\":6886,\"7\":9014,\"8\":35,\"9\":31,\"10\":30,\"11\":46,\"12\":38,\"13\":25,\"14\":28,\"15\":51},\"fitted\":{\"0\":6821.3392468283,\"1\":8694.8406709226,\"2\":5998.9315108294,\"3\":10428.8885714196,\"4\":8004.6607531717,\"5\":8036.1593290773,\"6\":6883.0684891706,\"7\":9020.1114285803,\"8\":33.6607531717,\"9\":29.1593290774,\"10\":27.0684891706,\"11\":52.1114285803,\"12\":39.3392468283,\"13\":26.8406709226,\"14\":30.9315108294,\"15\":44.8885714197},\"ret\":{\"0\":-0.0000208676,\"1\":-0.0000286804,\"2\":-0.0000456709,\"3\":0.000095263,\"4\":0.0000208714,\"5\":0.0000286867,\"6\":0.0000456918,\"7\":-0.0000952029,\"8\":0.0000212794,\"9\":0.0000295702,\"10\":0.000048071,\"11\":-0.0000894186,\"12\":-0.0000205103,\"13\":-0.0000276766,\"14\":-0.0000434455,\"15\":0.0001014424}}", "prob": 0.47704950581297845, "formula": "count ~ group * mut * base - group : mut : base", "deviance": 2.4902841964863214, "df": 3}, "pos0": {"rel_entropy": 1.9773333118614895e-05, "stats": "{\"group\":{\"0\":\"1\",\"1\":\"1\",\"2\":\"1\",\"3\":\"1\",\"4\":\"1\",\"5\":\"1\",\"6\":\"1\",\"7\":\"1\",\"8\":\"2\",\"9\":\"2\",\"10\":\"2\",\"11\":\"2\",\"12\":\"2\",\"13\":\"2\",\"14\":\"2\",\"15\":\"2\"},\"mut\":{\"0\":\"M\",\"1\":\"M\",\"2\":\"M\",\"3\":\"M\",\"4\":\"R\",\"5\":\"R\",\"6\":\"R\",\"7\":\"R\",\"8\":\"M\",\"9\":\"M\",\"10\":\"M\",\"11\":\"M\",\"12\":\"R\",\"13\":\"R\",\"14\":\"R\",\"15\":\"R\"},\"base\":{\"0\":\"A\",\"1\":\"C\",\"2\":\"G\",\"3\":\"T\",\"4\":\"A\",\"5\":\"C\",\"6\":\"G\",\"7\":\"T\",\"8\":\"A\",\"9\":\"C\",\"10\":\"G\",\"11\":\"T\",\"12\":\"A\",\"13\":\"C\",\"14\":\"G\",\"15\":\"T\"},\"count\":{\"0\":6148,\"1\":7467,\"2\":8521,\"3\":9808,\"4\":6853,\"5\":8280,\"6\":7932,\"7\":8879,\"8\":35,\"9\":35,\"10\":32,\"11\":40,\"12\":31,\"13\":33,\"14\":38,\"15\":40},\"fitted\":{\"0\":6151.7009602165,\"1\":7469.6719835686,\"2\":8516.69130575,\"3\":9805.9357504651,\"4\":6849.2990397836,\"5\":8277.3280164315,\"6\":7936.30869425,\"7\":8881.064249535,\"8\":31.2990397836,\"9\":32.3280164314,\"10\":36.30869425,\"11\":42.064249535,\"12\":34.7009602164,\"13\":35.6719835686,\"14\":33.69130575,\"15\":37.935750465},\"ret\":{\"0\":-0.0000576552,\"1\":-0.0000416304,\"2\":0.0000671599,\"3\":0.0000321708,\"4\":0.0000576881,\"5\":0.0000416446,\"6\":-0.0000671247,\"7\":-0.0000321637,\"8\":0.0000609553,\"9\":0.000043313,\"10\":-0.0000629914,\"11\":-0.0000313649,\"12\":-0.0000544815,\"13\":-0.000040038,\"14\":0.0000712641,\"15\":0.0000330272}}", "prob": 0.4685005176234497, "formula": "count ~ group * mut * base - group : mut : base", "deviance": 2.53778866577551, "df": 3}, "pos1": {"rel_entropy": 2.031930135840356e-05, "stats": "{\"group\":{\"0\":\"1\",\"1\":\"1\",\"2\":\"1\",\"3\":\"1\",\"4\":\"1\",\"5\":\"1\",\"6\":\"1\",\"7\":\"1\",\"8\":\"2\",\"9\":\"2\",\"10\":\"2\",\"11\":\"2\",\"12\":\"2\",\"13\":\"2\",\"14\":\"2\",\"15\":\"2\"},\"mut\":{\"0\":\"M\",\"1\":\"M\",\"2\":\"M\",\"3\":\"M\",\"4\":\"R\",\"5\":\"R\",\"6\":\"R\",\"7\":\"R\",\"8\":\"M\",\"9\":\"M\",\"10\":\"M\",\"11\":\"M\",\"12\":\"R\",\"13\":\"R\",\"14\":\"R\",\"15\":\"R\"},\"base\":{\"0\":\"A\",\"1\":\"C\",\"2\":\"G\",\"3\":\"T\",\"4\":\"A\",\"5\":\"C\",\"6\":\"G\",\"7\":\"T\",\"8\":\"A\",\"9\":\"C\",\"10\":\"G\",\"11\":\"T\",\"12\":\"A\",\"13\":\"C\",\"14\":\"G\",\"15\":\"T\"},\"count\":{\"0\":15857,\"1\":4381,\"2\":8583,\"3\":3123,\"4\":7300,\"5\":9321,\"6\":6959,\"7\":8364,\"8\":81,\"9\":16,\"10\":31,\"11\":14,\"12\":34,\"13\":37,\"14\":37,\"15\":34},\"fitted\":{\"0\":15860.9543327165,\"1\":4380.8345681899,\"2\":8577.6266471097,\"3\":3124.584451984,\"4\":7296.0456672835,\"5\":9321.1654318101,\"6\":6964.3733528904,\"7\":8362.4155480161,\"8\":77.0456672835,\"9\":16.1654318101,\"10\":36.3733528903,\"11\":12.415548016,\"12\":37.9543327165,\"13\":36.8345681899,\"14\":31.6266471097,\"15\":35.584451984},\"ret\":{\"0\":-0.0000616132,\"1\":0.000002578,\"2\":0.0000837598,\"3\":-0.0000246844,\"4\":0.0000616375,\"5\":-0.0000025779,\"6\":-0.0000837013,\"7\":0.000024693,\"8\":0.0000631758,\"9\":-0.0000025647,\"10\":-0.0000772194,\"11\":0.0000262032,\"12\":-0.0000582931,\"13\":0.0000025837,\"14\":0.000090475,\"15\":-0.0000241327}}", "prob": 0.4561131810092893, "formula": "count ~ group * mut * base - group : mut : base", "deviance": 2.6078604135429466, "df": 3}, "pos2": {"rel_entropy": 3.41010322925335e-05, "stats": "{\"group\":{\"0\":\"1\",\"1\":\"1\",\"2\":\"1\",\"3\":\"1\",\"4\":\"1\",\"5\":\"1\",\"6\":\"1\",\"7\":\"1\",\"8\":\"2\",\"9\":\"2\",\"10\":\"2\",\"11\":\"2\",\"12\":\"2\",\"13\":\"2\",\"14\":\"2\",\"15\":\"2\"},\"mut\":{\"0\":\"M\",\"1\":\"M\",\"2\":\"M\",\"3\":\"M\",\"4\":\"R\",\"5\":\"R\",\"6\":\"R\",\"7\":\"R\",\"8\":\"M\",\"9\":\"M\",\"10\":\"M\",\"11\":\"M\",\"12\":\"R\",\"13\":\"R\",\"14\":\"R\",\"15\":\"R\"},\"base\":{\"0\":\"A\",\"1\":\"C\",\"2\":\"G\",\"3\":\"T\",\"4\":\"A\",\"5\":\"C\",\"6\":\"G\",\"7\":\"T\",\"8\":\"A\",\"9\":\"C\",\"10\":\"G\",\"11\":\"T\",\"12\":\"A\",\"13\":\"C\",\"14\":\"G\",\"15\":\"T\"},\"count\":{\"0\":4359,\"1\":8561,\"2\":14685,\"3\":4339,\"4\":4883,\"5\":8558,\"6\":10384,\"7\":8119,\"8\":27,\"9\":34,\"10\":57,\"11\":24,\"12\":22,\"13\":45,\"14\":43,\"15\":32},\"fitted\":{\"0\":4362.6400734974,\"1\":8555.1487464495,\"2\":14682.9742600937,\"3\":4343.2369199594,\"4\":4879.3599265026,\"5\":8563.8512535505,\"6\":10386.0257399063,\"7\":8114.7630800406,\"8\":23.3599265026,\"9\":39.8512535505,\"10\":59.0257399063,\"11\":19.7630800406,\"12\":25.6400734974,\"13\":39.1487464495,\"14\":40.9742600937,\"15\":36.2369199594},\"ret\":{\"0\":-0.0000567,\"1\":0.000091212,\"2\":0.0000315695,\"3\":-0.0000659922,\"4\":0.0000567449,\"5\":-0.0000911496,\"6\":-0.0000315643,\"7\":0.0000660417,\"8\":0.00006093,\"9\":-0.0000841329,\"10\":-0.0000310194,\"11\":0.0000726441,\"12\":-0.0000524919,\"13\":0.0000976786,\"14\":0.0000323351,\"15\":-0.0000620047}}", "prob": 0.22355905925604938, "formula": "count ~ group * mut * base - group : mut : base", "deviance": 4.37666288855292, "df": 3}}