{"split0_test_score": {"0": 0.6721689114, "1": 0.6710404649, "2": 0.6697025313, "3": 0.6693186237, "4": 0.6692179877}, "best_a_choice": 0.01, "param_alpha": {"0": 0.01, "1": 0.1, "2": 1.0, "3": 2.0, "4": 3.0}, "params": {"0": {"alpha": 0.01}, "1": {"alpha": 0.1}, "2": {"alpha": 1.0}, "3": {"alpha": 2.0}, "4": {"alpha": 3.0}}, "rank_test_score": {"0": 1, "1": 2, "2": 3, "3": 4, "4": 5}}