{"Pos_4_A": -0.0018177714796750166, "Pos_1_C": 0.018859761595619886, "Pos_5_C": 0.020055541810922103, "GtoA": 0.12690021666438547, "GtoT": 0.7897004216614709, "Pos_0_C": -0.02344426545761209, "Pos_1_A": 0.04541954794113677, "Pos_1_T": 0.157992452824749, "Pos_3_C": 0.14696493594795756, "CtoG": -3.4393267787059827, "GtoC": -3.396210534556866, "Pos_3_T": 0.12292589324824381, "Pos_0_A": 0.08744402907297434, "Pos_5_T": 0.113525446040778, "Pos_4_G": 0.06480709690094279, "Pos_0_T": 0.17452811632788293, "AtoG": 0.735083691725107, "TtoA": 1.5395320969814883, "Pos_3_A": 0.0, "Pos_4_T": 0.08122329193316974, "AtoC": 0.4474156595145087, "CtoA": 0.621437440998482, "Pos_5_G": -0.007292606423111487, "Pos_0_G": -0.058904117541677875, "TtoC": 0.7353171288718731, "TtoG": 0.7949417931741022, "Pos_2_G": 0.2503046883076911, "Pos_1_G": -0.0781237299187332, "Pos_2_T": -0.0623280212349454, "AtoT": 1.5861052187669198, "Pos_3_G": -0.17845967837287485, "Pos_2_A": 0.007074868491198663, "Pos_2_C": -0.18837478917565895, "Pos_5_A": 0.1497220937767289, "Pos_4_C": 0.029828339015517645, "CtoT": 0.17391168690534686}