{"params": {"0": {"penalty": "l1", "C": 0.1}, "3": {"penalty": "l1", "C": 100.0}, "1": {"penalty": "l1", "C": 1.0}, "2": {"penalty": "l1", "C": 10.0}}, "rank_test_score": {"0": 1, "3": 4, "1": 2, "2": 3}, "param_C": {"0": 0.1, "3": 100.0, "1": 1.0, "2": 10.0}, "best_c_choice": 0.1, "split0_test_score": {"0": 0.7380481837, "3": 0.5603864734, "1": 0.6571616789, "2": 0.5718677458}, "param_penalty": {"0": "l1", "3": "l1", "1": "l1", "2": "l1"}}