{"rank_test_score": {"3": 4, "2": 3, "0": 1, "1": 2}, "best_c_choice": 0.1, "params": {"3": {"C": 100.0, "penalty": "l1"}, "2": {"C": 10.0, "penalty": "l1"}, "0": {"C": 0.1, "penalty": "l1"}, "1": {"C": 1.0, "penalty": "l1"}}, "split0_test_score": {"3": 0.6640853765, "2": 0.689128842, "0": 0.7876746612, "1": 0.7413911155}, "param_C": {"3": 100.0, "2": 10.0, "0": 0.1, "1": 1.0}, "param_penalty": {"3": "l1", "2": "l1", "0": "l1", "1": "l1"}}