{"Pos_18_C": -0.015952914936765497, "Pos_43_G": 0.05307562509515121, "Pos_40_A": 0.0, "Pos_24_A": 0.038318524632941775, "Pos_45_A": 0.0, "Pos_1_A": 0.0, "Pos_21_A": 0.00198315198011658, "Pos_2_T": -0.02434937492167024, "Pos_50_G": -0.008934981748805235, "Pos_1_G": -0.021753276663818683, "Pos_53_T": 0.10117221620892614, "Pos_45_C": 0.07217771978640541, "Pos_33_T": 0.10552798196138499, "Pos_31_C": 0.0, "Pos_46_C": 0.0, "Pos_20_T": 0.04949092205838477, "Pos_11_G": 0.02653578356870456, "Pos_58_T": 0.010693688231012565, "Pos_22_G": 0.0, "Pos_38_A": 0.01790468051301873, "Pos_4_G": 0.0, "Pos_1_C": 0.036186060135143694, "Pos_10_A": 0.0, "Pos_41_T": 0.0, "GtoA": -0.4819614091697799, "Pos_30_C": 0.115775974846235, "Pos_28_G": -0.008761522432680743, "Pos_48_T": 0.0758171172708254, "Pos_55_C": 0.0, "Pos_6_C": 0.0, "Pos_34_C": 0.012318832390108682, "Pos_56_T": 0.027618285133292276, "Pos_40_G": 0.04979365938615854, "Pos_7_A": -0.04515097561494653, "Pos_50_C": 0.0, "Pos_26_T": 0.011125209278152299, "Pos_20_G": 0.07369063028986614, "Pos_6_T": 0.02177475123014435, "Pos_56_G": 0.0, "Pos_2_G": 0.0595144954077163, "Pos_7_T": 0.0, "Pos_18_A": 0.02462131526685057, "Pos_43_T": 0.0, "Pos_48_A": 0.0, "Pos_53_G": -0.03949376084579647, "Pos_42_C": 0.13147568622279993, "Pos_24_T": 0.09663330439516661, "Pos_49_C": 0.0, "Pos_48_G": -0.015461061660678017, "Pos_4_C": 0.0, "Pos_30_A": 0.0, "Pos_0_T": 0.0, "Pos_12_C": -0.013382618249453531, "Pos_38_C": -0.017876704594732378, "Pos_16_G": -0.001345589721237004, "Pos_31_G": -0.02155714286071897, "Pos_3_T": 0.027992811094402735, "CtoT": -0.47908817029342865, "Pos_6_A": 0.014332259490690672, "Pos_44_C": -0.03368355008600566, "Pos_31_A": 0.009116670569582295, "Pos_40_C": 0.02389483036131812, "Pos_47_G": 0.0, "Pos_35_T": 0.1204873972467972, "Pos_38_G": 0.0, "Pos_56_C": -0.10159383710038704, "Pos_17_C": 0.0, "Pos_5_A": 0.016531532660802994, "Pos_29_C": -0.11898832319807513, "Pos_47_T": 0.030388731363864337, "Pos_9_C": -0.024229836651043325, "Pos_32_T": 0.019761038212883938, "Pos_11_A": -0.036194776061508824, "Pos_49_G": 0.020702521532401874, "Pos_47_C": -0.010808734697424618, "Pos_39_G": 0.0, "Pos_54_A": -0.00011192791286753821, "Pos_57_T": 0.0, "Pos_31_T": 0.11629182796796783, "Pos_23_G": 0.023799088705811322, "Pos_44_A": 0.10212652741179186, "Pos_0_G": 0.0, "Pos_29_A": 0.10387112517764446, "Pos_46_G": 0.06486978977907333, "Pos_36_G": -0.009905123549225455, "GtoC": -1.7452197419279263, "Pos_23_T": 0.013366533413353652, "Pos_21_G": 0.0, "GtoT": 0.25694421122246, "Pos_51_C": 0.08857686657296372, "Pos_37_G": 0.12919966658059284, "Pos_20_A": -0.06367197357655714, "Pos_15_T": 0.06510475537692825, "Pos_12_A": 0.05325368091383809, "Pos_57_C": 0.02174453370822626, "Pos_50_A": 0.010679345695905786, "Pos_23_C": 0.0, "Pos_30_T": 0.055303794523562544, "Pos_50_T": 0.0829712571174486, "Pos_46_A": -0.013200606428043438, "Pos_54_G": -0.010605960002561917, "Pos_53_C": 0.0, "Pos_39_A": -0.03837175297981202, "TtoA": 0.9669265865451965, "Pos_36_A": 0.0, "Pos_26_G": 0.0419046843732929, "Pos_33_G": -0.0801384594939659, "Pos_28_A": 0.07471524175040128, "Pos_49_A": -0.036945656259928086, "Pos_17_G": 0.038377518258515396, "Pos_15_G": -0.004213743148144173, "AtoT": 0.8682855771495185, "Pos_22_C": 0.09176386303013168, "Pos_52_G": 0.11632042529405985, "Pos_52_T": -0.042257116069701686, "Pos_37_A": 0.0, "Pos_41_G": 0.0, "Pos_41_C": -0.004408157606916049, "Pos_48_C": 0.037255500852164836, "Pos_34_G": 0.06231911054297495, "Pos_42_T": 0.12921771787566175, "Pos_47_A": 0.007231185867926333, "Pos_32_A": 0.07750839269971553, "Pos_27_G": 0.0, "Pos_58_A": -0.05699340665209056, "Pos_2_A": 0.0, "Pos_10_G": -0.00872438070769245, "Pos_39_C": 0.03303517287801376, "Pos_29_T": 0.0, "Pos_35_A": 0.0645596332526239, "Pos_19_T": 0.11669799241389063, "Pos_35_C": 0.0, "Pos_19_G": 0.0, "Pos_2_C": 0.04386853769357793, "Pos_45_G": -0.014497312109797503, "Pos_15_C": 0.0, "Pos_59_G": -0.047842872539499134, "Pos_25_C": 0.005527509418255666, "Pos_29_G": 0.273703460284247, "Pos_58_G": 0.062398555851433196, "Pos_6_G": -0.023027680802054747, "Pos_3_A": 0.016038506102985597, "Pos_39_T": 0.033763263058203895, "Pos_3_C": -0.051134587389646095, "Pos_25_A": -0.07406572814179573, "Pos_14_C": 0.0, "Pos_35_G": -0.006598692714981753, "Pos_15_A": 0.029206702778976988, "Pos_8_A": 0.0, "Pos_43_A": -0.02616721903293444, "Pos_11_C": 0.0, "Pos_21_T": 0.04122855777410596, "Pos_57_G": -0.04101891514613184, "Pos_0_C": -0.054547281953877695, "Pos_51_T": 0.0, "Pos_22_T": 0.11436667152658858, "Pos_52_A": 0.0, "Pos_55_T": 0.017278513460558635, "Pos_16_T": 0.03792507773360176, "Pos_55_G": 0.12082674964686789, "Pos_9_A": 0.06419816230326175, "Pos_10_T": 0.06056373744798066, "Pos_34_A": -0.010590249743267223, "Pos_54_C": 0.05605212761976983, "Pos_41_A": 0.06620541595542742, "Pos_37_T": -0.003383112060389251, "Pos_9_T": 0.04397032451105968, "Pos_42_A": -0.013295868026766003, "Pos_36_T": 0.0979278693104871, "Pos_24_G": -0.013526778584377092, "Pos_7_G": 0.0, "Pos_59_C": 0.0, "Pos_38_T": 0.07162413286659829, "Pos_49_T": 0.0, "Pos_56_A": 0.03884564804894504, "TtoG": 0.1483130627247314, "Pos_20_C": 0.0, "Pos_55_A": -0.0969010743458065, "Pos_12_T": 0.11057930042168106, "Pos_8_G": 0.06848806470163017, "Pos_43_C": 0.004779357366401117, "Pos_59_A": 0.0050044597293016115, "Pos_4_A": -0.019183766242173692, "Pos_14_A": -0.017894884919151796, "Pos_13_A": 0.0, "Pos_46_T": 0.0, "Pos_51_A": 0.0, "Pos_13_G": -0.013834186618473958, "Pos_25_T": 0.08024734460129393, "Pos_13_T": 0.09828784096953094, "Pos_42_G": -0.022323854649356545, "Pos_21_C": -0.022274717146950316, "Pos_7_C": 0.03526184220383654, "Pos_19_C": 0.09702640409775677, "Pos_10_C": 0.0919018702736934, "Pos_26_A": 0.0, "Pos_45_T": 0.06637795750938716, "Pos_13_C": 0.05879799383170314, "Pos_53_A": 0.08750734728539333, "Pos_17_A": -0.022434258952106847, "Pos_44_G": 0.0, "Pos_30_G": -0.16926921641865814, "Pos_28_T": 0.17712793604396762, "Pos_59_T": 0.013679909268496323, "Pos_25_G": 0.0, "Pos_27_C": -0.04027771271897865, "Pos_5_G": 0.062261991881420564, "AtoC": -0.23238633682252116, "Pos_34_T": 0.0, "Pos_19_A": -0.005080253054988811, "Pos_3_G": 0.0, "Pos_12_G": 0.0, "Pos_17_T": 1.1101864133224995e-05, "Pos_14_T": 0.0, "Pos_22_A": -0.0684737764423432, "Pos_0_A": 0.0, "Pos_54_T": 0.07740848105293334, "Pos_11_T": 0.010056426272733364, "Pos_26_C": -0.04218371620035803, "Pos_40_T": -0.00017809944690662562, "Pos_27_T": 0.10447544621672361, "Pos_8_T": -0.008096116748900137, "Pos_5_T": 0.0, "Pos_16_A": 0.0, "Pos_51_G": -0.009973871167927252, "Pos_9_G": 0.0, "Pos_1_T": 0.0, "Pos_57_A": 0.028004807506494644, "Pos_33_A": 0.0, "Pos_58_C": 0.0, "Pos_8_C": 0.04487586708380269, "Pos_18_G": 0.0, "Pos_44_T": 0.10643705490224324, "Pos_27_A": 0.0, "Pos_5_C": -0.02226433479966273, "Pos_18_T": 0.013492212066323237, "Pos_16_C": 0.0, "Pos_36_C": 0.10714730801072679, "Pos_24_C": 0.0, "Pos_14_G": 0.1045205178528712, "CtoG": -1.8135233361693823, "Pos_23_A": -0.07412165206286245, "Pos_4_T": 0.025768012491518926, "Pos_32_C": 0.0, "Pos_32_G": -0.028531539031848862, "Pos_52_C": 0.0, "Pos_33_C": 0.015213419370548311, "Pos_28_C": 0.0, "CtoA": 0.0, "Pos_37_C": 0.009660661485244856, "TtoC": 0.09482133980943279, "AtoG": 0.1026565554529737}