{"param_C": {"0": 0.1, "3": 100.0, "2": 10.0, "1": 1.0}, "param_penalty": {"0": "l1", "3": "l1", "2": "l1", "1": "l1"}, "best_c_choice": 0.1, "params": {"0": {"penalty": "l1", "C": 0.1}, "3": {"penalty": "l1", "C": 100.0}, "2": {"penalty": "l1", "C": 10.0}, "1": {"penalty": "l1", "C": 1.0}}, "rank_test_score": {"0": 1, "3": 4, "2": 3, "1": 2}, "split0_test_score": {"0": 0.8101677631, "3": 0.8091242829, "2": 0.8091568394, "1": 0.8094148569}}