{"split0_test_score": {"1": 0.7137058936, "0": 0.7137058936, "3": 0.7137058936, "2": 0.7137058936, "4": 0.7112454702}, "params": {"1": {"alpha": 0.1}, "0": {"alpha": 0.01}, "3": {"alpha": 2.0}, "2": {"alpha": 1.0}, "4": {"alpha": 3.0}}, "param_alpha": {"1": 0.1, "0": 0.01, "3": 2.0, "2": 1.0, "4": 3.0}, "best_a_choice": 0.01, "rank_test_score": {"1": 1, "0": 1, "3": 1, "2": 1, "4": 5}}