{"rank_test_score": {"2": 3, "0": 1, "1": 2, "4": 5, "3": 4}, "best_a_choice": 0.01, "param_alpha": {"2": 1.0, "0": 0.01, "1": 0.1, "4": 3.0, "3": 2.0}, "params": {"2": {"alpha": 1.0}, "0": {"alpha": 0.01}, "1": {"alpha": 0.1}, "4": {"alpha": 3.0}, "3": {"alpha": 2.0}}, "split0_test_score": {"2": 0.6849919688, "0": 0.6880167598, "1": 0.68646305, "4": 0.6846345159, "3": 0.6847133089}}