{"rank_test_score": {"3": 1, "1": 1, "2": 1, "0": 1, "4": 1}, "params": {"3": {"alpha": 2.0}, "1": {"alpha": 0.1}, "2": {"alpha": 1.0}, "0": {"alpha": 0.01}, "4": {"alpha": 3.0}}, "param_alpha": {"3": 2.0, "1": 0.1, "2": 1.0, "0": 0.01, "4": 3.0}, "split0_test_score": {"3": 0.7306376969, "1": 0.7306376969, "2": 0.7306376969, "0": 0.7306376969, "4": 0.7306376969}, "best_a_choice": 0.01}