{"param_alpha": {"1": 0.1, "4": 3.0, "3": 2.0, "0": 0.01, "2": 1.0}, "best_a_choice": 0.01, "rank_test_score": {"1": 2, "4": 3, "3": 4, "0": 1, "2": 5}, "split0_test_score": {"1": 0.6823828346, "4": 0.6800771692, "3": 0.6796693645, "0": 0.6843434343, "2": 0.6796223101}, "params": {"1": {"alpha": 0.1}, "4": {"alpha": 3.0}, "3": {"alpha": 2.0}, "0": {"alpha": 0.01}, "2": {"alpha": 1.0}}}