{"param_alpha": {"0": 0.01, "2": 1.0, "1": 0.1, "3": 2.0, "4": 3.0}, "rank_test_score": {"0": 1, "2": 3, "1": 2, "3": 4, "4": 5}, "split0_test_score": {"0": 0.7071699836, "2": 0.702848021, "1": 0.7057148394, "3": 0.7017523516, "4": 0.7011027995}, "params": {"0": {"alpha": 0.01}, "2": {"alpha": 1.0}, "1": {"alpha": 0.1}, "3": {"alpha": 2.0}, "4": {"alpha": 3.0}}, "best_a_choice": 0.01}