{"best_a_choice": 0.01, "param_alpha": {"1": 0.1, "0": 0.01, "2": 1.0, "3": 2.0, "4": 3.0}, "params": {"1": {"alpha": 0.1}, "0": {"alpha": 0.01}, "2": {"alpha": 1.0}, "3": {"alpha": 2.0}, "4": {"alpha": 3.0}}, "rank_test_score": {"1": 2, "0": 1, "2": 3, "3": 4, "4": 5}, "split0_test_score": {"1": 0.7033098511, "0": 0.7058504721, "2": 0.6993429832, "3": 0.6980483314, "4": 0.6973772728}}