{"Pos_0_C": -0.0340347457690368, "TtoG": 0.013767665594279173, "TtoC": 0.01894101016648807, "Pos_0:Pos_1_CC": 0.0, "Pos_0:Pos_1_TG": 0.0011724208001938133, "Pos_1_C": 0.06956822755784456, "CtoA": 0.0, "GtoC": -0.5839405771151835, "GtoA": -0.42099410085119027, "Pos_0:Pos_1_CT": -0.025078206375974528, "Pos_0_G": 0.07072098130793024, "Pos_0:Pos_1_AG": 0.0, "Pos_0:Pos_1_CG": -0.09163064461357834, "Pos_1_G": -0.18104162996151624, "AtoC": -0.21292464848659817, "Pos_0_T": 0.0, "TtoA": 0.5239202733316791, "Pos_0:Pos_1_AT": -0.05363045454127231, "CtoG": -0.6583144004047499, "Pos_0:Pos_1_AA": 0.045408654389639064, "Pos_0:Pos_1_GG": 0.0, "Pos_0:Pos_1_GC": 0.2255137163215035, "AtoT": 0.4310241459224605, "Pos_0:Pos_1_GT": 0.18195865645155596, "Pos_0:Pos_1_TT": 0.13404015797653912, "Pos_0_A": 0.0, "Pos_1_T": 0.0, "Pos_0:Pos_1_CA": 0.0, "Pos_0:Pos_1_TA": -0.05340746218242859, "GtoT": 0.07319774771083305, "AtoG": 0.0, "Pos_0:Pos_1_GA": 0.0, "Pos_0:Pos_1_TC": -0.006025224394888332, "Pos_0:Pos_1_AC": 0.015520283220659946, "GC_feature": -0.10077916137355546, "CtoT": -0.4430803245422648, "Pos_1_A": 0.0}