{"GtoT": 0.10447723633672021, "AtoG": 0.4152884346511432, "Pos_1_G": -0.3379795021034484, "Pos_0_C": -0.13756539441504728, "TtoG": -0.012882046835877221, "Pos_1_T": 0.03934835369802954, "TtoA": 1.0287002628778474, "AtoC": 0.2087460978074806, "AtoT": 1.3382643699359384, "Pos_0_A": 0.0, "Pos_1_C": 0.04979146125234432, "Pos_0_G": 0.3138263047013102, "CtoG": -1.3938771304249193, "Pos_1_A": 0.0, "GtoC": -1.2390553328070233, "Pos_0_T": 0.07435638521165047, "CtoT": -0.26238749950260215, "GtoA": -0.35058692635837835, "CtoA": 0.22613063346537765, "TtoC": 0.3662807142617614}