{"rank_test_score": {"2": 2, "0": 4, "1": 1, "3": 3}, "split0_test_score": {"2": 0.7570111048, "0": 0.7543995859, "1": 0.7583913671, "3": 0.7569640504}, "param_penalty": {"2": "l1", "0": "l1", "1": "l1", "3": "l1"}, "best_c_choice": 1.0, "params": {"2": {"C": 10.0, "penalty": "l1"}, "0": {"C": 0.1, "penalty": "l1"}, "1": {"C": 1.0, "penalty": "l1"}, "3": {"C": 100.0, "penalty": "l1"}}, "param_C": {"2": 10.0, "0": 0.1, "1": 1.0, "3": 100.0}}