{"Pos_1_C": 0.06753895780325672, "GC_feature": -0.09332588903867867, "Pos_0_T": 0.0194429318306626, "GtoA": -0.4017589593928764, "CtoG": -0.6498155904887025, "Pos_1_A": -0.09049689437788941, "TtoG": 0.02906777176259094, "TtoC": 0.033090490883925655, "Pos_0_G": 0.2359035581364803, "TtoA": 0.5359656840631302, "CtoT": -0.4257973241318025, "Pos_0_A": 0.0, "AtoT": 0.43083352697035104, "AtoC": -0.20026247419084975, "Pos_0_C": -0.10017214148227774, "GtoC": -0.5666398975693705, "AtoG": 0.0, "Pos_1_G": -0.32295779889703413, "CtoA": 0.0, "Pos_1_T": 0.0061976834145928, "GtoT": 0.07404212917477096}