{"best_a_choice": 3.0, "split0_test_score": {"4": 0.6272507686, "1": 0.6149068323, "3": 0.6241138089, "0": 0.6075820315, "2": 0.6211023276}, "param_alpha": {"4": 3.0, "1": 0.1, "3": 2.0, "0": 0.01, "2": 1.0}, "params": {"4": {"alpha": 3.0}, "1": {"alpha": 0.1}, "3": {"alpha": 2.0}, "0": {"alpha": 0.01}, "2": {"alpha": 1.0}}, "rank_test_score": {"4": 1, "1": 4, "3": 2, "0": 5, "2": 3}}