{"rank_test_score": {"2": 3, "4": 1, "1": 4, "0": 5, "3": 2}, "params": {"2": {"alpha": 1.0}, "4": {"alpha": 3.0}, "1": {"alpha": 0.1}, "0": {"alpha": 0.01}, "3": {"alpha": 2.0}}, "split0_test_score": {"2": 0.6360571189, "4": 0.6385323333, "1": 0.629424422, "0": 0.6225364746, "3": 0.6374989265}, "param_alpha": {"2": 1.0, "4": 3.0, "1": 0.1, "0": 0.01, "3": 2.0}, "best_a_choice": 3.0}