{"params": {"0": {"alpha": 0.01}, "1": {"alpha": 0.1}, "2": {"alpha": 1.0}, "4": {"alpha": 3.0}, "3": {"alpha": 2.0}}, "rank_test_score": {"0": 1, "1": 1, "2": 1, "4": 1, "3": 1}, "best_a_choice": 0.01, "split0_test_score": {"0": 0.7361450199, "1": 0.7361450199, "2": 0.7361450199, "4": 0.7361450199, "3": 0.7361450199}, "param_alpha": {"0": 0.01, "1": 0.1, "2": 1.0, "4": 3.0, "3": 2.0}}