{"params": {"1": {"alpha": 0.1}, "0": {"alpha": 0.01}, "4": {"alpha": 3.0}, "2": {"alpha": 1.0}, "3": {"alpha": 2.0}}, "split0_test_score": {"1": 0.7681079341, "0": 0.7681079341, "4": 0.7680805502, "2": 0.7681170621, "3": 0.7681007839}, "best_a_choice": 1.0, "param_alpha": {"1": 0.1, "0": 0.01, "4": 3.0, "2": 1.0, "3": 2.0}, "rank_test_score": {"1": 2, "0": 2, "4": 5, "2": 1, "3": 4}}