{"CtoG": -2.4344777698858797, "Pos_1_G": -0.1722730169708259, "Pos_0:Pos_1_CT": 0.1473796492442168, "TtoG": 0.48633769402602856, "GtoT": 0.513233297780893, "Pos_1_T": 0.09456209107017893, "AtoG": 0.4533331332845314, "Pos_0:Pos_1_AT": 0.0, "Pos_1_C": 0.1630661281759802, "Pos_0_T": 0.0, "CtoT": -0.1686629296553599, "Pos_0:Pos_1_AG": 0.02516020970398571, "Pos_0_G": 0.2523614488016488, "Pos_0:Pos_1_CA": 0.0, "Pos_0_C": -0.14524372017623915, "Pos_0:Pos_1_GT": 0.05210173432220227, "CtoA": 0.35728094148694856, "Pos_0:Pos_1_TT": 0.12058375210798283, "Pos_0:Pos_1_AA": 0.1957745633685399, "AtoT": 1.2024694552536692, "Pos_0:Pos_1_GC": 0.09449485455447232, "TtoC": 0.47653258750166405, "Pos_0:Pos_1_GG": 0.0, "Pos_0:Pos_1_CG": -0.005025422961733971, "Pos_0:Pos_1_TA": -0.111629230181048, "Pos_0:Pos_1_AC": 0.006909082650615762, "AtoC": 0.1951443129063865, "TtoA": 1.3437687910824325, "Pos_1_A": 0.0, "GtoC": -2.3888434140505104, "Pos_0:Pos_1_TC": 0.0, "Pos_0:Pos_1_TG": 0.11977189682889755, "Pos_0:Pos_1_CC": 0.0, "Pos_0:Pos_1_GA": 0.08566294257494116, "GtoA": -0.12977082159175263, "Pos_0_A": 0.0}