{"Pos_3_G": 0.0, "Pos_2_T": 0.07305802289078323, "Pos_0:Pos_2_GT": 0.0, "Pos_1:Pos_2_TG": 0.025917628370291573, "Pos_2:Pos_3_CG": -0.0016736953603767128, "Pos_1:Pos_3_AT": 0.0, "Pos_0:Pos_3_TG": 0.0, "Pos_0:Pos_2_GG": 0.0, "Pos_2:Pos_3_AC": 0.0, "Pos_0:Pos_2_CG": 0.0, "Pos_0:Pos_3_GA": -0.004469014530602378, "TtoC": 0.007043431415134437, "GtoC": -0.4757835955866058, "Pos_2:Pos_3_GC": 0.0, "Pos_0:Pos_3_AC": 0.0, "Pos_0:Pos_3_TT": 0.06729049447037097, "Pos_1:Pos_3_GA": 0.0, "Pos_1:Pos_3_CC": 0.0, "Pos_0:Pos_3_GC": 0.0, "Pos_0:Pos_3_CA": 0.0, "Pos_0:Pos_3_TC": 0.002256594688865909, "Pos_0:Pos_1_GA": 0.0, "Pos_2:Pos_3_TT": 0.028060362747024385, "Pos_2:Pos_3_GA": -0.05912370041824988, "Pos_1:Pos_3_CG": 0.020742829150174183, "Pos_0:Pos_1_AA": 0.0, "Pos_2:Pos_3_AT": 0.0, "Pos_1:Pos_3_AC": -0.03059410510808133, "Pos_0:Pos_1_AC": -0.14354245409683936, "Pos_1:Pos_2_CG": -0.04948668306859623, "Pos_3_T": 0.0, "Pos_0:Pos_3_CG": 0.0, "Pos_0:Pos_2_AT": 0.0, "Pos_2:Pos_3_TC": 0.0, "Pos_2_A": 0.0, "Pos_0:Pos_1_CC": 0.0, "Pos_2:Pos_3_GT": -0.0818111542180625, "Pos_1:Pos_2_AT": 0.0, "Pos_1:Pos_3_GC": 0.10170831863638267, "Pos_0_T": 0.04482149844829951, "Pos_2_C": 0.0, "Pos_0:Pos_2_AG": -0.03946859677377175, "Pos_2:Pos_3_TA": 0.0, "Pos_0:Pos_2_TG": -0.044270002500829214, "Pos_0:Pos_2_CC": 0.0, "AtoG": 0.0, "Pos_3_C": 0.0, "Pos_0:Pos_3_CT": 0.02380044410199157, "Pos_1:Pos_2_CA": -0.03818671736998807, "Pos_1:Pos_3_GG": -0.020909064488989805, "Pos_1:Pos_3_CT": -0.06459369995997408, "Pos_1:Pos_3_TA": 0.0, "Pos_0:Pos_1_TT": 0.0371093465087222, "Pos_2:Pos_3_AG": 0.0, "Pos_0:Pos_2_TT": 0.0, "Pos_2:Pos_3_CC": 0.0, "Pos_2:Pos_3_CT": 0.014462410097752799, "Pos_0:Pos_1_AG": 0.0, "Pos_1_T": 0.0, "Pos_1:Pos_2_AG": 0.0, "CtoG": -0.4212264125704814, "Pos_0:Pos_2_CA": 0.0, "Pos_1:Pos_2_TC": 0.0, "Pos_0:Pos_1_CT": 0.0, "AtoC": -0.024948949756629882, "Pos_0:Pos_2_GC": -0.029071857405545333, "Pos_0:Pos_3_AG": 0.0, "Pos_0:Pos_2_AC": 0.0, "Pos_0:Pos_2_AA": 0.0, "Pos_0:Pos_1_CG": -0.2380575047980566, "Pos_1:Pos_3_TT": 0.0, "Pos_0:Pos_1_AT": 0.0, "CtoA": -0.04007920286799871, "Pos_1:Pos_2_GG": -0.01743832384069337, "Pos_1:Pos_2_AC": 0.0, "Pos_1:Pos_2_CC": 0.0, "Pos_1:Pos_3_GT": 0.04538492146259376, "Pos_1_C": -0.02912322700671614, "Pos_2_G": -0.0901310492205835, "Pos_0:Pos_2_TC": 0.053132652802144416, "Pos_1:Pos_2_AA": 0.0, "GtoT": 0.060584769113388524, "GtoA": -0.3328801471592211, "Pos_0:Pos_1_CA": 0.0007233462966425505, "Pos_3_A": 0.0, "Pos_0:Pos_1_GT": -0.014958025020578785, "Pos_1:Pos_2_CT": 0.025064708415179892, "Pos_1:Pos_3_TC": 0.0, "Pos_0_G": -0.049455220932782415, "Pos_0_C": 0.0, "Pos_0:Pos_1_TG": 0.0050834440282375775, "Pos_0:Pos_1_GC": -0.02445327277853798, "Pos_0:Pos_1_TC": 0.0, "TtoA": 0.4242961359762373, "Pos_2:Pos_3_TG": 0.0, "Pos_1_A": 0.0, "Pos_2:Pos_3_CA": 0.0, "Pos_0:Pos_2_GA": 0.0, "Pos_1:Pos_2_GA": 0.04145673665740017, "Pos_0:Pos_3_CC": -0.0332887841514014, "Pos_1:Pos_2_GT": 0.0, "Pos_0:Pos_1_TA": 0.0, "Pos_0:Pos_2_CT": 0.0, "Pos_1:Pos_2_TA": -0.1264096640055217, "CtoT": -0.33048602735071203, "TtoG": 0.01624059227349148, "Pos_0:Pos_3_AT": 0.0, "Pos_0:Pos_2_TA": 0.01603852775712078, "GC_feature": -0.1183747183946297, "Pos_0:Pos_3_AA": 0.0, "Pos_1:Pos_3_AG": 0.0, "Pos_2:Pos_3_GG": 0.0, "Pos_1:Pos_3_AA": 0.0, "Pos_0_A": 0.0, "Pos_0:Pos_3_GT": 0.0, "Pos_0:Pos_1_GG": 0.008131323973829225, "Pos_0:Pos_3_GG": 0.0, "Pos_1:Pos_2_GC": 0.11937471244267808, "AtoT": 0.3819354525286226, "Pos_2:Pos_3_AA": 0.0, "Pos_1:Pos_2_TT": 0.0, "Pos_1:Pos_3_TG": 0.0, "Pos_1_G": 0.25996835879768815, "Pos_1:Pos_3_CA": 0.0, "Pos_0:Pos_3_TA": 0.0}