{"param_alpha": {"4": 3.0, "0": 0.01, "1": 0.1, "3": 2.0, "2": 1.0}, "params": {"4": {"alpha": 3.0}, "0": {"alpha": 0.01}, "1": {"alpha": 0.1}, "3": {"alpha": 2.0}, "2": {"alpha": 1.0}}, "rank_test_score": {"4": 1, "0": 5, "1": 4, "3": 2, "2": 3}, "best_a_choice": 3.0, "split0_test_score": {"4": 0.6531393429, "0": 0.6329459251, "1": 0.6416287369, "3": 0.6521245432, "2": 0.6499064877}}