{"rank_test_score": {"2": 3, "0": 1, "3": 4, "1": 2, "4": 5}, "param_alpha": {"2": 1.0, "0": 0.01, "3": 2.0, "1": 0.1, "4": 3.0}, "best_a_choice": 0.01, "split0_test_score": {"2": 0.7419536985, "0": 0.7473806387, "3": 0.7392872828, "1": 0.7470983123, "4": 0.7361816927}, "params": {"2": {"alpha": 1.0}, "0": {"alpha": 0.01}, "3": {"alpha": 2.0}, "1": {"alpha": 0.1}, "4": {"alpha": 3.0}}}