{"pos1": {"rel_entropy": 0.00020775329276095868, "stats": "{\"group\":{\"0\":\"1\",\"1\":\"1\",\"2\":\"1\",\"3\":\"1\",\"4\":\"1\",\"5\":\"1\",\"6\":\"1\",\"7\":\"1\",\"8\":\"2\",\"9\":\"2\",\"10\":\"2\",\"11\":\"2\",\"12\":\"2\",\"13\":\"2\",\"14\":\"2\",\"15\":\"2\"},\"mut\":{\"0\":\"M\",\"1\":\"M\",\"2\":\"M\",\"3\":\"M\",\"4\":\"R\",\"5\":\"R\",\"6\":\"R\",\"7\":\"R\",\"8\":\"M\",\"9\":\"M\",\"10\":\"M\",\"11\":\"M\",\"12\":\"R\",\"13\":\"R\",\"14\":\"R\",\"15\":\"R\"},\"base\":{\"0\":\"A\",\"1\":\"C\",\"2\":\"G\",\"3\":\"T\",\"4\":\"A\",\"5\":\"C\",\"6\":\"G\",\"7\":\"T\",\"8\":\"A\",\"9\":\"C\",\"10\":\"G\",\"11\":\"T\",\"12\":\"A\",\"13\":\"C\",\"14\":\"G\",\"15\":\"T\"},\"count\":{\"0\":1535,\"1\":2864,\"2\":1664,\"3\":1165,\"4\":2006,\"5\":2287,\"6\":1799,\"7\":1136,\"8\":30,\"9\":91,\"10\":46,\"11\":50,\"12\":58,\"13\":72,\"14\":54,\"15\":33},\"fitted\":{\"0\":1527.4300700119,\"1\":2865.0643299545,\"2\":1662.4447212869,\"3\":1173.0608787467,\"4\":2013.5699299881,\"5\":2285.9356700455,\"6\":1800.5552787131,\"7\":1127.9391212533,\"8\":37.5699299881,\"9\":89.9356700455,\"10\":47.5552787131,\"11\":41.9391212533,\"12\":50.4300700119,\"13\":73.0643299545,\"14\":52.4447212869,\"15\":41.0608787467},\"ret\":{\"0\":0.0005096479,\"1\":-0.0000714662,\"2\":0.0001045001,\"3\":-0.0005394976,\"4\":-0.0005074334,\"5\":0.0000714962,\"6\":-0.0001044061,\"7\":0.0005432917,\"8\":-0.0004533377,\"9\":0.0000719008,\"10\":-0.0001027243,\"11\":0.0005903423,\"12\":0.0005447691,\"13\":-0.0000709563,\"14\":0.0001059849,\"15\":-0.0004843581}}", "prob": 0.10286317682390325, "df": 3, "deviance": 6.186893058421349, "formula": "count ~ group * mut * base - group : mut : base"}, "pos2": {"rel_entropy": 0.00015226431549916623, "stats": "{\"group\":{\"0\":\"1\",\"1\":\"1\",\"2\":\"1\",\"3\":\"1\",\"4\":\"1\",\"5\":\"1\",\"6\":\"1\",\"7\":\"1\",\"8\":\"2\",\"9\":\"2\",\"10\":\"2\",\"11\":\"2\",\"12\":\"2\",\"13\":\"2\",\"14\":\"2\",\"15\":\"2\"},\"mut\":{\"0\":\"M\",\"1\":\"M\",\"2\":\"M\",\"3\":\"M\",\"4\":\"R\",\"5\":\"R\",\"6\":\"R\",\"7\":\"R\",\"8\":\"M\",\"9\":\"M\",\"10\":\"M\",\"11\":\"M\",\"12\":\"R\",\"13\":\"R\",\"14\":\"R\",\"15\":\"R\"},\"base\":{\"0\":\"A\",\"1\":\"C\",\"2\":\"G\",\"3\":\"T\",\"4\":\"A\",\"5\":\"C\",\"6\":\"G\",\"7\":\"T\",\"8\":\"A\",\"9\":\"C\",\"10\":\"G\",\"11\":\"T\",\"12\":\"A\",\"13\":\"C\",\"14\":\"G\",\"15\":\"T\"},\"count\":{\"0\":1556,\"1\":1523,\"2\":3000,\"3\":1149,\"4\":1896,\"5\":1506,\"6\":2494,\"7\":1332,\"8\":45,\"9\":50,\"10\":78,\"11\":44,\"12\":68,\"13\":39,\"14\":72,\"15\":38},\"fitted\":{\"0\":1549.8954770642,\"1\":1527.8151256929,\"2\":2995.7187373011,\"3\":1154.5706599417,\"4\":1902.1045229358,\"5\":1501.1848743071,\"6\":2498.2812626989,\"7\":1326.4293400583,\"8\":51.1045229358,\"9\":45.1848743071,\"10\":82.2812626989,\"11\":38.4293400583,\"12\":61.8954770642,\"13\":43.8151256929,\"14\":67.7187373011,\"15\":43.5706599417},\"ret\":{\"0\":0.000410781,\"1\":-0.0003228697,\"2\":0.0002877314,\"3\":-0.0003732169,\"4\":-0.0004093161,\"5\":0.0003238979,\"6\":-0.0002872795,\"7\":0.0003749054,\"8\":-0.0003844509,\"9\":0.0003400289,\"10\":-0.0002799125,\"11\":0.0004000141,\"12\":0.0004295581,\"13\":-0.0003049215,\"14\":0.0002964292,\"15\":-0.0003491147}}", "prob": 0.20923957751318198, "df": 3, "deviance": 4.53443131556517, "formula": "count ~ group * mut * base - group : mut : base"}, "pos0": {"rel_entropy": 4.139722284567009e-05, "stats": "{\"group\":{\"0\":\"1\",\"1\":\"1\",\"2\":\"1\",\"3\":\"1\",\"4\":\"1\",\"5\":\"1\",\"6\":\"1\",\"7\":\"1\",\"8\":\"2\",\"9\":\"2\",\"10\":\"2\",\"11\":\"2\",\"12\":\"2\",\"13\":\"2\",\"14\":\"2\",\"15\":\"2\"},\"mut\":{\"0\":\"M\",\"1\":\"M\",\"2\":\"M\",\"3\":\"M\",\"4\":\"R\",\"5\":\"R\",\"6\":\"R\",\"7\":\"R\",\"8\":\"M\",\"9\":\"M\",\"10\":\"M\",\"11\":\"M\",\"12\":\"R\",\"13\":\"R\",\"14\":\"R\",\"15\":\"R\"},\"base\":{\"0\":\"A\",\"1\":\"C\",\"2\":\"G\",\"3\":\"T\",\"4\":\"A\",\"5\":\"C\",\"6\":\"G\",\"7\":\"T\",\"8\":\"A\",\"9\":\"C\",\"10\":\"G\",\"11\":\"T\",\"12\":\"A\",\"13\":\"C\",\"14\":\"G\",\"15\":\"T\"},\"count\":{\"0\":1871,\"1\":1872,\"2\":2207,\"3\":1278,\"4\":2102,\"5\":1555,\"6\":2136,\"7\":1435,\"8\":53,\"9\":59,\"10\":64,\"11\":41,\"12\":70,\"13\":44,\"14\":61,\"15\":42},\"fitted\":{\"0\":1866.1698200031,\"1\":1874.6115120342,\"2\":2207.4098747504,\"3\":1279.8087932123,\"4\":2106.8301799969,\"5\":1552.3884879658,\"6\":2135.5901252496,\"7\":1433.1912067877,\"8\":57.8301799976,\"9\":56.3884879658,\"10\":63.5901252496,\"11\":39.1912067877,\"12\":65.1698200038,\"13\":46.6115120342,\"14\":61.4098747504,\"15\":43.8087932123},\"ret\":{\"0\":0.0003248103,\"1\":-0.0001752648,\"2\":-0.0000275243,\"3\":-0.0001213912,\"4\":-0.0003240187,\"5\":0.0001755344,\"6\":0.0000275295,\"7\":0.0001215537,\"8\":-0.00031045,\"9\":0.000179387,\"10\":0.0000276154,\"11\":0.0001242382,\"12\":0.0003361258,\"13\":-0.0001703793,\"14\":-0.0000274348,\"15\":-0.000118934}}", "prob": 0.7451465169944338, "df": 3, "deviance": 1.2328092963440553, "formula": "count ~ group * mut * base - group : mut : base"}, "pos3": {"rel_entropy": 3.390491763965557e-05, "stats": "{\"group\":{\"0\":\"1\",\"1\":\"1\",\"2\":\"1\",\"3\":\"1\",\"4\":\"1\",\"5\":\"1\",\"6\":\"1\",\"7\":\"1\",\"8\":\"2\",\"9\":\"2\",\"10\":\"2\",\"11\":\"2\",\"12\":\"2\",\"13\":\"2\",\"14\":\"2\",\"15\":\"2\"},\"mut\":{\"0\":\"M\",\"1\":\"M\",\"2\":\"M\",\"3\":\"M\",\"4\":\"R\",\"5\":\"R\",\"6\":\"R\",\"7\":\"R\",\"8\":\"M\",\"9\":\"M\",\"10\":\"M\",\"11\":\"M\",\"12\":\"R\",\"13\":\"R\",\"14\":\"R\",\"15\":\"R\"},\"base\":{\"0\":\"A\",\"1\":\"C\",\"2\":\"G\",\"3\":\"T\",\"4\":\"A\",\"5\":\"C\",\"6\":\"G\",\"7\":\"T\",\"8\":\"A\",\"9\":\"C\",\"10\":\"G\",\"11\":\"T\",\"12\":\"A\",\"13\":\"C\",\"14\":\"G\",\"15\":\"T\"},\"count\":{\"0\":2314,\"1\":1555,\"2\":1763,\"3\":1596,\"4\":2101,\"5\":1802,\"6\":1738,\"7\":1587,\"8\":78,\"9\":43,\"10\":43,\"11\":53,\"12\":64,\"13\":47,\"14\":48,\"15\":58},\"fitted\":{\"0\":2317.6528513298,\"1\":1556.3971828829,\"2\":1760.3691856036,\"3\":1593.5807801837,\"4\":2097.3471486702,\"5\":1800.6028171171,\"6\":1740.6308143964,\"7\":1589.4192198163,\"8\":74.3471486702,\"9\":41.6028171171,\"10\":45.6308143964,\"11\":55.4192198163,\"12\":67.6528513299,\"13\":48.3971828829,\"14\":45.3691856037,\"15\":55.5807801837},\"ret\":{\"0\":-0.000245129,\"1\":-0.0000937915,\"2\":0.0001768153,\"3\":0.0001625961,\"4\":0.000245536,\"5\":0.00009387,\"6\":-0.0001765497,\"7\":-0.0001623491,\"8\":0.0002512527,\"9\":0.0000953919,\"10\":-0.0001714892,\"11\":-0.0001588738,\"12\":-0.000238577,\"13\":-0.000092466,\"14\":0.0001817097,\"15\":0.0001659585}}", "prob": 0.7989076545356126, "df": 3, "deviance": 1.009688447308943, "formula": "count ~ group * mut * base - group : mut : base"}}