{"Pos_15_G": 0.0, "Pos_5_A": -0.05937378462684434, "Pos_26_G": 0.09461562497514325, "Pos_19_T": 0.07845544625958842, "Pos_2_G": 0.10108503169976799, "Pos_17_A": -0.04473561844710225, "Pos_20_G": 0.06809539144389389, "Pos_1_G": 0.0, "Pos_23_G": 0.05761915001694592, "Pos_15_C": -0.042094845491952304, "AtoC": -0.263967361283088, "Pos_59_C": 0.0, "Pos_50_C": -0.04300790638410398, "AtoT": 0.745879102193846, "Pos_7_A": -0.024434613753550914, "Pos_7_T": 0.0, "Pos_44_G": -0.002047162534419894, "Pos_25_G": 0.0, "Pos_59_A": 0.061293660747012396, "Pos_23_T": 0.07228756539679625, "Pos_48_C": 0.09563209488884197, "Pos_3_G": 0.0, "Pos_24_A": 0.04915886204998142, "Pos_53_T": 0.12316287011120258, "Pos_8_A": 0.007495297523363542, "Pos_26_C": -0.025283906145914494, "Pos_27_A": 0.0, "Pos_53_A": 0.08724569603879334, "Pos_38_G": 0.0, "Pos_4_C": 0.002887563030390871, "Pos_44_T": 0.055674264894959934, "Pos_58_G": 0.08472043448964563, "Pos_45_A": 0.0, "Pos_25_T": 0.10658528462319361, "Pos_24_G": 0.0, "Pos_34_A": 0.0, "Pos_22_A": -0.06006981414452828, "Pos_56_T": 0.043200273122189464, "Pos_9_T": 0.007548470158818047, "Pos_18_T": 0.06469705731730369, "Pos_4_G": 0.0, "Pos_40_A": -0.002765424872025645, "Pos_10_C": 0.10534179649375647, "Pos_43_T": 0.0, "Pos_52_T": 0.0, "Pos_41_C": -0.017508716608317668, "Pos_13_A": 0.0, "Pos_10_A": -0.013342286915677274, "Pos_31_T": 0.08768150064843798, "Pos_23_C": 0.0, "Pos_34_C": 0.010724437539242371, "Pos_13_G": 0.0, "Pos_18_G": 0.0, "Pos_17_G": 0.0638613595045873, "Pos_41_A": 0.07751120068825952, "Pos_46_T": 0.00806917066279788, "Pos_18_C": -0.016466737278171738, "Pos_6_G": -0.014513605001153743, "Pos_0_G": 0.0, "Pos_55_C": 0.0, "Pos_48_G": 0.0, "Pos_55_A": -0.04177623909199576, "Pos_38_T": 0.14480879082789894, "Pos_10_G": 0.0, "Pos_37_C": 0.0, "Pos_21_A": 0.03391537446805806, "Pos_3_C": -0.021900742922989835, "Pos_18_A": 0.0, "Pos_43_A": -0.027548074022861274, "CtoG": -1.7075980589216744, "Pos_6_A": 0.06631964072455518, "Pos_41_T": 0.05673028349228083, "Pos_9_A": 0.0, "Pos_57_T": 0.004221168733767455, "Pos_45_C": 0.07026791275776821, "Pos_33_G": -0.10452461414110036, "Pos_56_A": 0.005385891643244788, "Pos_55_G": 0.08110799558964206, "Pos_48_T": 0.03904490159759894, "Pos_37_T": 0.0, "Pos_46_A": -0.004452123083891235, "Pos_51_A": -0.00244121818442211, "Pos_15_T": 0.0413609778666799, "Pos_35_T": 0.0630740938280708, "Pos_2_T": 0.0, "Pos_30_G": -0.1515606169805802, "Pos_36_G": -0.017857010405671343, "Pos_42_T": 0.1428501216945319, "Pos_3_A": 0.0, "Pos_8_T": 0.0, "Pos_42_C": 0.12748393441122305, "Pos_47_A": 0.0, "Pos_56_G": 0.0, "Pos_49_A": -0.032391440531185575, "Pos_28_G": 0.0, "Pos_30_C": 0.09851788292735165, "Pos_36_T": 0.09418726136139005, "Pos_28_T": 0.09573249218070146, "Pos_56_C": -0.06321912808378298, "Pos_0_C": -0.03820844356742793, "Pos_14_A": -0.026734885880311293, "Pos_53_C": 0.0, "Pos_9_G": 0.0, "Pos_1_A": -0.013380002519043543, "Pos_20_T": 0.015439666367095475, "Pos_30_T": 0.05003420445324639, "Pos_32_T": 0.07467363895856854, "Pos_35_A": 0.05197437209759395, "Pos_43_C": 0.01587703343404245, "TtoA": 0.9694571067336286, "Pos_59_G": -0.012045359688711888, "Pos_3_T": 0.013118596163634935, "Pos_25_A": -0.04296284397870004, "Pos_6_C": 0.0, "Pos_26_T": 0.0, "Pos_11_A": 0.0, "Pos_47_T": 0.024376046343998526, "Pos_27_T": 0.08901833634243997, "Pos_32_G": 0.0, "Pos_51_T": 0.033553284741976434, "Pos_16_G": -0.019921275685812603, "Pos_46_C": 0.0, "Pos_39_T": 0.04039054045003631, "Pos_41_G": 0.0, "Pos_0_T": 0.010333695520492032, "Pos_40_T": 0.0, "Pos_31_C": 0.00014267533718978755, "Pos_12_G": -0.010420238907249952, "Pos_7_G": 0.0, "Pos_14_T": 0.0, "Pos_12_T": 0.0996196233534762, "Pos_58_C": 0.005310632437410776, "Pos_25_C": 0.061979874994036316, "Pos_9_C": -0.05951072936799259, "GtoT": 0.05316235503792535, "Pos_45_G": -0.02700895496578559, "Pos_24_T": 0.11026706289451348, "Pos_17_C": 0.0, "Pos_57_C": 0.0, "Pos_32_A": 0.12818804723701105, "Pos_17_T": 0.0, "Pos_47_C": 0.0, "Pos_58_T": 0.0, "Pos_54_C": 0.06497344949446493, "Pos_49_T": 0.0, "Pos_8_G": 0.045061368016191095, "Pos_2_A": 0.0, "Pos_31_G": 0.0, "Pos_30_A": 0.0, "TtoC": 0.06215122867846441, "Pos_42_G": 0.0, "Pos_21_G": -0.036792034593813, "Pos_14_C": 0.002758709841615692, "Pos_28_C": -0.07876370898945008, "Pos_44_A": 0.05408901946301429, "Pos_29_T": 0.026479112217216202, "Pos_34_G": 0.04677203430095444, "Pos_31_A": -0.007389467016411968, "Pos_19_A": 0.0, "Pos_39_A": -0.014801551511833247, "Pos_21_C": 0.0, "Pos_40_G": 0.060262989000224566, "AtoG": 0.06770484011726094, "Pos_11_T": 0.023548069762833856, "CtoT": -0.5001032962545383, "Pos_51_G": 0.0, "Pos_33_A": 0.024565986732055966, "Pos_20_A": -0.07561727584803572, "Pos_16_T": 0.07807784232240698, "Pos_49_C": 0.05724447416304482, "Pos_19_C": 0.07454294425158063, "Pos_5_G": 0.06711842569384574, "Pos_29_G": 0.22014677006436464, "Pos_16_A": 0.0, "Pos_54_A": 0.0, "Pos_38_C": -0.011280770072796995, "Pos_5_C": 0.0, "Pos_7_C": 0.042616386462760024, "Pos_37_A": 0.02324348617354815, "Pos_22_T": 0.1607790607063501, "Pos_16_C": 0.036245596528365814, "Pos_44_C": 0.0, "Pos_36_A": 0.0, "Pos_46_G": 0.10791031947075094, "Pos_26_A": 0.0, "Pos_27_G": 0.0, "Pos_58_A": -0.042422692668204004, "Pos_1_C": 0.06806874749928818, "Pos_50_G": 0.0, "Pos_35_G": 0.0, "Pos_4_T": 0.0017328078059078704, "Pos_33_T": 0.10762498182730489, "Pos_49_G": 0.05901030808956673, "Pos_10_T": 0.09359788601022623, "Pos_12_C": 0.0, "Pos_52_A": 0.005613201337338218, "Pos_20_C": 0.0, "Pos_54_G": -0.0013055265611221724, "Pos_57_A": 0.0, "Pos_4_A": -0.03425414377409674, "Pos_21_T": 0.1050940577530783, "Pos_28_A": 0.025476010112186184, "Pos_53_G": -0.016873772400781247, "Pos_57_G": -0.0418738564712811, "Pos_39_C": 0.04665693397889912, "Pos_19_G": -0.08301506215729434, "Pos_33_C": 0.0, "Pos_11_G": 0.07384362881693007, "Pos_13_C": 0.027704225163643178, "Pos_24_C": -0.006039619186583375, "TtoG": 0.016089454888028046, "Pos_51_C": 0.09987476017217561, "Pos_42_A": -0.006027479500224114, "Pos_52_G": 0.09230157914370404, "Pos_50_A": 0.032101913433050716, "Pos_43_G": 0.014482729461462977, "Pos_5_T": 0.02546689010929315, "CtoA": 0.0031442738883831227, "Pos_14_G": 0.03396635677417289, "Pos_11_C": -0.005776572994770209, "GtoA": -0.539791282754156, "Pos_13_T": 0.10786235219500535, "Pos_40_C": 0.006655129855630974, "Pos_8_C": -0.020988448920997167, "Pos_38_A": 0.06600517210801617, "Pos_1_T": 0.05447080037806157, "Pos_23_A": -0.025325090930346125, "Pos_22_C": 0.08321955688095029, "Pos_12_A": 0.03220664565103727, "Pos_22_G": 0.0, "Pos_54_T": 0.053752136505732594, "Pos_36_C": 0.08632967945648135, "Pos_50_T": 0.04235137231031542, "Pos_6_T": 0.05096674448959667, "Pos_48_A": -0.034810250044759086, "Pos_15_A": 0.08211018681580948, "Pos_32_C": 0.0, "Pos_52_C": -0.011646806209233073, "Pos_59_T": 0.07574224958806679, "Pos_2_C": 0.0078979683634654, "GtoC": -1.579027073796781, "Pos_45_T": 0.07672524064105067, "Pos_37_G": 0.17013372855869632, "Pos_47_G": -0.020556230500124832, "Pos_0_A": 0.009598418677242832, "Pos_55_T": 0.0023747851598791593, "Pos_27_C": -0.021919360771179966, "Pos_35_C": -0.06623593052363509, "Pos_29_C": -0.16890506811936828, "Pos_34_T": -0.016373057994670426, "Pos_39_G": 0.0, "Pos_29_A": 0.0}