{"split0_test_score": {"1": 0.8034621971, "2": 0.8031533671, "0": 0.8053562529, "3": 0.8031153338}, "param_C": {"1": 1.0, "2": 10.0, "0": 0.1, "3": 100.0}, "params": {"1": {"C": 1.0, "penalty": "l1"}, "2": {"C": 10.0, "penalty": "l1"}, "0": {"C": 0.1, "penalty": "l1"}, "3": {"C": 100.0, "penalty": "l1"}}, "best_c_choice": 0.1, "rank_test_score": {"1": 2, "2": 3, "0": 1, "3": 4}, "param_penalty": {"1": "l1", "2": "l1", "0": "l1", "3": "l1"}}