{"best_a_choice": 0.01, "params": {"3": {"alpha": 2.0}, "0": {"alpha": 0.01}, "1": {"alpha": 0.1}, "4": {"alpha": 3.0}, "2": {"alpha": 1.0}}, "split0_test_score": {"3": 0.7383701171, "0": 0.7383701171, "1": 0.7383701171, "4": 0.7383701171, "2": 0.7383701171}, "param_alpha": {"3": 2.0, "0": 0.01, "1": 0.1, "4": 3.0, "2": 1.0}, "rank_test_score": {"3": 1, "0": 1, "1": 1, "4": 1, "2": 1}}