{"param_alpha": {"0": 0.01, "4": 3.0, "3": 2.0, "1": 0.1, "2": 1.0}, "rank_test_score": {"0": 2, "4": 5, "3": 4, "1": 2, "2": 1}, "params": {"0": {"alpha": 0.01}, "4": {"alpha": 3.0}, "3": {"alpha": 2.0}, "1": {"alpha": 0.1}, "2": {"alpha": 1.0}}, "best_a_choice": 1.0, "split0_test_score": {"0": 0.7223021171, "4": 0.7209135991, "3": 0.7218176616, "1": 0.7223021171, "2": 0.722508106}}