{"rank_test_score": {"0": 2, "3": 4, "2": 1, "4": 5, "1": 2}, "best_a_choice": 1.0, "param_alpha": {"0": 0.01, "3": 2.0, "2": 1.0, "4": 3.0, "1": 0.1}, "params": {"0": {"alpha": 0.01}, "3": {"alpha": 2.0}, "2": {"alpha": 1.0}, "4": {"alpha": 3.0}, "1": {"alpha": 0.1}}, "split0_test_score": {"0": 0.7223021171, "3": 0.7218176616, "2": 0.722508106, "4": 0.7209135991, "1": 0.7223021171}}