{"Pos_1:Pos_3_GC": 0.0, "Pos_1:Pos_2_GA": 0.0, "Pos_0:Pos_3_AA": 0.0, "Pos_1:Pos_3_GA": 0.06252852625185586, "Pos_1:Pos_3_TC": 0.3100081266156049, "Pos_0:Pos_1_CT": 0.0, "Pos_0:Pos_3_AT": 0.02099616755836186, "Pos_0:Pos_1_AC": -0.06920983544370815, "Pos_2:Pos_3_GT": -0.05026062869035699, "Pos_0:Pos_3_GC": 0.0, "Pos_2_C": 0.1679247037254336, "CtoT": -0.42462892845837363, "Pos_1:Pos_3_CC": 0.01286124997591503, "Pos_0:Pos_2_GA": 0.0, "Pos_1:Pos_2_AA": 0.2459760119045645, "Pos_2:Pos_3_TT": 0.15523600548836342, "Pos_1:Pos_2_CC": -0.19819939282630067, "Pos_0_G": 0.0, "Pos_0:Pos_1_TT": -0.180314999188136, "Pos_1_G": 0.18298621584306837, "Pos_0:Pos_1_GA": -0.15235535203031877, "Pos_1:Pos_2_CG": -0.20096224171448557, "Pos_0:Pos_2_CC": 0.019318192801939547, "Pos_1:Pos_2_TA": -0.18387732572770632, "Pos_0:Pos_2_CG": 0.0, "Pos_2:Pos_3_GG": 0.04487784990752684, "Pos_0:Pos_2_TT": 0.285979994291345, "Pos_2:Pos_3_TG": -0.0669794244121772, "Pos_0:Pos_2_TA": 0.23378026864677853, "Pos_1:Pos_2_GG": 0.0, "Pos_1:Pos_3_GT": 0.07781550087812042, "Pos_1:Pos_3_CA": 0.0, "Pos_0:Pos_2_AA": 0.12164409589645597, "Pos_0:Pos_3_AC": 0.171418658168422, "Pos_2:Pos_3_AT": 0.0, "Pos_0_T": 0.15623156446220116, "Pos_2_T": 0.0, "Pos_1:Pos_3_AC": -0.0328889169340553, "Pos_2:Pos_3_AG": 0.17564847140545897, "Pos_2:Pos_3_CT": 0.11603376349103338, "GtoA": -0.5159605107030134, "Pos_0:Pos_1_CA": 0.0, "TtoA": 1.1504072623531971, "Pos_1:Pos_3_TT": 0.01686190859696896, "Pos_0:Pos_1_GG": 0.0, "TtoC": 0.2576632329040193, "Pos_1:Pos_3_AT": 0.0, "AtoG": 0.2739336302767668, "Pos_0:Pos_2_AG": -0.0700878459824425, "Pos_0:Pos_1_CC": 0.19412339248819735, "Pos_0:Pos_2_AC": 0.0, "Pos_0:Pos_3_GG": 0.14771211519853658, "Pos_1:Pos_2_TC": 0.0, "Pos_3_A": 0.0027747757980941105, "Pos_0:Pos_2_CA": -0.20261407163371956, "Pos_1_T": 0.0, "Pos_0:Pos_3_CC": 0.0, "AtoC": 0.0, "GtoT": 0.3221358669772713, "Pos_0:Pos_2_GG": 0.0, "Pos_1:Pos_3_AG": 0.1272418375719127, "Pos_2:Pos_3_CG": -0.19805706841901582, "Pos_0:Pos_1_AG": 0.15257655728472844, "Pos_1:Pos_3_TA": -0.07350893825906643, "Pos_0:Pos_1_GT": 0.08503716675973665, "Pos_1:Pos_2_GC": 0.20101257883909335, "Pos_0:Pos_2_CT": -0.0318086140490122, "Pos_2:Pos_3_TA": 0.1603347203173522, "Pos_2:Pos_3_CA": 0.0, "Pos_1:Pos_2_AT": -0.014906364425462471, "Pos_2:Pos_3_AA": 0.0, "CtoG": -1.9075797054037043, "Pos_0:Pos_2_GT": 0.0, "Pos_0:Pos_2_GC": 0.16409529665849246, "Pos_1:Pos_2_AG": 0.0, "Pos_0:Pos_1_AA": 0.084712274987274, "Pos_0_A": 0.04829528562811664, "Pos_2:Pos_3_CC": 0.07377391270049596, "Pos_3_G": 0.0, "Pos_2:Pos_3_AC": -0.31999777687830067, "Pos_0:Pos_3_CT": -0.004973078270006003, "Pos_1:Pos_3_TG": 0.0, "Pos_0:Pos_1_GC": 0.0, "Pos_0:Pos_3_TC": 0.0, "Pos_1:Pos_2_TG": 0.03552466797212046, "Pos_1:Pos_2_CT": 0.08103140589180136, "Pos_0:Pos_1_TC": 0.0, "Pos_0:Pos_2_TC": 0.0, "Pos_1:Pos_2_AC": 0.1281059118328134, "Pos_0:Pos_3_TG": -0.09609729681340565, "Pos_3_C": 0.0, "Pos_0_C": -0.03183621453039819, "Pos_0:Pos_3_TT": 0.05504534981019424, "Pos_2_A": 0.0, "Pos_0:Pos_3_AG": -0.07564487831397344, "CtoA": 0.2334992568240935, "Pos_1_A": 0.0, "AtoT": 0.961446525118218, "Pos_1:Pos_3_AA": 6.592669412114223e-05, "GtoC": -2.0078797942714006, "Pos_1:Pos_2_GT": 0.06251526614473134, "Pos_0:Pos_3_GA": 0.0, "Pos_2:Pos_3_GC": 0.0, "Pos_0:Pos_2_AT": 0.2434346409884646, "Pos_0:Pos_1_CG": -0.49087205134061124, "Pos_1:Pos_3_GG": 0.0, "Pos_0:Pos_1_AT": 0.0, "Pos_0:Pos_3_GT": 0.0, "Pos_1:Pos_2_CA": 0.06335079873352824, "Pos_0:Pos_1_TA": 0.12234268097594646, "Pos_2:Pos_3_TC": 0.0, "Pos_0:Pos_1_TG": 0.2651997780972194, "Pos_1:Pos_3_CT": -0.15950024966622364, "Pos_1_C": 0.0, "Pos_2_G": -0.10448661297838406, "TtoG": 0.17234780081893974, "Pos_3_T": 0.0, "Pos_1:Pos_2_TT": 0.0, "Pos_0:Pos_3_CA": 0.0, "Pos_0:Pos_3_TA": 0.2230786241600089, "Pos_1:Pos_3_CG": 0.0, "Pos_0:Pos_2_TG": 0.0, "Pos_0:Pos_3_CG": 0.013038270121933556, "Pos_2:Pos_3_GA": -0.13165928677795014}