{"param_C": {"1": 1.0, "2": 10.0, "3": 100.0, "0": 0.1}, "best_c_choice": 1.0, "rank_test_score": {"1": 1, "2": 3, "3": 4, "0": 2}, "split0_test_score": {"1": 0.7712645432, "2": 0.7696681289, "3": 0.7695384322, "0": 0.7699408735}, "param_penalty": {"1": "l1", "2": "l1", "3": "l1", "0": "l1"}, "params": {"1": {"penalty": "l1", "C": 1.0}, "2": {"penalty": "l1", "C": 10.0}, "3": {"penalty": "l1", "C": 100.0}, "0": {"penalty": "l1", "C": 0.1}}}