{"param_alpha": {"0": 0.01, "4": 3.0, "3": 2.0, "2": 1.0, "1": 0.1}, "best_a_choice": 3.0, "rank_test_score": {"0": 2, "4": 1, "3": 2, "2": 2, "1": 2}, "params": {"0": {"alpha": 0.01}, "4": {"alpha": 3.0}, "3": {"alpha": 2.0}, "2": {"alpha": 1.0}, "1": {"alpha": 0.1}}, "split0_test_score": {"0": 0.735175096, "4": 0.7352499454, "3": 0.735175096, "2": 0.735175096, "1": 0.735175096}}