{"Pos_1:Pos_2_AC": 0.011038716138797842, "Pos_3_C": 0.0, "Pos_1:Pos_2_CG": -0.11355166799580442, "Pos_2:Pos_3_AT": -0.019483665179670984, "Pos_3_A": 0.0, "Pos_1:Pos_3_AA": -0.026911037209839613, "Pos_0:Pos_1_AC": -0.06969928754167747, "Pos_1:Pos_3_AC": 0.0, "Pos_0:Pos_1_CC": 0.0, "Pos_0:Pos_2_TC": 0.0, "Pos_0:Pos_1_GA": -0.03136047306284902, "Pos_1:Pos_3_GA": 0.0, "Pos_2:Pos_3_GA": -0.03937078488635664, "Pos_0:Pos_1_CT": -0.005679722224177316, "Pos_0:Pos_3_GC": 0.0, "Pos_0:Pos_3_CC": 0.0, "Pos_1:Pos_2_AT": -0.045317472052012475, "Pos_2_C": 0.0058194778145553685, "Pos_0_A": 0.0, "Pos_0:Pos_2_GT": 0.0, "Pos_1:Pos_2_AG": 0.0, "Pos_2_G": -0.11833600900645005, "GtoA": -0.45451191046518574, "Pos_1:Pos_2_GC": 0.08912049713814055, "Pos_2:Pos_3_CG": -0.02843512710710787, "Pos_0:Pos_2_TG": 0.0, "Pos_0:Pos_1_GC": 0.0, "Pos_0:Pos_3_AG": -0.0012888427519681148, "Pos_0:Pos_2_CT": -0.021421221221952856, "Pos_0:Pos_1_TA": 0.024979920648898667, "Pos_0:Pos_1_GT": 0.0, "Pos_1:Pos_2_GT": 0.01794370317732567, "Pos_0:Pos_2_CA": -0.0671087431748107, "AtoC": -0.09910145636676666, "Pos_2:Pos_3_GC": 0.0, "Pos_0:Pos_2_GA": -0.019841569529899503, "Pos_0:Pos_2_GG": 0.0, "Pos_0:Pos_1_TG": 0.03812414089385518, "Pos_0:Pos_2_AA": 0.0, "Pos_1:Pos_3_TT": 0.0, "Pos_0:Pos_2_TA": 0.04236242789457344, "Pos_2:Pos_3_TG": 0.0, "Pos_0:Pos_1_GG": 0.0, "Pos_1:Pos_2_AA": 0.03823509395613374, "Pos_2:Pos_3_AC": -0.014355029197174072, "CtoT": -0.46273277337173885, "AtoT": 0.3824634581750436, "Pos_0_T": 0.00030218799709684366, "Pos_0:Pos_1_CG": -0.11078070919107073, "Pos_0:Pos_3_TA": 0.0, "Pos_1_A": 0.0, "Pos_3_G": 0.0, "Pos_0:Pos_1_TC": -0.009872851386927702, "GtoC": -0.6301111482577181, "Pos_0:Pos_3_CG": 0.036542535689228405, "Pos_0:Pos_3_GG": 0.0, "Pos_0:Pos_2_AG": -0.01783428173698515, "Pos_1:Pos_2_CA": -0.030794951467371687, "Pos_1:Pos_2_GA": -0.009108152857575304, "Pos_0:Pos_2_GC": 0.0, "Pos_2:Pos_3_CT": 0.074901801166791, "Pos_0:Pos_3_AA": -0.02875083055369315, "CtoA": -0.020279326596825374, "Pos_2_T": 0.0, "Pos_2:Pos_3_TT": 0.04856221794468109, "Pos_1_T": 0.0, "Pos_0:Pos_1_AT": -0.00024113603011918214, "Pos_0:Pos_2_CC": 0.0076381704018660705, "Pos_2:Pos_3_AA": 0.0, "Pos_2:Pos_3_TC": 0.01588522815311068, "Pos_0:Pos_1_CA": 0.03031636489614038, "Pos_1:Pos_3_TA": 0.0, "Pos_1:Pos_3_CA": 0.0, "Pos_1:Pos_3_CC": -0.02576507479737294, "Pos_0:Pos_3_CT": 0.0, "Pos_1:Pos_3_TG": -0.02518975336818204, "Pos_0:Pos_2_TT": 0.014781080651597181, "TtoC": 0.010408500207108649, "Pos_1_G": 0.19431507299647263, "Pos_2:Pos_3_CA": 0.09635224453338163, "Pos_0:Pos_3_GT": -0.06386820546470609, "Pos_2:Pos_3_TA": 0.0, "Pos_0:Pos_3_AT": 0.011654350644373574, "Pos_1:Pos_3_GG": 0.0, "Pos_1:Pos_2_TT": 0.03435035148712117, "Pos_3_T": 0.0, "Pos_0:Pos_3_GA": -0.0437187816620548, "Pos_0:Pos_1_AG": 0.0063831396260033, "TtoA": 0.44909582583629865, "Pos_0:Pos_1_AA": 0.0, "GtoT": 0.020723634066214597, "Pos_1:Pos_3_GC": 0.05645313847600768, "Pos_1_C": 0.0, "Pos_1:Pos_2_GG": 0.0, "Pos_1:Pos_2_TC": 0.0, "CtoG": -0.6824535715361046, "Pos_1:Pos_2_CT": 0.0, "Pos_0:Pos_2_CG": 0.043444613996905086, "GC_feature": -0.10349284645469868, "Pos_0:Pos_3_CA": 0.0, "Pos_1:Pos_3_GT": 0.05226441406072363, "Pos_0:Pos_3_TT": 0.013374763769789782, "Pos_2:Pos_3_CC": 0.0, "Pos_2:Pos_3_AG": 0.09668514013939762, "Pos_1:Pos_3_AG": 0.005198763266679073, "Pos_0:Pos_3_TC": 0.04178170623983484, "AtoG": 0.005735742069396917, "Pos_1:Pos_3_CG": 0.0, "Pos_0:Pos_3_TG": 0.0, "Pos_2:Pos_3_GT": -0.0033590614309847986, "Pos_1:Pos_2_TG": -0.02858793104712123, "Pos_1:Pos_3_CT": -0.026832407732016724, "Pos_0:Pos_3_AC": 0.0, "TtoG": 0.0, "Pos_0:Pos_1_TT": 0.041848938430876746, "Pos_0:Pos_2_AC": 0.0, "Pos_1:Pos_2_TA": -0.08215565560134772, "Pos_1:Pos_3_TC": 0.008093689488114985, "Pos_0_C": 0.0, "Pos_2:Pos_3_GG": 0.0, "Pos_1:Pos_2_CC": 0.0, "Pos_1:Pos_3_AT": 0.06620423067679677, "Pos_2_A": 0.0, "Pos_0_G": 0.0, "Pos_0:Pos_2_AT": 0.06471908604317052}