{"param_penalty": {"3": "l1", "2": "l1", "0": "l1", "1": "l1"}, "param_C": {"3": 100.0, "2": 10.0, "0": 0.1, "1": 1.0}, "best_c_choice": 0.1, "split0_test_score": {"3": 0.6476990037, "2": 0.677796387, "0": 0.7760212079, "1": 0.7348493031}, "params": {"3": {"C": 100.0, "penalty": "l1"}, "2": {"C": 10.0, "penalty": "l1"}, "0": {"C": 0.1, "penalty": "l1"}, "1": {"C": 1.0, "penalty": "l1"}}, "rank_test_score": {"3": 4, "2": 3, "0": 1, "1": 2}}