{"Pos_1:Pos_3_AG": 0.0, "Pos_0:Pos_3_GC": 0.0, "Pos_0_C": 0.0, "Pos_1:Pos_2:Pos_3_CTT": 0.0, "Pos_0:Pos_2:Pos_3_TGT": -0.04217246248324388, "Pos_0:Pos_1:Pos_2_TCA": 0.0, "Pos_1:Pos_3_CT": -0.026268039922153805, "Pos_1:Pos_2:Pos_3_GGA": -0.027384443789242475, "Pos_0:Pos_2:Pos_3_CCT": 0.0, "Pos_1:Pos_2:Pos_3_TAA": 0.0, "Pos_0:Pos_1:Pos_3_GCT": -0.0018742004332342956, "Pos_1:Pos_2:Pos_3_GGC": 0.02395051331284855, "Pos_0:Pos_1_CC": 0.0, "Pos_0:Pos_1:Pos_3_TGC": 0.04689277961981774, "AtoT": 0.38679944633034785, "Pos_1:Pos_2:Pos_3_AAT": 0.0, "Pos_0:Pos_1:Pos_2_CGC": -0.000746380058216534, "Pos_0:Pos_1:Pos_3_TTC": 0.04360494405807449, "Pos_0:Pos_2:Pos_3_GTG": 0.0008024045611012892, "Pos_0:Pos_1:Pos_2_GAA": -0.024815090813552248, "Pos_2:Pos_3_CC": 0.0, "Pos_0:Pos_2:Pos_3_GCG": -0.017643101999229978, "Pos_0:Pos_2:Pos_3_AAC": 0.025870719468949584, "Pos_0:Pos_1_TG": 0.0007948725799049806, "Pos_0:Pos_2:Pos_3_CCG": 0.0, "Pos_0:Pos_1:Pos_2_CCC": 0.0077230275974714225, "CtoT": -0.46876462412302494, "Pos_0:Pos_1:Pos_2_TGA": 0.00982636861533466, "Pos_2:Pos_3_GT": 0.0, "Pos_0:Pos_3_CG": 0.0, "Pos_0:Pos_1:Pos_2_CAA": 0.0, "Pos_0:Pos_1:Pos_2_TTC": 0.0, "Pos_0:Pos_1:Pos_3_TAA": 0.0, "Pos_1:Pos_2:Pos_3_TCC": 0.0, "Pos_0:Pos_1:Pos_3_GAT": -0.021557164163879636, "Pos_0:Pos_1:Pos_3_CGT": 0.0, "Pos_0:Pos_2:Pos_3_AGT": 0.0, "Pos_0:Pos_1:Pos_2_GCC": -0.02037333467344506, "Pos_0:Pos_2:Pos_3_GCT": 0.0029417333513159943, "Pos_0:Pos_2:Pos_3_GTT": -0.0410300017666223, "Pos_0:Pos_1:Pos_3_ACC": 0.0, "Pos_1:Pos_2:Pos_3_TCA": 0.0, "Pos_0:Pos_2:Pos_3_ACG": -0.01888630805918602, "Pos_1:Pos_2:Pos_3_CGG": 0.0, "Pos_0:Pos_1:Pos_2_TAT": 0.0082169324229358, "Pos_1:Pos_2_AC": 0.0, "Pos_0:Pos_1:Pos_3_CCC": -0.04032445537095328, "Pos_0:Pos_1:Pos_2_AGC": 0.0, "Pos_1_G": 0.153435216422559, "Pos_0:Pos_1:Pos_2_AGT": 0.0, "Pos_0:Pos_1:Pos_2_GTT": 0.0, "Pos_0:Pos_1:Pos_2_GCG": -0.07004370799837911, "Pos_2:Pos_3_AA": 0.0, "Pos_1:Pos_2:Pos_3_GGT": 0.0, "Pos_1:Pos_3_CG": 0.0, "Pos_0:Pos_3_TC": 0.0, "Pos_0:Pos_1:Pos_2_AGG": 0.0, "Pos_1:Pos_2_TA": -0.08386463533827315, "Pos_0:Pos_1:Pos_3_ATT": 0.0, "Pos_1:Pos_2_CC": 0.0, "Pos_0:Pos_3_AG": 0.0, "Pos_1:Pos_2_GT": 0.0, "Pos_0:Pos_3_AA": 0.0, "Pos_0:Pos_1:Pos_3_TAG": 0.0, "Pos_0:Pos_1:Pos_3_CCT": 0.0, "Pos_2:Pos_3_CG": 0.0, "Pos_0:Pos_1:Pos_2_CTG": 0.0, "Pos_0:Pos_2_GT": 0.0, "Pos_3_G": 0.0, "Pos_1:Pos_2_AG": 0.0, "Pos_1:Pos_2:Pos_3_GAC": 0.0, "GtoA": -0.4602583016554282, "Pos_0:Pos_2:Pos_3_CGA": 0.0036313306041079224, "Pos_0:Pos_1:Pos_2_CCG": 0.0, "Pos_0:Pos_2_AT": 0.008352738554580625, "Pos_0:Pos_1_AT": 0.0, "Pos_0:Pos_1_AG": 0.027414739249358833, "Pos_0:Pos_1_CA": 0.012939120646561749, "Pos_0:Pos_2:Pos_3_CGC": -0.009188975661481242, "Pos_0:Pos_2:Pos_3_TGA": 0.0, "Pos_1:Pos_2:Pos_3_GAT": 0.0, "Pos_0:Pos_2:Pos_3_CAC": -0.01972832788366824, "Pos_1:Pos_2:Pos_3_TGA": 0.0, "Pos_1:Pos_2:Pos_3_TGT": -0.026620685110869225, "Pos_0:Pos_2:Pos_3_TAC": -0.0020238843444764835, "Pos_0:Pos_1:Pos_2_ATC": 0.0, "Pos_1:Pos_2_GA": 0.0, "Pos_0:Pos_2:Pos_3_TAA": 0.0, "Pos_0:Pos_3_TG": 0.0, "Pos_0:Pos_2:Pos_3_AGC": 0.0, "Pos_1:Pos_2:Pos_3_CGC": -0.0047854904910573275, "Pos_0:Pos_1:Pos_3_GTA": 0.0017778098490923212, "Pos_0:Pos_1:Pos_2_TCG": -0.0007296765375805139, "Pos_1:Pos_2:Pos_3_TAT": -0.003762864584329876, "Pos_0:Pos_2:Pos_3_TTT": 0.00772163001910806, "Pos_0:Pos_2:Pos_3_TTC": 0.0, "Pos_1:Pos_2:Pos_3_GTG": 0.0, "AtoC": -0.1011968126639977, "Pos_1:Pos_3_TC": 0.0, "Pos_0:Pos_2:Pos_3_CCA": 0.0, "Pos_0:Pos_2:Pos_3_GTA": 0.0, "Pos_0:Pos_1:Pos_3_TTT": 0.01757105896842981, "Pos_0:Pos_1:Pos_3_TGT": 0.04660449783974286, "Pos_0:Pos_2:Pos_3_CGT": 0.008738361591792034, "Pos_0:Pos_1:Pos_3_GAC": 0.0019173618351128335, "Pos_0:Pos_1:Pos_3_TTG": -0.015506104024221182, "Pos_0:Pos_2:Pos_3_CAA": -0.013946996436720534, "Pos_2:Pos_3_TG": 0.0, "Pos_0:Pos_2:Pos_3_TAG": 0.0028248140005161498, "Pos_0:Pos_1_GT": 0.0, "Pos_1:Pos_2:Pos_3_ATT": 0.0, "Pos_0:Pos_1:Pos_2_CCA": -0.00481896419643254, "Pos_0:Pos_2_CT": 0.0, "Pos_1:Pos_2:Pos_3_ATC": 0.0, "Pos_1:Pos_2:Pos_3_AAG": 0.04473498987495758, "Pos_0:Pos_1:Pos_3_CGA": -0.030700892661062046, "Pos_0:Pos_3_TA": 0.0, "Pos_0:Pos_1:Pos_3_GGT": 0.00544871908861354, "Pos_0:Pos_1:Pos_2_ATG": 0.0, "TtoG": 0.0, "Pos_0:Pos_2_AG": -0.055392027681980455, "Pos_1:Pos_2_CG": -0.07660143784461095, "Pos_1:Pos_3_AA": 0.0, "Pos_1:Pos_2:Pos_3_CAG": 0.012882286111373617, "Pos_0:Pos_2:Pos_3_TTA": 0.025698154476123263, "Pos_1:Pos_3_CC": 0.0, "Pos_0:Pos_1:Pos_3_AGG": 0.0, "Pos_0:Pos_1:Pos_3_CGC": -0.0029121053150336176, "Pos_1:Pos_2:Pos_3_ACA": 0.0, "Pos_0:Pos_1:Pos_3_GGA": -0.006772208172297186, "Pos_1:Pos_2_TC": 0.0, "Pos_1:Pos_2:Pos_3_GAG": 0.0, "Pos_0:Pos_1:Pos_3_ATA": -0.01923828991174704, "Pos_0:Pos_2:Pos_3_ACT": 0.0, "Pos_0:Pos_1:Pos_2_GCA": 1.9947157808230768e-05, "Pos_0:Pos_1:Pos_3_ATC": 0.0, "Pos_0:Pos_2:Pos_3_GGA": -0.020020051001823677, "Pos_0:Pos_1:Pos_2_GTC": 0.0, "Pos_0:Pos_1:Pos_3_GTC": -0.00905582291624544, "Pos_0:Pos_1:Pos_3_GAA": -0.06549629284642511, "Pos_0:Pos_2_GC": 0.0, "Pos_0:Pos_2:Pos_3_TGG": 0.0, "Pos_1:Pos_2:Pos_3_CCT": -0.03520965644678512, "Pos_2:Pos_3_TT": 0.013641166333850449, "Pos_0:Pos_2_AA": 0.0, "Pos_0:Pos_2:Pos_3_ATG": 0.041174378096954733, "Pos_2:Pos_3_AT": -0.0427800091688737, "Pos_0:Pos_1:Pos_3_ACT": -0.019030435193405703, "Pos_0:Pos_1:Pos_2_TTT": 0.03699969069997982, "Pos_0:Pos_2:Pos_3_TCG": 0.004494445013287993, "Pos_1:Pos_2_TT": 0.0, "Pos_0:Pos_2:Pos_3_GCA": 0.013635697553704211, "Pos_0:Pos_1:Pos_3_CCG": 0.009256627040477614, "AtoG": 0.004475970283084683, "Pos_0:Pos_1:Pos_3_GCA": 0.0027454310952340377, "Pos_2:Pos_3_TC": 0.0, "Pos_0:Pos_2_GG": 0.0, "Pos_0:Pos_3_TT": 0.021728946179482345, "Pos_1:Pos_2_GG": 0.0, "GtoT": 0.02107769732433536, "Pos_1:Pos_2:Pos_3_CTG": -0.02473483057501954, "Pos_0_G": 0.0, "Pos_0:Pos_1_GG": 0.0, "Pos_1:Pos_2:Pos_3_AGT": 0.025424876222842296, "CtoA": -0.02110162658116383, "Pos_0:Pos_2_TT": 0.0, "Pos_0:Pos_1:Pos_2_AAA": 0.0, "Pos_0:Pos_2:Pos_3_TCA": 0.0, "Pos_0:Pos_2:Pos_3_CTG": -0.013015874452493822, "Pos_0:Pos_1:Pos_3_AAG": 0.0, "Pos_0:Pos_2:Pos_3_GTC": 0.00991753948326961, "Pos_1_C": 0.0, "Pos_0:Pos_1:Pos_2_CCT": 0.0, "Pos_0:Pos_1:Pos_2_TAA": 0.02437046946526233, "Pos_0:Pos_1:Pos_2_GGA": -0.013773965505697549, "Pos_0:Pos_2:Pos_3_GAC": 0.0, "Pos_1:Pos_3_GT": 0.014652193511571206, "Pos_1:Pos_2:Pos_3_AAA": 0.0, "TtoA": 0.45321860525251817, "Pos_3_T": 0.0, "Pos_0:Pos_1:Pos_3_TGA": 0.0, "Pos_0:Pos_2:Pos_3_AGA": -0.0026593383051219024, "Pos_0:Pos_1_AA": 0.0, "Pos_1:Pos_3_GA": 0.0, "GtoC": -0.6327091380944599, "Pos_1:Pos_2_AA": 0.0, "Pos_0:Pos_1:Pos_2_CAC": 0.0, "Pos_0:Pos_1:Pos_2_ACC": 0.0, "Pos_0:Pos_1:Pos_2_TGC": 0.028367955024718384, "Pos_0:Pos_1:Pos_3_TAC": 0.0, "Pos_1:Pos_2:Pos_3_CCA": 0.011466164767853865, "Pos_1:Pos_2:Pos_3_TTT": 0.019099608810836124, "Pos_0:Pos_2:Pos_3_CAT": 0.0, "Pos_0:Pos_3_CT": 0.0, "Pos_1:Pos_2:Pos_3_AGC": 0.0, "Pos_1:Pos_2:Pos_3_TGG": -0.003842724311602075, "Pos_0:Pos_1_TT": 0.0, "Pos_0:Pos_1:Pos_3_GAG": 0.0, "Pos_0_A": 0.0, "Pos_1:Pos_3_GG": 0.0, "Pos_1:Pos_2:Pos_3_CCG": 0.0, "Pos_0:Pos_1:Pos_3_CAG": 0.0, "Pos_1:Pos_2:Pos_3_TTG": 0.0, "Pos_2:Pos_3_GG": 0.0, "Pos_0:Pos_1:Pos_2_ATT": 0.0038882256155752942, "Pos_1:Pos_2:Pos_3_TAG": 0.025834535998981632, "Pos_1:Pos_2_CT": 0.0, "Pos_0:Pos_2:Pos_3_ATC": 0.0, "Pos_0:Pos_3_AT": 0.0, "Pos_0:Pos_2:Pos_3_TAT": 0.010484477961348104, "Pos_0:Pos_2_GA": 0.0, "Pos_1:Pos_2_GC": 0.0795992736323289, "Pos_0:Pos_2:Pos_3_AAG": 0.0, "Pos_0:Pos_1_GA": 0.0, "Pos_0:Pos_1:Pos_3_AAC": -0.04750665428142433, "Pos_1:Pos_2:Pos_3_CTA": 0.0015203166009014409, "Pos_0:Pos_1:Pos_3_GGC": 0.0, "Pos_0:Pos_1:Pos_2_AGA": 0.0, "Pos_0:Pos_1:Pos_2_GTA": 0.0, "Pos_0:Pos_2:Pos_3_ATT": 0.056077272593728196, "Pos_0:Pos_2:Pos_3_GCC": -0.02320058791967436, "Pos_0:Pos_2:Pos_3_ACC": 0.0, "Pos_0:Pos_1:Pos_3_GTG": 0.0, "Pos_0:Pos_2:Pos_3_CAG": 0.002644339280858607, "Pos_0:Pos_1:Pos_3_CGG": 0.0, "Pos_0:Pos_1:Pos_3_CAT": 0.0, "Pos_0:Pos_1:Pos_3_AGC": 0.0, "Pos_0:Pos_1_TC": 0.0, "Pos_0:Pos_1_CT": 0.0, "Pos_0:Pos_1:Pos_2_GGC": 0.0, "Pos_1_T": 0.0, "Pos_1:Pos_3_TT": 0.0,