{"param_alpha": {"1": 0.1, "2": 1.0, "0": 0.01, "4": 3.0, "3": 2.0}, "best_a_choice": 0.01, "params": {"1": {"alpha": 0.1}, "2": {"alpha": 1.0}, "0": {"alpha": 0.01}, "4": {"alpha": 3.0}, "3": {"alpha": 2.0}}, "rank_test_score": {"1": 2, "2": 3, "0": 1, "4": 5, "3": 4}, "split0_test_score": {"1": 0.7164132182, "2": 0.7142909629, "0": 0.716845428, "4": 0.7120824482, "3": 0.7130090903}}