{"GtoC": -1.879408529487034, "CtoG": -2.011903785782177, "Pos_1_C": 0.11976577000268822, "GtoT": 0.523778315585878, "TtoA": 1.3030009064350045, "Pos_1_G": -0.1974206700109427, "Pos_0_T": 0.0, "AtoC": 0.06766166046895775, "Pos_0_A": 0.041398048921006105, "CtoT": -0.1337352326440183, "AtoT": 1.168110931627982, "CtoA": 0.2905083941253461, "Pos_0_G": 0.2952744140572584, "Pos_1_A": 0.0, "TtoC": 0.3711973277587134, "Pos_1_T": 0.09606769840205462, "TtoG": 0.5304770557914452, "AtoG": 0.40127642833375343, "GtoA": -0.1857977065297322, "Pos_0_C": -0.1513281407283219}