{"Pos_0:Pos_1_AA": 0.14751652457732842, "Pos_0_C": -0.11214872372730322, "Pos_0:Pos_1_GC": 0.23339099675071512, "Pos_0:Pos_1_AC": 0.0923994824417329, "CtoG": -2.966226212533371, "Pos_0:Pos_1_CA": 0.07895089853168365, "Pos_0:Pos_1_TC": 0.044446982511003236, "Pos_1_G": -0.13372939754067592, "Pos_0:Pos_1_GT": 0.13998866836095836, "TtoA": 1.5379216821194202, "Pos_0:Pos_1_GA": 0.0, "TtoG": 0.5675497789878218, "Pos_0_T": 0.0, "GtoT": 0.49749010253026266, "Pos_0_G": 0.24636538559978524, "TtoC": 0.5710423874338483, "Pos_0:Pos_1_TA": -0.30435391191446454, "Pos_0:Pos_1_AG": 0.0, "GtoA": -0.09163739013052265, "Pos_0:Pos_1_CT": 0.09094178653580334, "Pos_0:Pos_1_TT": 0.19434325522412868, "AtoT": 1.472490697289443, "Pos_0_A": 0.0, "AtoC": 0.39400924106661284, "Pos_1_A": 0.0, "Pos_0:Pos_1_CC": -0.03214802927495646, "CtoA": 0.6456733041775207, "CtoT": 0.0, "Pos_1_T": 0.16967269224447776, "AtoG": 0.5837436177563498, "Pos_1_C": 0.10841739373125124, "Pos_0:Pos_1_GG": 0.0, "Pos_0:Pos_1_TG": 0.1304575430032808, "Pos_0:Pos_1_AT": -0.1555309020794848, "Pos_0:Pos_1_CG": -0.07153697731688473, "GtoC": -2.9409763019350827}