{"split0_test_score": {"0": 0.7184188442, "3": 0.7169082586, "1": 0.7184188442, "4": 0.7169082586, "2": 0.7184188442}, "best_a_choice": 0.01, "rank_test_score": {"0": 1, "3": 4, "1": 1, "4": 4, "2": 1}, "param_alpha": {"0": 0.01, "3": 2.0, "1": 0.1, "4": 3.0, "2": 1.0}, "params": {"0": {"alpha": 0.01}, "3": {"alpha": 2.0}, "1": {"alpha": 0.1}, "4": {"alpha": 3.0}, "2": {"alpha": 1.0}}}