{"param_alpha": {"0": 0.01, "1": 0.1, "3": 2.0, "2": 1.0, "4": 3.0}, "split0_test_score": {"0": 0.7151372994, "1": 0.7132537589, "3": 0.7085824309, "2": 0.7099237563, "4": 0.7077306334}, "rank_test_score": {"0": 1, "1": 2, "3": 4, "2": 3, "4": 5}, "best_a_choice": 0.01, "params": {"0": {"alpha": 0.01}, "1": {"alpha": 0.1}, "3": {"alpha": 2.0}, "2": {"alpha": 1.0}, "4": {"alpha": 3.0}}}