{"CtoG": -1.6623091809047152, "CtoA": 0.2672840573395122, "TtoG": 0.352597000798704, "AtoC": 0.04015285444890821, "TtoA": 1.1460384946190147, "CtoT": -0.20736024150697688, "GtoC": -1.498942433959956, "GtoT": 0.4456414893818039, "GtoA": -0.20954315264871212, "AtoG": 0.3280550930191831, "AtoT": 1.0214998501890369, "TtoC": 0.4513611113459771}