{"best_a_choice": 3.0, "param_alpha": {"0": 0.01, "3": 2.0, "4": 3.0, "2": 1.0, "1": 0.1}, "rank_test_score": {"0": 5, "3": 2, "4": 1, "2": 3, "1": 4}, "split0_test_score": {"0": 0.6391569712, "3": 0.6733816517, "4": 0.6760308983, "2": 0.668136563, "1": 0.6558764066}, "params": {"0": {"alpha": 0.01}, "3": {"alpha": 2.0}, "4": {"alpha": 3.0}, "2": {"alpha": 1.0}, "1": {"alpha": 0.1}}}