{"TtoG": 0.1238907834329417, "GtoT": 0.4480691332364151, "AtoC": 0.3407592598021819, "TtoA": 0.9087234586122646, "CtoG": -1.4261831321925333, "CtoT": -0.37021026832012266, "GtoC": -1.364390458589258, "CtoA": 0.15072789447011678, "AtoT": 1.117234107055317, "AtoG": 0.33463037757349196, "TtoC": 0.307818746181597, "GtoA": -0.24470524089951473}