{"best_c_choice": 1.0, "split0_test_score": {"0": 0.7050395257, "3": 0.7328251459, "1": 0.7328251459, "2": 0.7328251459}, "params": {"0": {"penalty": "l1", "C": 0.1}, "3": {"penalty": "l1", "C": 100.0}, "1": {"penalty": "l1", "C": 1.0}, "2": {"penalty": "l1", "C": 10.0}}, "param_penalty": {"0": "l1", "3": "l1", "1": "l1", "2": "l1"}, "rank_test_score": {"0": 4, "3": 1, "1": 1, "2": 1}, "param_C": {"0": 0.1, "3": 100.0, "1": 1.0, "2": 10.0}}