{"CtoG": -0.5089402419582074, "CtoA": 0.016888756013402086, "AtoC": -0.06493646682009821, "GtoA": -0.4582800602253047, "AtoT": 0.45528684646605816, "TtoG": -0.004458670817552687, "GtoC": -0.4787579401810399, "AtoG": 0.031732514804298735, "GC_feature": -0.13328973108682352, "CtoT": -0.39671878011477957, "TtoC": 0.0, "GtoT": -0.017368324613383633, "TtoA": 0.44115079362707466}