{"param_penalty": {"1": "l1", "0": "l1", "3": "l1", "2": "l1"}, "rank_test_score": {"1": 2, "0": 1, "3": 4, "2": 3}, "split0_test_score": {"1": 0.7393853949, "0": 0.7397656466, "3": 0.7392890199, "2": 0.7393119209}, "best_c_choice": 0.1, "params": {"1": {"C": 1.0, "penalty": "l1"}, "0": {"C": 0.1, "penalty": "l1"}, "3": {"C": 100.0, "penalty": "l1"}, "2": {"C": 10.0, "penalty": "l1"}}, "param_C": {"1": 1.0, "0": 0.1, "3": 100.0, "2": 10.0}}