{"best_c_choice": 0.1, "params": {"2": {"penalty": "l1", "C": 10.0}, "1": {"penalty": "l1", "C": 1.0}, "3": {"penalty": "l1", "C": 100.0}, "0": {"penalty": "l1", "C": 0.1}}, "rank_test_score": {"2": 3, "1": 2, "3": 4, "0": 1}, "split0_test_score": {"2": 0.7797679119, "1": 0.7799714061, "3": 0.7797409142, "0": 0.78137532}, "param_penalty": {"2": "l1", "1": "l1", "3": "l1", "0": "l1"}, "param_C": {"2": 10.0, "1": 1.0, "3": 100.0, "0": 0.1}}