{"TtoG": 0.5054314708937069, "Pos_1_G": -0.14000755342383533, "Pos_0:Pos_1_GA": 0.06867989364724557, "AtoC": 0.03512345228470695, "Pos_0:Pos_1_TA": -0.2551030549307909, "AtoG": 0.36001637686983623, "Pos_1_T": 0.058298192408513215, "Pos_0:Pos_1_CG": 0.0, "Pos_0:Pos_1_CT": 0.18001236860463363, "Pos_0_T": 0.0, "TtoA": 1.2793209090600357, "Pos_0_A": 0.0, "Pos_0:Pos_1_AA": 0.2171571916900689, "GtoT": 0.46801818937095313, "Pos_0:Pos_1_TC": 0.0, "Pos_0_C": -0.19325354720416288, "Pos_1_A": 0.0, "Pos_0:Pos_1_AT": 0.06251099571177382, "CtoG": -2.0553969146337536, "CtoT": -0.18256010941209616, "Pos_0:Pos_1_AG": -0.09555365610562541, "Pos_0:Pos_1_GT": 0.0, "Pos_1_C": 0.12748369473771834, "CtoA": 0.25243833746413324, "Pos_0:Pos_1_TT": 0.1044378420632266, "GtoA": -0.23240693677871094, "Pos_0:Pos_1_GG": 0.021935729382247065, "Pos_0:Pos_1_CC": 0.0, "GtoC": -1.9382775224045785, "Pos_0:Pos_1_CA": 0.0, "TtoC": 0.33126578593437767, "Pos_0:Pos_1_GC": 0.10297739535519923, "AtoT": 1.1182686916473659, "Pos_0:Pos_1_TG": 0.09137237534846218, "Pos_0_G": 0.2551604756728288, "Pos_0:Pos_1_AC": 0.046061340811009856}