{"Pos_0:Pos_1_GG": 0.0, "Pos_1_A": 0.0, "CtoA": -0.0010893526371495632, "Pos_0:Pos_1_GT": 0.07348766643741587, "Pos_0_T": 0.0, "Pos_0_C": 0.0, "Pos_0:Pos_1_AA": 0.1271438066115652, "AtoC": 0.0, "Pos_0:Pos_1_CC": -0.06290342422025649, "Pos_0:Pos_1_GA": 0.0, "Pos_0:Pos_1_GC": 0.0, "Pos_0:Pos_1_CG": -0.0602264354078879, "Pos_0:Pos_1_CT": 0.0, "Pos_0:Pos_1_TG": -0.000979931215420911, "Pos_1_C": 0.14399926263049595, "Pos_0:Pos_1_TA": -0.021030069579616735, "Pos_1_T": 0.0, "Pos_0:Pos_1_TC": 0.0, "TtoG": 0.0, "GtoA": -0.38168874268763725, "Pos_0:Pos_1_AC": 0.0941083329633384, "Pos_1_G": -0.07692699456630786, "Pos_0:Pos_1_CA": 0.023457445503063477, "Pos_0:Pos_1_AG": 0.0, "GC_feature": 0.0, "CtoG": -0.2649676769199507, "Pos_0:Pos_1_AT": -0.0687264661454176, "Pos_0:Pos_1_TT": 0.0, "GtoT": 0.006065502794649201, "TtoC": 0.12164792337747993, "Pos_0_A": 0.0, "TtoA": 0.3800287783419278, "AtoG": 0.03090174104460377, "Pos_0_G": 0.15944466413911018, "GtoC": -0.24354057231120702, "AtoT": 0.39330916926136816, "CtoT": -0.4310949643290591}