{"split0_test_score": {"2": 0.7490432273, "0": 0.7533094924, "3": 0.7492157601, "1": 0.7483217266}, "param_penalty": {"2": "l1", "0": "l1", "3": "l1", "1": "l1"}, "param_C": {"2": 10.0, "0": 0.1, "3": 100.0, "1": 1.0}, "params": {"2": {"penalty": "l1", "C": 10.0}, "0": {"penalty": "l1", "C": 0.1}, "3": {"penalty": "l1", "C": 100.0}, "1": {"penalty": "l1", "C": 1.0}}, "rank_test_score": {"2": 3, "0": 1, "3": 2, "1": 4}, "best_c_choice": 0.1}