{"best_a_choice": 3.0, "split0_test_score": {"4": 0.6547167652, "3": 0.6529563227, "0": 0.6436791913, "1": 0.6477684532, "2": 0.6514114057}, "rank_test_score": {"4": 1, "3": 2, "0": 5, "1": 4, "2": 3}, "params": {"4": {"alpha": 3.0}, "3": {"alpha": 2.0}, "0": {"alpha": 0.01}, "1": {"alpha": 0.1}, "2": {"alpha": 1.0}}, "param_alpha": {"4": 3.0, "3": 2.0, "0": 0.01, "1": 0.1, "2": 1.0}}