{"split0_test_score": {"1": 0.6980907765, "0": 0.7001007577, "4": 0.6928659209, "3": 0.6934616737, "2": 0.6945456213}, "best_a_choice": 0.01, "rank_test_score": {"1": 2, "0": 1, "4": 5, "3": 4, "2": 3}, "param_alpha": {"1": 0.1, "0": 0.01, "4": 3.0, "3": 2.0, "2": 1.0}, "params": {"1": {"alpha": 0.1}, "0": {"alpha": 0.01}, "4": {"alpha": 3.0}, "3": {"alpha": 2.0}, "2": {"alpha": 1.0}}}