{"TtoC": 0.10312527355102831, "CtoT": -0.44872422491981684, "AtoC": -0.02529507680522569, "GC_feature": 0.0, "AtoT": 0.3724558489992571, "CtoG": -0.2780855332228855, "GtoT": 0.0, "CtoA": 0.0, "TtoG": 0.0, "GtoC": -0.24660248678078903, "AtoG": 0.044344649338750104, "GtoA": -0.41043333812135246, "TtoA": 0.3562427484745666}