{"params": {"2": {"alpha": 1.0}, "0": {"alpha": 0.01}, "1": {"alpha": 0.1}, "3": {"alpha": 2.0}, "4": {"alpha": 3.0}}, "rank_test_score": {"2": 1, "0": 1, "1": 1, "3": 1, "4": 1}, "param_alpha": {"2": 1.0, "0": 0.01, "1": 0.1, "3": 2.0, "4": 3.0}, "split0_test_score": {"2": 0.7432422468, "0": 0.7432422468, "1": 0.7432422468, "3": 0.7432422468, "4": 0.7432422468}, "best_a_choice": 0.01}