{"Pos_4_T": 0.022050597331470412, "Pos_2_A": 0.0, "AtoC": -0.09513102737602516, "Pos_3_G": -0.2661072487404601, "Pos_5_C": 0.0, "CtoT": -0.45463268958847625, "Pos_1_C": 0.0, "AtoG": 0.0007066064828603829, "Pos_5_T": 0.03162660144913526, "Pos_0_G": -0.0476523554359582, "Pos_4_A": -0.034758191767071206, "GtoC": -0.6339963075211548, "Pos_4_C": 0.0, "GtoA": -0.42876368958864525, "Pos_0_A": 0.015996270330924326, "TtoA": 0.44620035078289144, "Pos_3_A": -0.10041258862539208, "TtoC": 0.0, "Pos_2_T": -0.04197054947751287, "Pos_1_G": -0.05685753241565236, "Pos_1_A": 0.044828515470662876, "GC_feature": -0.08816643518273196, "Pos_4_G": 0.017059413177975612, "Pos_2_G": 0.2210892820680804, "Pos_5_A": 0.07082576498387919, "Pos_1_T": 0.14492031735181055, "CtoG": -0.6641140658443838, "CtoA": -0.0339720715669278, "AtoT": 0.38830432926409997, "Pos_2_C": -0.14949779734933805, "Pos_3_T": 0.0, "GtoT": 0.019619326626204213, "Pos_5_G": -0.06952658000449562, "Pos_3_C": 0.038242450967433055, "TtoG": 0.005068677531609019, "Pos_0_C": -0.07674379261245198, "Pos_0_T": 0.10319370469412749}