{"split0_test_score": {"1": 0.7787312332, "0": 0.7788584617, "3": 0.7787228484, "2": 0.7787211834}, "best_c_choice": 0.1, "params": {"1": {"penalty": "l1", "C": 1.0}, "0": {"penalty": "l1", "C": 0.1}, "3": {"penalty": "l1", "C": 100.0}, "2": {"penalty": "l1", "C": 10.0}}, "param_penalty": {"1": "l1", "0": "l1", "3": "l1", "2": "l1"}, "rank_test_score": {"1": 2, "0": 1, "3": 3, "2": 4}, "param_C": {"1": 1.0, "0": 0.1, "3": 100.0, "2": 10.0}}