{"rank_test_score": {"1": 2, "0": 1, "2": 3, "3": 4}, "param_penalty": {"1": "l1", "0": "l1", "2": "l1", "3": "l1"}, "split0_test_score": {"1": 0.7393902449, "0": 0.783026476, "2": 0.6972565553, "3": 0.6767525265}, "param_C": {"1": 1.0, "0": 0.1, "2": 10.0, "3": 100.0}, "best_c_choice": 0.1, "params": {"1": {"penalty": "l1", "C": 1.0}, "0": {"penalty": "l1", "C": 0.1}, "2": {"penalty": "l1", "C": 10.0}, "3": {"penalty": "l1", "C": 100.0}}}