{"param_alpha": {"3": 2.0, "0": 0.01, "2": 1.0, "1": 0.1, "4": 3.0}, "split0_test_score": {"3": 0.6278389485, "0": 0.6300975594, "2": 0.6273527197, "1": 0.6286388732, "4": 0.6285447644}, "params": {"3": {"alpha": 2.0}, "0": {"alpha": 0.01}, "2": {"alpha": 1.0}, "1": {"alpha": 0.1}, "4": {"alpha": 3.0}}, "rank_test_score": {"3": 4, "0": 1, "2": 5, "1": 2, "4": 3}, "best_a_choice": 0.01}