{"Pos_5_G": 0.0, "Pos_0_T": 0.16128923921677163, "Pos_5_A": 0.09720809404823258, "Pos_4_T": 0.04699406083263611, "Pos_2_T": -0.02435312204866412, "Pos_1_C": 0.0, "Pos_4_A": -0.022835752435967523, "CtoG": -0.49268355091776816, "TtoA": 0.4535230046151993, "CtoA": -0.004800668436406016, "AtoG": 0.027714833153218155, "Pos_1_T": 0.11839401520198947, "TtoG": 0.042324297791034235, "CtoT": -0.36328201984315234, "AtoC": -0.08168426193885782, "GtoC": -0.4143747293287593, "Pos_1_A": 0.11018380625554502, "Pos_4_C": 0.0, "Pos_3_C": 0.03634941422469601, "Pos_0_A": 0.0308163121230014, "Pos_0_C": -0.08982868293267414, "Pos_3_G": -0.2261410307353475, "GtoA": -0.37419284888877846, "Pos_2_G": 0.2155018421240175, "Pos_2_C": -0.1723784731580278, "Pos_5_C": -0.0037531978689986385, "Pos_2_A": 0.0, "Pos_3_T": 0.0, "Pos_4_G": 0.0, "Pos_3_A": -0.05766739487691973, "Pos_5_T": 0.015299219589363273, "AtoT": 0.40765560746494134, "GC_feature": -0.039224766241832784, "Pos_1_G": -0.11857103451126097, "TtoC": 0.0, "GtoT": 0.06679966784863298, "Pos_0_G": 0.0}