{"param_alpha": {"1": 0.1, "2": 1.0, "0": 0.01, "3": 2.0, "4": 3.0}, "params": {"1": {"alpha": 0.1}, "2": {"alpha": 1.0}, "0": {"alpha": 0.01}, "3": {"alpha": 2.0}, "4": {"alpha": 3.0}}, "best_a_choice": 0.01, "rank_test_score": {"1": 2, "2": 3, "0": 1, "3": 4, "4": 5}, "split0_test_score": {"1": 0.6951879312, "2": 0.691086747, "0": 0.6985963607, "3": 0.6901668909, "4": 0.6898901707}}