{"TtoC": 0.2108551562229979, "Pos_0:Pos_1_TA": 0.0, "TtoA": 0.8307862500892669, "Pos_1_T": 0.08938372263204394, "GtoA": -0.31933221077932805, "AtoG": 0.23452537844087182, "Pos_0_G": 0.3132988337877272, "Pos_0:Pos_1_AT": 0.0, "Pos_0:Pos_1_GC": 0.0, "Pos_0_A": 0.02385096828111236, "Pos_0:Pos_1_GG": 0.05292298191202088, "GtoT": 0.4236498690387905, "Pos_0:Pos_1_CC": 0.10245655036233596, "TtoG": 0.07354243975650515, "GtoC": -1.6094997832476985, "Pos_0:Pos_1_TG": 0.0, "Pos_0_C": -0.2351265438215442, "Pos_0:Pos_1_GA": 0.0, "Pos_1_A": 0.0, "Pos_1_G": -0.05558092173532195, "AtoC": 0.3111753055898421, "Pos_0:Pos_1_AA": 0.039373876139719016, "Pos_0:Pos_1_AC": 0.21072198843952678, "Pos_0:Pos_1_CT": 0.17647998714252067, "AtoT": 1.099728502952852, "Pos_1_C": 0.18699004917053386, "Pos_0_T": 0.0, "CtoA": 0.08581042959009658, "CtoG": -1.4850866341799152, "CtoT": -0.4298872380272842, "Pos_0:Pos_1_GT": 0.0007554650429489075, "Pos_0:Pos_1_CA": 0.0, "Pos_0:Pos_1_TC": 0.0, "Pos_0:Pos_1_CG": -0.03297675580078513, "Pos_0:Pos_1_TT": 0.10704425678523342, "Pos_0:Pos_1_AG": 0.026928358232518414}