{"best_c_choice": 1.0, "param_C": {"1": 1.0, "0": 0.1, "2": 10.0, "3": 100.0}, "rank_test_score": {"1": 1, "0": 4, "2": 2, "3": 3}, "param_penalty": {"1": "l1", "0": "l1", "2": "l1", "3": "l1"}, "params": {"1": {"penalty": "l1", "C": 1.0}, "0": {"penalty": "l1", "C": 0.1}, "2": {"penalty": "l1", "C": 10.0}, "3": {"penalty": "l1", "C": 100.0}}, "split0_test_score": {"1": 0.764539808, "0": 0.7486824769, "2": 0.7593795094, "3": 0.7588305414}}