{"rank_test_score": {"3": 4, "2": 5, "1": 2, "0": 1, "4": 3}, "params": {"3": {"alpha": 2.0}, "2": {"alpha": 1.0}, "1": {"alpha": 0.1}, "0": {"alpha": 0.01}, "4": {"alpha": 3.0}}, "param_alpha": {"3": 2.0, "2": 1.0, "1": 0.1, "0": 0.01, "4": 3.0}, "split0_test_score": {"3": 0.683943472, "2": 0.6839277872, "1": 0.6867510509, "0": 0.6885861723, "4": 0.6847747663}, "best_a_choice": 0.01}