{"best_a_choice": 0.01, "param_alpha": {"4": 3.0, "1": 0.1, "2": 1.0, "0": 0.01, "3": 2.0}, "params": {"4": {"alpha": 3.0}, "1": {"alpha": 0.1}, "2": {"alpha": 1.0}, "0": {"alpha": 0.01}, "3": {"alpha": 2.0}}, "rank_test_score": {"4": 4, "1": 2, "2": 3, "0": 1, "3": 5}, "split0_test_score": {"4": 0.6644085344, "1": 0.6667014952, "2": 0.6646108264, "0": 0.6692244201, "3": 0.6642988006}}