{"Pos_2:Pos_3_CT": 0.06488452227105294, "Pos_0:Pos_2_GC": -0.045970677806637106, "Pos_3_C": 0.0552413328417535, "Pos_1:Pos_2_TA": 0.0, "Pos_1:Pos_4_GA": 0.0, "Pos_1:Pos_5_CC": 0.0, "Pos_1:Pos_2_CC": 0.02192079764338043, "Pos_0:Pos_5_GT": 0.0, "Pos_3:Pos_5_CG": -0.029326817887681413, "Pos_1:Pos_5_TT": 0.07229650437701755, "Pos_0:Pos_2_GA": 0.0, "Pos_2:Pos_3_CC": 0.0, "Pos_0:Pos_1_GC": 0.0, "Pos_2:Pos_3_GC": 0.11793617237567827, "Pos_0:Pos_5_CT": 0.0, "Pos_1:Pos_2_CG": -0.3040242176692775, "Pos_1:Pos_4_AT": 0.0, "Pos_1:Pos_2_GC": 0.0, "Pos_4:Pos_5_TA": 0.0, "Pos_0:Pos_5_GC": -0.019372255162324683, "Pos_0:Pos_2_TC": 0.0, "AtoT": 0.9423376042979072, "GtoA": -0.49437194452524985, "Pos_4:Pos_5_GC": 0.0, "Pos_0:Pos_2_CT": 0.0, "Pos_0:Pos_3_TT": 0.02348304057390046, "Pos_0:Pos_5_AA": -0.022880805586102518, "Pos_0:Pos_2_GG": 0.0, "CtoG": -1.6994673665975955, "TtoG": 0.13214142092100956, "Pos_3:Pos_4_AC": 0.0, "Pos_4:Pos_5_TT": 0.0, "Pos_3:Pos_4_TT": 0.07807665886137867, "Pos_0:Pos_3_CG": -0.18827513305238439, "Pos_2:Pos_4_TT": 0.0, "Pos_0:Pos_1_GT": 0.0, "Pos_2:Pos_5_CA": 0.0, "Pos_1:Pos_2_AA": 0.0, "Pos_1:Pos_3_CG": 0.05640794233702373, "Pos_2:Pos_5_AT": 0.07413711457281627, "Pos_2:Pos_5_AA": 0.0, "Pos_2:Pos_5_CC": -0.004822103457400125, "Pos_0:Pos_2_CC": 0.0, "Pos_1:Pos_4_AA": 0.0, "Pos_4:Pos_5_TG": -0.0671516542034399, "Pos_0:Pos_4_AG": 0.0, "Pos_2:Pos_4_CC": 0.0, "Pos_0:Pos_2_GT": 0.01861663662524252, "Pos_0:Pos_2_AT": 0.15825877056810958, "Pos_1:Pos_3_AT": 0.14935716706263402, "Pos_0:Pos_4_CC": -0.07741240487662518, "Pos_1:Pos_4_CC": -0.00040434923830270133, "Pos_2:Pos_3_CA": -0.014311042492591302, "Pos_3_G": 0.0, "Pos_0:Pos_4_CT": 0.0, "Pos_0:Pos_4_GG": -0.075013521828692, "Pos_0:Pos_1_TC": 0.11565471746260578, "Pos_2:Pos_3_GG": 0.0, "CtoT": -0.449525841737515, "Pos_3:Pos_4_GA": -0.13071649228801774, "Pos_2:Pos_3_TG": 0.0, "Pos_2:Pos_3_AA": 0.11097082386279639, "Pos_4_G": 0.0, "Pos_1:Pos_2_GA": -0.012535949048741784, "Pos_0:Pos_1_CA": 0.0, "Pos_0:Pos_1_TG": 0.0, "Pos_1:Pos_2_GG": 0.0, "TtoA": 0.8995257005439414, "Pos_1_G": -0.07413176264319239, "Pos_1:Pos_4_TT": 0.0, "Pos_3:Pos_4_AA": 0.0, "Pos_4:Pos_5_CC": -0.025305320627936004, "Pos_1:Pos_4_TG": 0.0, "Pos_1:Pos_4_CG": 0.03335781709986694, "Pos_0:Pos_3_GC": 0.0, "Pos_1:Pos_2_TT": 0.0, "Pos_0:Pos_5_AC": 0.009114069191611424, "Pos_1:Pos_2_GT": 0.0, "Pos_3:Pos_4_CA": 0.17020474702207053, "Pos_0:Pos_3_AT": 0.054261148060201964, "Pos_1:Pos_3_TA": 0.0, "Pos_0:Pos_4_AC": 0.007437981106406539, "Pos_3:Pos_5_GG": -0.13236340857786894, "Pos_1:Pos_2_AT": -0.00962746294915894, "Pos_3:Pos_5_GT": 0.0718449263178278, "Pos_0:Pos_5_GA": 0.06584660444476009, "Pos_1:Pos_5_AG": 0.04624978732913281, "Pos_1:Pos_5_GA": 0.0, "Pos_1:Pos_3_CA": -0.11305358389804566, "Pos_3:Pos_4_AT": -0.0009743211054327309, "Pos_1:Pos_4_CA": 0.05774151177195442, "Pos_1:Pos_5_TA": -0.003626643953483303, "Pos_0:Pos_3_CA": 0.0, "Pos_2:Pos_4_CG": 0.0, "Pos_1:Pos_5_CA": 0.020040148056665968, "Pos_2:Pos_5_GA": 0.0, "Pos_1:Pos_3_CC": 0.002380746991100823, "Pos_1:Pos_5_TG": 0.0, "Pos_2:Pos_4_AT": 0.13214917530137046, "Pos_4:Pos_5_CA": 0.0, "Pos_1:Pos_4_GC": 0.11162947948575584, "Pos_3:Pos_5_CA": 0.0, "Pos_1:Pos_5_AA": 0.0, "Pos_0:Pos_1_AC": 0.0, "Pos_1:Pos_4_CT": 0.0, "Pos_3:Pos_4_CG": -0.0197898828853793, "Pos_0_A": 0.0, "Pos_2:Pos_5_GG": 0.0, "Pos_0:Pos_3_TC": 0.0, "Pos_2:Pos_3_TT": 0.05780531563575722, "Pos_0:Pos_2_AG": 0.018429471462580085, "Pos_0:Pos_5_CA": 0.16503447631104695, "Pos_0:Pos_1_GG": -0.018600443467483296, "Pos_2:Pos_3_AG": 0.0, "Pos_0:Pos_3_AC": 0.0, "Pos_0:Pos_3_TA": 0.01360105926897919, "Pos_1:Pos_5_TC": 0.010771977534755475, "Pos_1:Pos_5_CT": 0.052253109220509936, "Pos_0:Pos_4_CG": 0.05388286092558112, "Pos_3:Pos_5_CT": 0.075624180706123, "Pos_0:Pos_1_AT": 0.0, "Pos_5_G": 0.0, "Pos_2:Pos_5_TC": 0.04372301584290099, "Pos_3:Pos_4_GG": 0.059169541247904724, "Pos_3:Pos_4_TC": 0.1360627300357563, "Pos_1:Pos_3_TT": 0.0, "Pos_3:Pos_5_TT": -0.06328605817474028, "Pos_3:Pos_5_TC": 0.0, "Pos_4:Pos_5_GA": 0.11521382005624237, "Pos_2:Pos_5_GC": 0.0174538235165254, "Pos_1:Pos_4_GG": 0.0, "Pos_2:Pos_4_AA": -0.047524478170432885, "Pos_1_A": 0.0, "Pos_1:Pos_5_AT": -0.004362304579608523, "Pos_0:Pos_3_CT": 0.0, "Pos_1:Pos_2_AC": 0.0, "Pos_0:Pos_4_CA": 0.0, "Pos_0:Pos_1_CG": 0.11659894641337246, "Pos_0:Pos_4_TC": 0.0, "Pos_0:Pos_5_CG": 0.0, "Pos_0:Pos_5_AG": 0.0, "Pos_2:Pos_5_GT": 0.0, "Pos_2_T": 0.0, "Pos_0:Pos_4_GA": 0.0, "Pos_0:Pos_5_AT": 0.09649680761118865, "Pos_0:Pos_3_CC": 0.0, "Pos_1:Pos_5_AC": 0.0, "Pos_4_C": 0.0, "Pos_0_G": -0.006572916720357608, "Pos_4:Pos_5_CT": 0.00033112196211586466, "Pos_2:Pos_4_GT": 0.12220997104099299, "Pos_3:Pos_4_CT": 0.1193550013411322, "Pos_3:Pos_4_AG": 0.2218766150793118, "Pos_2:Pos_3_TC": 0.0, "Pos_0:Pos_4_AT": 0.0, "Pos_2:Pos_5_CT": -0.018177039659835078, "Pos_1:Pos_5_GG": 0.0, "Pos_0:Pos_1_AG": 0.0, "Pos_0:Pos_4_TG": 0.0, "Pos_1_C": 0.0, "Pos_0:Pos_1_TA": 0.0, "Pos_3:Pos_4_TA": 0.0, "Pos_3:Pos_5_GA": 0.0, "Pos_0:Pos_1_TT": 0.044814591444109125, "Pos_4:Pos_5_GG": 0.0, "Pos_1:Pos_4_AC": 0.0, "Pos_4:Pos_5_CG": 0.2093105515152225, "Pos_1:Pos_2_TC": -0.046911660972743026, "Pos_2:Pos_5_AC": -0.028209687522480112, "Pos_2:Pos_3_CG": -0.01656664882037967, "Pos_4:Pos_5_AT": -0.0588127566006099, "Pos_0_C": 0.0, "Pos_2:Pos_4_TG": -0.013797329182682715, "Pos_0:Pos_1_CT": 0.0, "Pos_1:Pos_3_TC": 0.006278290076940022, "Pos_1:Pos_2_CT": 0.0, "Pos_4:Pos_5_GT": 0.0, "CtoA": 0.0, "Pos_4:Pos_5_TC": 0.05263782165010535, "Pos_1:Pos_2_CA": 0.08048716987003862, "Pos_1:Pos_3_GA": 0.0, "Pos_0_T": 0.15183260473690668, "Pos_0:Pos_5_GG": 0.0, "Pos_2:Pos_3_AT": 0.0, "Pos_2:Pos_3_TA": -0.21060086525427696, "Pos_3:Pos_5_TA": 0.05167925123192799, "Pos_2:Pos_4_TC": 0.01892880762165418, "Pos_1:Pos_3_AC": 0.0, "Pos_3:Pos_5_TG": 0.0, "Pos_2:Pos_4_GG": 0.05330294547722738, "Pos_2:Pos_5_TA": 0.0, "Pos_0:Pos_1_GA": 0.0, "Pos_2:Pos_4_CT": 0.0, "Pos_0:Pos_2_CG": 0.0, "Pos_3:Pos_4_CC": 0.0, "AtoC": -0.13956506235470204, "Pos_0:Pos_3_GT": -0.0360317306342506, "Pos_2:Pos_5_AG": 0.0, "Pos_1:Pos_3_TG": 0.0, "Pos_1:Pos_4_TA": -0.026230486889356055, "Pos_3:Pos_4_GT": 0.0, "Pos_0:Pos_2_AA": -0.008737442245559862, "AtoG": 0.10240408953371666, "Pos_4:Pos_5_AC": 0.0, "Pos_1_T": 0.16788341232791124, "TtoC": 0.113420117931493, "Pos_5_T": 0.0, "Pos_3:Pos_5_AG": 0.11978336799130002, "Pos_0:Pos_5_TC": 0.0, "Pos_2:Pos_4_AC": 0.0004767136082094846, "Pos_3:Pos_5_AA": 0.0, "Pos_2:Pos_5_TG": -0.009556374533591113, "Pos_0:Pos_4_TT": 0.0, "Pos_0:Pos_5_CC": 0.0, "Pos_2:Pos_4_TA": 0.0, "Pos_1:Pos_5_CG": -0.07797055228859213, "Pos_1:Pos_2_TG": 0.0, "Pos_1:Pos_3_AA": 0.0, "Pos_2_A": 0.0, "Pos_0:Pos_3_GA": -0.05357653473834598, "Pos_0:Pos_3_AA": 0.0, "Pos_2:Pos_3_GT": 0.0, "Pos_0:Pos_3_TG": -0.13308751374569208, "Pos_0:Pos_1_CC": 0.0, "GtoT": 0.14597161091477043, "Pos_2:Pos_4_CA": 0.0028875753224079665, "Pos_1:Pos_5_GT": 0.0, "Pos_1:Pos_3_CT": 0.0, "Pos_0:Pos_5_TG": 0.029304496159221687, "Pos_1:Pos_3_GG": 0.0, "Pos_2_G": 0.2475274295509858, "Pos_1:Pos_3_GC": -0.007462342457535389, "Pos_2:Pos_5_CG": 0.009433225676448848, "Pos_1:Pos_3_GT": 0.0, "Pos_2:Pos_4_GC": 0.0, "Pos_0:Pos_5_TT": 0.0, "Pos_3_A": -0.01125992413720123, "Pos_0:Pos_2_TA": 0.023516352154767144, "Pos_0:Pos_3_AG": 0.04780594878368596, "Pos_3:Pos_5_CC": 0.0, "Pos_0:Pos_2_AC": 0.0, "Pos_2:Pos_3_AC": 0.0, "Pos_2:Pos_3_GA": 0.0, "Pos_1:Pos_4_GT": 0.0, "Pos_0:Pos_2_TT": -0.045654766435668744, "Pos_4_A": 0.0, "Pos_3:Pos_5_AC": 0.0, "Pos_0:Pos_4_GT": 0.0, "Pos_3:Pos_5_AT": 0.0, "Pos_1:Pos_5_GC": 0.0, "Pos_2:Pos_5_TT": 0.0, "Pos_3:Pos_4_TG": 0.0, "Pos_0:Pos_3_GG": 0.0, "Pos_4:Pos_5_AA": 0.0797499099029612, "Pos_0:Pos_2_TG": 0.0, "Pos_1:Pos_4_TC": 0.0015767785323962539, "Pos_0:Pos_2_CA": 0.012881855285189902, "Pos_2_C": -0.10184824112745063, "Pos_3:Pos_5_GC": -0.07636192940698805, "Pos_0:Pos_4_TA": 0.0952278913463111, "Pos_2:Pos_4_AG": 0.0, "Pos_0:Pos_5_TA": 0.0, "Pos_1:Pos_4_AG": -0.0916924288322456, "Pos_0:Pos_1_AA": 0.11589779765101897, "Pos_3:Pos_4_GC": 0.0, "Pos_1:Pos_3_AG": -0.01746997798258586, "Pos_5_C": 0.0,