{"CtoA": 0.27459509752146743, "CtoG": -1.6672983772389771, "AtoC": -0.23069023544503772, "GtoC": -1.5255371366916373, "GtoA": -0.2278372541001749, "TtoC": 0.3862268787359553, "TtoA": 1.2376377395454217, "AtoT": 1.1942464583611285, "TtoG": 0.40672927563929395, "AtoG": 0.3729891184885265, "GtoT": 0.5238869803299356, "CtoT": -0.250379877878271}