{"Pos_2:Pos_5_TG": 0.0, "Pos_3:Pos_5_CT": 0.08861086259929428, "Pos_2:Pos_4_CA": 0.002526585500881137, "Pos_2:Pos_3_CC": 0.0, "Pos_2:Pos_5_AC": 0.0, "Pos_2:Pos_4_TG": -0.021956328182899682, "Pos_2:Pos_4_AC": 0.0, "Pos_5_G": 0.0, "Pos_1:Pos_3_AA": 0.0, "Pos_4:Pos_5_TA": 0.0, "Pos_0:Pos_4_GA": 0.0, "Pos_1:Pos_2_TA": 0.0, "Pos_2:Pos_5_TC": 0.0294641723630224, "Pos_1:Pos_3_GA": 0.0, "Pos_2:Pos_4_CG": 0.0, "Pos_0:Pos_3_TC": 0.01751162093653633, "Pos_1:Pos_2_GG": 0.0, "Pos_3:Pos_4_GC": 0.0, "Pos_1:Pos_4_TA": 0.0, "Pos_0:Pos_5_GC": 0.0, "Pos_0:Pos_3_GC": 0.007024932290952858, "Pos_0:Pos_5_AT": 0.0, "Pos_0:Pos_1_GC": 0.0, "Pos_3:Pos_5_TC": 0.0, "Pos_0:Pos_3_AG": 0.011117255937502709, "Pos_3:Pos_4_GT": 0.0, "Pos_0_G": 0.0, "Pos_1:Pos_2_TG": 0.04671581570477731, "Pos_2:Pos_4_CT": -0.05662349767587549, "Pos_3:Pos_4_AC": 0.0, "Pos_0:Pos_3_CA": 0.0, "Pos_3:Pos_5_GG": -0.0655857078069172, "AtoG": 0.2236631702989621, "Pos_0:Pos_2_GT": 0.0023918335905463864, "Pos_1:Pos_3_GT": 0.0, "Pos_1:Pos_3_TG": 0.0, "Pos_2:Pos_4_GG": 0.0, "Pos_1_C": 0.0, "Pos_2:Pos_3_GC": 0.09084389865884324, "Pos_4_G": 0.0, "Pos_0:Pos_3_AA": 0.0, "GtoT": 0.2577157918711275, "Pos_4:Pos_5_GT": 0.0, "Pos_4:Pos_5_CT": 0.015952243847552002, "Pos_1:Pos_3_AG": -0.00550755176048827, "Pos_3_G": 0.0, "Pos_0:Pos_4_AG": 0.0, "Pos_3:Pos_5_GT": 0.03925510946921634, "Pos_2:Pos_5_CG": 0.0, "Pos_0:Pos_2_AC": 0.0, "TtoA": 1.0778462345693605, "Pos_3:Pos_4_CT": 0.14645410633991796, "Pos_2_C": -0.007394886072778142, "Pos_2:Pos_5_CA": 0.00823615125513988, "Pos_1:Pos_3_TC": 0.0, "Pos_0:Pos_4_CG": 0.004231888252734283, "CtoA": 0.14335257575057372, "Pos_4:Pos_5_GC": 0.0, "Pos_1_G": 0.0, "Pos_3:Pos_5_GA": 0.0, "Pos_1:Pos_2_TT": 0.033196202858076444, "Pos_3:Pos_4_GA": -0.08139596351117225, "Pos_0:Pos_1_AA": 0.0888173504297614, "Pos_1:Pos_5_AC": 0.0, "Pos_1:Pos_2_GA": -0.05719650146230033, "Pos_1:Pos_4_CG": 0.020995300580448482, "Pos_0:Pos_3_GG": 0.0, "Pos_2:Pos_3_TA": -0.12901658665833998, "Pos_1:Pos_2_GT": 0.0, "Pos_0:Pos_5_AA": -0.10512862440301836, "Pos_2:Pos_3_AG": 0.0, "Pos_0:Pos_1_GT": 0.0, "Pos_1:Pos_4_GA": -0.003195760326075188, "Pos_0:Pos_5_TA": 0.0, "Pos_1:Pos_5_TC": -0.0156902754828465, "Pos_0:Pos_1_TC": 0.020347018433181888, "Pos_1:Pos_4_TG": -0.0009922137115084676, "Pos_0:Pos_2_TA": 0.00807113244673647, "Pos_0_T": 0.11560821649235928, "Pos_3:Pos_4_TG": 0.0, "Pos_0:Pos_4_GT": 0.0, "Pos_5_T": 0.0, "Pos_0_A": 0.0, "Pos_2:Pos_5_AT": 0.006704668439551136, "Pos_2:Pos_4_GC": 0.07288443333164465, "GtoC": -1.7379083622363172, "Pos_3:Pos_4_TC": 0.03370680641598944, "Pos_4:Pos_5_TT": 0.08361764448390445, "Pos_2:Pos_5_GG": 0.0, "Pos_0:Pos_2_TG": 0.0, "Pos_3:Pos_5_CG": 0.0, "Pos_0:Pos_1_AT": 0.0, "Pos_1:Pos_4_CC": -0.0725436768320905, "Pos_1:Pos_3_CC": 0.10556413999990319, "Pos_1:Pos_5_AA": -0.006626007562813339, "Pos_1:Pos_4_CA": 0.0, "Pos_1:Pos_4_CT": 0.0, "Pos_1:Pos_4_TT": 0.01691442571314874, "Pos_1:Pos_5_CC": 0.0, "Pos_0:Pos_2_GA": 0.0, "Pos_0:Pos_3_CT": 0.0, "Pos_2:Pos_5_AA": 0.037182277952204405, "Pos_0:Pos_3_AC": 0.0, "Pos_0:Pos_5_GG": 0.0, "Pos_0:Pos_4_TC": -0.03205276354130126, "Pos_0:Pos_5_AC": 0.04392050829153426, "Pos_1:Pos_4_GT": -0.06644690649491417, "Pos_1:Pos_2_AG": 0.049156212342244814, "Pos_0:Pos_5_CG": -0.041343548480262, "Pos_4:Pos_5_AT": 0.0, "Pos_0:Pos_5_CA": 0.07999677681467825, "Pos_0:Pos_3_TG": -0.08774188142002225, "Pos_2_A": 0.0, "Pos_3:Pos_5_AA": 0.0, "Pos_3:Pos_5_AG": 0.0, "Pos_2:Pos_3_TC": 0.0, "Pos_1:Pos_3_AT": 0.09316501716923889, "Pos_1:Pos_5_AT": 0.0, "Pos_0:Pos_3_TA": 0.0, "Pos_1:Pos_5_CA": 0.03047652837690685, "Pos_4:Pos_5_CC": -0.011238145456018532, "Pos_3:Pos_4_AT": -0.02622239268445777, "CtoG": -1.809944635749353, "Pos_0:Pos_3_GA": -0.0009635770054368924, "Pos_2:Pos_3_GG": 0.0, "Pos_2:Pos_4_TT": 0.0, "Pos_0:Pos_4_CA": 0.0, "Pos_2:Pos_3_GT": 0.0, "Pos_0:Pos_4_GG": -0.05687689377220139, "Pos_0:Pos_3_TT": 0.017431641115002224, "Pos_2:Pos_3_AA": 0.12981368278231753, "Pos_2:Pos_4_TA": 0.0, "Pos_0:Pos_1_TA": -0.010202066738318843, "Pos_1:Pos_4_AT": 0.05065724924968571, "Pos_1:Pos_3_GG": 0.0, "Pos_0:Pos_1_CA": 0.0, "Pos_1:Pos_4_TC": 0.04095408339002682, "Pos_0:Pos_1_CT": 0.0, "Pos_2:Pos_4_CC": -0.07202015726996795, "GtoA": -0.4061184723899418, "Pos_1:Pos_5_GA": 0.0, "Pos_3:Pos_5_CA": 0.0, "Pos_1:Pos_5_GT": 0.0, "Pos_3:Pos_4_CA": 0.18214355243391528, "Pos_0:Pos_4_AT": 0.00720963479278496, "Pos_3:Pos_4_TT": 0.09253174342859899, "Pos_0:Pos_2_AG": 0.03655872243363118, "Pos_1:Pos_3_TT": 0.0, "Pos_0:Pos_5_TC": 0.0, "Pos_3:Pos_4_AA": 0.0, "Pos_0:Pos_4_CT": 0.0, "Pos_3:Pos_4_CC": 0.0, "Pos_1:Pos_4_GC": 0.01580757143993031, "Pos_4:Pos_5_GA": 0.0466194263352261, "Pos_2_G": 0.26542722515489986, "Pos_2:Pos_5_GT": 0.0, "Pos_4_A": 0.0, "Pos_0:Pos_5_AG": 0.0, "Pos_0:Pos_3_AT": 0.04853688292651184, "Pos_3_T": 0.08165224465339962, "Pos_3:Pos_5_TA": 0.0804779481343164, "Pos_4:Pos_5_AA": 0.0, "Pos_2:Pos_3_TT": 0.10352656908550238, "Pos_0:Pos_4_AA": -0.01795507445415548, "Pos_0:Pos_1_CG": 0.022404595767837106, "Pos_0:Pos_1_GG": -0.0561277996748934, "Pos_0:Pos_1_CC": -0.05702650525710683, "Pos_0:Pos_4_AC": 0.06204585796444415, "Pos_0:Pos_4_TG": 0.0, "Pos_0_C": 0.0, "Pos_3:Pos_5_AT": 0.0, "Pos_0:Pos_5_TT": 0.0, "Pos_3_A": -0.026905807652549435, "Pos_1:Pos_2_CG": -0.2671221182800817, "Pos_0:Pos_5_TG": 0.08797575470909291, "Pos_0:Pos_3_CG": -0.25693338236011193, "Pos_3:Pos_5_AC": 0.0, "Pos_0:Pos_2_AA": 0.0, "Pos_3:Pos_5_TT": -0.06435697938104709, "Pos_3:Pos_4_TA": 0.0, "Pos_0:Pos_3_GT": -0.035691717696602565, "Pos_2:Pos_4_AA": -0.004450062814235889, "Pos_1:Pos_2_CC": 0.030224328967633593, "Pos_1:Pos_5_TT": 0.006049474290339931, "Pos_1:Pos_5_CG": -0.1494840664675512, "Pos_5_C": 0.0, "Pos_0:Pos_5_GT": 0.0, "Pos_1:Pos_5_CT": 0.038463301239648855, "Pos_0:Pos_2_CT": 0.0, "Pos_2:Pos_4_AG": 0.06297478594246304, "Pos_1:Pos_3_GC": 0.0070509308727377045, "Pos_5_A": 0.08494692646745196, "Pos_2:Pos_3_GA": 0.0, "Pos_1:Pos_4_AG": 0.0, "Pos_2_T": 0.0, "Pos_0:Pos_5_CT": 0.05440192574868239, "Pos_4:Pos_5_TG": -0.045554730268528916, "Pos_2:Pos_4_AT": 0.14455494437716823, "Pos_1:Pos_3_AC": 0.0, "Pos_1:Pos_3_CA": -0.053199082669801195, "Pos_0:Pos_2_CA": 0.0, "Pos_2:Pos_4_TC": 0.0, "CtoT": -0.4010193421278216, "Pos_1:Pos_5_GG": 0.0, "Pos_0:Pos_1_TT": 0.0698668254785482, "Pos_0:Pos_2_CC": -0.006848495948150904, "Pos_4:Pos_5_GG": 0.0029883604061037416, "Pos_2:Pos_3_CA": 0.0, "Pos_0:Pos_2_CG": 0.004846102499293011, "Pos_2:Pos_5_CC": -0.05808208380531046, "Pos_0:Pos_4_TT": 0.015621526683002722, "Pos_4_T": 0.0, "Pos_2:Pos_5_GC": 0.012853851994535233, "Pos_2:Pos_3_CG": -0.14440194546373383, "Pos_3:Pos_4_GG": 0.0, "Pos_0:Pos_1_GA": 0.03975294908119796, "Pos_1:Pos_5_TA": 0.027257636690286493, "Pos_1:Pos_2_GC": 0.0, "Pos_1:Pos_2_CA": 0.07397707970612792, "TtoG": 0.18984113636201988, "Pos_1:Pos_2_CT": 0.0, "Pos_0:Pos_2_TT": -0.044782371612097874, "Pos_1:Pos_5_TG": 0.0, "Pos_0:Pos_5_GA": 0.01598589683518593, "Pos_2:Pos_4_GT": 0.08376830828196341, "AtoT": 0.9433380205031099, "Pos_1:Pos_5_AG": 0.06494105883767216, "Pos_1:Pos_2_TC": -0.050876332395224474, "Pos_2:Pos_4_GA": 0.0, "Pos_0:Pos_4_CC": 0.0, "Pos_0:Pos_1_AG": 0.0, "Pos_2:Pos_5_TA": -0.018267916281652846, "Pos_3_C": 0.045145645118985236, "Pos_2:Pos_5_CT": -0.015953364377855196, "Pos_3:Pos_5_CC": 0.0, "Pos_1:Pos_2_AA": 0.0, "Pos_0:Pos_1_TG": 0.0, "Pos_0:Pos_1_AC": 0.0, "Pos_0:Pos_2_AT": 0.03740776784787101, "Pos_3:Pos_5_TG": 0.019173012055546893, "Pos_0:Pos_4_GC": 0.09388281800457075, "TtoC": 0.2297711657669136, "Pos_1:Pos_3_CT": 0.0, "Pos_1_A": 0.0, "Pos_0:Pos_4_TA": 0.0, "AtoC": -0.06406426142094337, "Pos_1:Pos_4_GG": 0.017479940951915605, "Pos_0:Pos_2_GC": 0.0, "Pos_3:Pos_4_CG": -0.04491202330368785, "Pos_3:Pos_5_GC": -0.062304400832730804, "Pos_2:Pos_5_TT": 0.0, "Pos_1:Pos_5_GC": 0.0, "Pos_1_T": 0.1272861879973544, "Pos_4_C": 0.0, "Pos_1:Pos_2_AC": -0.10012181413970847, "Pos_2:Pos_5_AG": 0.0, "Pos_0:Pos_5_CC": 0.0, "Pos_4:Pos_5_CG": 0.19085573904557793, "Pos_2:Pos_3_CT": 0.02368604184288765, "Pos_4:Pos_5_AC": 0.0029853609524936532, "Pos_1:Pos_3_CG": 0.18150024240279966,