{"best_a_choice": 0.01, "param_alpha": {"3": 2.0, "4": 3.0, "0": 0.01, "1": 0.1, "2": 1.0}, "params": {"3": {"alpha": 2.0}, "4": {"alpha": 3.0}, "0": {"alpha": 0.01}, "1": {"alpha": 0.1}, "2": {"alpha": 1.0}}, "split0_test_score": {"3": 0.6582909844, "4": 0.6594673442, "0": 0.6631062175, "1": 0.6600633666, "2": 0.6576165381}, "rank_test_score": {"3": 4, "4": 3, "0": 1, "1": 2, "2": 5}}