{"param_alpha": {"1": 0.1, "3": 2.0, "0": 0.01, "4": 3.0, "2": 1.0}, "best_a_choice": 0.01, "rank_test_score": {"1": 2, "3": 4, "0": 1, "4": 5, "2": 3}, "params": {"1": {"alpha": 0.1}, "3": {"alpha": 2.0}, "0": {"alpha": 0.01}, "4": {"alpha": 3.0}, "2": {"alpha": 1.0}}, "split0_test_score": {"1": 0.6992773378, "3": 0.6947915443, "0": 0.7012912744, "4": 0.6942335205, "2": 0.6958727535}}