{"rank_test_score": {"1": 4, "2": 3, "3": 2, "0": 5, "4": 1}, "params": {"1": {"alpha": 0.1}, "2": {"alpha": 1.0}, "3": {"alpha": 2.0}, "0": {"alpha": 0.01}, "4": {"alpha": 3.0}}, "best_a_choice": 3.0, "param_alpha": {"1": 0.1, "2": 1.0, "3": 2.0, "0": 0.01, "4": 3.0}, "split0_test_score": {"1": 0.6747992346, "2": 0.6758501161, "3": 0.6766814104, "0": 0.6694664032, "4": 0.676869628}}