{"best_a_choice": 3.0, "rank_test_score": {"4": 1, "1": 4, "3": 2, "2": 3, "0": 5}, "split0_test_score": {"4": 0.6513731047, "1": 0.6386444527, "3": 0.6493959866, "2": 0.6463544499, "0": 0.6318438153}, "params": {"4": {"alpha": 3.0}, "1": {"alpha": 0.1}, "3": {"alpha": 2.0}, "2": {"alpha": 1.0}, "0": {"alpha": 0.01}}, "param_alpha": {"4": 3.0, "1": 0.1, "3": 2.0, "2": 1.0, "0": 0.01}}