{"best_a_choice": 1.0, "param_alpha": {"1": 0.1, "0": 0.01, "3": 2.0, "2": 1.0, "4": 3.0}, "split0_test_score": {"1": 0.775895602, "0": 0.775895602, "3": 0.7769307987, "2": 0.7770719619, "4": 0.7766171027}, "params": {"1": {"alpha": 0.1}, "0": {"alpha": 0.01}, "3": {"alpha": 2.0}, "2": {"alpha": 1.0}, "4": {"alpha": 3.0}}, "rank_test_score": {"1": 4, "0": 4, "3": 2, "2": 1, "4": 3}}