{"pos0": {"formula": "count ~ group * mut * base - group : mut : base", "stats": "{\"group\":{\"8\":\"1\",\"9\":\"1\",\"10\":\"1\",\"11\":\"1\",\"12\":\"1\",\"13\":\"1\",\"14\":\"1\",\"15\":\"1\",\"0\":\"2\",\"1\":\"2\",\"2\":\"2\",\"3\":\"2\",\"4\":\"2\",\"5\":\"2\",\"6\":\"2\",\"7\":\"2\"},\"mut\":{\"8\":\"M\",\"9\":\"M\",\"10\":\"M\",\"11\":\"M\",\"12\":\"R\",\"13\":\"R\",\"14\":\"R\",\"15\":\"R\",\"0\":\"M\",\"1\":\"M\",\"2\":\"M\",\"3\":\"M\",\"4\":\"R\",\"5\":\"R\",\"6\":\"R\",\"7\":\"R\"},\"base\":{\"8\":\"A\",\"9\":\"C\",\"10\":\"G\",\"11\":\"T\",\"12\":\"A\",\"13\":\"C\",\"14\":\"G\",\"15\":\"T\",\"0\":\"A\",\"1\":\"C\",\"2\":\"G\",\"3\":\"T\",\"4\":\"A\",\"5\":\"C\",\"6\":\"G\",\"7\":\"T\"},\"count\":{\"8\":1405,\"9\":2921,\"10\":2275,\"11\":984,\"12\":1777,\"13\":2390,\"14\":2169,\"15\":1249,\"0\":26,\"1\":39,\"2\":54,\"3\":19,\"4\":36,\"5\":44,\"6\":35,\"7\":23},\"fitted\":{\"8\":1403.4585043508,\"9\":2914.1943900781,\"10\":2282.9941154887,\"11\":984.3529900824,\"12\":1778.5414956492,\"13\":2396.8056099219,\"14\":2161.0058845114,\"15\":1248.6470099176,\"0\":27.5414956492,\"1\":45.8056099219,\"2\":46.0058845113,\"3\":18.6470099176,\"4\":34.4585043508,\"5\":37.1943900781,\"6\":42.9941154887,\"7\":23.3529900824},\"ret\":{\"8\":0.0000998538,\"9\":0.0004411207,\"10\":-0.0005166453,\"11\":-0.0000228491,\"12\":-0.0000997558,\"13\":-0.0004399805,\"14\":0.0005185086,\"15\":0.0000228564,\"0\":-0.0000969525,\"1\":-0.0004061215,\"2\":0.0005601188,\"3\":0.0000230681,\"4\":0.0001019987,\"5\":0.0004786608,\"6\":-0.0004661422,\"7\":-0.0000226796}}", "prob": 0.14424962924553703, "deviance": 5.407940972644589, "df": 3, "rel_entropy": 0.00017505959383156121}, "pos2": {"formula": "count ~ group * mut * base - group : mut : base", "stats": "{\"group\":{\"8\":\"1\",\"9\":\"1\",\"10\":\"1\",\"11\":\"1\",\"12\":\"1\",\"13\":\"1\",\"14\":\"1\",\"15\":\"1\",\"0\":\"2\",\"1\":\"2\",\"2\":\"2\",\"3\":\"2\",\"4\":\"2\",\"5\":\"2\",\"6\":\"2\",\"7\":\"2\"},\"mut\":{\"8\":\"M\",\"9\":\"M\",\"10\":\"M\",\"11\":\"M\",\"12\":\"R\",\"13\":\"R\",\"14\":\"R\",\"15\":\"R\",\"0\":\"M\",\"1\":\"M\",\"2\":\"M\",\"3\":\"M\",\"4\":\"R\",\"5\":\"R\",\"6\":\"R\",\"7\":\"R\"},\"base\":{\"8\":\"A\",\"9\":\"C\",\"10\":\"G\",\"11\":\"T\",\"12\":\"A\",\"13\":\"C\",\"14\":\"G\",\"15\":\"T\",\"0\":\"A\",\"1\":\"C\",\"2\":\"G\",\"3\":\"T\",\"4\":\"A\",\"5\":\"C\",\"6\":\"G\",\"7\":\"T\"},\"count\":{\"8\":953,\"9\":3444,\"10\":1928,\"11\":1260,\"12\":1931,\"13\":1927,\"14\":2328,\"15\":1399,\"0\":18,\"1\":57,\"2\":37,\"3\":26,\"4\":36,\"5\":36,\"6\":45,\"7\":21},\"fitted\":{\"8\":952.9546185088,\"9\":3441.0568075112,\"10\":1927.5193749186,\"11\":1263.4691990614,\"12\":1931.0453814912,\"13\":1929.9431924888,\"14\":2328.4806250814,\"15\":1395.5308009386,\"0\":18.0453814912,\"1\":59.9431924888,\"2\":37.4806250814,\"3\":22.5308009386,\"4\":35.9546185088,\"5\":33.0568075112,\"6\":44.5193749186,\"7\":24.4691990614},\"ret\":{\"8\":0.0000029381,\"9\":0.0001906287,\"10\":0.0000311204,\"11\":-0.0002242931,\"12\":-0.000002938,\"13\":-0.0001904019,\"14\":-0.0000311133,\"15\":0.0002248807,\"0\":-0.0000029344,\"1\":-0.0001857908,\"2\":-0.0000309161,\"3\":0.0002410685,\"4\":0.0000029399,\"5\":0.0001987887,\"6\":0.0000312838,\"7\":-0.0002078691}}", "prob": 0.690594683362586, "deviance": 1.4640387639434385, "df": 3, "rel_entropy": 4.7392165089454825e-05}, "pos3": {"formula": "count ~ group * mut * base - group : mut : base", "stats": "{\"group\":{\"8\":\"1\",\"9\":\"1\",\"10\":\"1\",\"11\":\"1\",\"12\":\"1\",\"13\":\"1\",\"14\":\"1\",\"15\":\"1\",\"0\":\"2\",\"1\":\"2\",\"2\":\"2\",\"3\":\"2\",\"4\":\"2\",\"5\":\"2\",\"6\":\"2\",\"7\":\"2\"},\"mut\":{\"8\":\"M\",\"9\":\"M\",\"10\":\"M\",\"11\":\"M\",\"12\":\"R\",\"13\":\"R\",\"14\":\"R\",\"15\":\"R\",\"0\":\"M\",\"1\":\"M\",\"2\":\"M\",\"3\":\"M\",\"4\":\"R\",\"5\":\"R\",\"6\":\"R\",\"7\":\"R\"},\"base\":{\"8\":\"A\",\"9\":\"C\",\"10\":\"G\",\"11\":\"T\",\"12\":\"A\",\"13\":\"C\",\"14\":\"G\",\"15\":\"T\",\"0\":\"A\",\"1\":\"C\",\"2\":\"G\",\"3\":\"T\",\"4\":\"A\",\"5\":\"C\",\"6\":\"G\",\"7\":\"T\"},\"count\":{\"8\":1758,\"9\":1981,\"10\":1969,\"11\":1877,\"12\":2043,\"13\":1956,\"14\":1789,\"15\":1797,\"0\":38,\"1\":42,\"2\":27,\"3\":31,\"4\":33,\"5\":36,\"6\":40,\"7\":29},\"fitted\":{\"8\":1763.0300850124,\"9\":1983.6579985075,\"10\":1961.0022680008,\"11\":1877.3096484792,\"12\":2037.9699149876,\"13\":1953.3420014925,\"14\":1796.9977319992,\"15\":1796.6903515208,\"0\":32.9699149876,\"1\":39.3420014925,\"2\":34.9977319992,\"3\":30.6903515208,\"4\":38.0300850124,\"5\":38.6579985075,\"6\":32.0022680008,\"7\":29.3096484792},\"ret\":{\"8\":-0.0003251912,\"9\":-0.0001719679,\"10\":0.000518841,\"11\":-0.0000200455,\"12\":0.0003260577,\"13\":0.0001722003,\"14\":-0.0005166327,\"15\":0.0000200489,\"0\":0.0003493232,\"1\":0.0001777697,\"2\":-0.0004535189,\"3\":0.000020148,\"4\":-0.0003031018,\"5\":-0.0001660269,\"6\":0.000577684,\"7\":-0.0000199409}}", "prob": 0.12523885095061665, "deviance": 5.735011047522221, "df": 3, "rel_entropy": 0.00018564712700771142}, "pos1": {"formula": "count ~ group * mut * base - group : mut : base", "stats": "{\"group\":{\"8\":\"1\",\"9\":\"1\",\"10\":\"1\",\"11\":\"1\",\"12\":\"1\",\"13\":\"1\",\"14\":\"1\",\"15\":\"1\",\"0\":\"2\",\"1\":\"2\",\"2\":\"2\",\"3\":\"2\",\"4\":\"2\",\"5\":\"2\",\"6\":\"2\",\"7\":\"2\"},\"mut\":{\"8\":\"M\",\"9\":\"M\",\"10\":\"M\",\"11\":\"M\",\"12\":\"R\",\"13\":\"R\",\"14\":\"R\",\"15\":\"R\",\"0\":\"M\",\"1\":\"M\",\"2\":\"M\",\"3\":\"M\",\"4\":\"R\",\"5\":\"R\",\"6\":\"R\",\"7\":\"R\"},\"base\":{\"8\":\"A\",\"9\":\"C\",\"10\":\"G\",\"11\":\"T\",\"12\":\"A\",\"13\":\"C\",\"14\":\"G\",\"15\":\"T\",\"0\":\"A\",\"1\":\"C\",\"2\":\"G\",\"3\":\"T\",\"4\":\"A\",\"5\":\"C\",\"6\":\"G\",\"7\":\"T\"},\"count\":{\"8\":1355,\"9\":2155,\"10\":1567,\"11\":2508,\"12\":2516,\"13\":757,\"14\":1865,\"15\":2447,\"0\":25,\"1\":28,\"2\":34,\"3\":51,\"4\":51,\"5\":13,\"6\":35,\"7\":39},\"fitted\":{\"8\":1352.377129807,\"9\":2152.2186909198,\"10\":1568.412345182,\"11\":2511.9918340912,\"12\":2518.622870193,\"13\":759.7813090802,\"14\":1863.587654818,\"15\":2443.0081659088,\"0\":27.622870193,\"1\":30.7813090802,\"2\":32.587654818,\"3\":47.0081659088,\"4\":48.377129807,\"5\":10.2186909198,\"6\":36.412345182,\"7\":42.9918340912},\"ret\":{\"8\":0.0001699736,\"9\":0.0001801829,\"10\":-0.0000913964,\"11\":-0.0002582326,\"12\":-0.0001697206,\"13\":-0.0001797366,\"14\":0.0000914722,\"15\":0.0002586491,\"0\":-0.0001614791,\"1\":-0.0001716747,\"2\":0.000093391,\"3\":0.000269113,\"4\":0.0001743313,\"5\":0.0002026092,\"6\":-0.0000896409,\"7\":-0.0002460503}}", "prob": 0.5284568794535938, "deviance": 2.217769196724249, "df": 3, "rel_entropy": 7.179105259368927e-05}}