{"CtoT": -0.014844707521027166, "Pos_1_G": 0.1960798098161274, "AtoC": 0.3189929248362834, "GtoA": -0.10707936382987153, "Pos_2_C": 0.2958584725151933, "Pos_3_G": 0.07807505996689384, "Pos_0_C": -0.12327791700846592, "GtoC": -2.5105781379355543, "Pos_2_T": 0.26757207614135337, "Pos_0_G": 0.0, "Pos_0_T": 0.06935364652221507, "AtoG": 0.643159831622364, "CtoA": 0.33456396823113194, "TtoC": 0.5222265819987618, "Pos_2_A": 0.0, "GtoT": 0.7318990580744018, "TtoG": 0.586549260431487, "AtoT": 1.2677147954916759, "Pos_1_T": 0.0, "CtoG": -2.637955351454619, "Pos_0_A": 0.014972436273192969, "Pos_1_A": 0.017841066526819042, "Pos_3_C": 0.0, "Pos_1_C": -0.1356761739416491, "TtoA": 1.4816768183408555, "Pos_3_T": 0.08059232487324221, "Pos_3_A": -0.09047710430938737, "Pos_2_G": -0.18420885536273487}