{"param_alpha": {"2": 1.0, "1": 0.1, "0": 0.01, "4": 3.0, "3": 2.0}, "rank_test_score": {"2": 3, "1": 1, "0": 1, "4": 5, "3": 4}, "params": {"2": {"alpha": 1.0}, "1": {"alpha": 0.1}, "0": {"alpha": 0.01}, "4": {"alpha": 3.0}, "3": {"alpha": 2.0}}, "split0_test_score": {"2": 0.7511449903, "1": 0.7514116318, "0": 0.7514116318, "4": 0.7454827781, "3": 0.7485413138}, "best_a_choice": 0.01}