{"Pos_1:Pos_3_GA": 0.11942855524687669, "Pos_1:Pos_3_TG": -0.013180407805635216, "Pos_2_G": -0.13841977974894654, "GtoT": 0.593636046128207, "Pos_0:Pos_3_TT": 0.11042285170395937, "Pos_0:Pos_1_GC": 0.007541659700776999, "Pos_0:Pos_1_TA": 0.0, "Pos_0:Pos_3_GC": 0.02368740279356461, "Pos_0:Pos_2_TT": 0.0, "Pos_1:Pos_3_AT": 0.19467761868504807, "Pos_0:Pos_3_AT": -0.1349204660172418, "Pos_2:Pos_3_AT": 0.0, "Pos_1_C": 0.0, "Pos_0:Pos_1_AC": -0.10446470858676608, "Pos_0:Pos_1_GG": 0.0, "Pos_1_G": 0.08562445829607293, "Pos_1:Pos_2_AC": 0.0, "Pos_1:Pos_2_GT": 0.1704778211713039, "TtoG": 0.4458562701923935, "Pos_1:Pos_3_CA": 0.0, "Pos_1:Pos_2_GA": 0.0, "Pos_0:Pos_2_CG": 0.00535050312675138, "Pos_0:Pos_2_GT": 0.13124421764342464, "Pos_0:Pos_1_CC": 0.0680400233732314, "Pos_1:Pos_3_CT": -0.0384168521257146, "Pos_0:Pos_1_TC": -0.1470843259789168, "GtoA": -0.22461230692456088, "Pos_0_T": 0.0, "Pos_2:Pos_3_TG": 0.025091395961851694, "Pos_0:Pos_3_CC": -0.05492818691074666, "CtoT": -0.257791383682519, "Pos_0:Pos_1_CG": -0.5622760133054573, "Pos_0:Pos_2_AC": -0.02659456751933043, "Pos_1_T": 0.0, "Pos_2:Pos_3_AA": 0.0, "Pos_0:Pos_1_TT": 0.19559497317234262, "Pos_1:Pos_2_TA": -0.12963926533630718, "Pos_0:Pos_1_CT": 0.0, "Pos_1:Pos_3_TT": 0.06809649359938497, "Pos_2:Pos_3_TT": 0.1092904779796707, "Pos_3_G": 0.03281497060610167, "Pos_0:Pos_3_CT": 0.10645228646299776, "Pos_2:Pos_3_AG": 0.2826953023682239, "Pos_0:Pos_1_AA": -0.027034985865107216, "Pos_1:Pos_2_CA": 0.0, "TtoA": 1.3640601583005674, "Pos_2:Pos_3_CG": -0.4502848556371296, "Pos_0:Pos_1_GA": 0.004257417878861815, "Pos_0:Pos_3_CA": -0.1400681969643941, "Pos_0:Pos_3_AG": 0.0, "Pos_1:Pos_2_TT": 0.3879371930240523, "Pos_1:Pos_3_GG": 0.0, "Pos_1:Pos_2_AA": 0.1440971057645971, "Pos_0:Pos_3_TG": -0.06303205333453747, "Pos_0:Pos_3_GG": 0.0, "Pos_1:Pos_2_GG": 0.0, "Pos_0:Pos_1_AG": 0.09657416109026432, "Pos_1_A": 0.0, "Pos_1:Pos_2_CG": -0.040728222088939295, "Pos_1:Pos_2_AT": -0.2398765755232618, "Pos_0:Pos_1_CA": 0.1266467771398073, "CtoA": 0.3840744175461288, "Pos_0:Pos_3_TA": 0.04697913815278531, "Pos_1:Pos_3_AG": 0.33486008351096885, "Pos_0:Pos_3_TC": 0.0, "Pos_2:Pos_3_GC": 0.07435044756256456, "Pos_0_C": 0.0, "TtoC": 0.38966627509979684, "Pos_0:Pos_2_CT": -0.0819414599168582, "Pos_0:Pos_3_GT": 0.0, "Pos_1:Pos_3_AC": -0.02832225322615617, "Pos_2:Pos_3_CT": 0.0, "Pos_2_T": 0.0, "Pos_0:Pos_3_AC": 0.010795635882991844, "Pos_3_C": 0.0, "Pos_1:Pos_3_AA": 0.0, "Pos_2_A": 0.0, "Pos_0:Pos_1_TG": 0.3343921059889489, "Pos_1:Pos_3_CC": 0.0, "Pos_2:Pos_3_CA": 0.12116341180993169, "Pos_1:Pos_2_CT": 0.0, "Pos_0:Pos_2_TG": -0.08160911810189131, "Pos_2:Pos_3_TC": 0.0, "Pos_2:Pos_3_GT": -0.006791992048851656, "Pos_1:Pos_2_CC": 0.08293597782730691, "Pos_3_A": -0.008275744005910553, "CtoG": -2.830139559831943, "Pos_1:Pos_3_CG": 0.10854910766801347, "Pos_0:Pos_3_CG": 0.0003192829842767775, "Pos_2:Pos_3_CC": 0.0, "Pos_1:Pos_3_TA": -0.010702283441505426, "Pos_1:Pos_3_GC": 0.366748991660895, "Pos_0:Pos_3_GA": 0.0, "Pos_2_C": 0.2135886213914322, "Pos_2:Pos_3_AC": -0.006867137441148077, "Pos_0:Pos_2_GC": 0.0003487903467396441, "Pos_0:Pos_2_AG": -0.036120391940821166, "Pos_0_A": 0.0, "Pos_0:Pos_2_CA": -0.10252626949221423, "Pos_2:Pos_3_GG": 0.0, "Pos_1:Pos_3_TC": 0.22597360236044683, "Pos_2:Pos_3_GA": -0.004220399800318389, "Pos_0:Pos_2_AT": 0.2873737650577097, "Pos_0:Pos_1_AT": 0.1479956669734714, "GtoC": -2.8700061007263518, "Pos_1:Pos_2_TC": -0.054244944416704216, "Pos_0:Pos_2_AA": 0.03648320128595767, "AtoT": 1.2622724241281202, "Pos_2:Pos_3_TA": -0.007066973331127413, "Pos_0_G": 0.0007419638266997399, "Pos_1:Pos_2_TG": 0.06953589362755713, "Pos_0:Pos_1_GT": -0.10507949425119618, "AtoG": 0.37639714005372044, "Pos_0:Pos_2_GA": -0.12562184649494287, "AtoC": -0.24219668258819474, "Pos_3_T": 0.0, "Pos_1:Pos_2_GC": 0.29672294556511586, "Pos_1:Pos_3_GT": 0.0, "Pos_0:Pos_2_TA": 0.3733897146005837, "Pos_0:Pos_3_AA": -0.08310154782173394, "Pos_0:Pos_2_GG": 0.0, "Pos_0:Pos_2_CC": 0.023817394648167855, "Pos_1:Pos_2_AG": 0.0, "Pos_0:Pos_2_TC": 0.0}