{"AtoT": 0.9611882283156686, "CtoA": 0.3536893396930477, "AtoG": 0.3989405192095668, "TtoG": 0.4722369741464973, "GtoA": -0.43890110819861133, "CtoT": -0.2838013009378938, "GtoC": -1.2505212447841894, "TtoC": 0.5587737700206586, "GtoT": 0.14386984595531196, "CtoG": -1.516690116047916, "AtoC": -0.01816382414335783, "TtoA": 1.0329634068108557}