{"rank_test_score": {"2": 1, "0": 1, "4": 1, "1": 1, "3": 1}, "params": {"2": {"alpha": 1.0}, "0": {"alpha": 0.01}, "4": {"alpha": 3.0}, "1": {"alpha": 0.1}, "3": {"alpha": 2.0}}, "best_a_choice": 0.01, "param_alpha": {"2": 1.0, "0": 0.01, "4": 3.0, "1": 0.1, "3": 2.0}, "split0_test_score": {"2": 0.7462169088, "0": 0.7462169088, "4": 0.7462169088, "1": 0.7462169088, "3": 0.7462169088}}