{"param_alpha": {"2": 1.0, "3": 2.0, "1": 0.1, "0": 0.01, "4": 3.0}, "split0_test_score": {"2": 0.7292218196, "3": 0.7292218196, "1": 0.7292218196, "0": 0.7292218196, "4": 0.7299160786}, "best_a_choice": 3.0, "params": {"2": {"alpha": 1.0}, "3": {"alpha": 2.0}, "1": {"alpha": 0.1}, "0": {"alpha": 0.01}, "4": {"alpha": 3.0}}, "rank_test_score": {"2": 2, "3": 2, "1": 2, "0": 2, "4": 1}}