{"GtoC": -1.1620495937444888, "CtoT": -0.3004713126961792, "TtoC": 0.34546602680825245, "CtoA": 0.207755517748368, "AtoG": 0.448302538086382, "TtoA": 0.9101220347860594, "AtoC": 0.19949878235771223, "GtoT": 0.1267126609810486, "AtoT": 1.329877892378971, "CtoG": -1.2992649393865963, "GtoA": -0.37363108529273603, "TtoG": -0.03298893295515132}