{"Pos_1:Pos_3_TC": 0.13324475023058843, "Pos_1:Pos_3_GG": 0.0, "Pos_2:Pos_3_AT": -0.036663911776721195, "Pos_1:Pos_2_GC": 0.08316031019702998, "Pos_2:Pos_3_AA": 0.0, "Pos_0:Pos_3_GT": -0.1313165450065, "Pos_1:Pos_3_TG": 0.0, "Pos_1_G": 0.21979811355287607, "Pos_2_T": 0.1887046732281751, "Pos_0:Pos_1_CT": 0.0, "Pos_0:Pos_1_GC": -0.002148609619693582, "Pos_0:Pos_1_TT": 0.0, "Pos_0:Pos_2_GG": 0.0, "Pos_1_T": 0.0, "Pos_0:Pos_1_TA": -0.000616827756713195, "GtoC": -1.8877222322713687, "CtoT": -0.3650038407334409, "Pos_0:Pos_1_GG": 0.26520167884086304, "Pos_0:Pos_2_TA": 0.28682069072968513, "Pos_0:Pos_1_AC": -0.16431121842259894, "CtoA": 0.0, "Pos_1:Pos_2_TT": 0.0, "Pos_0:Pos_2_GC": 0.002789189361992957, "Pos_2:Pos_3_TG": 0.0, "GtoA": -0.43579179839538146, "Pos_1:Pos_3_AC": -0.18892421567648274, "Pos_2:Pos_3_CG": 0.0, "Pos_0:Pos_2_CG": -0.09961555386177248, "Pos_0:Pos_3_GC": 0.0, "Pos_2:Pos_3_GA": -0.2560743544485855, "Pos_0:Pos_3_CA": -0.10998028436499929, "Pos_2:Pos_3_CT": 0.0, "Pos_2:Pos_3_TA": 0.0, "Pos_0:Pos_3_GA": 0.0, "Pos_0:Pos_2_CC": 0.0, "Pos_3_C": 0.0, "Pos_1:Pos_2_CT": 0.05344781807769846, "Pos_0_C": 0.0, "TtoA": 1.1788703843572013, "Pos_0_T": 0.0, "Pos_0_G": 0.0, "Pos_1_A": 0.0, "Pos_0:Pos_3_GG": 0.0, "Pos_1:Pos_2_TC": 0.0, "Pos_2:Pos_3_GT": 0.0, "Pos_0:Pos_1_GT": 0.043547261322181986, "CtoG": -2.0057276878212336, "Pos_1:Pos_3_AA": 0.0, "Pos_3_T": 0.0, "TtoC": 0.1963107600118535, "Pos_0:Pos_3_CT": 0.22233400859929842, "Pos_1:Pos_3_AG": 0.006926401103132364, "Pos_0:Pos_2_TC": -0.039815531914980086, "Pos_1:Pos_2_AC": 0.13809354705891907, "Pos_2:Pos_3_TT": 0.05024208473752835, "Pos_3_A": 0.0, "Pos_0:Pos_3_AA": -0.0750379156758583, "Pos_0:Pos_2_TG": 0.009765452875144983, "Pos_0:Pos_1_TC": 0.337736131409417, "Pos_0:Pos_2_GA": -0.054407879116557936, "Pos_0:Pos_1_CG": -0.3933723369388107, "Pos_2_C": 0.19414883360625834, "Pos_1:Pos_2_CG": -0.13041730676946725, "Pos_0:Pos_3_AT": 0.0, "Pos_2:Pos_3_TC": 0.046177420050038796, "Pos_0:Pos_3_TG": -0.3412667873515815, "Pos_1:Pos_2_GG": 0.0, "Pos_0:Pos_1_TG": 0.11436210686234792, "Pos_1:Pos_3_AT": 0.0, "Pos_1:Pos_2_TA": -0.08832392888851308, "Pos_0:Pos_1_GA": 0.0, "Pos_1:Pos_3_GA": -0.2334837724686179, "Pos_1:Pos_2_GT": 0.006487420798774496, "Pos_1:Pos_3_CA": 0.05065312996764351, "Pos_2:Pos_3_GC": 0.0, "Pos_0:Pos_3_TC": 0.0, "Pos_0:Pos_2_CT": 0.0, "Pos_0:Pos_2_AA": -0.01620591033854235, "Pos_0:Pos_2_AC": 0.10397296921456088, "Pos_2:Pos_3_AG": 0.15441434919594377, "Pos_1:Pos_2_CC": -0.00591846901763842, "Pos_0:Pos_3_AG": 0.23336456801396474, "Pos_1:Pos_2_CA": 0.0, "Pos_1:Pos_2_AA": 0.2801712240996749, "Pos_0:Pos_1_CC": 0.0, "Pos_0:Pos_2_AG": 0.0, "TtoG": 0.3431419472981839, "Pos_0:Pos_2_GT": 0.15158934483445582, "Pos_1:Pos_3_CT": -0.016248591478349176, "Pos_2:Pos_3_GG": 0.06111309894142301, "AtoC": 0.0, "Pos_0:Pos_3_TA": 0.09579639773408916, "Pos_2_G": 0.0, "Pos_0:Pos_1_AT": 0.0770427288288058, "Pos_1:Pos_2_GA": -0.008176940113227596, "Pos_2:Pos_3_AC": -0.12386845228407296, "Pos_0:Pos_1_CA": 0.06054680997364522, "Pos_1:Pos_3_TA": -0.12416376991627825, "AtoT": 0.921558051282971, "Pos_2:Pos_3_CA": 0.281101820446315, "Pos_1:Pos_2_AG": 0.0, "Pos_0:Pos_3_CC": -0.016301067294059442, "Pos_0:Pos_3_CG": 0.0, "Pos_1:Pos_2_AT": -0.02212956944885941, "Pos_0:Pos_2_TT": 0.0, "AtoG": 0.3291069688757168, "Pos_0:Pos_3_AC": 0.043147583542579006, "Pos_1:Pos_3_GT": 0.09658239517972017, "Pos_1:Pos_2_TG": 0.12467624620058504, "Pos_2_A": -0.03547453773598189, "Pos_0:Pos_2_AT": 0.26867190976646044, "Pos_0:Pos_1_AA": 0.0, "Pos_0:Pos_1_AG": 0.0, "Pos_3_G": 0.0038359516967396328, "Pos_1:Pos_3_CG": 0.0, "GtoT": 0.44264641644949065, "Pos_1:Pos_3_TT": 0.10495705927091092, "Pos_1_C": -0.08476359991358129, "Pos_0:Pos_2_CA": 0.0, "Pos_0:Pos_3_TT": 0.08431632862021013, "Pos_1:Pos_3_CC": 0.0, "Pos_1:Pos_3_GC": 0.062166336516091256, "Pos_0_A": 0.0, "Pos_2:Pos_3_CC": 0.06776033745243015}