{"Pos_10_T": 0.0005762307892724174, "Pos_9_A": 0.0, "Pos_1_C": 0.010569643395637353, "Pos_4_A": -0.058148780704572696, "Pos_52_A": 0.0, "Pos_6_T": 0.04181112547838811, "Pos_21_T": 0.010125805630729462, "Pos_57_A": 0.08823305366349858, "Pos_19_C": 0.04541761140971956, "Pos_56_T": 0.039846889403662655, "Pos_29_G": 0.16459865221247302, "Pos_27_T": 0.07374552622852258, "Pos_8_C": 0.0, "Pos_16_A": 0.0, "Pos_8_A": 0.0, "Pos_26_C": -0.03350054461254509, "Pos_55_T": 0.0, "Pos_33_G": -0.11840420282304649, "Pos_28_T": 0.024468329540735984, "Pos_45_A": -0.042012448318296744, "Pos_57_G": -0.04798763271932877, "Pos_52_C": -0.001171210245920243, "Pos_51_C": 0.011645222430341563, "Pos_13_A": 0.015822760434392846, "Pos_24_C": 0.0, "Pos_32_G": -0.0762138727900955, "Pos_55_C": -0.03293230155133972, "Pos_8_G": 0.09568430545389976, "Pos_59_C": -0.08042694829649406, "Pos_0_A": 0.0058434334242592825, "Pos_41_T": 0.12588128403133217, "Pos_20_C": 0.0, "Pos_9_G": 0.0, "Pos_49_A": -0.08778981958907357, "Pos_51_A": 0.0, "Pos_37_A": 0.0, "Pos_54_C": 0.02021423260817779, "Pos_56_A": 0.0, "Pos_49_G": 0.0, "Pos_30_G": -0.2708638366206064, "Pos_21_C": 0.0, "Pos_33_T": 0.0, "CtoT": -0.5354163909208096, "Pos_47_T": 0.04556351291579533, "Pos_40_T": -0.08674204447233098, "Pos_54_G": 0.0, "Pos_31_G": -0.01688388207921039, "Pos_14_T": 0.0, "Pos_27_A": 0.03776907691678454, "Pos_30_A": 0.0, "Pos_29_T": 0.06990835888241907, "Pos_14_A": 0.0, "Pos_24_A": 0.0794107715823608, "Pos_35_C": -0.03306976985201182, "AtoT": 0.6347786597875555, "Pos_3_C": 0.0, "Pos_26_A": 0.05169727594332987, "Pos_29_A": -0.007444531127009339, "Pos_48_T": 0.06855702263338485, "Pos_43_C": -0.0398543530808228, "Pos_7_G": 0.0, "Pos_4_C": 0.0, "Pos_30_T": 0.0016379983157899774, "Pos_25_G": -0.03070482433541434, "Pos_52_G": 0.087172570595856, "Pos_40_A": 0.0, "Pos_39_T": 0.0, "Pos_23_T": 0.0019945430602704033, "Pos_34_C": 0.0, "Pos_49_T": 0.0, "Pos_47_G": -0.049838979784242635, "Pos_50_C": -0.09079153968649883, "Pos_33_C": 0.0, "Pos_26_G": 0.0, "TtoG": 0.0, "Pos_55_G": 0.03182585659953046, "Pos_54_T": 0.015614231333975005, "Pos_27_C": -0.040118428093878535, "Pos_22_T": 0.1797791407519893, "Pos_26_T": 0.0, "Pos_23_C": -0.006137858146516503, "Pos_3_T": 0.0175764854915467, "Pos_42_T": 0.04899572578081535, "Pos_9_T": 0.0, "Pos_11_A": 0.0, "Pos_29_C": -0.05904606497439647, "Pos_19_G": -0.03979140843680826, "Pos_42_A": -0.11963975372559865, "Pos_37_T": -0.010504932908523747, "Pos_32_T": 0.06887182437756105, "Pos_39_C": 0.0, "Pos_56_G": -0.01634201368284082, "Pos_22_G": -0.04689065612802143, "Pos_41_C": -0.025887067950992902, "Pos_45_C": 0.04437604737224284, "Pos_40_G": 0.0, "Pos_35_G": 0.0, "Pos_0_G": 0.0, "Pos_0_T": 0.0, "Pos_1_T": 0.0, "Pos_13_G": -0.04892912732362378, "Pos_42_G": -0.0804422860469903, "Pos_50_G": 0.0, "Pos_31_A": 0.0, "Pos_59_T": 0.05911462541036561, "CtoA": 0.0, "Pos_48_C": 0.05404348393586468, "Pos_6_A": 0.031327072035090234, "Pos_12_G": 0.0, "Pos_58_G": 0.07901439570085822, "Pos_6_G": 0.0, "Pos_49_C": 0.03147010528343572, "Pos_58_A": -0.005088623734768915, "Pos_4_T": 0.0, "Pos_7_T": 0.0, "Pos_19_T": 0.12458937024045234, "Pos_55_A": 0.0, "Pos_37_G": 0.17566390783212255, "Pos_7_C": 0.07290572472865042, "Pos_53_G": -0.08721593003943037, "Pos_16_T": 0.00269055858940192, "Pos_38_T": 0.16035153628439805, "Pos_42_C": 0.0623031504314332, "Pos_51_T": 0.0, "Pos_58_T": 0.0, "Pos_31_T": 0.06775425872173736, "Pos_46_T": 0.0, "Pos_5_A": -0.15542152763122455, "Pos_17_A": -0.0559370813857816, "Pos_3_A": 0.0, "Pos_36_A": -0.08740829907918668, "Pos_38_A": 0.0, "Pos_46_G": 0.14264500230042937, "Pos_37_C": 0.0, "Pos_44_A": 0.037298987693414457, "Pos_10_G": 0.0, "TtoC": 0.004113992105212083, "Pos_2_G": 0.0, "Pos_21_A": 0.0, "Pos_24_G": -0.06738761979827623, "Pos_48_A": -0.02359414537820872, "Pos_4_G": 0.0, "Pos_13_C": 0.0, "Pos_48_G": -0.004581277738789919, "Pos_1_G": -0.02809383649218106, "Pos_18_A": 0.02032052827830722, "Pos_10_C": 0.0, "Pos_9_C": -0.013259295863129556, "Pos_34_G": 0.020387547606460638, "Pos_41_A": 0.06266640712798643, "Pos_17_G": 0.02219616947840285, "Pos_15_T": 0.02412750729481697, "Pos_20_G": 0.14890690104683307, "Pos_23_A": 0.0, "Pos_28_C": -0.10206971641759988, "Pos_45_T": 0.09533947677989323, "Pos_8_T": 0.0, "GtoA": -0.5028347603303295, "Pos_59_G": 0.0, "Pos_7_A": 0.0, "Pos_35_T": 0.03207898642118728, "Pos_15_A": 0.141246385063712, "Pos_28_G": 0.0, "Pos_57_T": 0.0, "Pos_11_G": 0.0, "Pos_16_G": -0.10587659692104329, "Pos_47_A": 0.0, "Pos_24_T": 0.1091121547321753, "Pos_23_G": 0.03297066689887965, "Pos_59_A": 0.0, "Pos_58_C": 0.030286078263584666, "Pos_39_A": -0.03341939496363075, "Pos_45_G": -0.03262792130020587, "Pos_11_T": 0.038691145991169365, "Pos_13_T": 0.11155779486824681, "Pos_20_T": 0.0012870272130926078, "Pos_20_A": -0.0729817232762759, "Pos_40_C": 0.0, "Pos_46_C": -0.050311591542319685, "Pos_22_A": -0.07855183251681946, "GtoT": 0.0, "Pos_36_G": 0.0, "Pos_53_C": -0.03185403381479898, "Pos_12_C": -0.04230949990048485, "Pos_30_C": 0.02262156720734686, "Pos_43_A": 0.0, "Pos_44_T": 0.06228093652739824, "Pos_17_C": 0.0, "Pos_6_C": -0.018774526605242394, "Pos_0_C": 0.0, "Pos_21_G": 0.0, "GtoC": -0.646277794190366, "Pos_25_T": 0.13480104398165024, "Pos_5_C": 0.0, "Pos_5_T": 0.0, "Pos_22_C": 0.0938135632903525, "Pos_41_G": 0.0, "Pos_50_A": 0.04447682578518081, "Pos_18_C": 0.0, "Pos_54_A": -0.03690883878455694, "AtoC": -0.12421448173348355, "Pos_33_A": 0.0888056337636081, "Pos_53_A": 0.05715388441789852, "Pos_11_C": 0.0, "Pos_38_C": 0.0, "Pos_53_T": 0.061828591583920074, "Pos_2_C": 0.0, "TtoA": 0.8828924627324524, "Pos_14_G": 0.0, "Pos_34_A": 0.0, "Pos_18_G": -0.016705981336569937, "Pos_57_C": 0.0, "Pos_15_C": -0.12014502303499994, "Pos_2_T": 0.005974404923253015, "CtoG": -0.7457337088783283, "Pos_31_C": 0.0, "Pos_5_G": 0.0, "AtoG": 0.05927857682346745, "Pos_17_T": 0.0, "Pos_56_C": 0.0, "Pos_12_A": 0.00637901113649414, "Pos_3_G": -0.10163084665264202, "Pos_27_G": 0.0, "Pos_10_A": -0.029644555267692264, "Pos_28_A": 0.003124359078248046, "Pos_46_A": 0.0, "Pos_12_T": 0.013350981554179025, "Pos_50_T": 0.04209325336093157, "Pos_36_C": 0.016890617713373798, "Pos_15_G": 0.0, "Pos_43_T": 0.0, "Pos_25_A": 0.0, "Pos_1_A": 0.0, "Pos_19_A": -0.07545373447503352, "Pos_16_C": 0.0, "Pos_52_T": 0.0, "Pos_35_A": 0.05394141397880073, "Pos_44_C": 0.0, "Pos_34_T": -0.05787115876999289, "Pos_32_A": 0.028231862076503213, "Pos_36_T": 0.0, "Pos_18_T": 0.1015745828920389, "Pos_38_G": -0.019688943548992893, "Pos_47_C": 0.0, "Pos_14_C": 0.07809999352017671, "Pos_51_G": 0.0, "Pos_32_C": 0.0, "Pos_43_G": 0.05962045831827655, "Pos_25_C": 0.027761997745684736, "Pos_39_G": 0.0, "Pos_2_A": 0.0, "Pos_44_G": -0.004406389535915792}