{"best_a_choice": 0.1, "rank_test_score": {"3": 4, "0": 2, "4": 5, "1": 1, "2": 3}, "param_alpha": {"3": 2.0, "0": 0.01, "4": 3.0, "1": 0.1, "2": 1.0}, "params": {"3": {"alpha": 2.0}, "0": {"alpha": 0.01}, "4": {"alpha": 3.0}, "1": {"alpha": 0.1}, "2": {"alpha": 1.0}}, "split0_test_score": {"3": 0.7716154873, "0": 0.7728838451, "4": 0.7703337784, "1": 0.7729429716, "2": 0.7727255388}}