{"CtoT": -0.31515205558671977, "Pos_0:Pos_1_TG": 0.040065825387095536, "Pos_0:Pos_1_CA": -0.02779285338288168, "Pos_0:Pos_1_GG": -0.005679470581188387, "GC_feature": -0.13153003844536654, "Pos_0:Pos_1_GT": 0.0, "Pos_0:Pos_1_AG": 0.0, "Pos_0:Pos_1_TC": 0.0, "Pos_0:Pos_1_GA": 0.050553280215152374, "Pos_0:Pos_1_TA": -0.12595461064267413, "Pos_1_T": 0.07887511010889889, "TtoA": 0.43351253530369943, "CtoA": -0.051787025628591714, "GtoC": -0.46997835335366217, "Pos_0:Pos_1_TT": 0.0, "Pos_0_T": 0.0, "Pos_0:Pos_1_CG": -0.03170217860956113, "AtoC": -0.027924441135815235, "GtoA": -0.3314232414321012, "Pos_0:Pos_1_CC": 0.0, "Pos_0:Pos_1_AA": 0.0, "Pos_1_G": -0.21453334218713657, "TtoC": 0.020725092673199396, "Pos_0_A": 0.0, "CtoG": -0.4155473562746798, "Pos_1_A": 0.0, "Pos_1_C": 0.0, "Pos_0_C": -0.10430140219665311, "Pos_0:Pos_1_GC": 0.1546391069418806, "AtoG": 0.0, "Pos_0:Pos_1_AC": 0.0, "Pos_0:Pos_1_AT": 0.0, "GtoT": 0.05659985959939948, "Pos_0:Pos_1_CT": 0.024179121235111043, "TtoG": 0.017898520252703085, "Pos_0_G": 0.23905881117794567, "AtoT": 0.3777787832315137}