{"best_a_choice": 0.01, "params": {"2": {"alpha": 1.0}, "3": {"alpha": 2.0}, "4": {"alpha": 3.0}, "1": {"alpha": 0.1}, "0": {"alpha": 0.01}}, "rank_test_score": {"2": 3, "3": 4, "4": 5, "1": 2, "0": 1}, "split0_test_score": {"2": 0.7607295871, "3": 0.760062596, "4": 0.759129381, "1": 0.7610034447, "0": 0.7610034447}, "param_alpha": {"2": 1.0, "3": 2.0, "4": 3.0, "1": 0.1, "0": 0.01}}