{"TtoG": 0.23477685535794038, "AtoC": 0.1882606188208347, "GtoT": 0.5369704648212549, "AtoT": 1.2034457242777203, "TtoA": 1.2377740694469976, "AtoG": 0.47453326216141073, "TtoC": 0.4783892500625631, "GtoA": -0.18345756236457356, "CtoA": 0.3821754192830827, "CtoT": -0.25155924306051497, "CtoG": -1.7826835769357097, "GtoC": -1.9317964186324827}