{"Pos_0_C": -0.11994057544743529, "TtoA": 0.458721078798151, "Pos_2_G": 0.21563692515894906, "Pos_5_G": -0.08075832207793013, "Pos_3_G": -0.27264216425538407, "Pos_1_G": -0.02899498244629638, "Pos_3_A": -0.11928502492901862, "Pos_4_A": -0.043241807659854255, "CtoG": -0.6748155244839318, "Pos_4_T": 0.06682781045681431, "AtoG": 0.0, "GtoA": -0.44295958975863353, "GC_feature": -0.08066517387417767, "CtoT": -0.4974032875228703, "Pos_1_A": 0.061943291288149155, "Pos_5_A": 0.09125511332466127, "Pos_3_T": 0.0, "Pos_2_A": 0.029710849909698314, "Pos_5_C": -0.01962648031308395, "Pos_0_G": -0.015920206037721513, "TtoC": 0.014979500103631107, "Pos_5_T": 0.005295881118102423, "Pos_1_C": 0.0, "Pos_2_C": -0.12464010481893849, "AtoT": 0.4292945899708034, "TtoG": -0.03460406168402912, "Pos_1_T": 0.14580552420000303, "Pos_0_A": 0.0, "CtoA": 0.0, "GtoT": 0.06735528940644177, "GtoC": -0.792746524629523, "Pos_3_C": 0.057842193542419144, "Pos_0_T": 0.13880756738766914, "Pos_4_C": 0.0, "Pos_2_T": -0.07189987786080705, "AtoC": -0.07542568961079817, "Pos_4_G": 0.0}