{"Pos_4_C": 0.0, "AtoT": 0.39653117162815493, "Pos_2_T": -0.05006989978827591, "Pos_0_A": 0.04212742220785721, "CtoT": -0.40659285431376774, "TtoA": 0.4230505718898344, "GC_feature": -0.06696626403916979, "Pos_3_C": 0.04420079116922872, "Pos_4_A": -0.0413252540367497, "Pos_2_A": 0.0, "Pos_0_T": 0.10025167406703456, "Pos_4_T": 0.03282467821372334, "Pos_3_A": -0.046133154228365766, "Pos_5_C": -0.00932051907137595, "Pos_2_C": -0.1646413444112184, "Pos_1_A": 0.0, "CtoG": -0.5991296929855069, "AtoG": 0.0, "Pos_1_G": -0.07530955890060893, "GtoC": -0.5755421694770894, "GtoT": 0.03074846210679555, "Pos_3_T": 0.0, "Pos_0_G": -0.009155786093491693, "TtoG": 0.005218201273185646, "CtoA": -0.044387979246430766, "Pos_4_G": 0.025233887581037253, "GtoA": -0.44226272741830774, "Pos_1_C": 0.016601779563644704, "Pos_2_G": 0.22091676816004643, "Pos_5_T": 0.0878329688584042, "Pos_5_G": 0.0, "Pos_1_T": 0.10805101695020317, "Pos_5_A": 0.1128942992038802, "AtoC": -0.08700112831449473, "Pos_3_G": -0.24166704089305294, "Pos_0_C": -0.0573712346792973, "TtoC": 0.021104748084806946}