{"Pos_0_C": 0.01771961053828169, "Pos_1_A": 0.0352107390841328, "GtoA": -0.06437779705507707, "Pos_2_C": 0.12971032332671614, "GtoT": 0.5722212087335584, "Pos_2_T": 0.09943057521099734, "Pos_3_A": -0.05633989807962149, "Pos_3_C": 0.026630529342663797, "AtoG": 0.5069152917623577, "TtoC": 0.5170682200677094, "CtoA": 0.40662262647095393, "Pos_0_T": 0.16429585915765035, "Pos_2_G": -0.20679169731456018, "TtoG": 0.5349420045522942, "AtoC": 0.23156374405045846, "Pos_2_A": 0.0, "CtoT": -0.12924642570504571, "Pos_0_A": 0.0, "TtoA": 1.376183197114538, "Pos_3_T": 0.0, "Pos_1_C": -0.150200091162991, "AtoT": 1.2685741391627285, "CtoG": -2.355790972492405, "Pos_3_G": 0.032054231468437465, "GtoC": -2.314208304651165, "Pos_1_T": 0.0, "Pos_1_G": 0.2682244401710919, "Pos_0_G": -0.03371790568049297}