{"param_alpha": {"0": 0.01, "3": 2.0, "2": 1.0, "1": 0.1, "4": 3.0}, "params": {"0": {"alpha": 0.01}, "3": {"alpha": 2.0}, "2": {"alpha": 1.0}, "1": {"alpha": 0.1}, "4": {"alpha": 3.0}}, "best_a_choice": 0.1, "split0_test_score": {"0": 0.766237301, "3": 0.7659815953, "2": 0.7661772994, "1": 0.7662572817, "4": 0.765810986}, "rank_test_score": {"0": 2, "3": 4, "2": 3, "1": 1, "4": 5}}