{"split0_test_score": {"4": 0.6916133384, "0": 0.7045846665, "3": 0.6922877847, "1": 0.7007105214, "2": 0.6941229061}, "rank_test_score": {"4": 5, "0": 1, "3": 4, "1": 2, "2": 3}, "best_a_choice": 0.01, "param_alpha": {"4": 3.0, "0": 0.01, "3": 2.0, "1": 0.1, "2": 1.0}, "params": {"4": {"alpha": 3.0}, "0": {"alpha": 0.01}, "3": {"alpha": 2.0}, "1": {"alpha": 0.1}, "2": {"alpha": 1.0}}}