{"Pos_0_G": 0.26340780347922466, "Pos_0:Pos_1_TG": 0.07177339302719263, "Pos_0:Pos_1_GT": 0.03310593282831138, "Pos_0:Pos_1_CG": -0.09913350879617111, "TtoA": 1.4876598509448553, "CtoA": 0.5175153456976322, "Pos_0:Pos_1_CT": 0.03580539343306982, "CtoG": -3.068597531209141, "Pos_0:Pos_1_AT": -0.06960576873680226, "GtoT": 0.6959919972800277, "Pos_0:Pos_1_AG": 0.032875563468569576, "AtoG": 0.6456226999020935, "Pos_0_A": 0.0, "Pos_0:Pos_1_TA": -0.1413761444446121, "Pos_0:Pos_1_AC": 0.10761875185909348, "Pos_0:Pos_1_TT": 0.09523344155532344, "Pos_1_G": -0.15437676271535614, "Pos_1_C": 0.10418183200188759, "Pos_1_A": 0.0, "AtoC": 0.3832457238838609, "Pos_0:Pos_1_CC": 0.0, "Pos_0_C": -0.09932209258086157, "TtoC": 0.6803341378899607, "GtoC": -3.0624175733648866, "Pos_0:Pos_1_GG": 0.0, "TtoG": 0.6747808355802899, "Pos_0:Pos_1_AA": 0.2247785410973035, "Pos_0:Pos_1_GC": 0.12161722517358832, "CtoT": 0.08894154383144329, "Pos_0:Pos_1_CA": 0.03983956792505052, "Pos_1_T": 0.11740509354303152, "Pos_0:Pos_1_TC": 0.010311470145044382, "AtoT": 1.4122410004603305, "Pos_0:Pos_1_GA": 0.07081128706443446, "Pos_0_T": 0.0, "GtoA": 0.0029199671937223666}