{"param_C": {"0": 0.1, "3": 100.0, "1": 1.0, "2": 10.0}, "rank_test_score": {"0": 4, "3": 2, "1": 3, "2": 1}, "split0_test_score": {"0": 0.766864399, "3": 0.7687786885, "1": 0.7687301581, "2": 0.7688950702}, "params": {"0": {"penalty": "l1", "C": 0.1}, "3": {"penalty": "l1", "C": 100.0}, "1": {"penalty": "l1", "C": 1.0}, "2": {"penalty": "l1", "C": 10.0}}, "best_c_choice": 10.0, "param_penalty": {"0": "l1", "3": "l1", "1": "l1", "2": "l1"}}