{"params": {"3": {"alpha": 2.0}, "2": {"alpha": 1.0}, "4": {"alpha": 3.0}, "0": {"alpha": 0.01}, "1": {"alpha": 0.1}}, "best_a_choice": 0.01, "param_alpha": {"3": 2.0, "2": 1.0, "4": 3.0, "0": 0.01, "1": 0.1}, "rank_test_score": {"3": 4, "2": 3, "4": 5, "0": 1, "1": 2}, "split0_test_score": {"3": 0.7037109091, "2": 0.7046479815, "4": 0.7031658395, "0": 0.7090263777, "1": 0.7074819149}}