{"param_alpha": {"1": 0.1, "4": 3.0, "3": 2.0, "2": 1.0, "0": 0.01}, "split0_test_score": {"1": 0.7100953652, "4": 0.7080431051, "3": 0.707760824, "2": 0.7077341217, "0": 0.7127427046}, "best_a_choice": 0.01, "params": {"1": {"alpha": 0.1}, "4": {"alpha": 3.0}, "3": {"alpha": 2.0}, "2": {"alpha": 1.0}, "0": {"alpha": 0.01}}, "rank_test_score": {"1": 2, "4": 3, "3": 4, "2": 5, "0": 1}}