{"best_a_choice": 0.01, "params": {"2": {"alpha": 1.0}, "3": {"alpha": 2.0}, "4": {"alpha": 3.0}, "1": {"alpha": 0.1}, "0": {"alpha": 0.01}}, "rank_test_score": {"2": 1, "3": 4, "4": 4, "1": 1, "0": 1}, "param_alpha": {"2": 1.0, "3": 2.0, "4": 3.0, "1": 0.1, "0": 0.01}, "split0_test_score": {"2": 0.7267346939, "3": 0.7258954797, "4": 0.7258954797, "1": 0.7267346939, "0": 0.7267346939}}