{"split0_test_score": {"2": 0.6420101637, "1": 0.6314856641, "4": 0.647084196, "3": 0.6459078361, "0": 0.6214944476}, "best_a_choice": 3.0, "rank_test_score": {"2": 3, "1": 4, "4": 1, "3": 2, "0": 5}, "param_alpha": {"2": 1.0, "1": 0.1, "4": 3.0, "3": 2.0, "0": 0.01}, "params": {"2": {"alpha": 1.0}, "1": {"alpha": 0.1}, "4": {"alpha": 3.0}, "3": {"alpha": 2.0}, "0": {"alpha": 0.01}}}