{"Pos_0:Pos_3_CA": 0.0010609780397681685, "Pos_0_A": 0.0, "Pos_1:Pos_2_GT": 0.0, "Pos_1:Pos_2_GG": 0.0046272599160912175, "Pos_0:Pos_2_TC": 0.017789314071418594, "Pos_0:Pos_1_TC": 0.0, "TtoC": 0.013932312645643397, "Pos_1:Pos_3_AA": 0.0, "Pos_0:Pos_2_TG": 0.0, "Pos_0:Pos_2_AG": -0.052336405607895355, "Pos_2:Pos_3_TC": 0.0, "Pos_0:Pos_1_GT": 0.0, "Pos_1:Pos_2_TG": -0.01684118246401373, "Pos_0:Pos_2_TA": 0.0, "Pos_2:Pos_3_TG": 0.0, "Pos_0:Pos_2_AT": 0.039479165731438864, "Pos_0:Pos_1_TT": 0.021266799932326715, "Pos_1:Pos_3_GC": 0.06581061022176828, "Pos_0:Pos_3_AA": -0.011705851633882896, "Pos_0:Pos_3_CT": 0.0, "CtoA": 0.0, "Pos_1:Pos_2_CC": 0.0, "Pos_0:Pos_3_AC": 0.05574984358191022, "Pos_2:Pos_3_GT": 0.0, "Pos_0:Pos_1_TA": 0.0, "Pos_2_A": 0.0, "Pos_0:Pos_3_TC": 0.0, "Pos_0:Pos_2_GC": 0.0, "Pos_0:Pos_3_GG": 0.08082798770811658, "Pos_1_T": 0.0, "Pos_1:Pos_3_CC": 0.0, "Pos_2:Pos_3_CG": -0.08669071457322924, "CtoG": -0.4240612862765521, "Pos_0:Pos_2_CC": 0.0, "Pos_0:Pos_1_TG": 0.013207593012510729, "Pos_0:Pos_2_CA": -0.07009268603953792, "Pos_0:Pos_3_TG": -0.004993672592540912, "Pos_0:Pos_2_AC": 0.0, "Pos_1:Pos_2_AG": 0.0, "Pos_0:Pos_2_CG": 0.004202768091951967, "Pos_1:Pos_3_GG": 0.0, "Pos_2:Pos_3_AT": -0.06748743122878285, "Pos_2_T": 0.0, "Pos_2:Pos_3_GA": -0.056193387552487095, "Pos_0:Pos_3_GA": 0.0, "Pos_3_C": 0.0, "Pos_0:Pos_3_GC": -0.02168747532676732, "Pos_0_C": 0.0, "Pos_1:Pos_2_GA": 0.0, "Pos_1:Pos_3_TG": -0.0355791529377726, "Pos_1:Pos_3_GA": 0.0, "TtoA": 0.452728478771667, "Pos_0:Pos_1_AT": 0.0, "Pos_0_T": 0.015584125917466012, "Pos_2:Pos_3_TA": 0.01599432609352022, "Pos_1:Pos_3_AC": -0.01717565249054938, "Pos_1:Pos_2_CT": 0.0, "Pos_2:Pos_3_AG": 0.08961069465449262, "TtoG": -0.022701872877417897, "AtoC": -0.0624234366347698, "Pos_0:Pos_3_CG": -0.000360541717144931, "GtoA": -0.42977971346730026, "Pos_2_G": -0.1302636397229179, "Pos_2:Pos_3_GC": 0.007186006918644823, "Pos_0:Pos_1_GG": 0.0, "Pos_3_T": 0.0, "Pos_1_A": 0.0, "Pos_1:Pos_2_CA": -0.027637424229373105, "Pos_2:Pos_3_CC": 0.0, "Pos_2:Pos_3_CT": 0.021583486312811297, "Pos_1:Pos_2_CG": -0.12457174291612501, "Pos_0:Pos_3_GT": -0.06832999887818593, "Pos_1:Pos_3_AT": 0.10801422400853185, "Pos_0:Pos_3_AT": 0.0, "Pos_0:Pos_1_CA": 0.021538929923500864, "Pos_0:Pos_3_TT": 0.02259200441690717, "Pos_1:Pos_2_TC": 0.0, "Pos_0:Pos_1_AC": -0.09126610819723056, "Pos_2:Pos_3_AA": 0.0, "Pos_2:Pos_3_AC": 0.0, "Pos_0:Pos_3_TA": 0.0, "Pos_0:Pos_1_GA": 0.0, "Pos_0:Pos_1_AA": 0.0, "Pos_1:Pos_3_CG": -0.0036726517259098894, "Pos_0:Pos_1_CG": -0.10934126334156712, "Pos_1:Pos_3_CT": 0.0, "Pos_1:Pos_2_TA": -0.0889979427526192, "Pos_2:Pos_3_TT": 0.06172537946956774, "Pos_2_C": 0.0520693477610519, "Pos_3_G": 0.0, "Pos_1:Pos_2_AT": -0.09753007403425189, "Pos_0:Pos_2_GA": -0.11309702222368313, "Pos_0:Pos_2_TT": 0.025380770940179917, "CtoT": -0.49173633994141414, "GC_feature": -0.11047762759205665, "Pos_0:Pos_1_CC": 0.0, "Pos_0:Pos_2_GG": -0.04392665792457251, "Pos_1:Pos_2_AC": 0.0, "Pos_1:Pos_3_GT": 0.05829941255206283, "Pos_1:Pos_2_TT": 0.0, "Pos_1:Pos_2_AA": 0.01621648022022643, "Pos_1:Pos_3_AG": 0.010026067393714266, "Pos_2:Pos_3_GG": -0.0037753251199278475, "Pos_0:Pos_3_CC": 0.0, "AtoT": 0.4169217586988575, "Pos_1:Pos_3_CA": 0.0, "Pos_0:Pos_1_AG": 0.0, "Pos_0_G": 0.0, "Pos_1_G": 0.1732111186651641, "Pos_0:Pos_2_AA": 0.0, "Pos_0:Pos_1_CT": -0.019122772468761998, "Pos_1:Pos_3_TA": 0.0, "Pos_0:Pos_1_GC": -0.004811691255498983, "Pos_0:Pos_2_GT": 0.0, "Pos_1:Pos_3_TT": 0.0, "Pos_1_C": 0.0, "GtoT": 0.05754407101874671, "Pos_3_A": 0.0, "Pos_0:Pos_3_AG": 0.0, "Pos_1:Pos_3_TC": 0.0, "Pos_2:Pos_3_CA": 0.019770032357839352, "AtoG": 0.0, "Pos_1:Pos_2_GC": 0.021841429796240194, "GtoC": -0.5050981441695008, "Pos_0:Pos_2_CT": -0.020762867495423356}