{"TtoC": 0.3457109564112644, "TtoA": 0.9103767432163395, "AtoG": 0.44854944054894297, "AtoT": 1.3301350381476156, "AtoC": 0.19969109271247748, "GtoC": -1.1623310852393245, "CtoT": -0.3002254883667534, "CtoA": 0.20801632380976334, "CtoG": -1.301003251605273, "TtoG": -0.03270762851032852, "GtoA": -0.3733917335852539, "GtoT": 0.12698532684098338}