{"param_alpha": {"1": 0.1, "0": 0.01, "3": 2.0, "2": 1.0, "4": 3.0}, "params": {"1": {"alpha": 0.1}, "0": {"alpha": 0.01}, "3": {"alpha": 2.0}, "2": {"alpha": 1.0}, "4": {"alpha": 3.0}}, "rank_test_score": {"1": 1, "0": 2, "3": 4, "2": 3, "4": 5}, "split0_test_score": {"1": 0.7301587302, "0": 0.730095991, "3": 0.7270217705, "2": 0.7285745655, "4": 0.7249513771}, "best_a_choice": 0.1}