{"GtoC": -2.4727028572072194, "TtoG": 0.5091017566320433, "TtoA": 1.4077029478732352, "Pos_0_A": 0.010672075307985186, "CtoG": -2.450764485427823, "AtoT": 1.3463024616646395, "Pos_0_T": 0.0, "AtoC": 0.32962818785307146, "Pos_1_A": 0.0, "Pos_0_C": -0.16403760636319842, "CtoT": -0.05774977602175555, "GtoT": 0.5807389983369714, "CtoA": 0.4898268990774436, "Pos_1_T": 0.13001463615945108, "Pos_1_C": 0.15322904320085848, "TtoC": 0.5655854218221962, "Pos_0_G": 0.2724356722172354, "AtoG": 0.5617440975450466, "GtoA": -0.08301688761735643, "Pos_1_G": -0.18048218071430452}