{"param_penalty": {"2": "l1", "1": "l1", "0": "l1", "3": "l1"}, "rank_test_score": {"2": 2, "1": 1, "0": 4, "3": 3}, "params": {"2": {"C": 10.0, "penalty": "l1"}, "1": {"C": 1.0, "penalty": "l1"}, "0": {"C": 0.1, "penalty": "l1"}, "3": {"C": 100.0, "penalty": "l1"}}, "best_c_choice": 1.0, "split0_test_score": {"2": 0.7745485113, "1": 0.7745501169, "0": 0.7742150829, "3": 0.7745231786}, "param_C": {"2": 10.0, "1": 1.0, "0": 0.1, "3": 100.0}}