{"CtoA": 0.003220409504143063, "TtoA": 0.4459143823348403, "GtoA": -0.34235663838156766, "AtoC": -0.0874071540257681, "Pos_1_A": -0.0849835959673981, "AtoT": 0.49785354038536095, "AtoG": 0.043359285995474145, "GC_feature": -0.156363157697375, "CtoG": -0.9242460414898677, "Pos_0_G": 0.19910707081204812, "CtoT": -0.371744960034834, "GtoC": -1.0085784302502117, "Pos_1_G": -0.22080189986161425, "Pos_0_T": -0.048761316365037895, "Pos_0_A": 0.0, "Pos_0_C": -0.21108350088988576, "Pos_1_T": 0.07284461921679511, "TtoG": -0.01206594656665816, "Pos_1_C": 0.023627322778506012, "GtoT": 0.04742716439882543, "TtoC": 0.03326212621220422}