{"Pos_0:Pos_1_TC": 0.0, "Pos_1_G": -0.20836391509522342, "Pos_0:Pos_1_GA": 0.0001292411961946685, "AtoC": -0.03377254163425024, "AtoG": 0.0, "GtoC": -0.34733321921667615, "Pos_0:Pos_1_TG": 0.010974044120313695, "Pos_0:Pos_1_CG": -0.06161752906452285, "Pos_0_C": -0.13558136415462052, "Pos_0:Pos_1_GG": 0.0, "Pos_1_T": 0.0, "Pos_0:Pos_1_AT": -0.012834965535517776, "Pos_0:Pos_1_TT": 0.0, "Pos_0:Pos_1_AC": 0.0, "Pos_0_G": 0.1425541924465127, "GtoT": 0.04169493007274046, "CtoG": -0.4027549490473807, "AtoT": 0.36490206844681194, "TtoC": 0.09025038536173384, "Pos_1_A": 0.0, "Pos_0:Pos_1_TA": -0.0816212784520915, "Pos_0:Pos_1_GC": 0.06284628458618134, "CtoT": -0.3572129566603114, "Pos_0_T": 0.05560611867111227, "Pos_0:Pos_1_CA": -0.060923989157688235, "GtoA": -0.3689553120399605, "Pos_1_C": 0.0, "TtoG": 0.0, "GC_feature": -0.05793208341746513, "TtoA": 0.46152356638811065, "CtoA": 0.0, "Pos_0:Pos_1_GT": 0.0, "Pos_0:Pos_1_AA": 0.0, "Pos_0:Pos_1_CT": 0.0, "Pos_0_A": 0.0, "Pos_0:Pos_1_CC": 0.0, "Pos_0:Pos_1_AG": -0.08827590352185666}