{"TtoA": 0.4289503622866923, "CtoA": -0.029845407872538227, "GtoA": -0.4415598283282474, "GC_feature": -0.12684843977822097, "GtoC": -1.1982357255794027, "CtoG": -1.3015966494995825, "AtoC": -0.09840164883833641, "GtoT": 0.01445861276688887, "TtoC": 0.04518631143700298, "CtoT": -0.4252828369240157, "TtoG": 0.022739028507845097, "AtoT": 0.4083520976097271, "AtoG": 0.03503042349045946}