{"CtoG": -0.39360371482144385, "GtoC": -0.3290045247562014, "TtoG": 0.0, "TtoA": 0.432045834652126, "TtoC": 0.0, "AtoT": 0.38859317261383525, "GtoA": -0.39017939627876896, "GC_feature": -0.07857796083109475, "AtoC": -0.19271299293811883, "AtoG": 0.0, "CtoT": -0.44590173282708073, "CtoA": -0.01637824026721107, "GtoT": 0.04205105503238504}