{"param_alpha": {"3": 2.0, "4": 3.0, "0": 0.01, "2": 1.0, "1": 0.1}, "best_a_choice": 0.01, "rank_test_score": {"3": 4, "4": 5, "0": 1, "2": 3, "1": 2}, "split0_test_score": {"3": 0.7620105197, "4": 0.7619254773, "0": 0.762137855, "2": 0.76206118, "1": 0.7621300962}, "params": {"3": {"alpha": 2.0}, "4": {"alpha": 3.0}, "0": {"alpha": 0.01}, "2": {"alpha": 1.0}, "1": {"alpha": 0.1}}}