{"split0_test_score": {"1": 0.7593991989, "3": 0.7546461949, "4": 0.7526969292, "2": 0.7572401297, "0": 0.7595288957}, "params": {"1": {"alpha": 0.1}, "3": {"alpha": 2.0}, "4": {"alpha": 3.0}, "2": {"alpha": 1.0}, "0": {"alpha": 0.01}}, "param_alpha": {"1": 0.1, "3": 2.0, "4": 3.0, "2": 1.0, "0": 0.01}, "best_a_choice": 0.01, "rank_test_score": {"1": 2, "3": 4, "4": 5, "2": 3, "0": 1}}