{"TtoA": 1.1845784721228947, "Pos_1_A": 0.055028616669746004, "Pos_2_G": -0.21490346325614215, "Pos_0_C": -0.0016636959800514959, "CtoG": -1.7178256863180141, "AtoC": 0.14288144660439497, "Pos_2_C": 0.11666348111305509, "CtoA": 0.05389535757458197, "Pos_3_A": -0.04856193304716392, "Pos_0_G": 0.0, "Pos_3_C": 0.0, "GtoC": -1.8547930525732041, "GtoA": -0.18278686433585437, "Pos_3_T": 0.047779731526396224, "Pos_0_T": 0.29679610734698075, "Pos_1_C": -0.15658351328413028, "Pos_0_A": 0.03329694870882861, "TtoG": 0.45010191309143904, "Pos_3_G": 0.0028615675748079107, "Pos_2_A": 0.0, "GtoT": 0.4544293439006181, "Pos_2_T": 0.17362195549294535, "Pos_1_T": 0.0, "AtoG": 0.29834783745037846, "AtoT": 1.112079705113733, "CtoT": -0.19912892834403234, "TtoC": 0.3218191874924308, "Pos_1_G": 0.37677586724763296}