{"split0_test_score": {"2": 0.7730211711, "3": 0.7730173565, "1": 0.7738355903, "0": 0.7723688728}, "param_C": {"2": 10.0, "3": 100.0, "1": 1.0, "0": 0.1}, "params": {"2": {"penalty": "l1", "C": 10.0}, "3": {"penalty": "l1", "C": 100.0}, "1": {"penalty": "l1", "C": 1.0}, "0": {"penalty": "l1", "C": 0.1}}, "param_penalty": {"2": "l1", "3": "l1", "1": "l1", "0": "l1"}, "best_c_choice": 1.0, "rank_test_score": {"2": 2, "3": 3, "1": 1, "0": 4}}