{"Pos_0:Pos_1_GG": 0.0, "Pos_0_C": -0.13837369123256424, "GtoT": 0.014065607570660343, "Pos_0:Pos_1_CG": -0.02310515270070753, "Pos_0:Pos_1_GA": 0.0, "CtoT": -0.4270642763954961, "Pos_0:Pos_1_AG": 0.0, "Pos_0_A": 0.0, "Pos_0:Pos_1_GT": 0.021231847854731027, "Pos_0_G": 0.21007347474880023, "Pos_0:Pos_1_TT": 0.0, "TtoA": 0.45557157916355945, "CtoG": -0.683172603913341, "Pos_0:Pos_1_GC": 0.07640722285561172, "Pos_1_T": 0.0, "AtoG": 0.0, "Pos_1_C": 0.0, "CtoA": -0.03244385290719421, "GtoA": -0.44655535151929115, "TtoC": 0.014950440911875985, "AtoT": 0.3962685034294114, "Pos_1_A": 0.0, "Pos_0:Pos_1_TA": -0.10317895016485502, "Pos_0:Pos_1_AA": 0.018487077936849967, "GtoC": -0.6241292379474763, "Pos_0:Pos_1_CA": -0.06281369812416933, "Pos_0:Pos_1_TG": 0.011361533488781932, "GC_feature": -0.1094917840378214, "Pos_0:Pos_1_TC": 0.016674842985947333, "Pos_0:Pos_1_AC": 0.0, "AtoC": -0.09451879333779926, "Pos_1_G": -0.24793771258947903, "Pos_0:Pos_1_CC": 0.0, "Pos_0:Pos_1_AT": -0.03790060089759057, "Pos_0_T": 0.0, "TtoG": 0.024886316958991215, "Pos_0:Pos_1_CT": 0.042513855589927894}