{"Pos_1:Pos_3_TC": 0.0, "Pos_2:Pos_3_CT": 0.015692114238172104, "Pos_1:Pos_3_CG": -0.0037553790210099434, "Pos_2:Pos_3_AC": 0.0, "Pos_0:Pos_3_CA": -0.003631409232952528, "Pos_1:Pos_2_CT": 0.0, "Pos_0:Pos_1_AT": 0.0, "Pos_0:Pos_1_CG": -0.10191102659809799, "Pos_1:Pos_3_CC": 0.0, "Pos_0:Pos_3_AT": 0.03392895091551646, "Pos_0:Pos_3_GA": -0.021173613837625567, "Pos_2_G": -0.13975757535429395, "Pos_2:Pos_3_CA": 0.024676240376425847, "TtoC": 0.017375012940509436, "Pos_0:Pos_2_CC": 0.002547561897928911, "Pos_1:Pos_3_AC": 0.0, "Pos_1:Pos_2_GG": 0.0, "TtoG": 0.005002544362238446, "Pos_1:Pos_3_AG": 0.01122691733070357, "Pos_0:Pos_2_TA": 0.010098929213269993, "Pos_1_T": 0.0, "Pos_1:Pos_3_GC": 0.0, "Pos_2:Pos_3_TA": 0.0, "Pos_1:Pos_2_GT": 0.0, "Pos_0:Pos_1_AC": -0.11572813883096889, "Pos_2_C": 0.022429575704661465, "Pos_3_C": 0.0, "Pos_1:Pos_2_TT": 0.003276431663841479, "Pos_1:Pos_2_AT": -0.07034489180139765, "Pos_0:Pos_1_TG": 0.0747792960200534, "Pos_2:Pos_3_AT": 0.0, "Pos_1:Pos_2_AA": 0.050549006423343604, "Pos_0:Pos_2_GT": -0.023304494969239448, "Pos_0:Pos_2_GC": 0.0, "Pos_0_A": 0.0, "Pos_1_C": 0.0, "Pos_0:Pos_1_TA": 0.013451863429139609, "Pos_1:Pos_3_GA": -0.009639260954826577, "Pos_0:Pos_3_TA": 0.0, "AtoC": -0.09225462458123279, "Pos_1:Pos_2_CG": -0.06084203463914195, "Pos_0:Pos_2_GG": 0.0, "Pos_0:Pos_2_TT": 0.002838408677633738, "Pos_1:Pos_2_TA": -0.08312214149086947, "Pos_2:Pos_3_CG": -0.03513192919363128, "Pos_0:Pos_2_AT": 0.06393541779763658, "Pos_0:Pos_2_GA": -0.04328075084398721, "Pos_1:Pos_2_TC": -0.01965940989570777, "Pos_3_A": 0.0, "Pos_0:Pos_3_CG": 0.0, "Pos_0:Pos_2_CG": 0.0, "Pos_1_A": 0.0, "Pos_2:Pos_3_AG": 0.06370594154452369, "Pos_0:Pos_2_TG": -0.026609904363716644, "Pos_1:Pos_3_GG": 0.00043899015977966313, "Pos_2:Pos_3_AA": -0.026242807440867152, "Pos_2:Pos_3_GA": -0.07892250733530806, "Pos_0:Pos_2_AC": 0.0, "Pos_0:Pos_2_AA": 0.0, "Pos_1:Pos_3_CT": -0.0555287513988906, "Pos_0:Pos_3_AG": 0.0, "Pos_0:Pos_3_CT": 0.0, "Pos_0:Pos_3_AA": 0.0, "CtoG": -0.6045732034971554, "Pos_3_T": 0.0, "Pos_0:Pos_1_AG": 0.0, "Pos_2:Pos_3_TT": 0.07707083238389158, "Pos_1:Pos_3_TA": 0.053110196478830175, "Pos_0:Pos_2_AG": -0.0688763853779565, "AtoT": 0.3937419105611543, "TtoA": 0.41568166073815294, "Pos_0_G": -0.012884664479162377, "Pos_1:Pos_2_GC": 0.06334613246162427, "Pos_2:Pos_3_CC": 0.0, "Pos_0:Pos_1_GT": -0.013820355518466155, "Pos_1:Pos_2_GA": 0.0, "GC_feature": -0.10330552570523319, "Pos_1:Pos_3_CA": 0.0, "Pos_1_G": 0.24310735339720616, "GtoT": 0.03154500131530661, "Pos_0:Pos_3_GG": 0.00022739036756025033, "Pos_1:Pos_3_GT": 0.00048821573627809466, "Pos_0:Pos_1_CA": 0.08570638631154157, "Pos_0:Pos_1_TC": -0.04125695479501426, "Pos_1:Pos_3_AT": 0.015977659350443613, "Pos_1:Pos_2_CA": -0.005083980320284394, "Pos_2_A": 0.0, "CtoT": -0.4220626517586366, "CtoA": -0.04799006035968723, "Pos_1:Pos_2_TG": 0.0, "Pos_0:Pos_2_TC": 0.0, "Pos_0:Pos_1_AA": 0.0, "Pos_2_T": 0.0, "Pos_0:Pos_1_TT": 0.04262300003046621, "Pos_1:Pos_3_TG": 0.0, "Pos_0:Pos_3_TT": 0.019002374057176245, "Pos_0:Pos_3_TC": 0.03816731231361359, "Pos_0:Pos_3_GC": 0.0, "Pos_1:Pos_3_AA": -0.00872696381506157, "Pos_0:Pos_3_CC": 0.0, "Pos_0:Pos_3_GT": -0.03546180021499671, "Pos_0:Pos_1_GC": 0.0, "Pos_0:Pos_2_CT": 0.0, "Pos_2:Pos_3_GT": -0.001035449013278058, "Pos_0:Pos_1_CC": 0.010766382157833666, "Pos_1:Pos_3_TT": 0.0, "Pos_2:Pos_3_TG": -0.01549249326814268, "Pos_1:Pos_2_CC": 0.0, "GtoC": -0.5758040053551378, "GtoA": -0.4517818111984068, "Pos_0:Pos_3_TG": -0.005643429064736092, "Pos_0:Pos_2_CA": -0.045889622570699555, "Pos_2:Pos_3_GC": 0.0, "Pos_1:Pos_2_AG": 0.0, "Pos_0_T": 0.01810535726455391, "Pos_0_C": 0.0, "Pos_2:Pos_3_GG": 0.05892564769063836, "Pos_0:Pos_1_CT": -0.00571793399419293, "AtoG": 0.0, "Pos_0:Pos_1_GG": 0.0, "Pos_0:Pos_1_GA": -0.020828804233569555, "Pos_3_G": 0.0, "Pos_1:Pos_2_AC": 0.023263060009701086, "Pos_2:Pos_3_TC": 0.029220924492454805, "Pos_0:Pos_3_AC": -0.01640260652401987}