{"Pos_33_C": 0.07589148557244822, "Pos_21_T": 0.11465947815434273, "Pos_43_T": -0.05621486032830826, "Pos_57_G": -0.020453919448145324, "Pos_22_T": 0.12254146083016079, "Pos_28_C": -0.04488044521963968, "Pos_25_G": 0.0, "Pos_52_T": 0.0, "AtoG": 0.163441647225266, "Pos_30_A": 0.0, "Pos_59_A": 0.08860170783599462, "Pos_40_T": -0.01212094155181851, "Pos_8_C": -0.028961489074901182, "Pos_15_C": -0.006726249528805481, "Pos_36_C": 0.13780376332449004, "Pos_15_A": 0.0, "Pos_27_A": 0.0643590199445423, "Pos_56_C": -0.09225510305734075, "Pos_1_A": 0.04354063520720096, "Pos_37_A": -0.01984243294769969, "Pos_15_T": 0.07496457304150253, "Pos_55_C": 0.04607901957012918, "Pos_11_T": 0.016869737588073485, "Pos_47_C": -0.0911756730390337, "Pos_21_A": -0.023017503692085575, "Pos_48_A": -0.03057601077185522, "Pos_55_T": 0.0, "Pos_36_T": 0.06629863011568424, "Pos_54_A": -0.012092923283680385, "Pos_48_T": 0.08271969516419386, "Pos_45_T": 0.15605850825750744, "Pos_45_A": -0.012704939747595331, "Pos_58_A": 0.00010093353927948503, "Pos_42_C": 0.07857840269767391, "Pos_48_G": -0.017710262425017605, "Pos_44_C": -0.04709069830413051, "Pos_20_T": 0.05768401578928508, "Pos_10_T": 0.08843194285932263, "Pos_39_A": 0.013899787820392504, "Pos_25_T": 0.07215025528213666, "Pos_18_T": 0.08532021385187659, "Pos_24_C": 0.008740356462696752, "Pos_33_G": -0.07779550497503, "Pos_29_C": -0.18629150653413004, "Pos_12_C": -0.026529191460930777, "Pos_40_G": 0.0, "Pos_47_T": 0.08915588015630951, "Pos_18_C": -0.006506422808539749, "Pos_38_G": 0.0, "Pos_47_G": 0.0, "CtoT": -0.3777716419983446, "AtoC": -0.21733095211088316, "Pos_38_C": -0.06743029014309969, "Pos_0_A": 0.06786669091019538, "Pos_28_T": 0.20097608267988917, "Pos_50_C": 0.0, "Pos_52_G": 0.10910123385319875, "Pos_35_G": 0.0, "Pos_24_G": 0.0, "Pos_0_C": 0.0, "Pos_23_G": 0.09833829501542965, "Pos_55_A": -0.024558941244806825, "Pos_8_A": 0.0, "Pos_54_T": 0.11414431404451103, "Pos_26_A": 0.0, "Pos_56_A": 0.0, "Pos_25_A": -0.01236358686460999, "Pos_9_A": -0.023250161612966783, "Pos_34_G": 0.08606538072027856, "Pos_5_A": 0.0, "Pos_52_C": 0.043722968499267774, "Pos_17_G": 0.0, "Pos_13_A": 0.0, "Pos_41_T": 0.10000937294719972, "Pos_11_G": 0.1358757054497802, "Pos_46_G": 0.12306356387335708, "Pos_57_C": 0.0, "Pos_50_A": 0.06945057173098232, "CtoG": -2.266835052725032, "Pos_16_A": -0.029611813359188655, "Pos_4_C": 0.10933258640997047, "Pos_56_G": 0.03494375264755448, "Pos_12_G": -0.004274079492519913, "Pos_51_C": 0.02397357029992667, "Pos_2_A": -0.0013119182069993233, "Pos_18_A": 0.05682160408883602, "Pos_39_C": 0.0, "Pos_33_T": 0.12842958640144334, "Pos_1_T": 0.0, "Pos_3_C": -0.005224974512878788, "Pos_13_T": 0.08617203605631298, "Pos_59_G": 0.0, "Pos_50_G": 0.015052602032693384, "Pos_32_C": -0.00695236057415309, "Pos_31_T": 0.058201783540213534, "Pos_1_C": 0.04382074492314524, "Pos_14_C": 0.0, "GtoC": -2.4427825366239655, "Pos_31_C": 0.024521739747084322, "Pos_36_G": -0.0033749580217710346, "Pos_20_A": -0.038560753163372846, "Pos_34_A": 0.0, "Pos_9_C": 0.0, "Pos_30_G": -0.19451973690848545, "Pos_51_T": 0.0, "Pos_26_G": 0.038475507605864656, "Pos_15_G": 0.01913512133643408, "Pos_44_T": 0.10711851248089661, "Pos_13_G": -0.0394297850494954, "Pos_10_G": 0.0, "Pos_3_G": 0.0, "Pos_37_T": 0.0, "Pos_23_A": -0.032878170314482764, "Pos_43_C": 0.009540905305021259, "Pos_43_G": 0.04056904685552749, "Pos_18_G": 0.0, "Pos_16_C": 0.05309823704980824, "Pos_56_T": 0.022636814583466596, "Pos_29_A": 0.0, "Pos_28_G": 0.0, "Pos_58_C": 0.0, "Pos_19_G": -0.006728083004629532, "Pos_59_C": -0.022389378401954915, "Pos_41_G": 0.0, "Pos_21_G": 0.0, "Pos_32_G": -0.01940075792468313, "Pos_28_A": 0.13252251274093985, "CtoA": 0.0, "Pos_33_A": 0.0, "Pos_36_A": 0.0, "Pos_54_G": 0.0, "Pos_7_C": -0.02745359268244975, "Pos_39_T": 0.09518517240010299, "Pos_40_A": 0.06735989800504509, "Pos_10_A": -0.03699436186481146, "Pos_22_C": 0.06777943556449846, "Pos_53_C": 0.0, "Pos_19_A": 0.0, "Pos_12_A": 0.10600304959846657, "Pos_32_T": 0.06239053570794259, "Pos_39_G": -0.029354398612137022, "AtoT": 0.8099508738084318, "Pos_4_G": -0.004453399371022588, "Pos_55_G": 0.08294156438266613, "Pos_11_A": -0.02569935088758069, "TtoA": 1.0287625858181366, "Pos_25_C": 0.047261607552093854, "Pos_41_A": 0.039114674918005195, "Pos_35_A": 0.07743137008487437, "Pos_27_T": 0.22590058764292256, "Pos_26_T": 0.09948248741937317, "Pos_14_A": -0.010490479373774534, "Pos_27_C": -0.063093974606228, "Pos_6_G": 0.0, "Pos_32_A": 0.09450829673407583, "Pos_23_T": 0.07413367908596367, "Pos_16_G": 0.0, "Pos_7_T": 0.05420432184397188, "Pos_24_A": -0.06639306342447833, "Pos_34_T": -0.023676836077470585, "Pos_4_T": 0.09142922242831604, "Pos_41_C": -0.03958201254843392, "Pos_19_T": 0.03623305557716109, "Pos_20_G": 0.09171376489404529, "Pos_49_G": 0.06907272751455282, "Pos_53_G": -0.003538636227210343, "Pos_50_T": -0.018142895786112175, "Pos_51_A": 0.04023240871932589, "Pos_3_A": 0.13584572035109443, "Pos_2_T": 0.0, "Pos_6_C": -0.00018662829588611817, "TtoC": 0.21033300724839316, "Pos_46_C": 0.0, "Pos_16_T": 0.1216132479081649, "Pos_48_C": 0.11744600881500318, "Pos_38_A": 0.04453724963944316, "Pos_42_T": 0.06828542949066753, "Pos_42_G": -0.06436893290990638, "Pos_0_T": 0.04867082400238582, "Pos_10_C": 0.08651330190476285, "Pos_29_G": 0.25410474069859845, "Pos_43_A": 0.0, "GtoT": 0.3031581944590292, "Pos_21_C": 0.012845499827383387, "Pos_6_A": 0.06873184651762011, "Pos_53_T": 0.008196516309682517, "Pos_7_A": 0.05957725833402612, "Pos_44_G": -0.028456807601034334, "Pos_12_T": 0.15588150050875102, "Pos_37_C": 0.0, "Pos_9_G": 0.013796125568267804, "Pos_46_A": -0.016645153957600998, "Pos_58_T": -0.010696182574803339, "Pos_19_C": 0.04886811364526537, "Pos_8_G": 0.07634903393070364, "Pos_17_T": 0.012166666981937767, "Pos_53_A": 0.06323021554116363, "Pos_27_G": 0.0, "Pos_51_G": -0.04442900009900001, "Pos_5_T": 0.044552037527590745, "Pos_35_T": 0.0591984608820843, "Pos_2_C": 0.023496491127320638, "Pos_49_A": -0.04429335306911385, "Pos_14_T": 0.0, "Pos_31_G": -0.06995594993366643, "GtoA": -0.4810087996382189, "Pos_13_C": 0.09081826664785793, "Pos_47_A": 0.024832301512570244, "Pos_22_A": -0.0459230159549664, "Pos_9_T": 0.0684716178275891, "Pos_38_T": 0.08256687744057503, "Pos_24_T": 0.10425549468852079, "Pos_6_T": 0.1659425073471756, "Pos_5_G": 0.19937031522380516, "Pos_0_G": -0.03224978451852221, "Pos_34_C": 0.009515872979040373, "Pos_7_G": 0.0, "Pos_17_C": 0.005972780567145189, "Pos_58_G": 0.13202834547151407, "Pos_44_A": 0.08781512830237719, "Pos_49_C": 0.03357659576439779, "Pos_57_T": 0.011490462488628693, "Pos_54_C": 0.010159546211090352, "Pos_17_A": -0.07773941626581618, "Pos_45_G": -0.019002461264102172, "Pos_31_A": 0.0, "Pos_23_C": -0.0654306637998679, "Pos_4_A": -0.11425063262003472, "Pos_52_A": -0.04231337864064664, "Pos_49_T": 0.0, "Pos_37_G": 0.09851448467329545, "Pos_40_C": 0.06657248942844447, "Pos_30_T": 0.006937741058617359, "TtoG": 0.12206170141758621, "Pos_14_G": 0.1664307644531193, "Pos_42_A": 0.0, "Pos_3_T": 0.1051418760808582, "Pos_57_A": 0.11430498365365549, "Pos_29_T": 0.010082644392194837, "Pos_35_C": -0.005920289016916673, "Pos_26_C": -0.038038299491567396, "Pos_22_G": 0.0, "Pos_59_T": 0.06479886231019046, "Pos_20_C": 0.0, "Pos_45_C": 0.13590050569843853, "Pos_11_C": 0.0, "Pos_2_G": 0.045653853924204665, "Pos_30_C": 0.008080043808801333, "Pos_46_T": 0.03267350999398534, "Pos_8_T": 0.02974989449221651, "Pos_5_C": -0.0864232246708274, "Pos_1_G": -0.036585529825678934}