{"Pos_0_T": -0.10174514814147513, "GtoC": -1.2333279600190943, "GC_feature": -0.134047556538832, "AtoG": 0.1293929899659511, "Pos_1_A": -0.11298887570710099, "Pos_0_C": -0.14976171260465876, "CtoT": -0.3574418434708458, "Pos_1_C": 0.07096155876893473, "GtoA": -0.3150300454896898, "Pos_1_T": 0.015981917606129298, "AtoT": 0.5155337278738106, "AtoC": -0.01981026168141411, "GtoT": 0.12893185128389326, "Pos_1_G": -0.273359457114914, "TtoA": 0.5575832233871396, "TtoG": 0.013297772271113506, "Pos_0_A": -0.01916388903879681, "CtoG": -1.0685310515075312, "CtoA": 0.07703623708811734, "Pos_0_G": 0.18492180005453485, "TtoC": 0.15392386972678587}