{"split0_test_score": {"1": 0.7659965669, "3": 0.7632347892, "4": 0.7617547206, "0": 0.7659279039, "2": 0.7649742514}, "rank_test_score": {"1": 1, "3": 4, "4": 5, "0": 2, "2": 3}, "params": {"1": {"alpha": 0.1}, "3": {"alpha": 2.0}, "4": {"alpha": 3.0}, "0": {"alpha": 0.01}, "2": {"alpha": 1.0}}, "param_alpha": {"1": 0.1, "3": 2.0, "4": 3.0, "0": 0.01, "2": 1.0}, "best_a_choice": 0.1}