{"rank_test_score": {"0": 1, "3": 4, "1": 2, "2": 3, "4": 5}, "best_a_choice": 0.01, "param_alpha": {"0": 0.01, "3": 2.0, "1": 0.1, "2": 1.0, "4": 3.0}, "params": {"0": {"alpha": 0.01}, "3": {"alpha": 2.0}, "1": {"alpha": 0.1}, "2": {"alpha": 1.0}, "4": {"alpha": 3.0}}, "split0_test_score": {"0": 0.7109898913, "3": 0.7003547587, "1": 0.7071447644, "2": 0.7011977875, "4": 0.7001525844}}