{"rank_test_score": {"4": 5, "1": 2, "0": 1, "3": 4, "2": 3}, "best_a_choice": 0.01, "split0_test_score": {"4": 0.7564333397, "1": 0.7576082396, "0": 0.7576311272, "3": 0.7570703796, "2": 0.7575739081}, "param_alpha": {"4": 3.0, "1": 0.1, "0": 0.01, "3": 2.0, "2": 1.0}, "params": {"4": {"alpha": 3.0}, "1": {"alpha": 0.1}, "0": {"alpha": 0.01}, "3": {"alpha": 2.0}, "2": {"alpha": 1.0}}}