{"params": {"4": {"alpha": 3.0}, "1": {"alpha": 0.1}, "3": {"alpha": 2.0}, "2": {"alpha": 1.0}, "0": {"alpha": 0.01}}, "best_a_choice": 3.0, "rank_test_score": {"4": 1, "1": 4, "3": 2, "2": 3, "0": 5}, "param_alpha": {"4": 3.0, "1": 0.1, "3": 2.0, "2": 1.0, "0": 0.01}, "split0_test_score": {"4": 0.6643612179, "1": 0.6591365905, "3": 0.6637425691, "2": 0.6628300754, "0": 0.6540980978}}