{"param_alpha": {"0": 0.01, "4": 3.0, "2": 1.0, "1": 0.1, "3": 2.0}, "rank_test_score": {"0": 2, "4": 5, "2": 3, "1": 1, "3": 4}, "best_a_choice": 0.1, "params": {"0": {"alpha": 0.01}, "4": {"alpha": 3.0}, "2": {"alpha": 1.0}, "1": {"alpha": 0.1}, "3": {"alpha": 2.0}}, "split0_test_score": {"0": 0.7620274652, "4": 0.7599065421, "2": 0.7616345604, "1": 0.7620808697, "3": 0.7607419416}}