{"param_alpha": {"4": 3.0, "2": 1.0, "0": 0.01, "1": 0.1, "3": 2.0}, "params": {"4": {"alpha": 3.0}, "2": {"alpha": 1.0}, "0": {"alpha": 0.01}, "1": {"alpha": 0.1}, "3": {"alpha": 2.0}}, "split0_test_score": {"4": 0.7558101112, "2": 0.7568144933, "0": 0.7570709895, "1": 0.7570871156, "3": 0.7562905472}, "best_a_choice": 0.1, "rank_test_score": {"4": 5, "2": 3, "0": 2, "1": 1, "3": 4}}