{"TtoC": 0.09005359236657906, "CtoA": 0.07522867881320391, "TtoG": 0.08967491656752724, "GtoT": 0.12123658464482599, "CtoG": -1.0877019394733358, "CtoT": -0.3909769650554149, "GtoC": -1.186047418450322, "AtoT": 0.4453270260118063, "TtoA": 0.4342603862927679, "GC_feature": -0.0945389186120628, "AtoG": 0.1046288811122392, "GtoA": -0.3439369208061155, "AtoC": -0.10761321115074433}