{"rank_test_score": {"1": 2, "2": 3, "0": 1, "3": 4, "4": 5}, "best_a_choice": 0.01, "param_alpha": {"1": 0.1, "2": 1.0, "0": 0.01, "3": 2.0, "4": 3.0}, "params": {"1": {"alpha": 0.1}, "2": {"alpha": 1.0}, "0": {"alpha": 0.01}, "3": {"alpha": 2.0}, "4": {"alpha": 3.0}}, "split0_test_score": {"1": 0.7280717147, "2": 0.7215906924, "0": 0.7323669655, "3": 0.7196376121, "4": 0.7183063132}}