{"CtoT": -0.020688638415768793, "GtoC": -2.4101709059846406, "TtoC": 0.6103851379857004, "AtoC": 0.2727893424269687, "TtoA": 1.3694993161530054, "CtoG": -2.4940694043914324, "GtoA": -0.06496525945632543, "AtoT": 1.3379447362233883, "GtoT": 0.5744352349561724, "CtoA": 0.46754114091428506, "TtoG": 0.6363868328036504, "AtoG": 0.6022692470150196}