{"Pos_0:Pos_1:Pos_3_TAC": 0.0, "Pos_1:Pos_2:Pos_3_GTT": 0.0, "Pos_0:Pos_1:Pos_2_GCC": 0.0, "Pos_0:Pos_1:Pos_3_AAG": 0.0, "Pos_0:Pos_1:Pos_3_TCA": 0.0, "Pos_0:Pos_2:Pos_3_TCA": 0.0, "Pos_0:Pos_1:Pos_3_GTT": 0.0, "Pos_0:Pos_2:Pos_3_ACA": 0.0, "Pos_1:Pos_2_GG": 0.0, "Pos_0:Pos_1:Pos_3_ATT": 0.020782818479738552, "Pos_0:Pos_1:Pos_2_TAA": 0.17541610583853243, "Pos_1:Pos_2:Pos_3_ATT": 0.0, "CtoA": 0.04904306983435552, "Pos_1:Pos_2_AC": 0.0, "AtoT": 0.9227385718203336, "Pos_0:Pos_1:Pos_2_TTC": 0.0, "Pos_0:Pos_1:Pos_2_AAA": 0.0, "Pos_0:Pos_3_TG": 0.0, "Pos_2:Pos_3_GT": 0.0, "Pos_0:Pos_1:Pos_3_CAG": 0.0, "Pos_0:Pos_2:Pos_3_TAG": 0.0, "Pos_0:Pos_1:Pos_2_CAA": 0.0, "Pos_0:Pos_2_CC": 0.0, "Pos_1:Pos_2:Pos_3_ACT": 0.03356101878411379, "Pos_0:Pos_2_AT": 0.015487675704313409, "Pos_0:Pos_2:Pos_3_CAT": 0.0, "Pos_2:Pos_3_CT": 0.18802092094355194, "Pos_0:Pos_2:Pos_3_AAG": 0.0, "Pos_0:Pos_1:Pos_2_CAC": 0.0, "Pos_1:Pos_2_TC": 0.0, "Pos_0:Pos_1_CT": 0.0, "Pos_1:Pos_2_CT": 0.04255292286038444, "Pos_0:Pos_2:Pos_3_GCC": 0.0, "Pos_0:Pos_1:Pos_3_CTC": 0.0, "Pos_0:Pos_1:Pos_2_AGT": 0.0, "Pos_1:Pos_2:Pos_3_GTA": 0.0, "Pos_0:Pos_1:Pos_3_AGA": 0.04433303796995506, "Pos_0:Pos_2_GT": 0.0, "Pos_0:Pos_3_CG": 0.0, "Pos_0:Pos_1:Pos_3_GCC": 0.0, "Pos_1:Pos_3_CT": -0.10359467188670352, "Pos_0:Pos_1:Pos_3_CGG": 0.0, "Pos_0:Pos_1:Pos_2_CGG": 0.0, "Pos_1:Pos_2:Pos_3_CTT": 0.0, "Pos_0:Pos_2:Pos_3_AAT": 0.0, "Pos_0:Pos_1:Pos_3_TTG": 0.0, "Pos_0:Pos_1:Pos_3_TGC": 0.04639641540897519, "Pos_0:Pos_1:Pos_2_GCG": 0.0, "Pos_1:Pos_2:Pos_3_AAC": 0.0, "Pos_0:Pos_2:Pos_3_TCT": 0.054750258940926624, "Pos_1:Pos_2_CG": -0.042549409341696626, "Pos_0:Pos_1:Pos_2_GAA": 0.0, "Pos_1_A": 0.0, "Pos_0:Pos_2:Pos_3_CGA": 0.0, "Pos_0:Pos_1:Pos_2_CGT": 0.0, "Pos_1:Pos_2:Pos_3_CTG": 0.0, "GtoC": -1.879987498199581, "Pos_1:Pos_3_GG": 0.0, "Pos_0:Pos_1_AC": -0.12668570172705065, "Pos_0:Pos_2:Pos_3_CAC": 0.0, "Pos_0:Pos_1:Pos_2_TTG": 0.0, "Pos_1:Pos_2_TT": 0.017866416512188222, "Pos_0:Pos_2:Pos_3_TTT": 0.0, "Pos_0:Pos_1:Pos_2_ATG": 0.0, "Pos_0:Pos_2_TT": 0.0, "Pos_0:Pos_1:Pos_3_GCA": 0.08375295733179515, "Pos_1:Pos_2:Pos_3_TTC": 0.0, "Pos_0:Pos_2:Pos_3_CTG": 0.0, "Pos_0:Pos_1:Pos_3_GAT": 0.0, "Pos_0:Pos_1_CA": 0.09356806897845305, "Pos_0:Pos_1:Pos_2_GGT": 0.0, "Pos_1:Pos_2:Pos_3_GAG": 0.0, "Pos_1:Pos_3_GA": 0.0, "Pos_0:Pos_1:Pos_3_TAG": 0.0, "Pos_0:Pos_1:Pos_2_CTT": 0.0, "Pos_1:Pos_2:Pos_3_TGT": 0.0, "Pos_0:Pos_2:Pos_3_TGC": 0.0, "Pos_1:Pos_2_GA": 0.0, "Pos_0:Pos_1:Pos_2_GCA": 0.0, "Pos_0:Pos_2:Pos_3_GAT": 0.0, "Pos_0:Pos_2:Pos_3_AGG": -0.11307317982769974, "Pos_1:Pos_2:Pos_3_CCT": -0.06372886114223908, "Pos_0:Pos_2_TC": 0.0, "Pos_0:Pos_3_TC": 0.049281051290612235, "Pos_1:Pos_2_CA": -0.1268791507207039, "Pos_0:Pos_1:Pos_2_CGA": 0.0, "Pos_1:Pos_2:Pos_3_AGC": -0.041510955189287296, "Pos_0:Pos_3_GA": 0.0, "Pos_2:Pos_3_AC": 0.0, "Pos_1:Pos_2:Pos_3_TAT": -0.03585004502370281, "Pos_2:Pos_3_AT": 0.0, "Pos_0:Pos_1:Pos_2_TCG": 0.04115891666005501, "Pos_0:Pos_3_CC": 0.0, "Pos_1:Pos_2:Pos_3_TGA": 0.0, "Pos_1:Pos_3_TT": 0.0, "Pos_0:Pos_1:Pos_3_GGA": 0.0, "Pos_1:Pos_2:Pos_3_GGG": 0.0, "Pos_0:Pos_1_AG": 0.0, "Pos_1:Pos_2:Pos_3_CAC": -0.07849766544787436, "Pos_1:Pos_2:Pos_3_GAT": 0.10273462839921693, "Pos_0:Pos_1:Pos_3_TGA": 0.0, "Pos_0:Pos_2:Pos_3_CCC": 0.06278044050950915, "Pos_0:Pos_2:Pos_3_TAA": 0.0, "Pos_0:Pos_2:Pos_3_TTC": 0.0, "Pos_0:Pos_2_CA": 0.0, "Pos_0:Pos_1_TG": 0.0, "Pos_2:Pos_3_CC": 0.0, "Pos_0:Pos_1_GC": 0.0, "Pos_0:Pos_1_AT": 0.05419094366514454, "Pos_0:Pos_1:Pos_3_TGT": 0.021184786020165443, "Pos_1:Pos_2:Pos_3_CTA": 0.15061756783423316, "Pos_0:Pos_2_CG": 0.0413937750669516, "Pos_1:Pos_3_TC": 0.010420532620545023, "Pos_1:Pos_2:Pos_3_GCC": 0.0, "Pos_2:Pos_3_GA": -0.18905851883174138, "Pos_0:Pos_2:Pos_3_GGC": 0.0, "Pos_0:Pos_2:Pos_3_CGC": 0.0, "Pos_3_A": 0.0, "Pos_1:Pos_3_CG": 0.021591950536045103, "GtoT": 0.1618101187133552, "Pos_1:Pos_2_TG": 0.0, "Pos_0:Pos_3_TA": 0.0, "Pos_0:Pos_1:Pos_2_TAG": -0.12230643617836731, "Pos_0:Pos_1_GG": 0.01183975764711486, "Pos_0:Pos_1:Pos_3_GGG": 0.0, "Pos_2_T": 0.05532819470284658, "Pos_1:Pos_2:Pos_3_ACA": 0.0, "Pos_1:Pos_2_AT": 0.0, "Pos_0:Pos_1:Pos_3_CGA": -0.060722549555173776, "Pos_1:Pos_2_AA": 0.03614927612844713, "Pos_0:Pos_3_CT": 0.0, "Pos_0:Pos_1:Pos_2_ATC": 0.0, "Pos_0:Pos_2:Pos_3_ATC": 0.0, "Pos_0:Pos_1:Pos_2_AGG": 0.0, "Pos_1:Pos_3_AT": 0.0, "Pos_0:Pos_1:Pos_3_TCG": 0.0, "Pos_0:Pos_2:Pos_3_ATG": 0.15102194391092746, "Pos_0:Pos_1:Pos_3_CTT": 0.0, "Pos_1:Pos_2:Pos_3_AGT": 0.11467661007939978, "Pos_1:Pos_2:Pos_3_CAA": 0.0, "Pos_0:Pos_1:Pos_2_CAG": 0.0, "Pos_0:Pos_2_TA": 0.0, "Pos_0:Pos_1:Pos_2_GGC": 0.0, "Pos_0:Pos_1:Pos_3_TAT": 0.0, "Pos_1:Pos_2:Pos_3_ATG": 0.07910981505912638, "Pos_1:Pos_2:Pos_3_GTC": 0.24896098415829315, "Pos_0:Pos_1:Pos_2_GCT": 0.04769537499139484, "Pos_0:Pos_1:Pos_2_ACA": 0.0, "Pos_0:Pos_1:Pos_3_TTT": 0.0, "Pos_2:Pos_3_TT": 0.19385513804971416, "Pos_0:Pos_2:Pos_3_CCA": 0.0, "Pos_0:Pos_2:Pos_3_AGT": 0.0, "Pos_1:Pos_2:Pos_3_CTC": 0.0, "Pos_0:Pos_2:Pos_3_GGA": 0.0, "Pos_0:Pos_2:Pos_3_TAT": 0.03601076570417269, "Pos_1:Pos_2:Pos_3_AAG": 0.09555780265929648, "Pos_2:Pos_3_GG": 0.0, "Pos_1:Pos_2:Pos_3_ATC": 0.0, "Pos_0:Pos_1_GT": 0.0, "Pos_0:Pos_3_GT": -0.05469035189569111, "Pos_0:Pos_1:Pos_3_AAA": 0.0, "Pos_0:Pos_2:Pos_3_TTA": 0.0, "Pos_0:Pos_2:Pos_3_ACG": 0.0, "Pos_0:Pos_1:Pos_2_TAC": 0.002848697141998763, "Pos_1:Pos_2:Pos_3_TCT": 0.021755129259293432, "Pos_0:Pos_2:Pos_3_GCT": 0.0, "Pos_0:Pos_3_GC": 0.0, "Pos_1:Pos_2_GC": 0.07524661061894607, "Pos_1_T": 0.0, "Pos_0:Pos_1:Pos_2_TGT": -0.009780049500051268, "Pos_1:Pos_2:Pos_3_AGG": 0.0, "Pos_2:Pos_3_AG": 0.2222703060986108, "Pos_1:Pos_2:Pos_3_TGC": 0.011097839200820404, "Pos_0:Pos_1:Pos_3_AGT": 0.0, "Pos_0:Pos_1:Pos_3_TGG": -0.07088096410089527, "Pos_0:Pos_1:Pos_2_ATT": 0.0, "Pos_0_C": 0.0, "Pos_0:Pos_1:Pos_2_TTA": 0.0, "Pos_0:Pos_1:Pos_3_CAA": 0.0, "Pos_1:Pos_2:Pos_3_GCG": 0.0, "Pos_1:Pos_2:Pos_3_GAA": 0.0, "Pos_0:Pos_1:Pos_2_ACT": 0.0, "CtoG": -1.8234618069366537, "Pos_0:Pos_2:Pos_3_CTC": 0.0, "Pos_1:Pos_2:Pos_3_CGA": 0.0, "Pos_1:Pos_2:Pos_3_TAG": 0.0, "Pos_1:Pos_2:Pos_3_TCG": -0.13302475434793867, "Pos_0:Pos_1:Pos_2_AAG": 0.0, "Pos_0:Pos_1:Pos_3_TCC": 0.0, "Pos_0:Pos_1:Pos_3_ACT": 0.0, "Pos_0:Pos_2_GA": -0.0070088507567211645, "Pos_1:Pos_2:Pos_3_GGA": 0.0, "Pos_1:Pos_2:Pos_3_CGT": 0.0, "Pos_0:Pos_2:Pos_3_GCG": 0.0, "Pos_0:Pos_1:Pos_2_GAC": 0.0, "Pos_0:Pos_1:Pos_3_CAC": 0.0, "Pos_0:Pos_1:Pos_2_ACC": 0.005890058149052328, "Pos_0:Pos_1:Pos_2_AAC": 0.0, "Pos_0:Pos_1:Pos_2_CCT": 0.0, "Pos_0:Pos_2_AA": 0.05405246208449826, "Pos_2:Pos_3_TC": 0.0, "Pos_0:Pos_1_CC": 0.0, "Pos_2:Pos_3_GC": 0.0, "Pos_0:Pos_1:Pos_2_ACG": -0.013359453546744187, "Pos_1:Pos_2:Pos_3_TAA": 0.0, "Pos_0:Pos_1:Pos_2_ATA": 0.0, "Pos_2:Pos_3_CG": -0.008675001574011161, "Pos_0:Pos_1:Pos_2_GTG": 0.0, "Pos_0:Pos_1:Pos_2_GTT": 0.0, "Pos_0:Pos_1:Pos_2_AGA": 0.05846181318737983, "Pos_0:Pos_2:Pos_3_CAA": 0.0, "Pos_0:Pos_2:Pos_3_CAG": 0.07255928692234832, "Pos_1:Pos_2:Pos_3_GGC": 0.0, "Pos_0:Pos_1:Pos_3_GTG": 0.0, "AtoG": 0.14121229901059382, "Pos_0:Pos_2:Pos_3_GCA": 0.006184727676575079, "Pos_0:Pos_1:Pos_2_AAT": 0.0, "Pos_2:Pos_3_TG": 0.0, "Pos_0:Pos_1:Pos_3_CTG": -0.040069560111537735, "Pos_1:Pos_2:Pos_3_ACG": -0.07440678316570135, "Pos_0:Pos_1:Pos_2_TGC": 0.11230902927160605, "Pos_0:Pos_1:Pos_2_GTC": 0.0, "Pos_0:Pos_1:Pos_3_ACC": 0.05658255369616954, "Pos_0:Pos_1:Pos_2_TTT": 0.22924845931632942, "Pos_1:Pos_2:Pos_3_GCT": 0.0, "Pos_0:Pos_2:Pos_3_ACC": 0.0, "Pos_0:Pos_1:Pos_3_AGC": 0.0, "Pos_1:Pos_3_AA": -0.0025242832629358263, "Pos_0:Pos_1:Pos_2_CTA": -0.11957075101755889, "Pos_0:Pos_1:Pos_3_TCT": 0.0, "Pos_0:Pos_1:Pos_2_TAT": 0.0, "Pos_0:Pos_1:Pos_2_GAG": 0.1572066449756265, "Pos_0_T": 0.12465531278423332, "Pos_0:Pos_1_TA": 0.0, "Pos_0:Pos_1:Pos_2_CCC": 0.0, "Pos_0:Pos_1:Pos_2_AGC": 0.0, "Pos_1:Pos_3_CC": 0.0, "Pos_0:Pos_1:Pos_3_CCG": 0.017897400247649308, "Pos_1:Pos_2:Pos_3_GCA": 0.0, "Pos_0:Pos_1:Pos_2_TGG": 0.0, "TtoA": 0.9593794551661768, "Pos_1:Pos_2:Pos_3_TCA": 0.0, "Pos_0:Pos_2:Pos_3_ATA": -0.061149754202981424, "Pos_0:Pos_1:Pos_3_GAG": 0.0,