{"rank_test_score": {"4": 1, "2": 3, "3": 2, "1": 4, "0": 5}, "split0_test_score": {"4": 0.6681869824, "2": 0.6680356101, "3": 0.6681858414, "1": 0.6664943507, "0": 0.6636528867}, "param_alpha": {"4": 3.0, "2": 1.0, "3": 2.0, "1": 0.1, "0": 0.01}, "best_a_choice": 3.0, "params": {"4": {"alpha": 3.0}, "2": {"alpha": 1.0}, "3": {"alpha": 2.0}, "1": {"alpha": 0.1}, "0": {"alpha": 0.01}}}