{"AtoT": 0.35253381980933346, "AtoC": 0.0, "TtoA": 0.28357050731456607, "GtoC": -0.3340013370170389, "GtoT": 0.02114956959235549, "GtoA": -0.3598704995848374, "AtoG": 0.000178725395698071, "TtoC": 0.0, "CtoT": -0.45837310423836697, "CtoA": -0.012524568004689774, "TtoG": -0.007144906913122707, "GC_feature": -0.02943174022596155, "CtoG": -0.36017405881920567}