{"TtoC": 0.19307946147775187, "TtoA": 0.546652720180356, "GtoA": -0.2476574405870738, "CtoG": -1.1892904240455406, "CtoA": 0.056453632751259884, "GtoC": -1.0377276852230874, "AtoG": 0.20986670882325695, "AtoT": 0.5151394788112705, "AtoC": -0.018935277707174777, "TtoG": 0.10258894706272434, "CtoT": -0.22293083851652265, "GC_feature": -0.1211371799746912, "GtoT": 0.13848800672404218}