{"pos0": {"formula": "count ~ group * mut * base - group : mut : base", "deviance": 128.093245180676, "prob": 1.3930285522373243e-27, "rel_entropy": 0.0029483323017234267, "stats": "{\"group\":{\"8\":\"1\",\"9\":\"1\",\"10\":\"1\",\"11\":\"1\",\"12\":\"1\",\"13\":\"1\",\"14\":\"1\",\"15\":\"1\",\"0\":\"2\",\"1\":\"2\",\"2\":\"2\",\"3\":\"2\",\"4\":\"2\",\"5\":\"2\",\"6\":\"2\",\"7\":\"2\"},\"mut\":{\"8\":\"M\",\"9\":\"M\",\"10\":\"M\",\"11\":\"M\",\"12\":\"R\",\"13\":\"R\",\"14\":\"R\",\"15\":\"R\",\"0\":\"M\",\"1\":\"M\",\"2\":\"M\",\"3\":\"M\",\"4\":\"R\",\"5\":\"R\",\"6\":\"R\",\"7\":\"R\"},\"base\":{\"8\":\"A\",\"9\":\"C\",\"10\":\"G\",\"11\":\"T\",\"12\":\"A\",\"13\":\"C\",\"14\":\"G\",\"15\":\"T\",\"0\":\"A\",\"1\":\"C\",\"2\":\"G\",\"3\":\"T\",\"4\":\"A\",\"5\":\"C\",\"6\":\"G\",\"7\":\"T\"},\"count\":{\"8\":1568,\"9\":1183,\"10\":1672,\"11\":1301,\"12\":1234,\"13\":1525,\"14\":1368,\"15\":1597,\"0\":1199,\"1\":1495,\"2\":1561,\"3\":883,\"4\":1204,\"5\":1173,\"6\":1308,\"7\":1452},\"fitted\":{\"8\":1492.6162824598,\"9\":1352.1557607255,\"10\":1666.7554590276,\"11\":1212.4724977871,\"12\":1309.3837175402,\"13\":1355.8442392745,\"14\":1373.2445409724,\"15\":1685.5275022129,\"0\":1274.3837175402,\"1\":1325.8442392745,\"2\":1566.2445409724,\"3\":971.5275022129,\"4\":1128.6162824598,\"5\":1342.1557607255,\"6\":1302.7554590276,\"7\":1363.4724977871},\"ret\":{\"8\":0.0035564177,\"9\":-0.0072781807,\"10\":0.0002418075,\"11\":0.0042205713,\"12\":-0.003368358,\"13\":0.0082536664,\"14\":-0.0002409664,\"15\":-0.0039663431,\"0\":-0.0033655028,\"1\":0.0082638125,\"2\":-0.0002410234,\"3\":-0.0038837032,\"4\":0.003583622,\"5\":-0.0072742161,\"6\":0.0002419133,\"7\":0.0042048152}}", "df": 3}, "pos3": {"formula": "count ~ group * mut * base - group : mut : base", "deviance": 73.86503813799493, "prob": 6.343586466772603e-16, "rel_entropy": 0.0017001573939602018, "stats": "{\"group\":{\"8\":\"1\",\"9\":\"1\",\"10\":\"1\",\"11\":\"1\",\"12\":\"1\",\"13\":\"1\",\"14\":\"1\",\"15\":\"1\",\"0\":\"2\",\"1\":\"2\",\"2\":\"2\",\"3\":\"2\",\"4\":\"2\",\"5\":\"2\",\"6\":\"2\",\"7\":\"2\"},\"mut\":{\"8\":\"M\",\"9\":\"M\",\"10\":\"M\",\"11\":\"M\",\"12\":\"R\",\"13\":\"R\",\"14\":\"R\",\"15\":\"R\",\"0\":\"M\",\"1\":\"M\",\"2\":\"M\",\"3\":\"M\",\"4\":\"R\",\"5\":\"R\",\"6\":\"R\",\"7\":\"R\"},\"base\":{\"8\":\"A\",\"9\":\"C\",\"10\":\"G\",\"11\":\"T\",\"12\":\"A\",\"13\":\"C\",\"14\":\"G\",\"15\":\"T\",\"0\":\"A\",\"1\":\"C\",\"2\":\"G\",\"3\":\"T\",\"4\":\"A\",\"5\":\"C\",\"6\":\"G\",\"7\":\"T\"},\"count\":{\"8\":1784,\"9\":1277,\"10\":881,\"11\":1782,\"12\":1368,\"13\":1468,\"14\":1287,\"15\":1601,\"0\":1457,\"1\":1409,\"2\":987,\"3\":1285,\"4\":1307,\"5\":1415,\"6\":971,\"7\":1444},\"fitted\":{\"8\":1725.1921468134,\"9\":1322.4355376124,\"10\":980.4277951028,\"11\":1695.9445205737,\"12\":1426.8078531868,\"13\":1422.5644623877,\"14\":1187.5722050215,\"15\":1687.0554794275,\"0\":1515.8078531867,\"1\":1363.5644623877,\"2\":887.5722051361,\"3\":1371.0554794295,\"4\":1248.1921468136,\"5\":1460.4355376124,\"6\":1070.4277950517,\"7\":1357.9445205758},\"ret\":{\"8\":0.0027527951,\"9\":-0.0020552372,\"10\":-0.0043367188,\"11\":0.0040603402,\"12\":-0.0026505974,\"13\":0.0021246384,\"14\":0.0047635452,\"15\":-0.0038586919,\"0\":-0.0026539632,\"1\":0.002126053,\"2\":0.0048243715,\"3\":-0.0038344823,\"4\":0.0027699647,\"5\":-0.0020587083,\"6\":-0.0043575961,\"7\":0.0040844444}}", "df": 3}, "pos1": {"formula": "count ~ group * mut * base - group : mut : base", "deviance": 648.1347528934909, "prob": 3.6963057215037227e-140, "rel_entropy": 0.014918168597649748, "stats": "{\"group\":{\"8\":\"1\",\"9\":\"1\",\"10\":\"1\",\"11\":\"1\",\"12\":\"1\",\"13\":\"1\",\"14\":\"1\",\"15\":\"1\",\"0\":\"2\",\"1\":\"2\",\"2\":\"2\",\"3\":\"2\",\"4\":\"2\",\"5\":\"2\",\"6\":\"2\",\"7\":\"2\"},\"mut\":{\"8\":\"M\",\"9\":\"M\",\"10\":\"M\",\"11\":\"M\",\"12\":\"R\",\"13\":\"R\",\"14\":\"R\",\"15\":\"R\",\"0\":\"M\",\"1\":\"M\",\"2\":\"M\",\"3\":\"M\",\"4\":\"R\",\"5\":\"R\",\"6\":\"R\",\"7\":\"R\"},\"base\":{\"8\":\"A\",\"9\":\"C\",\"10\":\"G\",\"11\":\"T\",\"12\":\"A\",\"13\":\"C\",\"14\":\"G\",\"15\":\"T\",\"0\":\"A\",\"1\":\"C\",\"2\":\"G\",\"3\":\"T\",\"4\":\"A\",\"5\":\"C\",\"6\":\"G\",\"7\":\"T\"},\"count\":{\"8\":1963,\"9\":1254,\"10\":1954,\"11\":553,\"12\":1235,\"13\":1714,\"14\":1306,\"15\":1469,\"0\":670,\"1\":2445,\"2\":965,\"3\":1058,\"4\":1038,\"5\":1682,\"6\":1101,\"7\":1316},\"fitted\":{\"8\":1701.6949548931,\"9\":1524.5772192319,\"10\":1770.1323779642,\"11\":727.5954479109,\"12\":1496.3050451069,\"13\":1443.4227807681,\"14\":1489.8676220358,\"15\":1294.4045520891,\"0\":931.3050451071,\"1\":2174.4227807681,\"2\":1148.8676220358,\"3\":883.4045520891,\"4\":776.6949548932,\"5\":1952.5772192319,\"6\":917.1323779642,\"7\":1490.5954479108},\"ret\":{\"8\":0.0129085688,\"9\":-0.0112785934,\"10\":0.0088893121,\"11\":-0.0069850442,\"12\":-0.0109115144,\"13\":0.0135564512,\"14\":-0.0079189809,\"15\":0.0085565624,\"0\":-0.0101568448,\"1\":0.013200488,\"2\":-0.0077475404,\"3\":0.0087839063,\"4\":0.0138573637,\"5\":-0.0115498874,\"6\":0.009261026,\"7\":-0.0075471044}}", "df": 3}, "pos2": {"formula": "count ~ group * mut * base - group : mut : base", "deviance": 40.22596136339334, "prob": 9.542377904771704e-09, "rel_entropy": 0.0009258841173731377, "stats": "{\"group\":{\"8\":\"1\",\"9\":\"1\",\"10\":\"1\",\"11\":\"1\",\"12\":\"1\",\"13\":\"1\",\"14\":\"1\",\"15\":\"1\",\"0\":\"2\",\"1\":\"2\",\"2\":\"2\",\"3\":\"2\",\"4\":\"2\",\"5\":\"2\",\"6\":\"2\",\"7\":\"2\"},\"mut\":{\"8\":\"M\",\"9\":\"M\",\"10\":\"M\",\"11\":\"M\",\"12\":\"R\",\"13\":\"R\",\"14\":\"R\",\"15\":\"R\",\"0\":\"M\",\"1\":\"M\",\"2\":\"M\",\"3\":\"M\",\"4\":\"R\",\"5\":\"R\",\"6\":\"R\",\"7\":\"R\"},\"base\":{\"8\":\"A\",\"9\":\"C\",\"10\":\"G\",\"11\":\"T\",\"12\":\"A\",\"13\":\"C\",\"14\":\"G\",\"15\":\"T\",\"0\":\"A\",\"1\":\"C\",\"2\":\"G\",\"3\":\"T\",\"4\":\"A\",\"5\":\"C\",\"6\":\"G\",\"7\":\"T\"},\"count\":{\"8\":584,\"9\":2187,\"10\":1818,\"11\":1135,\"12\":887,\"13\":1532,\"14\":1832,\"15\":1473,\"0\":669,\"1\":1642,\"2\":1736,\"3\":1091,\"4\":756,\"5\":1363,\"6\":1855,\"7\":1163},\"fitted\":{\"8\":634.3576866623,\"9\":2112.9933398032,\"10\":1786.1484704651,\"11\":1190.5005030785,\"12\":836.6423133478,\"13\":1606.0066601971,\"14\":1863.8515295349,\"15\":1417.4994969218,\"0\":618.6423133548,\"1\":1716.006660197,\"2\":1767.8515295349,\"3\":1035.4994969221,\"4\":806.3576866548,\"5\":1288.9933398041,\"6\":1823.1484704651,\"7\":1218.5005030785},\"ret\":{\"8\":-0.0022236248,\"9\":0.0034658111,\"10\":0.0014792548,\"11\":-0.0024944167,\"12\":0.0023865803,\"13\":-0.0033271045,\"14\":-0.0014536578,\"15\":0.002604296,\"0\":0.002410063,\"1\":-0.0033322911,\"2\":-0.0014529694,\"3\":0.0026221964,\"4\":-0.002244232,\"5\":0.003502815,\"6\":0.0014789926,\"7\":-0.0024958288}}", "df": 3}}