{"rank_test_score": {"2": 3, "0": 4, "4": 1, "3": 2, "1": 5}, "params": {"2": {"alpha": 1.0}, "0": {"alpha": 0.01}, "4": {"alpha": 3.0}, "3": {"alpha": 2.0}, "1": {"alpha": 0.1}}, "param_alpha": {"2": 1.0, "0": 0.01, "4": 3.0, "3": 2.0, "1": 0.1}, "best_a_choice": 3.0, "split0_test_score": {"2": 0.6490369534, "0": 0.6461195809, "4": 0.6531777401, "3": 0.6520484347, "1": 0.6453039714}}