{"rank_test_score": {"1": 2, "2": 5, "0": 1, "4": 3, "3": 4}, "param_alpha": {"1": 0.1, "2": 1.0, "0": 0.01, "4": 3.0, "3": 2.0}, "split0_test_score": {"1": 0.6700846382, "2": 0.6678651514, "0": 0.6721915285, "4": 0.6684004618, "3": 0.6679405338}, "best_a_choice": 0.01, "params": {"1": {"alpha": 0.1}, "2": {"alpha": 1.0}, "0": {"alpha": 0.01}, "4": {"alpha": 3.0}, "3": {"alpha": 2.0}}}