{"Pos_0:Pos_3_TG": 0.0, "Pos_1:Pos_2:Pos_3_TTA": 0.0, "Pos_0:Pos_2:Pos_3_TGA": 0.0, "Pos_0:Pos_1:Pos_2_GTG": -0.06302074365503137, "Pos_1:Pos_2_AG": 0.0, "Pos_1:Pos_2:Pos_3_GGA": -0.12249955021707576, "Pos_0:Pos_1:Pos_3_GTG": 0.0, "Pos_0:Pos_2:Pos_3_TTA": 0.0, "Pos_0:Pos_2:Pos_3_ATT": 0.0, "Pos_0_T": 0.0, "Pos_0:Pos_1_GT": 0.0, "Pos_0:Pos_1:Pos_2_TAG": -0.08208979607499134, "Pos_0:Pos_1_AC": 0.0, "Pos_0:Pos_1:Pos_3_TAC": 0.0, "Pos_1:Pos_2_AT": 0.0, "Pos_1:Pos_3_TA": -0.0024996271483746692, "GtoT": 0.04660637331375837, "Pos_0:Pos_1:Pos_3_ATG": 0.0, "Pos_0:Pos_1:Pos_3_ATA": -0.05144824963309338, "Pos_0:Pos_2:Pos_3_CAG": 0.0, "Pos_0:Pos_2_TA": 0.0, "Pos_0:Pos_1:Pos_3_GGC": 0.0, "Pos_0_C": 0.0, "Pos_1:Pos_2:Pos_3_TCG": -0.10749035488833271, "Pos_1:Pos_3_TC": 0.0, "Pos_0:Pos_1:Pos_3_GCA": 0.003076787493378929, "Pos_0:Pos_1:Pos_2_CAT": 0.0, "Pos_1:Pos_3_TG": 0.0, "Pos_0:Pos_1:Pos_2_CTC": 0.02799168355940053, "Pos_0:Pos_2:Pos_3_CTT": 0.0, "Pos_1_A": 0.0, "Pos_0:Pos_1:Pos_3_TCA": 0.0, "Pos_0:Pos_1:Pos_2_TCA": 0.0550411442387572, "Pos_0:Pos_2:Pos_3_AGA": 0.0, "GC_feature": -0.06878709526859712, "Pos_2:Pos_3_TA": 0.0, "TtoA": 0.26982851688954684, "Pos_0:Pos_1:Pos_2_AAG": 0.0, "Pos_1:Pos_2_GC": 0.11480214772729393, "Pos_0:Pos_1_CG": -0.09449212260084693, "Pos_1:Pos_2:Pos_3_GGG": 0.0, "Pos_0:Pos_1:Pos_2_TCC": 0.0, "Pos_0:Pos_1_AG": 0.03464107540275552, "Pos_1:Pos_2:Pos_3_CCA": 0.0, "Pos_0:Pos_1_CC": -0.003166295460374596, "Pos_0:Pos_1:Pos_3_CTG": -0.01901162535290752, "Pos_1:Pos_2:Pos_3_CTC": 0.0, "Pos_2:Pos_3_TG": 0.0, "Pos_1:Pos_2:Pos_3_TAG": 0.0, "Pos_0:Pos_1:Pos_3_CGC": -0.07110835767195166, "Pos_1:Pos_2:Pos_3_TTT": 0.06401685534736665, "Pos_0:Pos_1:Pos_3_CGG": -0.021429459675744986, "Pos_0:Pos_2_CC": 0.0, "Pos_0:Pos_2_GC": 0.0, "Pos_1:Pos_2:Pos_3_ATA": 0.0, "Pos_0_A": 0.0, "Pos_0:Pos_2:Pos_3_CGG": 0.0, "Pos_1:Pos_2:Pos_3_TTG": 0.0, "AtoC": -0.15075050311360022, "Pos_0:Pos_1:Pos_3_ACG": 0.0, "Pos_2_A": 0.0, "Pos_0:Pos_2:Pos_3_GGG": 0.0, "Pos_0:Pos_1:Pos_3_AAG": 0.0, "Pos_2:Pos_3_AA": 0.0, "Pos_0:Pos_1_TG": 0.0, "Pos_0:Pos_2:Pos_3_AGT": 0.0, "Pos_1:Pos_3_GG": 0.0, "Pos_0:Pos_2:Pos_3_ATC": 0.0, "Pos_1:Pos_2:Pos_3_GAG": 0.0, "Pos_0:Pos_3_AT": 0.0, "Pos_0:Pos_1:Pos_2_TCG": 0.0, "Pos_0:Pos_1:Pos_3_AAT": 0.0, "Pos_0:Pos_1:Pos_2_ATG": 0.0, "Pos_1:Pos_2:Pos_3_AGC": -0.05203500790288575, "Pos_1_G": 0.1425840117440325, "Pos_0:Pos_1:Pos_2_CTT": 0.0, "Pos_1:Pos_2:Pos_3_ATT": 0.032905550110621996, "Pos_2:Pos_3_TT": 0.06366245128732811, "Pos_0:Pos_2:Pos_3_AAC": 0.04578450944374475, "Pos_1:Pos_2:Pos_3_TGC": 0.0, "Pos_1:Pos_2:Pos_3_TGA": 0.0, "Pos_3_C": 0.0, "Pos_0:Pos_2:Pos_3_GAC": 0.0, "Pos_1:Pos_2_GG": 0.0, "Pos_0:Pos_1:Pos_3_TTC": 0.0, "Pos_1:Pos_2:Pos_3_AGT": 0.15739272435199686, "Pos_1:Pos_2_TT": 0.0, "Pos_1:Pos_2_TA": 0.0, "Pos_0:Pos_2:Pos_3_GAT": -0.10588213444180904, "Pos_1:Pos_2:Pos_3_ACC": -0.01694061027816215, "Pos_0:Pos_2:Pos_3_GTA": 0.0, "Pos_1:Pos_2:Pos_3_ATC": 0.0, "Pos_1:Pos_2_CA": 0.0, "Pos_0:Pos_2:Pos_3_GCT": 0.05508191333978595, "Pos_3_G": 0.0, "Pos_1:Pos_2:Pos_3_TCT": 0.0, "Pos_0:Pos_2:Pos_3_TAG": 0.00544349449806557, "Pos_0:Pos_1:Pos_3_TAA": 0.0, "Pos_0:Pos_1:Pos_3_CAA": 0.0, "Pos_2_T": 0.0, "Pos_0:Pos_2:Pos_3_GCA": 0.0, "Pos_1:Pos_2_GT": 0.0, "Pos_0:Pos_2_TT": 0.0, "Pos_1:Pos_2:Pos_3_CGT": 0.0, "Pos_2:Pos_3_GT": 0.0, "Pos_0:Pos_1:Pos_2_AAC": -0.010767242193054045, "Pos_0:Pos_2:Pos_3_GGA": 0.0, "Pos_0:Pos_2:Pos_3_CTG": 0.0, "Pos_0:Pos_1:Pos_3_GTC": 0.05056709181371522, "Pos_0:Pos_2:Pos_3_TTG": 0.0, "Pos_0:Pos_2:Pos_3_GAA": 0.0, "GtoC": -0.33761026898129665, "Pos_0:Pos_2:Pos_3_ATA": 0.0, "Pos_0:Pos_2:Pos_3_TCT": 0.004528561984436619, "Pos_0:Pos_2:Pos_3_CAT": 0.0, "Pos_0:Pos_1:Pos_2_CGA": 0.0, "Pos_0:Pos_2:Pos_3_ATG": 0.0, "Pos_0:Pos_2:Pos_3_TGG": 0.0, "Pos_0:Pos_1:Pos_2_GGT": 0.08812184617920402, "Pos_0:Pos_1:Pos_3_CCG": 0.0, "Pos_1:Pos_2:Pos_3_AGA": 0.0, "Pos_0:Pos_1:Pos_3_GCG": -0.11554052138898778, "Pos_0:Pos_1_AT": 0.0, "Pos_1:Pos_2:Pos_3_ACA": 0.03894178612640087, "Pos_1:Pos_2:Pos_3_CAG": 0.0, "Pos_0:Pos_2:Pos_3_CAC": 0.03367094231243671, "Pos_0:Pos_1:Pos_2_GTT": 0.0, "Pos_0:Pos_1:Pos_2_GAC": 0.0, "Pos_0:Pos_1:Pos_3_TTG": 0.0, "Pos_0:Pos_2:Pos_3_AGC": 0.0, "Pos_1:Pos_2:Pos_3_GAT": 0.0, "Pos_0:Pos_3_TC": 0.0, "Pos_0:Pos_2:Pos_3_AAG": 0.0, "Pos_0:Pos_2_TC": 0.01925773469027062, "Pos_0:Pos_1:Pos_3_AGG": 0.0, "Pos_1:Pos_2_CT": 0.0, "Pos_0:Pos_2:Pos_3_TTC": 0.05373516481035197, "Pos_0:Pos_1_TC": 0.0, "Pos_0:Pos_1:Pos_2_GCG": 0.0, "Pos_1:Pos_2_CG": 0.0, "Pos_1:Pos_2:Pos_3_GGT": 0.0, "Pos_0:Pos_1:Pos_3_GAC": 0.0, "Pos_0:Pos_1:Pos_2_TTA": -0.002666786003763651, "Pos_0:Pos_1:Pos_2_GCC": 0.0, "Pos_1:Pos_2:Pos_3_CCC": 0.0, "Pos_2:Pos_3_AT": 0.0, "Pos_1:Pos_2:Pos_3_ACT": 0.0, "Pos_0:Pos_2:Pos_3_CAA": -0.020259091725267346, "Pos_1:Pos_2:Pos_3_GCA": 0.0, "Pos_0:Pos_2:Pos_3_GCG": 0.0, "Pos_0:Pos_1:Pos_3_GAA": 0.0, "Pos_0:Pos_2:Pos_3_TGT": -0.10132700203357346, "Pos_0:Pos_1:Pos_2_CAA": 0.016464725228923813, "Pos_1:Pos_2:Pos_3_ACG": 0.0, "Pos_0:Pos_1:Pos_3_CAT": 0.0, "Pos_0:Pos_2:Pos_3_TCC": 0.0, "Pos_1:Pos_2:Pos_3_AAC": 0.0, "Pos_1:Pos_2:Pos_3_ATG": -0.014814488204994246, "Pos_1:Pos_2:Pos_3_AAG": 0.16841342716382787, "Pos_1:Pos_2:Pos_3_CCG": 0.0, "Pos_0:Pos_1:Pos_3_AAC": -0.03220459143641491, "Pos_0:Pos_1:Pos_3_AGC": 0.0, "Pos_0:Pos_3_CA": -0.005039534285704964, "GtoA": -0.35634611394628174, "Pos_0:Pos_3_AC": 0.0, "Pos_0:Pos_1:Pos_3_CCA": -0.014539934229616379, "Pos_0:Pos_2:Pos_3_GAG": 0.0, "CtoT": -0.38873832947707915, "Pos_1:Pos_2_AC": 0.0, "Pos_1:Pos_3_AC": 0.0, "Pos_0:Pos_1:Pos_2_TTG": 0.002949637814878566, "Pos_0:Pos_1:Pos_2_CAC": 0.0, "Pos_0:Pos_2:Pos_3_CGA": -0.0008426106080138711, "Pos_1:Pos_2:Pos_3_TGG": -0.0004298670639743999, "Pos_0:Pos_1_CT": 0.0, "Pos_0:Pos_2_AG": 0.0, "Pos_0_G": 0.0, "Pos_0:Pos_1:Pos_3_GGG": 0.03626066401429699, "Pos_0:Pos_3_CG": 0.0, "Pos_0:Pos_2_AA": 0.0, "Pos_0:Pos_1:Pos_3_TCG": 0.0, "Pos_0:Pos_1:Pos_3_TCT": 0.0, "Pos_1:Pos_2:Pos_3_CGC": 0.0, "Pos_0:Pos_1:Pos_3_AAA": 0.0, "Pos_2:Pos_3_CA": 0.08658684002971676, "Pos_0:Pos_1:Pos_2_AGT": 0.0, "Pos_0:Pos_2:Pos_3_CGT": 0.08141457503394137, "Pos_1:Pos_2:Pos_3_TCC": 0.0, "Pos_1:Pos_2:Pos_3_GTA": 0.030316664675238476, "Pos_0:Pos_3_AA": 0.0, "TtoC": 0.0, "Pos_1:Pos_2:Pos_3_CAA": 0.0, "Pos_1:Pos_2:Pos_3_TCA": 0.0, "Pos_0:Pos_1:Pos_2_GGG": 0.0, "Pos_0:Pos_2:Pos_3_TAA": 0.0, "Pos_0:Pos_3_TA": 0.0, "Pos_0:Pos_2:Pos_3_TTT": 0.0, "CtoG": -0.2733645188998222, "Pos_2:Pos_3_AG": 0.0, "Pos_1:Pos_2_AA": 0.0, "Pos_1:Pos_2_TG": 0.0, "Pos_1:Pos_2:Pos_3_GCT": 0.02340518238684295, "Pos_0:Pos_2:Pos_3_CCA": 0.0, "Pos_1:Pos_2:Pos_3_CTT": 0.0, "Pos_0:Pos_1:Pos_3_GGT": 0.0023612142908153774, "Pos_0:Pos_1:Pos_3_GAG": 0.0, "Pos_0:Pos_1:Pos_2_AAT": 0.0, "Pos_0:Pos_1:Pos_2_TGA": 0.12248311802166033, "Pos_1:Pos_3_CG": 0.0, "Pos_0:Pos_1_TT": 0.0, "Pos_0:Pos_1:Pos_2_AGA": 0.0, "Pos_0:Pos_2:Pos_3_AAA": 0.0, "Pos_1:Pos_2:Pos_3_GGC": 0.0, "Pos_0:Pos_2:Pos_3_AGG": -0.005616523353157564, "Pos_1:Pos_2_TC": 0.0, "Pos_0:Pos_1:Pos_2_GAA": 0.0, "Pos_1:Pos_3_CT": -0.047415550310267396, "Pos_0:Pos_1:Pos_2_TGC": 0.007187513124611219, "Pos_1:Pos_2:Pos_3_AAA": -0.13754324478265642, "Pos_1:Pos_3_AA": 0.0, "Pos_0:Pos_1:Pos_2_GTA": 0.0, "Pos_1:Pos_2:Pos_3_GTT": 0.0, "Pos_0:Pos_1:Pos_3_CCT": -0.07406743254212646, "Pos_0:Pos_1:Pos_2_TGG": 0.0, "Pos_0:Pos_2:Pos_3_CGC": 0.0, "Pos_0:Pos_1:Pos_2_CCC": 0.0, "Pos_0:Pos_1:Pos_2_CCG": 0.0, "Pos_1:Pos_2_CC": 0.0, "Pos_0:Pos_1:Pos_3_AGA": 0.025943169402207446, "Pos_1:Pos_2:Pos_3_GAA": 0.04890078200733399, "Pos_0:Pos_1:Pos_3_ACT": 0.0, "Pos_2:Pos_3_TC": 0.0, "Pos_1:Pos_2:Pos_3_TAC": 0.0, "Pos_2:Pos_3_CG": 0.0, "Pos_0:Pos_1:Pos_2_ATT": 0.0, "Pos_0:Pos_2:Pos_3_CCG": 0.0, "Pos_0:Pos_1:Pos_2_TAT": 0.0, "Pos_0:Pos_1:Pos_2_ACA": -0.06294602611373083, "Pos_0:Pos_1:Pos_2_GCA": -0.04091784229043352, "Pos_0:Pos_1:Pos_2_GTC": 0.0, "Pos_0:Pos_2_AT": 0.0, "Pos_0:Pos_1:Pos_3_AGT": 0.0, "Pos_0:Pos_1:Pos_2_ACC": -0.021082137621197834, "Pos_0:Pos_1:Pos_3_GAT": 0.0, "Pos_1:Pos_2:Pos_3_TGT": 0.0, "Pos_1:Pos_2:Pos_3_TAA": -0.016315588983967632, "Pos_1:Pos_2:Pos_3_TTC": -0.003819359546294408, "Pos_0:Pos_1_GC": 0.0,