{"split0_test_score": {"1": 0.6650511324, "0": 0.7032593011, "2": 0.6362224732, "3": 0.619753435}, "rank_test_score": {"1": 2, "0": 1, "2": 3, "3": 4}, "param_C": {"1": 1.0, "0": 0.1, "2": 10.0, "3": 100.0}, "param_penalty": {"1": "l1", "0": "l1", "2": "l1", "3": "l1"}, "best_c_choice": 0.1, "params": {"1": {"C": 1.0, "penalty": "l1"}, "0": {"C": 0.1, "penalty": "l1"}, "2": {"C": 10.0, "penalty": "l1"}, "3": {"C": 100.0, "penalty": "l1"}}}