{"Pos_0_G": 0.0, "Pos_0:Pos_1:Pos_3_TGG": 0.0, "Pos_0:Pos_1:Pos_2_TCA": -0.028739678968610245, "Pos_0:Pos_1:Pos_3_GAC": 0.0, "Pos_0:Pos_1:Pos_3_TTG": 0.0, "Pos_0:Pos_1_CC": 0.0, "Pos_0:Pos_1:Pos_3_AAA": 0.0, "Pos_1:Pos_2:Pos_3_AAG": 0.008053388869867156, "Pos_1:Pos_2:Pos_3_CCA": 0.0, "Pos_0:Pos_2:Pos_3_GGG": 0.0, "Pos_0:Pos_1:Pos_2_GTT": 0.0, "Pos_0:Pos_3_CT": 0.0, "Pos_0:Pos_1:Pos_2_CTG": 0.0046023112621190005, "Pos_0:Pos_1:Pos_2_AGC": 0.004978555757769344, "Pos_0:Pos_1:Pos_3_CTA": 0.004583047022981396, "Pos_1:Pos_2:Pos_3_ACT": 0.023824257334699096, "Pos_0:Pos_1:Pos_2_CTT": 0.0, "Pos_0:Pos_1:Pos_3_ACA": -0.01173390646633969, "Pos_0:Pos_1:Pos_3_TCT": -0.0033089667074245677, "Pos_0:Pos_1_CG": -0.020105063230702228, "Pos_0:Pos_1_GG": 0.0, "Pos_1:Pos_3_GG": 0.0, "Pos_0:Pos_1:Pos_2_TCG": -0.020273733780025716, "Pos_0:Pos_1:Pos_3_CCG": 0.0, "Pos_0:Pos_2_CC": 0.0, "Pos_0:Pos_1:Pos_2_TGT": 0.0, "Pos_0:Pos_2:Pos_3_GCA": 0.003645174893413104, "Pos_0:Pos_1:Pos_3_GAT": 0.0, "Pos_0:Pos_1_TT": 0.0, "Pos_1:Pos_2:Pos_3_GCA": 0.029624040191748698, "AtoC": -0.09098628777271217, "Pos_1:Pos_3_CT": -0.03770994854889306, "Pos_0:Pos_1:Pos_3_GCG": 0.0, "Pos_1:Pos_2:Pos_3_TAA": 0.0, "Pos_2_T": 0.0, "Pos_2:Pos_3_CG": -0.022667797629844805, "Pos_0:Pos_1:Pos_2_TGC": 0.0019867799855274575, "Pos_0:Pos_2_GG": -0.011046837986871652, "Pos_0:Pos_2_CT": 0.0, "Pos_0:Pos_1:Pos_3_CGA": -0.01607532538667297, "Pos_0:Pos_1:Pos_2_GGG": 0.02531393715165712, "Pos_0:Pos_1_TG": 0.06537163291932342, "Pos_0:Pos_1:Pos_3_TGC": 0.002373289959766123, "Pos_1:Pos_2:Pos_3_ACA": 0.011873446198797419, "Pos_0:Pos_1:Pos_2_TCT": 0.0, "Pos_2:Pos_3_AT": 0.0, "Pos_0:Pos_1_TC": 0.0, "Pos_0:Pos_1:Pos_3_CAC": 0.0, "Pos_0:Pos_3_TC": 0.0, "Pos_2:Pos_3_TA": 0.0, "Pos_0:Pos_1:Pos_3_GAG": 0.0, "Pos_0:Pos_1:Pos_2_GAA": 0.0, "Pos_0:Pos_1:Pos_2_TCC": 0.0, "Pos_0:Pos_2:Pos_3_AGT": -0.0064383492027821395, "Pos_2:Pos_3_TG": 0.0, "Pos_0:Pos_1:Pos_2_GTA": -0.008341182406728192, "Pos_0:Pos_1:Pos_3_GGT": 0.01883418526221768, "Pos_1:Pos_2:Pos_3_TGC": 0.0, "Pos_1:Pos_2:Pos_3_ACC": 0.0, "Pos_1:Pos_3_AA": 0.0, "Pos_0:Pos_1:Pos_3_CCC": -0.018666370488829544, "Pos_0:Pos_1:Pos_2_ACT": 0.0, "Pos_0:Pos_2:Pos_3_GGA": 0.0, "Pos_0:Pos_1:Pos_2_ATG": -0.012113279611368414, "Pos_0:Pos_1_AC": -0.008947869287221787, "Pos_0:Pos_1:Pos_2_CTC": 0.0, "Pos_0:Pos_2:Pos_3_TGT": -0.07977393997255673, "Pos_2:Pos_3_GG": 0.0, "Pos_0:Pos_1:Pos_3_TAT": 0.01140082922310762, "Pos_1:Pos_2:Pos_3_TCG": -0.06485871501626266, "Pos_0:Pos_2:Pos_3_GAT": -0.03074080030249391, "Pos_2:Pos_3_TC": 0.0, "Pos_0:Pos_1:Pos_2_CAG": 0.0, "Pos_0:Pos_2:Pos_3_CCC": 0.0, "Pos_1:Pos_3_TG": 0.0, "Pos_0:Pos_2_GT": 0.0, "Pos_0:Pos_2:Pos_3_ACT": 0.017539703536936062, "Pos_0:Pos_1:Pos_2_TTG": 0.0, "Pos_0:Pos_1:Pos_2_AGG": 0.0, "Pos_1:Pos_2_CG": -0.057872533663888545, "Pos_0:Pos_1:Pos_2_GCA": 0.0012811148164902871, "Pos_1:Pos_2:Pos_3_GTT": 0.0, "Pos_0:Pos_2:Pos_3_AAT": 0.0, "Pos_0:Pos_1_GA": 0.0, "Pos_0:Pos_1_AA": 0.0, "Pos_0:Pos_1:Pos_3_TAC": 0.001730490951258116, "Pos_1:Pos_2_TA": -0.037859316259945965, "Pos_1:Pos_2:Pos_3_CTT": 0.0, "AtoG": 0.007997740497246332, "Pos_0:Pos_1:Pos_2_GTG": -0.04273686597781887, "Pos_0:Pos_1:Pos_2_TAG": -0.04519517218138051, "Pos_0:Pos_1:Pos_2_CCG": 0.0, "Pos_1:Pos_2_GG": 0.0, "Pos_0:Pos_2:Pos_3_ATT": 0.08290441878802779, "Pos_0:Pos_1:Pos_3_CAT": 0.0, "Pos_0:Pos_1:Pos_2_ATT": 0.0, "TtoA": 0.45050806288291895, "Pos_1:Pos_2:Pos_3_ATC": -0.007742609282639166, "Pos_0:Pos_2:Pos_3_AAG": -0.0040530279047782175, "Pos_0:Pos_1:Pos_3_GGA": 0.0, "Pos_0:Pos_1:Pos_3_TAA": 0.0, "Pos_1:Pos_2_CA": -0.0433721262643482, "Pos_1:Pos_2:Pos_3_AGC": 0.0, "Pos_0:Pos_1:Pos_3_CCA": 0.0, "Pos_0:Pos_1:Pos_2_TGG": 0.0, "Pos_0:Pos_1:Pos_3_GTG": -0.006754900961814885, "Pos_0:Pos_1:Pos_2_GAT": -0.05795982676515438, "Pos_0:Pos_1:Pos_2_TTC": 0.0, "Pos_0:Pos_1:Pos_2_GCG": -0.03996789595505605, "Pos_0:Pos_1:Pos_3_GCC": 0.0, "Pos_0:Pos_1:Pos_2_AAT": 0.0, "Pos_0:Pos_3_CG": 0.0, "Pos_0:Pos_1:Pos_3_TCA": 0.011588294644283277, "Pos_0:Pos_1:Pos_3_AAG": 0.0, "Pos_0:Pos_1:Pos_2_GAG": 0.0, "Pos_0:Pos_2:Pos_3_GTG": 0.0, "Pos_0:Pos_1:Pos_3_CTG": 0.0, "Pos_0:Pos_1:Pos_3_TTA": -0.003754249674343095, "Pos_0:Pos_1:Pos_3_GCT": -0.03329503384867372, "Pos_3_A": 0.0, "Pos_0:Pos_2:Pos_3_CGG": 0.0, "Pos_0:Pos_2_TC": 0.0, "Pos_0:Pos_2:Pos_3_CGA": 0.0, "Pos_1:Pos_2:Pos_3_ACG": -0.0033935726573435985, "Pos_0:Pos_1:Pos_3_GCA": 0.0, "Pos_1:Pos_2_AC": 0.0, "Pos_0:Pos_1:Pos_2_AAA": 0.0, "Pos_0:Pos_3_GA": 0.0, "Pos_0:Pos_2:Pos_3_GTA": 0.0, "Pos_0:Pos_1:Pos_3_ATG": 0.0, "Pos_1:Pos_2:Pos_3_CAT": -0.007903326360617057, "Pos_1:Pos_2:Pos_3_CCT": -0.024681661388102898, "Pos_0:Pos_3_TA": 0.0, "Pos_0:Pos_1:Pos_2_TTT": 0.04025084262049981, "Pos_0:Pos_2:Pos_3_GTT": -0.001462286795636152, "Pos_0:Pos_1:Pos_2_TAA": 0.03706036899235002, "Pos_0:Pos_2:Pos_3_GCT": 0.010633295428271319, "Pos_0:Pos_1:Pos_2_GCT": 0.0, "Pos_0:Pos_2:Pos_3_ACA": 0.0, "Pos_0:Pos_1:Pos_3_TAG": 0.0, "Pos_0:Pos_2:Pos_3_TTG": 0.0, "Pos_2:Pos_3_AC": 0.0, "Pos_1:Pos_2:Pos_3_CCG": 0.0, "Pos_0:Pos_1:Pos_3_TTC": 0.03590273233039653, "Pos_0_C": 0.0, "Pos_1:Pos_2_CC": 0.0, "Pos_0:Pos_1:Pos_2_GCC": 0.0, "Pos_1:Pos_2:Pos_3_ATT": 0.009389969043391705, "Pos_0:Pos_2:Pos_3_CCA": 0.0, "Pos_0:Pos_1:Pos_3_CGT": 0.0, "Pos_0:Pos_2_TT": 0.012472289262675204, "Pos_0:Pos_2:Pos_3_AAC": 0.015075730892762929, "Pos_0:Pos_1:Pos_3_AGG": 0.0, "Pos_1:Pos_2_AG": 0.0, "Pos_2_A": 0.0, "Pos_0:Pos_1:Pos_2_TAC": 0.015595226103216052, "Pos_0:Pos_1_CA": 0.02223001998859943, "Pos_0:Pos_2:Pos_3_GAG": 0.024213661950135492, "Pos_0:Pos_2:Pos_3_GAA": -0.02366622683735696, "Pos_0:Pos_1:Pos_3_GTA": 0.0005702892715815336, "Pos_0:Pos_2:Pos_3_CGC": -0.020130741147388383, "Pos_0:Pos_1_CT": 0.0, "Pos_1:Pos_3_CC": 0.0, "Pos_0:Pos_1_AT": 0.0, "Pos_0:Pos_1:Pos_3_ACT": -0.03243361528628782, "Pos_0:Pos_2:Pos_3_TAG": 0.030421773751547535, "Pos_0:Pos_2:Pos_3_TCT": 0.0, "CtoA": -0.035900305953993183, "Pos_0:Pos_2:Pos_3_TGA": 0.0, "Pos_1:Pos_2:Pos_3_GCT": 0.0, "Pos_0:Pos_1:Pos_2_CCC": 0.0, "Pos_1:Pos_2_TG": 0.0, "Pos_0:Pos_2:Pos_3_TTA": 0.012399919714415782, "Pos_0:Pos_2_CG": 0.0, "Pos_1:Pos_2:Pos_3_TTG": 0.0, "Pos_0:Pos_1:Pos_2_CAA": 0.004428834081678788, "Pos_0:Pos_1:Pos_3_AGC": 0.016668394654472406, "Pos_1:Pos_2:Pos_3_ATG": 0.01770297531154986, "Pos_0:Pos_1:Pos_2_TTA": 0.0, "Pos_0:Pos_2:Pos_3_CGT": 0.002032000809478741, "Pos_0:Pos_1:Pos_3_CGG": 0.0, "Pos_0:Pos_3_AA": 0.0, "GtoT": 0.015635171077165343, "Pos_1:Pos_2:Pos_3_GGC": 0.0190441646822794, "Pos_0:Pos_1:Pos_2_TGA": 0.0, "Pos_1:Pos_2:Pos_3_GTC": 0.054703567908532695, "Pos_0:Pos_1:Pos_3_ATC": 0.0, "Pos_0:Pos_1:Pos_3_GGC": -0.001989925415503445, "Pos_0:Pos_1:Pos_3_TCG": 0.0, "Pos_0:Pos_1:Pos_2_GAC": 0.003718860957130457, "Pos_0:Pos_2:Pos_3_CAG": 0.049505542610106874, "Pos_0:Pos_2_CA": 0.0, "Pos_1:Pos_2:Pos_3_GGT": 0.0, "Pos_2:Pos_3_GC": 0.0, "Pos_1:Pos_2:Pos_3_TAC": -0.04817252718184651, "Pos_1:Pos_2:Pos_3_CTG": 0.0, "Pos_1:Pos_2:Pos_3_AGG": -0.021047077658583175, "Pos_1:Pos_2:Pos_3_CAC": -0.026787236748930774, "Pos_1:Pos_2:Pos_3_CGC": -0.016264276685552942, "Pos_1:Pos_2:Pos_3_TGG": 0.009328649052936414, "Pos_0:Pos_1_AG": 0.03072461502992547, "Pos_0_A": 0.0, "GC_feature": -0.119565507935609, "Pos_3_C": 0.0, "Pos_1:Pos_3_GT": 0.0012429300281443427, "Pos_0:Pos_1_GC": 0.0, "Pos_1:Pos_2:Pos_3_CTC": 0.020584734214204373, "Pos_0:Pos_1:Pos_3_GGG": 0.001888522288594472, "Pos_0:Pos_1:Pos_2_CCT": 0.0, "Pos_1:Pos_2:Pos_3_GAC": 0.0, "Pos_1:Pos_2:Pos_3_GGA": -0.03325416483446768, "Pos_0:Pos_2_GA": 0.0, "Pos_0:Pos_3_CC": 0.0, "Pos_0:Pos_1:Pos_3_CCT": 0.007279003841832613, "Pos_0:Pos_2:Pos_3_CTA": 0.0017778412529386566, "Pos_1:Pos_2_CT": 0.00737376890218974, "Pos_0:Pos_1:Pos_3_TTT": 0.0, "Pos_0:Pos_2:Pos_3_TTC": 0.0, "Pos_0:Pos_1:Pos_3_AGA": 0.005485161586876711, "Pos_0:Pos_1:Pos_2_AAC": -0.02277963974980073, "GtoA": -0.4392334274622996, "Pos_0:Pos_1:Pos_3_ACC": 0.014679888144435372, "Pos_0:Pos_1:Pos_2_CGA": -0.09017886322337224, "Pos_0:Pos_2:Pos_3_CTC": 0.0, "Pos_2_G": -0.06887601913967879, "Pos_0:Pos_1:Pos_2_CAC": 0.0, "Pos_0:Pos_1:Pos_2_ATC": 0.00621933216877408,