{"rank_test_score": {"3": 4, "1": 2, "0": 1, "4": 5, "2": 3}, "split0_test_score": {"3": 0.6764072176, "1": 0.6806696629, "0": 0.6833347646, "4": 0.6763700035, "2": 0.6771419575}, "params": {"3": {"alpha": 2.0}, "1": {"alpha": 0.1}, "0": {"alpha": 0.01}, "4": {"alpha": 3.0}, "2": {"alpha": 1.0}}, "param_alpha": {"3": 2.0, "1": 0.1, "0": 0.01, "4": 3.0, "2": 1.0}, "best_a_choice": 0.01}