{"pos1": {"prob": 0.010752447329931372, "deviance": 11.187816460797603, "rel_entropy": 0.0024342507530020893, "df": 3, "stats": "{\"group\":{\"8\":\"1\",\"9\":\"1\",\"10\":\"1\",\"11\":\"1\",\"12\":\"1\",\"13\":\"1\",\"14\":\"1\",\"15\":\"1\",\"0\":\"2\",\"1\":\"2\",\"2\":\"2\",\"3\":\"2\",\"4\":\"2\",\"5\":\"2\",\"6\":\"2\",\"7\":\"2\"},\"mut\":{\"8\":\"M\",\"9\":\"M\",\"10\":\"M\",\"11\":\"M\",\"12\":\"R\",\"13\":\"R\",\"14\":\"R\",\"15\":\"R\",\"0\":\"M\",\"1\":\"M\",\"2\":\"M\",\"3\":\"M\",\"4\":\"R\",\"5\":\"R\",\"6\":\"R\",\"7\":\"R\"},\"base\":{\"8\":\"A\",\"9\":\"C\",\"10\":\"G\",\"11\":\"T\",\"12\":\"A\",\"13\":\"C\",\"14\":\"G\",\"15\":\"T\",\"0\":\"A\",\"1\":\"C\",\"2\":\"G\",\"3\":\"T\",\"4\":\"A\",\"5\":\"C\",\"6\":\"G\",\"7\":\"T\"},\"count\":{\"8\":28,\"9\":5,\"10\":11,\"11\":14,\"12\":10,\"13\":14,\"14\":18,\"15\":16,\"0\":307,\"1\":286,\"2\":260,\"3\":238,\"4\":246,\"5\":307,\"6\":234,\"7\":304},\"fitted\":{\"8\":21.2765907703,\"9\":8.8962447033,\"10\":14.8208728197,\"11\":13.006291707,\"12\":16.7234092299,\"13\":10.1037552971,\"14\":14.1791271803,\"15\":16.993708293,\"0\":313.7234092298,\"1\":282.1037552969,\"2\":256.1791271803,\"3\":238.993708293,\"4\":239.2765907702,\"5\":310.8962447031,\"6\":237.8208728197,\"7\":303.006291707},\"ret\":{\"8\":0.0033458302,\"9\":-0.00125368,\"10\":-0.0014271339,\"11\":0.0004485368,\"12\":-0.0022377041,\"13\":0.0019869897,\"14\":0.0018689357,\"15\":-0.0004195262,\"0\":-0.0028941881,\"1\":0.0017071488,\"2\":0.0016750331,\"3\":-0.0004315229,\"4\":0.0029664913,\"5\":-0.0016848249,\"6\":-0.0016492662,\"7\":0.0004331314}}", "formula": "count ~ group * mut * base - group : mut : base"}, "pos0": {"prob": 0.8432431201474438, "deviance": 0.8259811546857234, "rel_entropy": 0.00017971739658087976, "df": 3, "stats": "{\"group\":{\"8\":\"1\",\"9\":\"1\",\"10\":\"1\",\"11\":\"1\",\"12\":\"1\",\"13\":\"1\",\"14\":\"1\",\"15\":\"1\",\"0\":\"2\",\"1\":\"2\",\"2\":\"2\",\"3\":\"2\",\"4\":\"2\",\"5\":\"2\",\"6\":\"2\",\"7\":\"2\"},\"mut\":{\"8\":\"M\",\"9\":\"M\",\"10\":\"M\",\"11\":\"M\",\"12\":\"R\",\"13\":\"R\",\"14\":\"R\",\"15\":\"R\",\"0\":\"M\",\"1\":\"M\",\"2\":\"M\",\"3\":\"M\",\"4\":\"R\",\"5\":\"R\",\"6\":\"R\",\"7\":\"R\"},\"base\":{\"8\":\"A\",\"9\":\"C\",\"10\":\"G\",\"11\":\"T\",\"12\":\"A\",\"13\":\"C\",\"14\":\"G\",\"15\":\"T\",\"0\":\"A\",\"1\":\"C\",\"2\":\"G\",\"3\":\"T\",\"4\":\"A\",\"5\":\"C\",\"6\":\"G\",\"7\":\"T\"},\"count\":{\"8\":14,\"9\":11,\"10\":13,\"11\":20,\"12\":11,\"13\":14,\"14\":11,\"15\":22,\"0\":291,\"1\":240,\"2\":293,\"3\":267,\"4\":282,\"5\":230,\"6\":282,\"7\":297},\"fitted\":{\"8\":12.8426993139,\"9\":12.7678193508,\"10\":12.3487756808,\"11\":20.0407056545,\"12\":12.1573006861,\"13\":12.2321806492,\"14\":11.6512243192,\"15\":21.9592943455,\"0\":292.1573006861,\"1\":238.2321806492,\"2\":293.6512243192,\"3\":266.9592943455,\"4\":280.8426993139,\"5\":231.7678193508,\"6\":281.3487756808,\"7\":297.0407056545},\"ret\":{\"8\":0.0005256508,\"9\":-0.000713385,\"10\":0.0002907318,\"11\":-0.0000176955,\"12\":-0.0004788427,\"13\":0.0008223757,\"14\":-0.0002753159,\"15\":0.0000177299,\"0\":-0.0005026134,\"1\":0.0007721333,\"2\":-0.000283073,\"3\":0.0000177149,\"4\":0.0005046484,\"5\":-0.0007663447,\"6\":0.0002837152,\"7\":-0.0000177123}}", "formula": "count ~ group * mut * base - group : mut : base"}, "pos3": {"prob": 0.1701294668087059, "deviance": 5.022879140149974, "rel_entropy": 0.001092880578796774, "df": 3, "stats": "{\"group\":{\"8\":\"1\",\"9\":\"1\",\"10\":\"1\",\"11\":\"1\",\"12\":\"1\",\"13\":\"1\",\"14\":\"1\",\"15\":\"1\",\"0\":\"2\",\"1\":\"2\",\"2\":\"2\",\"3\":\"2\",\"4\":\"2\",\"5\":\"2\",\"6\":\"2\",\"7\":\"2\"},\"mut\":{\"8\":\"M\",\"9\":\"M\",\"10\":\"M\",\"11\":\"M\",\"12\":\"R\",\"13\":\"R\",\"14\":\"R\",\"15\":\"R\",\"0\":\"M\",\"1\":\"M\",\"2\":\"M\",\"3\":\"M\",\"4\":\"R\",\"5\":\"R\",\"6\":\"R\",\"7\":\"R\"},\"base\":{\"8\":\"A\",\"9\":\"C\",\"10\":\"G\",\"11\":\"T\",\"12\":\"A\",\"13\":\"C\",\"14\":\"G\",\"15\":\"T\",\"0\":\"A\",\"1\":\"C\",\"2\":\"G\",\"3\":\"T\",\"4\":\"A\",\"5\":\"C\",\"6\":\"G\",\"7\":\"T\"},\"count\":{\"8\":21,\"9\":11,\"10\":9,\"11\":17,\"12\":17,\"13\":7,\"14\":18,\"15\":16,\"0\":268,\"1\":253,\"2\":278,\"3\":292,\"4\":277,\"5\":239,\"6\":256,\"7\":319},\"fitted\":{\"8\":18.9012993744,\"9\":9.3490126693,\"10\":13.8592916596,\"11\":15.8903962968,\"12\":19.0987006256,\"13\":8.6509873307,\"14\":13.1407083405,\"15\":17.1096037032,\"0\":270.0987006256,\"1\":254.6509873307,\"2\":273.1407083405,\"3\":293.1096037032,\"4\":274.9012993744,\"5\":237.3490126693,\"6\":260.8592916595,\"7\":317.8903962968},\"ret\":{\"8\":0.0009621963,\"9\":0.0007784464,\"10\":-0.0016908537,\"11\":0.0004993356,\"12\":-0.0008611481,\"13\":-0.0006450579,\"14\":0.002464675,\"15\":-0.0004668491,\"0\":-0.0009097153,\"1\":-0.0007161113,\"2\":0.0021332733,\"3\":-0.0004819412,\"4\":0.00091675,\"5\":0.0007209383,\"6\":-0.0020947557,\"7\":0.000483698}}", "formula": "count ~ group * mut * base - group : mut : base"}, "pos2": {"prob": 0.00032812802118836916, "deviance": 18.616551679269463, "rel_entropy": 0.0040505987117644615, "df": 3, "stats": "{\"group\":{\"8\":\"1\",\"9\":\"1\",\"10\":\"1\",\"11\":\"1\",\"12\":\"1\",\"13\":\"1\",\"14\":\"1\",\"15\":\"1\",\"0\":\"2\",\"1\":\"2\",\"2\":\"2\",\"3\":\"2\",\"4\":\"2\",\"5\":\"2\",\"6\":\"2\",\"7\":\"2\"},\"mut\":{\"8\":\"M\",\"9\":\"M\",\"10\":\"M\",\"11\":\"M\",\"12\":\"R\",\"13\":\"R\",\"14\":\"R\",\"15\":\"R\",\"0\":\"M\",\"1\":\"M\",\"2\":\"M\",\"3\":\"M\",\"4\":\"R\",\"5\":\"R\",\"6\":\"R\",\"7\":\"R\"},\"base\":{\"8\":\"A\",\"9\":\"C\",\"10\":\"G\",\"11\":\"T\",\"12\":\"A\",\"13\":\"C\",\"14\":\"G\",\"15\":\"T\",\"0\":\"A\",\"1\":\"C\",\"2\":\"G\",\"3\":\"T\",\"4\":\"A\",\"5\":\"C\",\"6\":\"G\",\"7\":\"T\"},\"count\":{\"8\":22,\"9\":18,\"10\":13,\"11\":5,\"12\":24,\"13\":6,\"14\":5,\"15\":23,\"0\":242,\"1\":281,\"2\":274,\"3\":294,\"4\":377,\"5\":301,\"6\":88,\"7\":325},\"fitted\":{\"8\":18.8040958439,\"9\":12.1451436969,\"10\":13.7596739801,\"11\":13.2910864792,\"12\":27.1959041561,\"13\":11.8548563031,\"14\":4.2403260199,\"15\":14.7089135208,\"0\":245.1959041561,\"1\":286.8548563031,\"2\":273.2403260199,\"3\":285.7089135208,\"4\":373.8040958439,\"5\":295.1451436969,\"6\":88.7596739801,\"7\":333.2910864792},\"ret\":{\"8\":0.0015027373,\"9\":0.003081794,\"10\":-0.0003212821,\"11\":-0.0021271882,\"12\":-0.0013056141,\"13\":-0.0017780108,\"14\":0.0003585678,\"15\":0.0044742961,\"0\":-0.0013816298,\"1\":-0.0025216254,\"2\":0.0003310396,\"3\":0.0036598087,\"4\":0.0013966612,\"5\":0.0025729104,\"6\":-0.0003291618,\"7\":-0.0035627042}}", "formula": "count ~ group * mut * base - group : mut : base"}}