{"Pos_22_A": 0.0, "Pos_57_A": 0.014225567723699033, "Pos_52_T": 0.0, "Pos_1_C": 0.046985469885215674, "Pos_54_C": 0.05939194766759024, "Pos_18_A": 0.0351588061544099, "Pos_14_C": 0.023543941376114833, "Pos_19_T": 0.1147628581618414, "AtoT": 0.8085456883447365, "Pos_31_G": -0.021666051354792572, "TtoG": 0.06019260907688686, "Pos_39_C": 0.057713896807999536, "Pos_37_T": 0.0, "Pos_21_A": 0.021280366446431942, "Pos_28_A": 0.09615763742291669, "Pos_58_A": -0.0019257788548774585, "Pos_48_T": 0.09110550509185666, "Pos_59_C": 0.0, "Pos_22_T": 0.12502598703839915, "Pos_41_G": 0.0, "Pos_36_T": 0.08671982884425515, "Pos_52_C": -0.047411763728560055, "Pos_55_T": 0.0, "Pos_5_G": 0.1201883647387768, "Pos_5_C": 0.0, "Pos_57_G": -0.059243524048785835, "Pos_59_A": 0.016336178689115962, "Pos_50_C": -0.019785102509828612, "Pos_23_A": -0.03762395443060159, "Pos_27_C": -0.02852593611926968, "AtoC": -0.18510074278631278, "Pos_55_A": -0.04058388239859322, "Pos_16_C": 0.05446472716406569, "Pos_7_C": 0.007426194805063346, "Pos_30_T": 0.06724668112118569, "Pos_20_T": 0.019219874527610294, "Pos_21_T": 0.08160880338950714, "Pos_20_G": 0.05606110762736613, "Pos_20_A": -0.06767202073769416, "Pos_17_G": 0.02957278405511853, "Pos_39_T": 0.058752050636900095, "Pos_16_A": 0.0, "Pos_34_T": 0.0, "Pos_45_A": 0.0, "Pos_50_A": 0.061515923772372236, "Pos_47_G": 0.0, "Pos_6_A": 0.01847885737768271, "Pos_43_T": 0.0, "Pos_44_C": -0.02972449512881516, "Pos_31_C": 0.002825771501085309, "Pos_48_A": 0.0, "Pos_10_A": -0.0199968201173552, "Pos_47_C": -0.06282604767856166, "Pos_40_A": 0.0, "Pos_4_A": -0.046087935274890586, "CtoT": -0.46118118746124975, "CtoA": 0.0, "Pos_17_C": 0.0, "Pos_19_C": 0.10060613620679473, "Pos_33_G": -0.07120236136571596, "Pos_30_A": 0.0, "Pos_45_T": 0.11359675389499355, "Pos_59_G": -0.0421074045484829, "Pos_6_C": -0.020783888583287956, "Pos_4_C": 0.0643114392566442, "Pos_56_G": 0.0, "Pos_54_G": -0.002026530045663333, "Pos_49_C": 0.024256100966472904, "Pos_16_T": 0.09127577998580777, "Pos_29_G": 0.2165595910812625, "Pos_9_G": 0.0, "Pos_24_A": 0.013122485306360914, "Pos_25_C": 0.034991837289594756, "Pos_39_A": 0.0, "Pos_7_T": 0.02190482908268508, "Pos_1_A": 0.0, "Pos_30_G": -0.1479781315296195, "Pos_33_C": 0.034674553147056725, "Pos_13_A": 0.0, "Pos_18_G": 0.0, "Pos_51_C": 0.07373603482662303, "Pos_41_T": 0.05310222956524764, "Pos_15_G": 0.0, "Pos_52_A": 0.0, "Pos_24_G": -0.008991651036172553, "Pos_36_C": 0.10582433240379316, "Pos_55_C": 0.013622480197292869, "Pos_14_G": 0.11251808475343375, "Pos_53_T": 0.0897770097669044, "Pos_2_C": 0.03834221583480196, "Pos_4_G": 0.0, "Pos_15_C": -0.043881893353900386, "Pos_48_G": -0.03974381122669553, "Pos_22_C": 0.08333696418093309, "Pos_18_T": 0.057370972128213155, "Pos_47_A": 0.0, "Pos_50_T": 0.053588454788227664, "TtoA": 0.9637821875962713, "Pos_50_G": 0.0, "Pos_46_T": 0.024611905237303704, "Pos_44_G": 0.0, "AtoG": 0.08969349884128802, "Pos_35_C": -0.038163909127921614, "Pos_10_C": 0.05278963704728635, "Pos_35_T": 0.05033324867710282, "Pos_56_C": -0.0599382556640003, "Pos_48_C": 0.049303274058469716, "Pos_27_T": 0.13022670145481424, "Pos_3_C": -0.016937030452059958, "TtoC": 0.11072127237158705, "Pos_25_G": 0.0, "Pos_3_G": 0.0, "Pos_30_C": 0.10666364469194026, "Pos_40_T": -0.033137814926758054, "Pos_5_A": -0.000573936620159139, "Pos_13_G": -0.04197856336530761, "Pos_19_A": 0.0, "Pos_34_C": 0.005893731825250663, "Pos_41_C": -0.007551502352207912, "Pos_46_G": 0.09178823502603246, "Pos_42_T": 0.11826628711541466, "Pos_32_C": 0.0, "Pos_40_G": 0.0, "Pos_8_G": 0.06321598609831536, "Pos_38_A": 0.06185081282566332, "Pos_36_G": 0.0, "Pos_38_C": -0.004785766981070736, "Pos_53_G": -0.025056803756328825, "Pos_11_A": -0.0254457194159404, "Pos_12_G": 0.0, "Pos_49_T": 0.0, "Pos_8_T": 0.0, "Pos_5_T": 0.018670511147692685, "Pos_17_A": -0.024640357019100684, "Pos_28_T": 0.16295284695185105, "Pos_43_C": 0.0, "Pos_43_A": -0.04437939696767837, "Pos_22_G": -0.0009466330301616488, "Pos_31_T": 0.07286330207086794, "Pos_44_T": 0.08197981321924148, "Pos_47_T": 0.05817018268678383, "Pos_10_G": 0.0, "Pos_45_C": 0.12087465001189261, "Pos_18_C": -0.005154632815512893, "Pos_7_G": 0.0, "Pos_3_T": 0.028312410167605044, "GtoC": -1.9135235290762664, "Pos_49_A": -0.04504609752252047, "Pos_1_G": 0.0, "Pos_25_T": 0.08377191776291402, "Pos_1_T": 0.022389465893351716, "Pos_54_A": 0.0, "Pos_6_G": 0.0, "Pos_27_G": 0.0, "Pos_9_T": 0.0815499080083606, "Pos_10_T": 0.06705068149862535, "Pos_8_C": 0.002099417126956655, "Pos_51_G": -0.05004861981822909, "Pos_2_G": 0.11356352085762993, "Pos_51_A": 0.0, "Pos_34_A": -0.010017844915314631, "Pos_39_G": 0.0, "Pos_45_G": -0.015040092090210023, "Pos_3_A": 0.08274173893159369, "Pos_31_A": 0.0, "Pos_26_G": 0.06570967464123528, "Pos_8_A": -0.004437672025749875, "Pos_43_G": 0.015646788654863245, "Pos_37_C": 0.0, "Pos_20_C": 0.0, "Pos_58_G": 0.06611846840738209, "Pos_0_C": -0.0026119855232006645, "Pos_19_G": -0.004414951298924506, "Pos_26_C": -0.029953824098402686, "Pos_53_C": 0.0, "Pos_37_G": 0.12658386216283285, "Pos_32_T": 0.018519793995647304, "Pos_15_T": 0.048382525429438474, "Pos_11_T": 0.0244532908277411, "Pos_33_T": 0.10166824393206958, "GtoT": 0.15011922394794372, "Pos_12_C": -0.005868232031430038, "Pos_12_A": 0.035328928360590095, "Pos_27_A": 0.01908541747227914, "Pos_21_G": -0.01970487416577668, "Pos_56_A": 0.04072041822732527, "Pos_25_A": -0.013421627817677742, "Pos_24_C": 0.0, "Pos_7_A": -0.05019738389189873, "Pos_29_T": 0.0, "Pos_53_A": 0.08355697477585462, "Pos_35_G": 0.0, "Pos_13_C": 0.06918210922149061, "Pos_42_C": 0.13697028096374178, "Pos_2_A": -0.004897618059032086, "Pos_24_T": 0.10175061340228002, "Pos_33_A": 0.0, "Pos_28_G": 0.0, "Pos_23_T": 0.05543457978562905, "Pos_37_A": -0.029905978701975665, "Pos_57_C": 0.00640250062006136, "Pos_42_A": -0.004910123656987272, "Pos_14_T": 0.0, "Pos_41_A": 0.06844137814009503, "Pos_58_C": 0.012069117112561817, "Pos_54_T": 0.07503689645299427, "Pos_38_G": 0.0, "Pos_17_T": 0.0, "Pos_49_G": 0.0574378881744053, "Pos_12_T": 0.08943629455633482, "Pos_29_C": -0.15133769296378247, "Pos_32_G": -0.042940555994871364, "Pos_36_A": -0.020084148199610272, "Pos_13_T": 0.07846927837593619, "Pos_56_T": 0.047820661296838596, "Pos_11_C": 0.0, "Pos_52_G": 0.08145390519626207, "Pos_0_A": 0.051239764038572756, "Pos_16_G": -0.015176098516358814, "Pos_59_T": 0.019170900470463766, "Pos_42_G": 0.0, "Pos_28_C": -0.028861878789884676, "Pos_40_C": 0.0030108048140536463, "Pos_46_A": -0.0132248844076471, "Pos_26_A": 0.0, "Pos_9_C": -0.0017756655002716065, "Pos_4_T": 0.028063082240513196, "Pos_34_G": 0.06903876637500019, "Pos_14_A": 0.0, "Pos_51_T": 0.0308898741434866, "GtoA": -0.4730088714924365, "Pos_0_T": 0.05859401893051177, "Pos_58_T": 0.0, "Pos_38_T": 0.09427812244091191, "Pos_55_G": 0.08360055006890273, "Pos_0_G": 0.0, "Pos_57_T": 0.0, "Pos_44_A": 0.04730323489215985, "Pos_6_T": 0.06637106960197672, "Pos_26_T": 0.025691208805243188, "Pos_23_G": 0.04154736012749328, "Pos_35_A": 0.0795803391358751, "Pos_15_A": 0.03875563543977923, "Pos_9_A": 0.06988698086042523, "Pos_11_G": 0.05143384711879228, "Pos_23_C": 0.0, "Pos_46_C": 0.0, "CtoG": -1.9499680607795664, "Pos_21_C": 0.0, "Pos_2_T": 0.0, "Pos_32_A": 0.06523135826951718, "Pos_29_A": 0.021711015502952756}