{"param_penalty": {"3": "l1", "1": "l1", "0": "l1", "2": "l1"}, "rank_test_score": {"3": 4, "1": 2, "0": 1, "2": 3}, "best_c_choice": 0.1, "split0_test_score": {"3": 0.8053342065, "1": 0.8054154972, "0": 0.8055256291, "2": 0.8053441969}, "param_C": {"3": 100.0, "1": 1.0, "0": 0.1, "2": 10.0}, "params": {"3": {"C": 100.0, "penalty": "l1"}, "1": {"C": 1.0, "penalty": "l1"}, "0": {"C": 0.1, "penalty": "l1"}, "2": {"C": 10.0, "penalty": "l1"}}}