{"best_c_choice": 0.1, "params": {"3": {"penalty": "l1", "C": 100.0}, "2": {"penalty": "l1", "C": 10.0}, "0": {"penalty": "l1", "C": 0.1}, "1": {"penalty": "l1", "C": 1.0}}, "split0_test_score": {"3": 0.6533158713, "2": 0.6683017014, "0": 0.7356153208, "1": 0.6930247426}, "rank_test_score": {"3": 4, "2": 3, "0": 1, "1": 2}, "param_C": {"3": 100.0, "2": 10.0, "0": 0.1, "1": 1.0}, "param_penalty": {"3": "l1", "2": "l1", "0": "l1", "1": "l1"}}