{"Pos_5_C": 0.0, "Pos_4_G": 0.01809478871079727, "GtoT": 0.42590002856705117, "CtoT": -0.2696282728648328, "Pos_4_T": 0.05361086157508234, "Pos_4_A": -0.0001834680952978106, "Pos_5_A": 0.14037317668547636, "Pos_3_C": 0.24511653479321804, "Pos_0_A": 0.1795541034365992, "CtoG": -1.7473059202777534, "Pos_2_G": 0.32289576368341016, "Pos_0_T": 0.25348024202541586, "Pos_0_G": 0.0, "AtoC": -0.015826807394515113, "Pos_2_A": 0.0840666607716323, "Pos_3_A": 0.0, "Pos_1_G": 0.0, "Pos_2_T": 0.0, "TtoA": 1.2349715679824738, "AtoG": 0.3385141071524249, "Pos_1_T": 0.388860871416726, "TtoC": 0.3559313535790436, "TtoG": 0.23023112935169207, "Pos_2_C": -0.060419500117359144, "Pos_4_C": 0.0, "GtoA": -0.384007833139815, "Pos_3_T": 0.12490189229273002, "Pos_5_T": 0.17887955650874188, "Pos_1_C": -0.08520657617756756, "Pos_0_C": -0.03432255315353034, "Pos_5_G": -0.10920440208762099, "AtoT": 0.9887450497547752, "Pos_3_G": -0.28193596682420585, "CtoA": 0.308388521575051, "GtoC": -1.9330058378508792, "Pos_1_A": 0.22119380355473162}