{"split0_test_score": {"3": 0.706842591, "4": 0.7062211666, "0": 0.7128037465, "2": 0.707982563, "1": 0.7111693109}, "params": {"3": {"alpha": 2.0}, "4": {"alpha": 3.0}, "0": {"alpha": 0.01}, "2": {"alpha": 1.0}, "1": {"alpha": 0.1}}, "rank_test_score": {"3": 4, "4": 5, "0": 1, "2": 3, "1": 2}, "param_alpha": {"3": 2.0, "4": 3.0, "0": 0.01, "2": 1.0, "1": 0.1}, "best_a_choice": 0.01}