{"rank_test_score": {"1": 4, "3": 1, "0": 4, "4": 1, "2": 1}, "split0_test_score": {"1": 0.7329330433, "3": 0.7333109095, "0": 0.7329330433, "4": 0.7333109095, "2": 0.7333109095}, "best_a_choice": 1.0, "params": {"1": {"alpha": 0.1}, "3": {"alpha": 2.0}, "0": {"alpha": 0.01}, "4": {"alpha": 3.0}, "2": {"alpha": 1.0}}, "param_alpha": {"1": 0.1, "3": 2.0, "0": 0.01, "4": 3.0, "2": 1.0}}