{"GtoA": -0.3269869255061704, "GtoC": -1.2848204518511646, "AtoT": 1.1055241992125153, "AtoG": 0.33316595044461794, "CtoA": 0.16988887366753785, "TtoA": 1.0292320158879038, "TtoG": 0.2920209754025588, "AtoC": 0.01780862717726501, "CtoG": -1.3349382833596422, "CtoT": -0.2720852113276176, "GtoT": 0.29887333031657953, "TtoC": 0.30314802315123296}