{"param_alpha": {"4": 3.0, "2": 1.0, "0": 0.01, "3": 2.0, "1": 0.1}, "split0_test_score": {"4": 0.7211323837, "2": 0.7235141779, "0": 0.7260541904, "3": 0.7220797159, "1": 0.7256481474}, "rank_test_score": {"4": 5, "2": 3, "0": 1, "3": 4, "1": 2}, "best_a_choice": 0.01, "params": {"4": {"alpha": 3.0}, "2": {"alpha": 1.0}, "0": {"alpha": 0.01}, "3": {"alpha": 2.0}, "1": {"alpha": 0.1}}}