{"params": {"1": {"alpha": 0.1}, "3": {"alpha": 2.0}, "0": {"alpha": 0.01}, "2": {"alpha": 1.0}, "4": {"alpha": 3.0}}, "best_a_choice": 0.01, "param_alpha": {"1": 0.1, "3": 2.0, "0": 0.01, "2": 1.0, "4": 3.0}, "rank_test_score": {"1": 2, "3": 4, "0": 1, "2": 3, "4": 5}, "split0_test_score": {"1": 0.7755311844, "3": 0.773696357, "0": 0.7755617013, "2": 0.775134465, "4": 0.7722429907}}