{"split0_test_score": {"4": 0.7403773762, "1": 0.7450671309, "2": 0.7434515967, "0": 0.7451298701, "3": 0.7420242801}, "best_a_choice": 0.01, "param_alpha": {"4": 3.0, "1": 0.1, "2": 1.0, "0": 0.01, "3": 2.0}, "rank_test_score": {"4": 5, "1": 2, "2": 3, "0": 1, "3": 4}, "params": {"4": {"alpha": 3.0}, "1": {"alpha": 0.1}, "2": {"alpha": 1.0}, "0": {"alpha": 0.01}, "3": {"alpha": 2.0}}}