{"TtoG": 0.25571181424231676, "AtoG": 0.33626009114090655, "AtoC": 0.024518054948833433, "CtoA": 0.1604704924950428, "TtoC": 0.3474138386348442, "AtoT": 1.0288724687909492, "CtoG": -1.3361006474458728, "GtoA": -0.32597867954766324, "TtoA": 1.059517763834861, "GtoT": 0.3245742879548531, "GtoC": -1.2785185469246847, "CtoT": -0.25310656202310966}