{"Pos_0:Pos_2_TC": 0.0, "Pos_1:Pos_5_TA": 0.0, "Pos_4:Pos_5_TT": 0.033185530829499044, "Pos_1:Pos_3_GG": -0.03884436976609648, "Pos_0:Pos_5_AC": 0.0110450686140818, "Pos_0:Pos_3_CA": 0.0, "TtoG": 0.0, "Pos_2:Pos_3_GT": 0.0038528396581781845, "CtoT": -0.45676295820932217, "Pos_4:Pos_5_CT": 0.0, "Pos_1:Pos_5_AA": 0.0, "Pos_2:Pos_4_AG": 0.002521178406253591, "Pos_5_T": 0.0, "Pos_1_G": 0.0, "Pos_1:Pos_3_GC": 0.0, "Pos_0:Pos_1_CT": 0.0, "Pos_0:Pos_2_AT": 0.027425747909545176, "Pos_3:Pos_4_AG": 0.07043851154737388, "Pos_0:Pos_1_CA": -0.038303772888238365, "Pos_3:Pos_4_GC": 0.0, "Pos_3:Pos_5_GG": -0.030006719817443222, "Pos_2:Pos_3_AC": 0.00679157146349017, "Pos_2:Pos_4_AA": 0.0, "Pos_1:Pos_5_CT": 0.0, "Pos_3:Pos_5_AG": 0.0, "Pos_2:Pos_4_CA": 0.0, "Pos_0:Pos_3_TG": -0.020813556663291013, "Pos_0:Pos_3_GC": 0.0, "Pos_2:Pos_4_AT": 0.005513598540521498, "Pos_0:Pos_1_CC": -0.020607036953836037, "Pos_0:Pos_1_GT": 0.002999949344204901, "Pos_3:Pos_5_TC": 0.0, "Pos_1_C": 0.0, "Pos_1:Pos_2_GT": -0.004998187829109728, "Pos_0:Pos_3_TC": 0.00022707540683485032, "Pos_3:Pos_4_TT": 0.03318265204867938, "Pos_2:Pos_3_CC": -0.00468786469278683, "Pos_0:Pos_4_GC": 0.014286864207057132, "Pos_1:Pos_2_GG": 0.0, "Pos_0:Pos_1_AA": 0.035401538477992156, "Pos_3:Pos_5_TG": 0.019197965053236465, "Pos_2:Pos_3_TC": 0.0, "Pos_5_A": 0.0, "TtoA": 0.4414464061429148, "Pos_3:Pos_5_AT": 0.0, "Pos_1:Pos_4_AT": 0.0020483319046452437, "Pos_1:Pos_2_TC": 0.0, "Pos_0:Pos_1_TG": 0.0, "Pos_2:Pos_5_TA": -0.0030567503169052386, "Pos_2:Pos_5_AC": 0.0, "Pos_1:Pos_3_CT": -0.004798437875437394, "Pos_1:Pos_2_AG": 0.0477873986422895, "Pos_0:Pos_4_TT": 0.051548023288084235, "Pos_2:Pos_3_TT": 0.0, "Pos_0:Pos_3_CT": 0.0, "Pos_2:Pos_4_GG": 0.0, "GC_feature": -0.09086718149130542, "Pos_1:Pos_2_CG": -0.13222119865612894, "Pos_1:Pos_5_AC": -0.0016611162687621913, "Pos_4_A": 0.0, "Pos_1:Pos_5_CA": 0.03215830744171443, "GtoA": -0.4541733563849628, "Pos_0:Pos_5_GG": 0.0, "Pos_0:Pos_2_CA": 0.017890263050902862, "Pos_1:Pos_5_TC": 0.01883384863334041, "Pos_2:Pos_3_CG": -0.07844023378772856, "Pos_1:Pos_2_AC": -0.04157538379200365, "Pos_2:Pos_4_AC": -0.04259359599995284, "Pos_4:Pos_5_GG": 0.0, "Pos_1:Pos_2_TA": 0.0, "Pos_0:Pos_1_AG": 0.0, "Pos_1:Pos_3_TA": 0.0, "Pos_3:Pos_5_CA": 0.0, "Pos_1:Pos_4_GA": 0.0, "Pos_0:Pos_2_GC": -0.04340564122789417, "Pos_3:Pos_4_CG": -0.037371222740463075, "Pos_0:Pos_1_AT": 0.0, "GtoT": 0.02772015031160854, "Pos_0:Pos_2_TA": 0.006205687751797987, "Pos_0:Pos_5_CT": 0.0, "Pos_0:Pos_5_GC": -0.015440737855271502, "Pos_0:Pos_4_CT": -0.01700295372853192, "Pos_0:Pos_3_CG": -0.13898328210914412, "AtoC": -0.10415175698180343, "Pos_4:Pos_5_GC": -0.012871800943657126, "Pos_0:Pos_1_TA": 0.0018624847861618537, "CtoA": -0.051174716426473976, "Pos_0:Pos_1_CG": 0.02213111774381163, "Pos_0:Pos_2_AG": 0.027464247690491637, "Pos_4_T": 0.0, "Pos_2:Pos_5_CT": -0.040027775132394264, "Pos_0:Pos_2_GT": 0.0, "Pos_3:Pos_4_CA": 0.03825484812934013, "Pos_1:Pos_5_GG": -0.043392916023129134, "Pos_0:Pos_5_TG": 0.01071120371021761, "Pos_0:Pos_4_AT": 0.02953380856324858, "Pos_1:Pos_3_TC": 0.011730236853691761, "Pos_0:Pos_3_AC": -0.032148249091767854, "Pos_2:Pos_3_GC": 0.07925461938868449, "Pos_3:Pos_4_GG": 0.0, "Pos_4:Pos_5_CC": -0.025639182111645273, "Pos_3:Pos_5_AA": 0.0021720222280882918, "Pos_0:Pos_2_TT": -0.029954695607958097, "Pos_1:Pos_3_GT": 0.0, "Pos_1:Pos_3_CG": 0.010747600139001844, "Pos_2:Pos_5_AT": 0.0, "Pos_0:Pos_5_GA": 0.0, "Pos_3:Pos_5_TT": -0.021607754582394015, "Pos_1:Pos_4_TC": 0.015609123910948451, "Pos_2:Pos_4_TG": -0.007049913283070817, "Pos_1:Pos_4_CC": -0.03583356890484133, "Pos_0:Pos_4_GA": 0.0, "Pos_0:Pos_2_CG": -0.008153595086567069, "AtoT": 0.4008067448372363, "Pos_2:Pos_3_CA": 0.0, "Pos_0:Pos_3_AT": 0.0, "Pos_1:Pos_5_GT": -0.02996946138858233, "Pos_0:Pos_3_GA": 0.0, "Pos_0:Pos_4_AA": -0.019305169304411323, "Pos_3:Pos_4_TC": 0.019084511876028443, "Pos_1_A": 0.0, "Pos_3:Pos_5_CT": 0.07075676329979684, "Pos_0:Pos_2_GA": -0.019984885988862586, "Pos_2:Pos_3_CT": 0.0, "Pos_1:Pos_4_GC": 0.0, "Pos_0:Pos_1_TT": 0.04252306553259224, "Pos_0:Pos_5_AT": 0.03697633689166111, "Pos_0:Pos_3_AG": 0.006337932935689604, "Pos_1:Pos_3_AT": 0.08432492478543628, "Pos_0:Pos_5_TC": 0.0, "Pos_3_C": 0.0, "Pos_2:Pos_3_GG": 0.0, "Pos_1:Pos_3_GA": -0.020733211079487307, "Pos_2:Pos_4_GA": 0.0142431735542449, "Pos_2:Pos_5_CC": -0.04028757740096382, "Pos_1:Pos_2_TG": 0.04305077629681239, "Pos_0_T": 0.01785886502927114, "Pos_2:Pos_5_AA": 0.030555863070965222, "Pos_0:Pos_4_CC": -0.023987932599344435, "Pos_2:Pos_5_GT": 0.003986597987599612, "Pos_0:Pos_3_GG": 0.0, "TtoC": 0.013230179857911974, "Pos_1_T": 0.017771019286709454, "Pos_3:Pos_4_GT": -0.0019519165560946952, "Pos_1:Pos_4_CG": 0.0, "Pos_0:Pos_2_GG": 0.0, "Pos_0:Pos_5_CG": -0.02515869846556262, "Pos_0:Pos_5_AG": 0.0, "Pos_1:Pos_3_TG": 0.0, "Pos_3_G": -0.04432620599285218, "Pos_0:Pos_4_GG": -0.020281109066129368, "Pos_1:Pos_3_CA": -0.06773892892797938, "Pos_0_G": 0.0, "Pos_1:Pos_5_GA": 0.0, "Pos_4:Pos_5_TA": 0.0, "Pos_1:Pos_3_AC": -0.015787081082975555, "Pos_1:Pos_3_AA": 0.0, "Pos_0:Pos_3_TT": 0.049878262141118006, "Pos_0:Pos_4_TC": -0.008285791536243165, "Pos_0:Pos_4_CG": 0.006942383290781782, "Pos_3:Pos_5_TA": 0.038242408753176235, "Pos_1:Pos_2_CA": 0.024817943592346715, "Pos_0:Pos_5_TA": 0.01696871561198062, "Pos_0:Pos_4_GT": 0.0, "Pos_2:Pos_5_GC": 0.01929739252140809, "Pos_0:Pos_4_CA": 0.0, "Pos_3_T": 0.0, "Pos_2:Pos_4_TA": 0.0, "Pos_0:Pos_4_AG": 0.0, "Pos_3:Pos_5_GA": 0.0, "Pos_1:Pos_5_CG": -0.05394073022300918, "Pos_2:Pos_4_CC": 0.0, "Pos_0:Pos_4_TG": 0.0, "Pos_1:Pos_5_CC": 0.0, "Pos_3:Pos_5_GC": -0.025730652333188407, "Pos_1:Pos_2_TT": 0.01563854646755426, "Pos_2:Pos_5_CG": 0.0, "Pos_4:Pos_5_TG": -0.04023834399775576, "Pos_0:Pos_4_AC": 0.0, "Pos_0:Pos_1_TC": 0.043240333579288276, "Pos_2:Pos_5_TG": -0.041138866534323366, "Pos_0:Pos_3_TA": 0.0, "Pos_0:Pos_5_TT": -0.008837900787199123, "Pos_2_G": 0.1596604574359139, "Pos_3:Pos_4_AT": -0.03338032437913371, "Pos_1:Pos_2_AT": 0.0, "Pos_1:Pos_4_AA": -0.034859212121429055, "Pos_2:Pos_5_AG": 0.0, "Pos_0:Pos_5_AA": -0.03752311889693835, "Pos_3_A": 0.0, "Pos_0:Pos_1_GA": 0.0, "CtoG": -0.6746844173838893, "Pos_1:Pos_4_CT": 0.0, "Pos_2:Pos_4_CT": -0.0497489287141372, "Pos_2:Pos_4_GC": 0.0, "Pos_4:Pos_5_AC": 0.0, "Pos_2_C": 0.0, "Pos_1:Pos_2_GC": 0.0, "Pos_2:Pos_3_GA": -0.0004454302319043723, "Pos_2:Pos_3_AG": 0.0, "Pos_0:Pos_1_GC": 0.0, "Pos_0:Pos_5_GT": 0.0, "Pos_0_C": 0.0, "Pos_1:Pos_4_TG": 0.0, "Pos_1:Pos_4_AC": 0.0, "Pos_4_G": 0.0, "Pos_2:Pos_4_GT": 0.006004473046173067, "Pos_1:Pos_2_CC": 0.0, "Pos_2:Pos_5_TT": 0.007903294146893646, "Pos_1:Pos_3_AG": -0.001662033691654866, "Pos_3:Pos_4_TG": -0.014344721144849458, "Pos_1:Pos_2_AA": 0.0, "Pos_0:Pos_3_CC": 0.0, "Pos_1:Pos_5_AG": 0.0, "Pos_3:Pos_4_TA": 0.0, "Pos_5_G": 0.0, "Pos_0:Pos_3_GT": -0.0014313786208854627, "Pos_4:Pos_5_TC": 0.017861616518663977, "Pos_0:Pos_2_CC": 0.0, "Pos_2:Pos_3_AT": -0.07503015622307646, "Pos_2:Pos_5_GA": 0.0, "Pos_2_T": 0.0, "Pos_4:Pos_5_AG": 0.0, "Pos_1:Pos_2_GA": 0.0, "Pos_2:Pos_5_CA": 0.0, "Pos_2:Pos_3_TA": -0.07615091650315214, "Pos_4:Pos_5_GA": 0.0177630293908362, "Pos_1:Pos_3_TT": 0.01978440796546003, "Pos_3:Pos_5_GT": 0.03052852088533097, "Pos_1:Pos_3_CC": 0.0, "Pos_1:Pos_4_AG": -0.027702017535475385, "Pos_1:Pos_5_TT": 0.0, "Pos_0:Pos_2_AA": 0.0, "Pos_4:Pos_5_AA": 0.021510268527842855, "Pos_3:Pos_4_AA": -0.049394798721560294, "GtoC": -0.655745443416572, "Pos_1:Pos_5_AT": 0.0, "Pos_1:Pos_4_GG": 0.0, "Pos_2:Pos_4_CG": 0.0, "Pos_0:Pos_1_AC": 0.0, "Pos_4:Pos_5_GT": 0.0, "Pos_3:Pos_5_CC": 0.014230141214822398, "Pos_4_C": 0.0, "Pos_1:Pos_4_TA": 0.0, "Pos_2_A": 0.0, "Pos_0_A": 0.0, "Pos_5_C": 0.0, "Pos_1:Pos_4_CA": 0.0, "Pos_1:Pos_5_TG": 0.03211251243116853, "Pos_2:Pos_3_AA": 0.04314896827641544, "Pos_4:Pos_5_CG": 0.08926604477119124, "Pos_2:Pos_4_TT": 0.0, "Pos_1:Pos_4_GT": -0.045537384801038416, "Pos_0:Pos_5_CA": 0.042950030859394424, "Pos_0:Pos_2_TG": 0.012503634070921844, "Pos_3:Pos_5_CG": -0.01179735561540756, "Pos_3:Pos_4_CC": 0.0,