{"best_a_choice": 3.0, "rank_test_score": {"1": 4, "4": 1, "0": 5, "3": 2, "2": 3}, "param_alpha": {"1": 0.1, "4": 3.0, "0": 0.01, "3": 2.0, "2": 1.0}, "params": {"1": {"alpha": 0.1}, "4": {"alpha": 3.0}, "0": {"alpha": 0.01}, "3": {"alpha": 2.0}, "2": {"alpha": 1.0}}, "split0_test_score": {"1": 0.6072448083, "4": 0.6186476567, "0": 0.6037470983, "3": 0.6166713721, "2": 0.6132991405}}