{"Pos_3_T": 0.0, "Pos_1_C": -0.20902927399609159, "Pos_0_T": 0.34219670680561143, "AtoG": 0.29747950215179203, "Pos_1_G": 0.3042274093794448, "CtoA": 0.11879219020071873, "Pos_3_G": -0.04694642763899359, "Pos_0_C": 0.0, "Pos_3_A": 0.0, "Pos_2_G": -0.027448790356585186, "Pos_1_A": 0.1260084744940312, "AtoT": 1.1861396352526303, "AtoC": 0.35309486132887347, "Pos_0_A": 0.03170468532330664, "Pos_2_C": 0.25656013250957094, "CtoT": -0.40479749582929864, "Pos_0_G": -0.1173133830794636, "TtoA": 0.8480746935952255, "Pos_2_T": 0.14055756831837565, "GtoT": 0.4901365289351925, "TtoG": 0.09461741641662243, "GtoA": -0.25684242847471916, "Pos_2_A": 0.0, "Pos_3_C": 0.021049523970102287, "Pos_1_T": 0.0, "TtoC": 0.23839676762417794, "CtoG": -1.5172588097799053, "GtoC": -1.611743314254831}