{"AtoT": 0.43524091163188505, "CtoA": 0.031087742426653166, "AtoG": 0.06313789963480279, "Pos_1_C": 0.1788061431775391, "TtoA": 0.49764314352954025, "GtoT": 0.06120284070646911, "GtoA": -0.3949611148307929, "GC_feature": -0.13921023721243345, "Pos_0_C": -0.11254941485889125, "Pos_0_T": 0.006856356678861899, "TtoG": 0.03147669027231046, "Pos_1_A": 0.044068562747001334, "Pos_1_T": 0.14356526750550375, "TtoC": 0.09435461978795576, "AtoC": -0.09326746678039818, "CtoG": -1.153253854045692, "Pos_0_G": 0.2500807202294387, "GtoC": -1.0358039434782564, "CtoT": -0.37609434676957504, "Pos_1_G": -0.11933696454461074, "Pos_0_A": -0.019075961803883556}