{"params": {"3": {"alpha": 2.0}, "2": {"alpha": 1.0}, "0": {"alpha": 0.01}, "1": {"alpha": 0.1}, "4": {"alpha": 3.0}}, "param_alpha": {"3": 2.0, "2": 1.0, "0": 0.01, "1": 0.1, "4": 3.0}, "best_a_choice": 0.01, "split0_test_score": {"3": 0.681693654, "2": 0.6826248601, "0": 0.6879629027, "1": 0.6857945511, "4": 0.6812687466}, "rank_test_score": {"3": 4, "2": 3, "0": 1, "1": 2, "4": 5}}