{"AtoC": -0.06051024049689537, "Pos_1_G": -0.24508736562613057, "Pos_0:Pos_1_CG": -0.029294233913946657, "Pos_0:Pos_1_GG": -0.0033616680071207514, "TtoC": 0.04188574691957805, "TtoA": 0.4657420819580401, "TtoG": 0.0, "Pos_1_T": 0.004879519948666386, "Pos_0:Pos_1_TG": 0.0, "Pos_0:Pos_1_AC": 0.0, "Pos_0:Pos_1_AT": -0.04060535760539575, "AtoT": 0.4385539153015956, "Pos_0_T": 0.023492076515656084, "Pos_0:Pos_1_CC": 0.0, "Pos_0:Pos_1_TC": 0.0, "Pos_0:Pos_1_GT": 0.014781051053248236, "GtoA": -0.41533948716703917, "Pos_0_G": 0.1903741253480302, "Pos_0:Pos_1_AA": 0.0, "Pos_0:Pos_1_CA": -0.10636054336003933, "GtoT": 0.035696375399157064, "AtoG": 0.03696393326824803, "CtoG": -0.6301683990696804, "Pos_0:Pos_1_AG": 0.0, "Pos_0:Pos_1_GC": 0.08018233977645985, "Pos_1_C": 0.0, "Pos_0_A": 0.0, "Pos_1_A": -0.008074555848524512, "Pos_0:Pos_1_TT": 0.00033263830735798293, "CtoT": -0.4155441379089866, "Pos_0_C": -0.09567203731350103, "Pos_0:Pos_1_CT": 0.0, "GtoC": -0.6317131174336447, "Pos_0:Pos_1_TA": -0.12218644192566103, "GC_feature": -0.149739671841099, "Pos_0:Pos_1_GA": 0.0, "CtoA": 0.0}