{"GtoA": -0.3117267220987879, "AtoG": 0.13882425534766224, "GC_feature": -0.0945382663348395, "GtoC": -1.1829560419386511, "TtoC": 0.12439951143499904, "CtoT": -0.3571442402254316, "TtoG": 0.10278462342260752, "CtoG": -1.0783521794785713, "TtoA": 0.4573247142927553, "GtoT": 0.13783111164237322, "AtoT": 0.46831676370031, "CtoA": 0.09340628753439074, "AtoC": -0.09156398625499494}