{"TtoG": 0.0, "CtoG": -0.39359576557762477, "AtoT": 0.3886125483672901, "GtoT": 0.04206945798690373, "AtoC": -0.19270267617527953, "CtoA": -0.016352682649745962, "TtoA": 0.4320630446975122, "TtoC": 0.0, "GC_feature": -0.07858000332764355, "CtoT": -0.4458700351736097, "GtoA": -0.3901463189170387, "AtoG": 0.0, "GtoC": -0.3289948301322365}