{"AtoC": 0.1275801153099872, "Pos_3_T": 0.15701971892727698, "Pos_5_C": 0.0, "Pos_1_A": 0.07942350743622882, "Pos_4_C": 0.0, "AtoT": 1.1576905129501491, "Pos_4_A": -0.03930394719221965, "CtoT": -0.29799223750502546, "GtoT": 0.5262787887988529, "Pos_0_G": 0.0, "GtoC": -2.027618579749362, "Pos_2_A": 0.12694564576426526, "Pos_1_C": 0.0, "Pos_5_T": 0.04144420866239421, "Pos_0_C": -0.12225755816614696, "Pos_0_T": 0.18666136434056804, "CtoA": 0.34742265133131656, "Pos_0_A": 0.028109080410064487, "TtoG": 0.23745087133125498, "Pos_5_G": -0.06992301883626943, "AtoG": 0.36250837278775133, "Pos_3_A": 0.0, "Pos_2_C": -0.057017815626127635, "Pos_4_G": 0.0, "TtoC": 0.38253708408682263, "Pos_3_C": 0.21009002633630489, "Pos_2_G": 0.32578764767102547, "Pos_2_T": 0.0, "Pos_5_A": 0.14094139986598261, "CtoG": -1.896932076042208, "Pos_4_T": 0.08837176113358551, "Pos_3_G": -0.15620461800853117, "Pos_1_T": 0.18601686497217115, "Pos_1_G": -0.03021670620030318, "TtoA": 1.2426488345494149, "GtoA": -0.23642205873839803}