{"param_C": {"2": 10.0, "1": 1.0, "0": 0.1, "3": 100.0}, "params": {"2": {"C": 10.0, "penalty": "l1"}, "1": {"C": 1.0, "penalty": "l1"}, "0": {"C": 0.1, "penalty": "l1"}, "3": {"C": 100.0, "penalty": "l1"}}, "best_c_choice": 1.0, "rank_test_score": {"2": 3, "1": 1, "0": 4, "3": 2}, "split0_test_score": {"2": 0.7548855428, "1": 0.7551718051, "0": 0.7492733709, "3": 0.7549017643}, "param_penalty": {"2": "l1", "1": "l1", "0": "l1", "3": "l1"}}