{"rank_test_score": {"3": 1, "2": 1, "4": 1, "0": 1, "1": 1}, "best_a_choice": 0.01, "param_alpha": {"3": 2.0, "2": 1.0, "4": 3.0, "0": 0.01, "1": 0.1}, "split0_test_score": {"3": 0.730839774, "2": 0.730839774, "4": 0.730839774, "0": 0.730839774, "1": 0.730839774}, "params": {"3": {"alpha": 2.0}, "2": {"alpha": 1.0}, "4": {"alpha": 3.0}, "0": {"alpha": 0.01}, "1": {"alpha": 0.1}}}