{"GtoC": -1.6791990363686367, "GtoA": -0.3197304265563047, "AtoG": 0.44804601270714123, "AtoC": 0.07196066160897155, "GtoT": 0.4347366230661796, "TtoC": 0.44764835415206283, "AtoT": 1.0669985197289673, "CtoA": 0.36164279070296024, "TtoA": 1.2015616875172515, "TtoG": 0.2652392639636699, "CtoG": -1.6170753403354912, "CtoT": -0.1759765156234588}