{"AtoC": 0.0728042783122833, "GtoT": 0.3429098541927103, "CtoA": 0.2284344670778279, "GtoC": -1.4952128736506065, "AtoT": 1.0839985510613244, "AtoG": 0.39126558384162874, "TtoC": 0.37132819173111425, "GtoA": -0.2588981922984219, "TtoA": 1.1614114046785677, "TtoG": 0.32622811969072585, "CtoT": -0.26700692342392696, "CtoG": -1.533986462527985}