{"Pos_0:Pos_1:Pos_2_TGC": 0.06405962984790438, "Pos_1:Pos_2_TA": -0.054785520268582834, "Pos_0:Pos_2_GG": -0.0068109675306025665, "Pos_1:Pos_2:Pos_3_CAT": 0.01638778001371905, "Pos_3_G": 0.0, "Pos_0:Pos_1:Pos_3_CTA": 0.012142492017535356, "Pos_0:Pos_3_GG": 0.0, "Pos_2:Pos_3_CG": 0.0, "Pos_1:Pos_2:Pos_3_GAA": 0.01238950782023519, "Pos_1:Pos_2:Pos_3_CGA": -0.012226583742650277, "Pos_0:Pos_2:Pos_3_ATC": 0.0, "Pos_0:Pos_1:Pos_2_GTC": 0.0033544173114555937, "Pos_0:Pos_1:Pos_2_TAC": 0.02660327053934485, "Pos_0:Pos_1:Pos_3_GTT": -0.016991974645446193, "Pos_1:Pos_2:Pos_3_CGC": 0.0, "Pos_1:Pos_2:Pos_3_ACG": -0.04001132439777761, "Pos_0:Pos_2:Pos_3_TCC": 0.011090895261129134, "Pos_1:Pos_2_AC": 0.0, "Pos_0:Pos_2:Pos_3_CAT": 0.0, "Pos_0:Pos_2_GC": 0.0, "Pos_0:Pos_1:Pos_2_GAA": -0.026380757239157667, "Pos_0:Pos_2:Pos_3_CTC": 0.02061372071174978, "Pos_0_C": 0.0, "Pos_0:Pos_2_CC": 0.0, "Pos_0:Pos_1:Pos_2_GGA": 0.0, "Pos_1:Pos_2_AT": 0.0, "Pos_1:Pos_2_TC": 0.0, "Pos_0:Pos_3_AT": 0.0, "Pos_0:Pos_1:Pos_3_ATG": 0.021199760995252098, "Pos_1:Pos_2_GA": 0.0, "Pos_1:Pos_2:Pos_3_GTA": 0.0, "Pos_0:Pos_1:Pos_2_TAA": 0.04684497992376217, "Pos_0:Pos_1:Pos_3_TGA": -0.002130707346569614, "Pos_2:Pos_3_TT": 0.0026013164385915097, "Pos_1:Pos_3_AT": 0.0, "Pos_0:Pos_1:Pos_2_CGT": 0.012501949948838421, "Pos_0:Pos_1:Pos_3_GGC": 0.0, "Pos_1:Pos_3_GC": 0.0, "Pos_0:Pos_2:Pos_3_GGG": 0.0, "Pos_0:Pos_2:Pos_3_GTT": 0.0, "Pos_0:Pos_1:Pos_2_ACA": 0.0, "Pos_0:Pos_1_AG": 0.013022261076341702, "Pos_0:Pos_1:Pos_2_GAC": 0.0, "Pos_0:Pos_1:Pos_2_ATT": 0.0, "Pos_0:Pos_1:Pos_2_CAT": 0.0, "Pos_1:Pos_2_CA": 0.0, "Pos_0:Pos_1:Pos_2_GGG": 0.0, "Pos_1:Pos_2:Pos_3_TCG": -0.06499870585884097, "Pos_1:Pos_2_GC": 0.058528313429545634, "Pos_0:Pos_1_GT": 0.0, "Pos_1:Pos_2:Pos_3_TCT": 0.0, "Pos_0:Pos_1:Pos_3_CCT": 0.007176948302316688, "Pos_1:Pos_2:Pos_3_GGG": 0.011401810103072068, "Pos_1:Pos_2:Pos_3_ATG": 0.0, "Pos_0:Pos_1:Pos_3_AGA": 0.002071030332782921, "Pos_0:Pos_2:Pos_3_GGA": 0.0, "Pos_1:Pos_2:Pos_3_TAT": 0.0, "Pos_0:Pos_3_AC": 0.0, "Pos_1:Pos_2:Pos_3_CCA": 0.01917899087929669, "Pos_0:Pos_2:Pos_3_GAT": -0.02598414025496236, "Pos_0:Pos_1:Pos_2_TGG": 0.0, "Pos_0:Pos_1:Pos_3_GCT": 0.0, "Pos_1:Pos_3_GG": 0.0, "Pos_0:Pos_1:Pos_2_CGC": -0.02013346364196118, "AtoG": 0.0, "Pos_1:Pos_2_AG": 0.0, "Pos_0:Pos_2:Pos_3_TTG": -0.005108226604571032, "Pos_0:Pos_2:Pos_3_TTC": 0.0, "Pos_0:Pos_2:Pos_3_GGT": 0.0, "Pos_1_C": -0.021286864373719006, "Pos_0:Pos_2:Pos_3_ACA": 0.0, "Pos_0:Pos_1_GG": 0.0, "Pos_1:Pos_2:Pos_3_CCC": -0.013216491841868629, "Pos_0:Pos_2:Pos_3_ATA": 0.0, "Pos_0:Pos_1:Pos_2_ATA": -0.019910698894022125, "Pos_0:Pos_2:Pos_3_CGT": 0.0, "Pos_2:Pos_3_TA": 0.0, "Pos_0:Pos_1_TT": 0.0, "Pos_0:Pos_2:Pos_3_TGT": -0.017692638987611364, "Pos_0:Pos_1:Pos_2_CTA": -0.025355998549265995, "Pos_0:Pos_2_AA": 0.0, "Pos_0:Pos_1:Pos_3_ATT": 0.0, "Pos_0:Pos_2_CA": 0.0, "Pos_0:Pos_1:Pos_2_GTA": 0.0, "Pos_0:Pos_2:Pos_3_AGG": 0.0, "Pos_0:Pos_1:Pos_3_TAA": 0.00792499197308268, "Pos_2:Pos_3_TG": 0.0, "Pos_0:Pos_2:Pos_3_GAA": -0.036812191706847665, "Pos_0:Pos_1:Pos_2_GAT": -0.09487555473654383, "Pos_0:Pos_1:Pos_3_GCC": 0.0, "Pos_1:Pos_2_GG": 0.0, "Pos_0:Pos_1:Pos_2_CCC": 0.030796455864092593, "Pos_1:Pos_2:Pos_3_ACC": 0.0, "Pos_2:Pos_3_GC": 0.0, "Pos_0:Pos_1:Pos_2_GTG": -0.04097414585952338, "Pos_0:Pos_2:Pos_3_CGC": 0.01290974329127674, "Pos_0:Pos_2_TA": 0.0, "Pos_0:Pos_1:Pos_2_AGC": 0.0, "Pos_1:Pos_2:Pos_3_AAA": 0.0, "Pos_0:Pos_1:Pos_3_ACT": -0.0427786711859174, "Pos_0:Pos_2_CT": 0.0, "Pos_0:Pos_2:Pos_3_GAC": 0.0, "Pos_0:Pos_1:Pos_2_TAT": 0.0072584395007357526, "Pos_0:Pos_2:Pos_3_AGC": 0.0, "Pos_0:Pos_2:Pos_3_ATG": 0.0, "Pos_1:Pos_2:Pos_3_TTC": 0.0, "Pos_1:Pos_3_CT": 0.0, "Pos_0:Pos_1:Pos_3_CTT": 0.0, "Pos_0:Pos_1:Pos_2_CAG": 0.0, "Pos_1:Pos_2_CT": 0.0, "Pos_0:Pos_2:Pos_3_TAG": 0.02549884619821332, "Pos_0:Pos_2:Pos_3_CTT": 0.0, "Pos_1:Pos_2:Pos_3_CAC": -0.05006550886026304, "Pos_0:Pos_1:Pos_3_GGG": -0.0003977078592553297, "Pos_0:Pos_2:Pos_3_GCC": -0.010069539641115845, "Pos_0:Pos_1:Pos_2_TCC": 0.0, "Pos_1:Pos_2_TT": 0.0, "Pos_0:Pos_1:Pos_3_GTG": 0.01634962755336039, "Pos_1:Pos_3_AA": 0.0, "AtoT": 0.40453483599610285, "Pos_3_T": 0.0, "Pos_0:Pos_2:Pos_3_GTA": -0.018847025071764646, "Pos_2:Pos_3_CA": 0.0298747119408308, "Pos_0:Pos_2:Pos_3_GGC": -0.021564857597619794, "Pos_0:Pos_2:Pos_3_GTC": 0.022739999880884848, "Pos_0:Pos_1:Pos_2_TTG": 0.0030935969496238623, "Pos_1:Pos_2:Pos_3_ACT": 0.007331989605024071, "Pos_1:Pos_2:Pos_3_TTT": 0.0, "Pos_1:Pos_2:Pos_3_CTC": 0.0024158320611247417, "Pos_1:Pos_2_CG": -0.09605906432831715, "Pos_1:Pos_2:Pos_3_TGC": -0.006524722486461106, "Pos_0:Pos_2:Pos_3_CCG": 0.007955608865024626, "Pos_0:Pos_1:Pos_3_CAT": 0.0, "Pos_0:Pos_2:Pos_3_ATT": 0.09306566491025028, "Pos_0:Pos_1_CG": -0.01914156890185852, "Pos_0:Pos_2:Pos_3_AGA": -0.008745450247240948, "Pos_1:Pos_2:Pos_3_TTA": 0.06808069104586548, "Pos_0:Pos_1:Pos_2_CGA": -0.0533661164444572, "Pos_0:Pos_1:Pos_3_CTG": 0.0, "Pos_0:Pos_3_GT": 0.0, "Pos_0:Pos_1:Pos_3_GTA": -0.036475730013024864, "Pos_1:Pos_2_AA": 0.0, "Pos_1:Pos_2:Pos_3_AGG": 0.024410111727647652, "Pos_2:Pos_3_TC": 0.0, "Pos_0:Pos_3_GC": 0.0, "Pos_0:Pos_2:Pos_3_CGA": 0.0, "Pos_1:Pos_2:Pos_3_TAG": 0.0, "Pos_0:Pos_1:Pos_2_ACC": 0.0, "Pos_2:Pos_3_GT": -0.02801460458069717, "Pos_0:Pos_1_CT": 0.0, "CtoA": -0.049254533856740855, "Pos_0:Pos_1:Pos_3_ACC": 0.028727309894029076, "Pos_0:Pos_1:Pos_2_TCG": 0.0, "Pos_1:Pos_2:Pos_3_GCT": 0.0, "Pos_0:Pos_2:Pos_3_TGG": 0.008609904195299814, "Pos_1:Pos_2:Pos_3_GTT": 0.01191161333282961, "Pos_0_G": -0.009756673557157442, "Pos_0:Pos_1:Pos_3_CAG": 0.0012796747348980462, "Pos_0:Pos_2:Pos_3_GCA": 0.0010677538659359886, "Pos_2_C": 0.0, "Pos_0:Pos_1:Pos_3_GGA": 0.00877653025618612, "Pos_2:Pos_3_AA": 0.0, "Pos_1:Pos_2:Pos_3_CGT": 0.0, "Pos_1:Pos_2:Pos_3_GCG": 0.008183922373846342, "Pos_1:Pos_2:Pos_3_ATA": -0.023459008342323638, "Pos_0:Pos_1:Pos_3_TAT": 0.013528629529989459, "Pos_0:Pos_1:Pos_2_GGC": 0.010238879828608265, "Pos_1:Pos_2:Pos_3_TGA": 0.007750054165852392, "Pos_1:Pos_2:Pos_3_AAG": 0.05859335463489758, "Pos_0:Pos_1:Pos_3_ATA": 0.022540385916590945, "Pos_1:Pos_3_CA": 0.0, "Pos_1:Pos_2:Pos_3_TAC": -0.010329617014633332, "Pos_0:Pos_1:Pos_3_AGG": 0.056130839257046, "Pos_0:Pos_1:Pos_2_TTC": 0.0, "Pos_1:Pos_2:Pos_3_AGC": 0.0, "Pos_0:Pos_1:Pos_2_AGG": 0.0, "Pos_0:Pos_2:Pos_3_AAT": -0.014220861299945117, "Pos_0:Pos_2:Pos_3_AAC": 0.019965796570743523, "Pos_0:Pos_3_CT": 0.0, "Pos_0:Pos_1:Pos_3_AAA": -0.019599666053806142, "Pos_0:Pos_2_AT": 0.0, "Pos_0:Pos_1:Pos_2_GGT": 0.0, "Pos_0:Pos_1:Pos_3_ATC": -0.0470888742937948, "Pos_0:Pos_1:Pos_3_CAC": 0.019876778600112575, "Pos_0:Pos_1:Pos_3_CGC": -0.028958711945258234, "Pos_0:Pos_2:Pos_3_TTA": 0.0041233134042582, "Pos_1_G": 0.1557401098535549, "Pos_0:Pos_2:Pos_3_AGT": 0.0, "Pos_0:Pos_1:Pos_3_CGT": 0.0, "Pos_0_T": 0.0, "Pos_3_C": 0.0, "Pos_1:Pos_3_TT": 0.0, "Pos_2_T": 0.0, "Pos_2:Pos_3_AG": 0.0, "Pos_0:Pos_1:Pos_3_AAT": 0.057638586431877026, "Pos_0:Pos_1_TG": 0.04461985301753869, "Pos_0:Pos_2:Pos_3_ACC": 0.0, "Pos_1:Pos_2:Pos_3_GAT": 0.0, "Pos_1:Pos_2_CC": 0.0, "Pos_0:Pos_1:Pos_3_GCG": -0.00421437399692789, "GtoA": -0.4584591907072644, "Pos_0:Pos_1:Pos_3_ACG": -0.0003525293004560413, "Pos_1:Pos_3_CC": 0.0, "Pos_0:Pos_2:Pos_3_AAA": 0.0, "Pos_0:Pos_1:Pos_2_ATG": 0.0, "Pos_1:Pos_2:Pos_3_AGT": 0.0, "Pos_0:Pos_1:Pos_3_CAA": 0.0, "TtoC": 0.019007829145287026, "Pos_0:Pos_1:Pos_2_TGT": -0.006705385350336531, "Pos_0:Pos_1_CA": 0.022011277440415884, "CtoG": -0.6059946830532034, "Pos_1_A": 0.0, "Pos_0:Pos_1:Pos_3_CGG": 0.0, "Pos_0:Pos_3_CA": 0.0, "Pos_1:Pos_2:Pos_3_GCA": 0.0, "Pos_0:Pos_3_GA": 0.0, "Pos_0:Pos_2:Pos_3_GAG": 0.0, "Pos_1:Pos_2:Pos_3_CAG": 0.0, "Pos_0:Pos_2:Pos_3_TAA": 0.0, "Pos_0:Pos_1:Pos_2_GCA": 0.0, "Pos_2:Pos_3_AC": 0.0, "Pos_0:Pos_2_TC": 0.0, "Pos_0:Pos_1:Pos_2_ACG": -0.01717452896071052, "Pos_1:Pos_2:Pos_3_ATT": 0.0, "Pos_0:Pos_1_GC": 0.0, "Pos_1:Pos_3_CG": 0.0, "Pos_0:Pos_1:Pos_2_CTC": 0.0, "Pos_0:Pos_3_TG": 0.0, "Pos_0:Pos_1:Pos_3_TGT": 0.046431797302208304, "Pos_0:Pos_1:Pos_2_TTA": 0.0,