{"split0_test_score": {"4": 0.6692546584, "1": 0.6658353724, "0": 0.6667921451, "2": 0.665709894, "3": 0.667184265}, "param_alpha": {"4": 3.0, "1": 0.1, "0": 0.01, "2": 1.0, "3": 2.0}, "params": {"4": {"alpha": 3.0}, "1": {"alpha": 0.1}, "0": {"alpha": 0.01}, "2": {"alpha": 1.0}, "3": {"alpha": 2.0}}, "best_a_choice": 3.0, "rank_test_score": {"4": 1, "1": 4, "0": 3, "2": 5, "3": 2}}