{"TtoC": 0.0, "AtoG": 0.06009271437664712, "Pos_2_A": 0.0, "Pos_2_T": 0.0, "Pos_1_T": -0.07635594739487007, "TtoA": 0.2843550635415806, "AtoT": 0.5166223849149393, "TtoG": 0.0, "Pos_0_C": -0.07139926726670999, "Pos_0_T": 0.03248385571122003, "GtoT": 0.03824617940918685, "Pos_1_C": -0.20270866337712978, "GC_feature": -0.057335033930352455, "AtoC": -0.12912263958603423, "GtoA": -0.3280933718558687, "Pos_2_G": -0.15826650674652679, "GtoC": -0.30490404728766, "Pos_0_A": 0.0, "CtoG": -0.24431663652141042, "Pos_3_G": -0.06726542525755652, "Pos_3_C": 0.0, "Pos_0_G": 0.029049140116686092, "CtoA": -0.05776490677341913, "Pos_3_A": 0.0, "CtoT": -0.34049091639652074, "Pos_1_A": 0.0, "Pos_3_T": 0.02303763616571046, "Pos_1_G": 0.14453733521559284, "Pos_2_C": 0.0}