{"params": {"1": {"alpha": 0.1}, "3": {"alpha": 2.0}, "2": {"alpha": 1.0}, "4": {"alpha": 3.0}, "0": {"alpha": 0.01}}, "param_alpha": {"1": 0.1, "3": 2.0, "2": 1.0, "4": 3.0, "0": 0.01}, "split0_test_score": {"1": 0.7676914856, "3": 0.7670292655, "2": 0.7674338496, "4": 0.7662620827, "0": 0.7676943482}, "rank_test_score": {"1": 2, "3": 4, "2": 3, "4": 5, "0": 1}, "best_a_choice": 0.01}