{"rank_test_score": {"2": 1, "0": 4, "1": 4, "3": 2, "4": 3}, "param_alpha": {"2": 1.0, "0": 0.01, "1": 0.1, "3": 2.0, "4": 3.0}, "best_a_choice": 1.0, "split0_test_score": {"2": 0.7770719619, "0": 0.775895602, "1": 0.775895602, "3": 0.7769307987, "4": 0.7766171027}, "params": {"2": {"alpha": 1.0}, "0": {"alpha": 0.01}, "1": {"alpha": 0.1}, "3": {"alpha": 2.0}, "4": {"alpha": 3.0}}}