{"params": {"1": {"alpha": 0.1}, "3": {"alpha": 2.0}, "2": {"alpha": 1.0}, "4": {"alpha": 3.0}, "0": {"alpha": 0.01}}, "split0_test_score": {"1": 0.6966088117, "3": 0.6947129506, "2": 0.694552737, "4": 0.6950448217, "0": 0.6991913027}, "best_a_choice": 0.01, "rank_test_score": {"1": 2, "3": 4, "2": 5, "4": 3, "0": 1}, "param_alpha": {"1": 0.1, "3": 2.0, "2": 1.0, "4": 3.0, "0": 0.01}}