{"params": {"3": {"alpha": 2.0}, "4": {"alpha": 3.0}, "2": {"alpha": 1.0}, "0": {"alpha": 0.01}, "1": {"alpha": 0.1}}, "param_alpha": {"3": 2.0, "4": 3.0, "2": 1.0, "0": 0.01, "1": 0.1}, "best_a_choice": 3.0, "split0_test_score": {"3": 0.6489820566, "4": 0.650346634, "2": 0.6479154903, "0": 0.6369126043, "1": 0.6421434845}, "rank_test_score": {"3": 2, "4": 1, "2": 3, "0": 5, "1": 4}}