{"Pos_3_A": 0.0, "Pos_1:Pos_3_GT": 0.0, "Pos_2:Pos_5_GT": 0.0, "Pos_3:Pos_4_AG": 0.1067501522128746, "Pos_5_G": 0.0, "Pos_4:Pos_5_GC": 0.0, "Pos_1:Pos_5_AC": 0.009303351488381491, "Pos_2:Pos_3_CG": -0.037287411549843365, "Pos_0:Pos_1_GA": 0.0, "Pos_0:Pos_2_AC": -0.044577535458096174, "Pos_2:Pos_4_CG": 0.0, "Pos_3:Pos_5_TT": -0.007987156757760645, "Pos_1:Pos_5_CC": -0.012714334472909417, "Pos_3_G": 0.0, "Pos_2:Pos_4_GG": 0.0, "Pos_1:Pos_2_GG": 0.0, "Pos_1:Pos_2_AG": 0.07188177725440704, "Pos_1:Pos_3_GG": 0.0, "Pos_0:Pos_5_GG": 0.0, "Pos_0:Pos_2_TT": -0.03868516035086238, "Pos_3:Pos_4_CA": 0.10623818927395534, "Pos_2:Pos_5_AG": 0.0, "Pos_2:Pos_3_GT": 0.0, "Pos_2:Pos_3_AG": 0.0, "Pos_2:Pos_3_AT": -0.030958528194848248, "Pos_0:Pos_4_AT": 0.0, "Pos_0:Pos_4_GA": 0.0, "Pos_2:Pos_5_TA": 0.0, "Pos_2:Pos_4_TG": -0.012799750839564385, "Pos_2:Pos_4_GT": 0.021068817699483017, "Pos_0:Pos_2_CG": 0.0, "Pos_3_T": 0.0, "Pos_1:Pos_4_GA": 0.0, "GtoT": 0.02110318178474488, "Pos_2:Pos_3_CT": 0.04350661798980297, "Pos_3:Pos_5_CA": 0.0, "Pos_0:Pos_4_TG": 0.005846208925994517, "Pos_0:Pos_3_GT": -0.03642652866021745, "Pos_2:Pos_4_CC": -0.018012885615092213, "Pos_0:Pos_1_AT": -0.0012201811547119957, "Pos_0:Pos_3_GG": 0.019419961587755698, "Pos_2:Pos_3_CC": 0.0, "Pos_1:Pos_3_AA": 0.0, "Pos_0:Pos_3_AC": 0.0, "Pos_0:Pos_5_GC": -0.01785440598200942, "Pos_4:Pos_5_GT": -0.025766994177960884, "Pos_0:Pos_5_CC": -0.06056259722826401, "TtoA": 0.45192814262254627, "Pos_3:Pos_5_GC": -0.05128302402547327, "Pos_4:Pos_5_TA": 0.0, "Pos_1:Pos_4_CG": 0.0, "TtoG": 0.02641915788864124, "Pos_1:Pos_4_GC": 0.0, "Pos_4:Pos_5_AA": 0.042036622115135126, "Pos_3:Pos_4_TT": 0.049521335029425836, "Pos_0:Pos_4_GT": 0.0, "AtoT": 0.4021839687625731, "Pos_0:Pos_3_AA": 0.0, "Pos_0:Pos_5_TA": 0.0, "Pos_2:Pos_3_TC": 0.0, "Pos_2:Pos_5_GA": 0.009080542747084478, "Pos_1:Pos_3_AG": -0.04574749259759374, "Pos_0:Pos_2_AA": 0.0, "Pos_1:Pos_2_AC": -0.06054734934661395, "Pos_1:Pos_5_GA": 0.0, "Pos_0:Pos_2_TG": 0.01585496115159498, "Pos_1:Pos_5_TG": 0.012111751557243113, "Pos_4:Pos_5_CG": 0.0603232952205063, "CtoG": -0.6889694156278803, "GtoC": -0.6230098689317923, "GC_feature": -0.07375684639179518, "Pos_3:Pos_4_TG": -0.008440842175462416, "Pos_1:Pos_4_TG": 0.013269537121184068, "Pos_0:Pos_1_AA": 0.0375661479613712, "Pos_3:Pos_4_AC": 0.0, "Pos_3:Pos_4_GC": 0.0, "Pos_4:Pos_5_CA": 0.0, "Pos_0:Pos_3_GA": 0.0, "Pos_1:Pos_2_CT": 0.0, "Pos_1:Pos_4_GG": 0.0, "Pos_2:Pos_3_TT": 0.0, "Pos_0:Pos_2_CC": 0.0, "Pos_3:Pos_5_AT": 0.0, "Pos_0:Pos_5_AA": -0.06443760019277497, "Pos_2:Pos_3_AA": 0.0461768695933757, "Pos_1:Pos_3_CT": 0.0, "Pos_1:Pos_2_CA": 0.0, "Pos_1:Pos_4_CC": -0.017650080306580874, "Pos_0:Pos_5_CA": 0.006260259101260992, "Pos_1:Pos_4_CT": 0.0, "Pos_1_G": 0.0, "Pos_0:Pos_3_AT": 0.0, "Pos_0:Pos_5_AC": 0.005358770496305025, "Pos_3:Pos_5_AC": 0.0, "Pos_4:Pos_5_AC": 0.0, "Pos_1:Pos_4_TT": 0.0, "Pos_1:Pos_4_GT": -0.03538390822466645, "Pos_1:Pos_4_TC": 0.045327441433581694, "Pos_0:Pos_4_TC": -0.007062410337693332, "Pos_3:Pos_4_GT": 0.0, "Pos_3:Pos_5_CG": -0.006052445729658898, "Pos_1:Pos_2_GT": -0.01662764331203558, "Pos_0:Pos_5_TT": 0.0, "Pos_1:Pos_3_CC": 0.0, "Pos_0:Pos_1_CC": -0.005002549604623913, "Pos_0:Pos_2_CA": 0.02286305181609858, "Pos_0:Pos_3_AG": 0.0, "Pos_3:Pos_5_CT": 0.0653975828302525, "Pos_1:Pos_3_TT": 0.0, "Pos_3:Pos_5_TA": 0.02477114767739637, "Pos_1:Pos_5_TA": 0.0, "Pos_1:Pos_2_CC": 0.0, "Pos_2:Pos_5_AC": -0.016923349966744522, "Pos_2:Pos_4_CA": 0.0, "Pos_1:Pos_5_CG": -0.04749624360970988, "Pos_1:Pos_4_AA": -0.039873714927528205, "Pos_1:Pos_2_TT": 0.0783534012193017, "Pos_0:Pos_1_CG": 0.05628567115434313, "Pos_1:Pos_3_GA": 0.0, "Pos_1:Pos_5_CA": 0.03628893773772192, "Pos_0:Pos_5_AT": 0.0, "Pos_0_G": 0.0, "Pos_2:Pos_3_CA": -0.049493602638318146, "Pos_2_C": -0.0007867279751625256, "Pos_4_A": 0.0, "Pos_2:Pos_5_AT": 0.0, "Pos_4:Pos_5_AG": -0.014694268515415538, "Pos_1:Pos_2_GC": 0.0, "Pos_3:Pos_4_GA": -0.044585960538525565, "Pos_2:Pos_5_CG": 0.0, "Pos_0:Pos_4_GG": -0.018722463129139465, "AtoC": -0.09865681734269117, "Pos_1:Pos_4_AT": 0.007530017585446806, "Pos_2:Pos_5_TG": -0.011407224097009864, "Pos_0:Pos_2_AT": 0.0593935242364518, "Pos_3:Pos_4_AT": 0.0, "Pos_0:Pos_4_CA": -0.01780962028630531, "Pos_2:Pos_4_AC": -0.02547035370019299, "Pos_0:Pos_1_GC": -0.017786653847945765, "CtoT": -0.44008494985470653, "Pos_1:Pos_5_AA": -0.0058696823659889485, "Pos_2:Pos_5_TC": 0.014646141379521945, "Pos_2:Pos_4_AT": 0.0, "Pos_0:Pos_5_TC": 0.010045657529152121, "Pos_0:Pos_4_AA": -0.05358048249980004, "Pos_0:Pos_2_AG": 0.009996706256122846, "Pos_1:Pos_5_CT": 0.0, "Pos_4:Pos_5_AT": -0.028843922512544588, "Pos_1:Pos_3_AT": 0.07996105319204677, "Pos_0:Pos_3_CA": -0.00921049967787226, "Pos_2:Pos_4_TA": 0.0, "Pos_3:Pos_4_CC": -0.01020408345900921, "Pos_0:Pos_5_AG": -0.0030381678955349128, "Pos_2:Pos_4_AA": 0.0020297573493465487, "Pos_0:Pos_5_CG": -0.03721750248351895, "Pos_1:Pos_3_TA": 0.023808287677485072, "AtoG": 0.0, "Pos_0:Pos_3_CC": 0.011825735947226816, "Pos_3:Pos_5_TC": 0.0, "Pos_0:Pos_3_TA": 0.016871807513361925, "Pos_0:Pos_5_CT": 0.0, "Pos_0:Pos_4_CT": -0.005194340066211862, "Pos_1:Pos_2_GA": -0.02759827956627455, "Pos_0:Pos_2_TA": 0.03807701410017855, "Pos_4:Pos_5_CC": -0.034890311222960914, "Pos_1:Pos_5_GG": -0.05019227379697884, "Pos_1:Pos_3_AC": -0.007604917935326458, "Pos_1:Pos_3_TG": -0.023976736950260116, "Pos_1:Pos_5_GC": 0.0, "Pos_0:Pos_1_TG": 0.0, "Pos_0:Pos_1_CT": 0.0, "Pos_4:Pos_5_TC": 0.043203747178426864, "Pos_2:Pos_3_GA": 0.0, "Pos_3:Pos_5_AA": 0.0003647475640870908, "Pos_4:Pos_5_GA": 0.05101565036212438, "Pos_0:Pos_1_TA": -0.020906709123843487, "Pos_3:Pos_4_TA": 0.0, "Pos_3:Pos_4_TC": 0.02702020102920661, "Pos_4:Pos_5_GG": 0.0, "Pos_2:Pos_4_TT": 0.0, "Pos_0:Pos_4_GC": -0.003298531020528019, "TtoC": 0.011096334011236615, "Pos_3:Pos_5_GT": 0.021634746329591534, "Pos_3:Pos_5_TG": 0.05555745781594768, "Pos_1:Pos_5_TC": -0.01324776127383067, "Pos_0:Pos_1_AC": 0.013243387289597248, "Pos_2:Pos_4_TC": 0.0, "Pos_0:Pos_3_CT": 0.0, "Pos_2:Pos_4_AG": 0.0, "Pos_2_A": 0.0, "Pos_2:Pos_3_TA": -0.09901222593253424, "Pos_2:Pos_4_GA": -0.006275599029007576, "Pos_1_C": 0.0, "Pos_1:Pos_3_CG": 0.022144241069065766, "Pos_0:Pos_5_GT": -0.007847618118696132, "Pos_4:Pos_5_CT": 0.006938905554830642, "Pos_1:Pos_4_CA": 0.0, "Pos_2:Pos_5_AA": 0.0, "Pos_0:Pos_2_GT": 0.0, "Pos_1:Pos_5_GT": -0.017292669917569004, "Pos_1:Pos_5_AG": 0.0, "Pos_0:Pos_2_CT": -0.02316113358020716, "Pos_2:Pos_5_GC": 0.0, "Pos_2:Pos_3_TG": 0.0, "Pos_4:Pos_5_TG": -0.018949834767045166, "Pos_1:Pos_3_CA": -0.02859273487464493, "Pos_1:Pos_2_CG": -0.11598686174721691, "Pos_0:Pos_2_GA": 0.0, "Pos_0:Pos_1_TC": 0.014126146577144871, "Pos_1:Pos_2_AT": -0.006041310018008703, "Pos_0:Pos_4_TT": 0.0, "Pos_0:Pos_4_AG": 0.0, "Pos_2:Pos_5_GG": -0.02142149176892082, "Pos_3:Pos_5_CC": 0.02497481247137528, "Pos_0:Pos_1_TT": 0.014057637354133264, "Pos_0:Pos_3_TG": -0.029861704687882823, "Pos_4:Pos_5_TT": 0.038579671428033965, "Pos_4_G": 0.0, "Pos_0:Pos_4_CC": 0.0, "Pos_0_T": 0.0, "Pos_3_C": 0.0, "Pos_2:Pos_3_GC": 0.05465103393593203, "Pos_0:Pos_2_TC": 0.0, "CtoA": -0.0335862272977428, "Pos_0:Pos_3_CG": -0.11441884739765522, "Pos_3:Pos_5_GA": 0.0, "Pos_1:Pos_5_TT": 0.016787233477499743, "Pos_0:Pos_4_CG": 0.006669712339686337, "Pos_3:Pos_4_GG": 0.025901930697837357, "Pos_1:Pos_4_AC": 0.0, "Pos_1_A": 0.0, "Pos_0:Pos_1_GG": -0.01872474530341273, "Pos_3:Pos_5_AG": 0.0, "Pos_0:Pos_2_GG": 0.0, "Pos_3:Pos_4_CT": 0.0809054109642174, "Pos_0:Pos_1_CA": 0.0, "Pos_3:Pos_4_AA": -2.73934843160348e-05, "Pos_0:Pos_2_GC": -0.05749820752094609, "Pos_2:Pos_5_TT": 0.0, "GtoA": -0.44340596728502124, "Pos_2:Pos_4_CT": -0.06904644382817979, "Pos_2:Pos_5_CT": -0.024333738124431487, "Pos_5_T": 0.0, "Pos_1:Pos_4_TA": 0.0, "Pos_5_A": 0.0, "Pos_0_A": 0.0, "Pos_1:Pos_3_GC": 0.0, "Pos_1:Pos_3_TC": 0.005271915666533831, "Pos_1:Pos_2_AA": 0.0, "Pos_1:Pos_2_TG": 0.0832174331633486, "Pos_0:Pos_1_AG": -0.027588199523465657, "Pos_3:Pos_5_GG": -0.09381287221285986, "Pos_0:Pos_5_GA": 0.008570322005574,