{"CtoA": 0.0, "CtoT": -0.40624579985416864, "GtoT": 0.027365884413588594, "AtoG": 0.04080535458820289, "TtoG": -0.032675610346884994, "GtoA": -0.50133239308444, "CtoG": -0.6855968832222535, "TtoC": 0.04941266355049257, "GC_feature": -0.15848467951045264, "AtoT": 0.3442989632933764, "TtoA": 0.422164267208728, "AtoC": -0.0940039905086035, "GtoC": -0.7326516302465456}