{"param_penalty": {"0": "l1", "3": "l1", "2": "l1", "1": "l1"}, "params": {"0": {"C": 0.1, "penalty": "l1"}, "3": {"C": 100.0, "penalty": "l1"}, "2": {"C": 10.0, "penalty": "l1"}, "1": {"C": 1.0, "penalty": "l1"}}, "best_c_choice": 1.0, "split0_test_score": {"0": 0.7409994278, "3": 0.7410680908, "2": 0.7409994278, "1": 0.7411176807}, "rank_test_score": {"0": 3, "3": 2, "2": 3, "1": 1}, "param_C": {"0": 0.1, "3": 100.0, "2": 10.0, "1": 1.0}}