{"Pos_1:Pos_2_CC": 0.0, "Pos_0:Pos_1_GC": 0.0, "Pos_2:Pos_5_GA": 0.0, "Pos_0:Pos_3_AC": -0.0006027832612391309, "Pos_0:Pos_3_AG": 0.06258672458925171, "Pos_0:Pos_1_CA": 0.0, "CtoA": 0.1439734075134546, "Pos_2:Pos_3_GG": -0.01752599063194724, "Pos_1:Pos_4_TC": 0.0739171816242002, "Pos_0:Pos_4_TG": 0.0, "Pos_2:Pos_4_AC": 0.0, "Pos_0:Pos_2_TG": 0.0, "Pos_3_T": 0.05771493670840274, "Pos_5_A": 0.02075566233931111, "Pos_0:Pos_4_AA": -0.020011697563672565, "Pos_0:Pos_4_AC": 0.05896368028733437, "Pos_2:Pos_5_AT": 0.0, "Pos_2:Pos_5_AC": -0.05297783324487066, "Pos_4:Pos_5_AC": 0.0, "Pos_0:Pos_1_GG": 0.0, "Pos_3:Pos_5_GA": 0.0, "Pos_2:Pos_5_TT": 0.0, "Pos_1:Pos_4_CA": 0.019037712338599577, "Pos_4:Pos_5_CG": 0.20195349441856336, "Pos_1:Pos_4_AA": 0.0, "Pos_0:Pos_5_TA": 0.007734945562402488, "Pos_0:Pos_3_CC": 0.020446080411215612, "Pos_0_T": 0.07932030968589283, "Pos_1:Pos_4_CG": 0.0, "Pos_3_A": 0.0, "Pos_1:Pos_4_GC": 0.0, "Pos_0:Pos_2_GA": 0.0, "Pos_1:Pos_2_GT": -0.04668456079717261, "Pos_0:Pos_3_CG": -0.17948297405138447, "Pos_3_C": 0.0, "Pos_2:Pos_5_GC": 0.020986670310709152, "Pos_2:Pos_5_TG": 0.0, "Pos_0:Pos_5_AA": -0.05362855457571383, "Pos_0:Pos_2_CA": 0.061950325856378594, "Pos_1:Pos_4_CT": 0.010915465221850454, "Pos_1:Pos_4_TA": 0.0, "Pos_3:Pos_5_AC": 0.0, "Pos_0:Pos_2_CT": -0.001966491483047231, "AtoC": 0.0, "Pos_2:Pos_3_GT": 0.0, "Pos_1:Pos_3_CG": 0.0368041647667536, "Pos_3:Pos_4_AC": -0.023498966279950677, "Pos_0:Pos_5_AG": 0.0, "Pos_0:Pos_4_TC": 0.0, "Pos_0:Pos_2_AC": -0.1346017700541344, "Pos_4:Pos_5_AA": 0.02927839988012414, "Pos_0:Pos_3_CA": -0.01890762541543126, "Pos_1_C": 0.0, "Pos_1:Pos_2_GC": 0.0014824769200655129, "Pos_3:Pos_4_AA": 0.00027256195162773776, "Pos_0:Pos_2_TT": 0.0, "Pos_0:Pos_3_CT": 0.004808584464193187, "Pos_2:Pos_3_CG": -0.06378766672397464, "Pos_0:Pos_3_TC": 0.005711796995734031, "Pos_2:Pos_5_GG": 0.0, "Pos_0:Pos_1_AT": 0.0, "AtoT": 1.007100199413374, "Pos_4_G": 0.0, "Pos_2:Pos_5_AA": 0.03366225321293723, "Pos_2:Pos_4_CC": -0.04225637763030941, "Pos_0:Pos_4_GA": 0.004807099563714165, "Pos_2:Pos_5_TA": 0.0, "Pos_0:Pos_1_CG": 0.14747907614342362, "TtoC": 0.22334854909269533, "Pos_0:Pos_2_CG": 0.0, "Pos_1:Pos_2_TA": 0.0, "Pos_1:Pos_3_AA": 0.05042416568056893, "Pos_0_A": 0.0, "Pos_0:Pos_4_AG": 0.0, "Pos_1:Pos_4_CC": -0.003169908735505044, "Pos_2:Pos_3_AT": -0.07066618744923035, "Pos_0:Pos_4_CA": 0.0, "Pos_0:Pos_1_CT": 0.0, "Pos_4:Pos_5_AG": 0.0, "Pos_0:Pos_2_CC": 0.0, "Pos_3:Pos_5_CT": 0.12367403397383733, "Pos_3:Pos_5_GG": -0.10619806627392346, "Pos_0:Pos_5_GT": -0.019309362866327333, "Pos_0:Pos_1_GA": 0.0, "Pos_1:Pos_2_TG": 0.0812206697458204, "Pos_2:Pos_5_CA": 0.09614983741480088, "Pos_0:Pos_2_GC": -0.026163391101467405, "Pos_0:Pos_3_GG": 0.0, "Pos_2:Pos_3_GC": 0.09771704980631545, "Pos_1:Pos_3_AC": 0.0, "Pos_2:Pos_3_TC": 0.0, "Pos_4_T": 0.0, "Pos_1:Pos_5_GG": -0.024028078769700346, "Pos_1:Pos_2_TT": 0.09159287787909944, "Pos_4_C": 0.0, "Pos_0:Pos_5_GG": 0.0, "Pos_0:Pos_1_GT": 0.03860312422183838, "Pos_0:Pos_5_CT": 0.029630902310923368, "Pos_1:Pos_3_AG": -0.032073017124729375, "Pos_1:Pos_4_AG": -0.016834597635273243, "Pos_3:Pos_5_AA": 0.0, "Pos_0:Pos_4_GC": 0.009380163094793689, "Pos_1:Pos_5_CG": -0.036423868573421544, "Pos_4:Pos_5_GA": 0.04250098492734138, "Pos_3:Pos_4_TT": 0.1528442026098456, "Pos_0:Pos_5_TT": 0.0, "Pos_2:Pos_3_AA": 0.06147920367801249, "Pos_0:Pos_2_GT": 0.04100886958581238, "Pos_1:Pos_5_GC": 0.0, "Pos_1:Pos_3_CC": 0.0, "Pos_3:Pos_4_CG": -0.031195432713780752, "Pos_0:Pos_1_AC": 0.0, "Pos_2:Pos_3_CC": 0.0, "Pos_1:Pos_5_AT": 0.0, "Pos_0:Pos_5_GC": 0.0, "Pos_1:Pos_5_TA": 0.0, "Pos_2:Pos_4_GT": 0.0921423724178727, "Pos_2:Pos_4_AG": 0.05938641830382246, "Pos_0:Pos_3_TA": 0.022987252590375994, "Pos_4:Pos_5_AT": 0.0, "Pos_2:Pos_4_GA": 0.0, "Pos_1:Pos_3_TT": 0.0, "Pos_1:Pos_3_CT": 0.0, "Pos_3:Pos_4_TA": 0.0, "Pos_2:Pos_3_GA": 0.04234740417618295, "GtoC": -1.7656552071355993, "Pos_3:Pos_4_CA": 0.16646601161722344, "GtoA": -0.39816373061586313, "Pos_0:Pos_4_TT": 0.060558608593863764, "Pos_1:Pos_5_AC": 0.0, "Pos_0:Pos_1_TG": 0.0, "Pos_3:Pos_5_CA": 0.0, "Pos_0:Pos_4_CT": 0.0, "Pos_3:Pos_4_GA": -0.16237112656227956, "Pos_3:Pos_4_AT": -0.006043553114609468, "Pos_3:Pos_5_CC": 0.04515749886327588, "Pos_3:Pos_4_GT": 0.0, "Pos_0:Pos_3_GA": 0.0, "Pos_1:Pos_3_TG": 0.0, "Pos_2:Pos_4_TG": -0.08050821934398675, "Pos_1:Pos_5_TC": 0.0, "Pos_3:Pos_5_TT": -0.00956418076850912, "Pos_0:Pos_3_GT": -0.056428623778890796, "Pos_0:Pos_4_GT": -0.03476850736414538, "Pos_2:Pos_3_TA": -0.23518297572759256, "Pos_2:Pos_3_TT": 0.04442909769872581, "Pos_2:Pos_4_GC": 0.06353781374969693, "Pos_1:Pos_3_TA": 0.00031062664036007935, "Pos_0:Pos_1_AG": -0.040468382773288826, "Pos_0:Pos_4_CC": -0.040799289686569616, "Pos_3:Pos_5_TC": 0.0, "Pos_1:Pos_5_GT": -0.0054181864534500425, "Pos_2:Pos_3_AG": 0.0, "Pos_1:Pos_2_AT": 0.0471402574076337, "TtoA": 1.0501064084358276, "Pos_1:Pos_4_GT": -0.05097981899852461, "Pos_1:Pos_3_GT": 0.0, "Pos_1:Pos_3_AT": 0.11321053848534628, "Pos_1:Pos_2_AA": 0.0, "Pos_2:Pos_4_TT": 0.0, "Pos_0:Pos_1_TT": 0.08768373826029056, "Pos_3:Pos_4_CC": 0.0, "Pos_1:Pos_2_CT": 0.0, "Pos_3_G": -0.01549320917505804, "Pos_0:Pos_5_AC": 0.06877545130026294, "GtoT": 0.2538649971342179, "Pos_0_C": 0.0, "Pos_1:Pos_3_GC": 0.0, "Pos_1:Pos_5_TT": 0.0003574156318291627, "Pos_4:Pos_5_TT": 0.0, "Pos_4:Pos_5_CA": -0.005438828944781559, "Pos_1:Pos_4_AT": 0.07012952720286701, "Pos_1:Pos_5_CT": 0.051276601922509345, "AtoG": 0.22521136960383, "Pos_3:Pos_5_GT": 0.07043563846165539, "Pos_2:Pos_5_CT": 0.0, "Pos_0:Pos_1_TA": 0.0, "Pos_2:Pos_5_TC": 0.0, "Pos_0:Pos_5_TC": 0.0, "Pos_2:Pos_4_TA": 0.0020165438315316612, "Pos_1:Pos_3_CA": -0.04813057329680773, "Pos_4_A": 0.0, "Pos_3:Pos_5_AG": 0.0024844686099857274, "Pos_0:Pos_5_CA": 0.07438277667108878, "TtoG": 0.13793496929679186, "Pos_1:Pos_2_CA": 0.04701161180514052, "Pos_0:Pos_2_AA": 0.0, "Pos_2_T": 0.0, "Pos_3:Pos_4_TG": 0.0, "Pos_3:Pos_5_AT": 0.0, "Pos_4:Pos_5_GT": 0.0, "Pos_0:Pos_5_CG": -0.11083426753150438, "Pos_4:Pos_5_CC": -0.0631705463116416, "Pos_2:Pos_4_AA": -0.027391377452933463, "Pos_0:Pos_1_TC": 0.07145929734650314, "Pos_0:Pos_4_TA": 0.05382954408453545, "Pos_2_C": -0.029364635650653944, "Pos_0:Pos_2_AT": 0.11247994469929405, "Pos_1:Pos_5_TG": 0.012273005710196558, "Pos_4:Pos_5_TC": 0.024205472011386488, "Pos_0:Pos_5_CC": -0.03366293039371317, "Pos_2:Pos_3_CT": 0.028492803292136246, "Pos_1:Pos_4_GG": 0.06928941078300882, "Pos_2:Pos_5_CG": 0.0, "Pos_4:Pos_5_CT": 0.006542321599867845, "Pos_2:Pos_3_CA": -0.17615370097460598, "Pos_0_G": 0.0, "Pos_3:Pos_5_CG": -0.02697735639323422, "Pos_0:Pos_5_TG": 0.06179220393156633, "Pos_0:Pos_1_CC": 0.0, "Pos_5_T": 0.0, "Pos_2_A": 0.0, "Pos_2:Pos_4_CG": 0.0, "Pos_3:Pos_4_TC": 0.0, "Pos_3:Pos_5_TG": 0.05008254553930306, "Pos_1:Pos_2_GG": 0.0, "Pos_1:Pos_4_TT": 0.0, "Pos_3:Pos_4_CT": 0.21493844910138218, "Pos_2:Pos_3_AC": 0.0, "Pos_2:Pos_4_AT": 0.0934384740035549, "Pos_0:Pos_2_TC": 0.02571363755109784, "Pos_1:Pos_2_AC": -0.12167429939084609, "Pos_1:Pos_4_AC": 0.09226097442182342, "Pos_4:Pos_5_GG": 0.0, "Pos_2:Pos_4_TC": 0.0, "Pos_5_C": 0.0, "Pos_1:Pos_2_AG": 0.06887596227645665, "Pos_2:Pos_5_AG": 0.004264661713614564, "Pos_2:Pos_4_CT": -0.07831471771886692, "Pos_0:Pos_4_GG": -0.03600851585813945, "Pos_5_G": 0.0, "CtoT": -0.40310384067556426, "Pos_2:Pos_3_TG": 0.0, "Pos_3:Pos_4_AG": 0.2644837303161905, "Pos_1:Pos_4_TG": 0.0, "Pos_1:Pos_5_GA": 0.022307843598048514, "Pos_0:Pos_2_AG": 0.06485711586807691, "Pos_1:Pos_5_AG": 0.0007558407385520375, "Pos_0:Pos_2_GG": 0.0, "Pos_1_G": -0.002077694621715062, "Pos_2:Pos_5_GT": 0.05403706610131322, "Pos_1:Pos_4_GA": 0.0, "Pos_1:Pos_3_GG": 0.0, "Pos_3:Pos_5_GC": -0.034476762342066904, "Pos_1:Pos_2_CG": -0.3862609467566838, "Pos_1:Pos_5_CA": 0.10352425179092589, "Pos_1:Pos_2_TC": 0.0, "Pos_1:Pos_3_TC": 0.0, "Pos_0:Pos_5_GA": 0.0, "Pos_0:Pos_5_AT": 0.03550240553294749, "Pos_0:Pos_3_AT": 0.010144375527096827, "Pos_1:Pos_3_GA": -0.07472533469268934, "Pos_2:Pos_5_CC": -0.046473235746813536, "Pos_0:Pos_3_GC": 0.0,