{"param_C": {"0": 0.1, "2": 10.0, "1": 1.0, "3": 100.0}, "params": {"0": {"penalty": "l1", "C": 0.1}, "2": {"penalty": "l1", "C": 10.0}, "1": {"penalty": "l1", "C": 1.0}, "3": {"penalty": "l1", "C": 100.0}}, "best_c_choice": 0.1, "rank_test_score": {"0": 1, "2": 3, "1": 2, "3": 4}, "param_penalty": {"0": "l1", "2": "l1", "1": "l1", "3": "l1"}, "split0_test_score": {"0": 0.7256314469, "2": 0.6584590502, "1": 0.6678971173, "3": 0.6581212607}}