{"split0_test_score": {"0": 0.7274716362, "1": 0.7274716362, "4": 0.7274716362, "3": 0.7274716362, "2": 0.7274716362}, "rank_test_score": {"0": 1, "1": 1, "4": 1, "3": 1, "2": 1}, "params": {"0": {"alpha": 0.01}, "1": {"alpha": 0.1}, "4": {"alpha": 3.0}, "3": {"alpha": 2.0}, "2": {"alpha": 1.0}}, "param_alpha": {"0": 0.01, "1": 0.1, "4": 3.0, "3": 2.0, "2": 1.0}, "best_a_choice": 0.01}