{"split0_test_score": {"3": 0.7695765227, "0": 0.7702559185, "1": 0.7703150793, "4": 0.7686805218, "2": 0.770074619}, "rank_test_score": {"3": 4, "0": 2, "1": 1, "4": 5, "2": 3}, "best_a_choice": 0.1, "params": {"3": {"alpha": 2.0}, "0": {"alpha": 0.01}, "1": {"alpha": 0.1}, "4": {"alpha": 3.0}, "2": {"alpha": 1.0}}, "param_alpha": {"3": 2.0, "0": 0.01, "1": 0.1, "4": 3.0, "2": 1.0}}