{"Pos_0_C": -0.19975626918878606, "GtoT": 0.646958709884685, "Pos_0_A": 0.06078213317836544, "Pos_0_T": 0.0, "Pos_0_G": 0.26586144843065296, "AtoT": 1.466875115985608, "CtoA": 0.5306262779450271, "Pos_1_C": 0.10926662431303306, "Pos_1_A": 0.0, "Pos_1_G": -0.15697155555679707, "GtoC": -2.730012264385525, "Pos_1_T": 0.19222373323184538, "TtoG": 0.518194354166535, "AtoC": 0.2942671302155183, "CtoT": 0.04311378262877473, "TtoC": 0.5924035148871991, "TtoA": 1.385608253509512, "GtoA": 0.059143720422631725, "AtoG": 0.6100059429245652, "CtoG": -2.5920822126751624}