{"best_c_choice": 10.0, "params": {"2": {"C": 10.0, "penalty": "l1"}, "1": {"C": 1.0, "penalty": "l1"}, "3": {"C": 100.0, "penalty": "l1"}, "0": {"C": 0.1, "penalty": "l1"}}, "split0_test_score": {"2": 0.7652081604, "1": 0.765059304, "3": 0.7652072062, "0": 0.7623140488}, "param_C": {"2": 10.0, "1": 1.0, "3": 100.0, "0": 0.1}, "rank_test_score": {"2": 1, "1": 3, "3": 2, "0": 4}, "param_penalty": {"2": "l1", "1": "l1", "3": "l1", "0": "l1"}}