{"params": {"3": {"alpha": 2.0}, "2": {"alpha": 1.0}, "1": {"alpha": 0.1}, "0": {"alpha": 0.01}, "4": {"alpha": 3.0}}, "best_a_choice": 0.01, "rank_test_score": {"3": 4, "2": 3, "1": 2, "0": 1, "4": 5}, "param_alpha": {"3": 2.0, "2": 1.0, "1": 0.1, "0": 0.01, "4": 3.0}, "split0_test_score": {"3": 0.7642615865, "2": 0.7649362112, "1": 0.765312169, "0": 0.7653274363, "4": 0.7633942118}}