{"params": {"0": {"alpha": 0.01}, "4": {"alpha": 3.0}, "3": {"alpha": 2.0}, "2": {"alpha": 1.0}, "1": {"alpha": 0.1}}, "param_alpha": {"0": 0.01, "4": 3.0, "3": 2.0, "2": 1.0, "1": 0.1}, "rank_test_score": {"0": 1, "4": 5, "3": 4, "2": 3, "1": 2}, "split0_test_score": {"0": 0.7068195593, "4": 0.6983843932, "3": 0.6991012439, "2": 0.7003622743, "1": 0.7042982592}, "best_a_choice": 0.01}