{"AtoC": -0.09828709011481694, "Pos_1_G": 0.2109093652962238, "CtoG": -0.6640674751308061, "Pos_0_T": 0.16832086629323023, "Pos_3_T": 0.008551788593975375, "Pos_2_A": -0.10708372034774151, "GtoC": -0.6508009766979793, "Pos_3_C": 0.0, "TtoC": 0.011029839226567646, "TtoG": 0.0, "Pos_1_T": -0.04720160562785654, "Pos_2_G": -0.2779246445204185, "Pos_2_T": 0.0, "Pos_2_C": 0.024617571735189653, "Pos_0_A": 0.04569110495650823, "Pos_3_G": 0.004359025325777005, "CtoA": -0.0525607501716793, "AtoT": 0.40249582536753387, "GtoA": -0.45014787990148397, "GtoT": 0.020758859312402032, "TtoA": 0.4429108388877932, "Pos_1_C": -0.15089786096023255, "Pos_3_A": -0.060598735337603536, "GC_feature": -0.12251838337839444, "CtoT": -0.4496624674777632, "AtoG": 0.007993808773151603, "Pos_0_G": -0.008819425240856802, "Pos_1_A": 0.0, "Pos_0_C": 0.0}