{"split0_test_score": {"4": 0.7769597559, "0": 0.7804196071, "1": 0.7804539386, "2": 0.7794011062, "3": 0.7780583635}, "param_alpha": {"4": 3.0, "0": 0.01, "1": 0.1, "2": 1.0, "3": 2.0}, "params": {"4": {"alpha": 3.0}, "0": {"alpha": 0.01}, "1": {"alpha": 0.1}, "2": {"alpha": 1.0}, "3": {"alpha": 2.0}}, "best_a_choice": 0.1, "rank_test_score": {"4": 5, "0": 2, "1": 1, "2": 3, "3": 4}}