{"split0_test_score": {"1": 0.6434217956, "3": 0.6517504235, "4": 0.6547305352, "2": 0.6484566158, "0": 0.6402064119}, "param_alpha": {"1": 0.1, "3": 2.0, "4": 3.0, "2": 1.0, "0": 0.01}, "best_a_choice": 3.0, "rank_test_score": {"1": 4, "3": 2, "4": 1, "2": 3, "0": 5}, "params": {"1": {"alpha": 0.1}, "3": {"alpha": 2.0}, "4": {"alpha": 3.0}, "2": {"alpha": 1.0}, "0": {"alpha": 0.01}}}