{"Pos_3_T": 0.04832153476614577, "TtoG": 0.01880437622002103, "Pos_0_C": -0.09958998945175561, "GC_feature": -0.16885121152086005, "AtoT": 0.3899933936654721, "Pos_0_G": 0.0012294999101705778, "Pos_2_A": -0.16165485661405526, "Pos_2_C": 0.09298954914337756, "TtoA": 0.4937984709301839, "Pos_1_T": -0.005895510920956965, "Pos_1_A": 0.0, "CtoG": -0.7450666032152435, "CtoT": -0.38117041518908146, "AtoG": 0.09149914630955854, "Pos_3_G": 0.0716889049857147, "AtoC": -0.06503028415633329, "Pos_2_G": -0.3386635834698743, "Pos_2_T": 0.03948783966072928, "TtoC": 0.0, "Pos_3_C": 0.0, "Pos_0_T": 0.040805349542431264, "GtoC": -0.6035257830257182, "Pos_1_G": 0.18719773810201026, "CtoA": -0.06632134700197817, "GtoT": 0.09257273049659072, "Pos_0_A": -0.0008870560882812868, "Pos_3_A": -0.09496419052675022, "GtoA": -0.4444244173597233, "Pos_1_C": -0.11109129859934756}