{"params": {"2": {"alpha": 1.0}, "0": {"alpha": 0.01}, "4": {"alpha": 3.0}, "1": {"alpha": 0.1}, "3": {"alpha": 2.0}}, "param_alpha": {"2": 1.0, "0": 0.01, "4": 3.0, "1": 0.1, "3": 2.0}, "best_a_choice": 0.01, "split0_test_score": {"2": 0.7545196042, "0": 0.7551379307, "4": 0.7522743538, "1": 0.7551045334, "3": 0.7533965019}, "rank_test_score": {"2": 3, "0": 1, "4": 5, "1": 2, "3": 4}}