{"best_a_choice": 1.0, "rank_test_score": {"2": 1, "4": 3, "1": 4, "0": 4, "3": 1}, "split0_test_score": {"2": 0.7698569546, "4": 0.7690099755, "1": 0.7645868624, "0": 0.7645868624, "3": 0.7698569546}, "params": {"2": {"alpha": 1.0}, "4": {"alpha": 3.0}, "1": {"alpha": 0.1}, "0": {"alpha": 0.01}, "3": {"alpha": 2.0}}, "param_alpha": {"2": 1.0, "4": 3.0, "1": 0.1, "0": 0.01, "3": 2.0}}