{"Pos_1:Pos_2:Pos_3_TCG": -0.08390904281916062, "Pos_0:Pos_1:Pos_3_GGG": 0.0, "Pos_0:Pos_3_GG": 0.0, "Pos_0:Pos_1:Pos_2_CTG": 0.0, "GtoT": 0.08774081334363334, "Pos_2:Pos_3_GA": -0.16963983265005614, "Pos_1:Pos_2_AT": 0.0, "Pos_0_C": 0.0, "Pos_1:Pos_2_CA": 0.0, "Pos_0:Pos_2:Pos_3_AAT": -0.09204187349724852, "Pos_0:Pos_1:Pos_2_ATG": 0.0, "Pos_0:Pos_1:Pos_3_CCA": -0.08512320588084711, "Pos_0:Pos_1:Pos_2_AGG": 0.0, "Pos_1:Pos_2:Pos_3_CAA": -0.028369890472436658, "Pos_0:Pos_2_CG": -0.026014375246345672, "TtoC": 0.0, "Pos_0:Pos_1:Pos_2_GAT": -0.009010918534548048, "Pos_0:Pos_2:Pos_3_ACT": 0.007887502815821902, "AtoC": -0.04577692523481781, "Pos_0:Pos_1:Pos_2_AAG": -0.04376315710782789, "Pos_1_G": 0.0, "Pos_0:Pos_2:Pos_3_GCA": 0.08899330030991551, "Pos_0:Pos_1:Pos_3_CGT": 0.0, "Pos_0:Pos_1_AA": 0.0, "Pos_0:Pos_1:Pos_3_CCT": 0.0, "Pos_0:Pos_1:Pos_2_GTA": 0.0, "Pos_0:Pos_2:Pos_3_GGT": 0.0, "Pos_0:Pos_1:Pos_2_ACG": 0.0, "Pos_0:Pos_2_CA": 0.0, "Pos_1:Pos_2:Pos_3_AGG": 0.0, "Pos_0:Pos_1:Pos_3_GGT": 0.001180373973481472, "Pos_1:Pos_2:Pos_3_GGC": 0.0, "Pos_3_C": 0.0, "GtoC": -0.3591614735039463, "Pos_1:Pos_2_TG": 0.0, "Pos_0:Pos_1:Pos_3_GTT": -0.003078343321663574, "Pos_0:Pos_2:Pos_3_AGC": -0.005510932244224099, "Pos_0:Pos_2:Pos_3_TGG": 0.0, "Pos_1:Pos_2_GA": -0.013747127375187535, "Pos_1:Pos_2:Pos_3_TTA": 0.0, "AtoT": 0.36616237754563996, "Pos_0:Pos_1:Pos_3_ACG": -0.05402578518651013, "Pos_0:Pos_1:Pos_3_ATG": 0.07854575145840324, "Pos_0:Pos_2:Pos_3_GGA": -0.019047401976887382, "Pos_0:Pos_2:Pos_3_TGT": 0.06263961624211273, "Pos_0:Pos_2:Pos_3_AAA": 0.0, "Pos_0:Pos_1:Pos_2_TCA": 0.0, "Pos_0:Pos_2:Pos_3_ATC": 0.0, "Pos_1:Pos_2_CG": 0.0, "Pos_0:Pos_1:Pos_3_TGG": 0.0, "Pos_0:Pos_1:Pos_2_AGT": 0.055628081220081255, "Pos_0:Pos_1:Pos_3_GAG": 0.03423669109274242, "Pos_1:Pos_2_TT": 0.0, "Pos_0:Pos_1:Pos_2_ATC": 0.027345491446071304, "Pos_1:Pos_2:Pos_3_TTC": 0.0, "Pos_1:Pos_2:Pos_3_TCA": 0.0, "Pos_0:Pos_1:Pos_2_ACA": -0.047111658663801514, "Pos_0:Pos_2:Pos_3_TGA": 0.0, "Pos_0:Pos_1:Pos_2_GGA": 0.0, "Pos_1:Pos_2_AG": -0.023916584993020032, "Pos_0:Pos_1:Pos_3_AGC": 0.0, "Pos_0:Pos_1:Pos_2_TAC": 0.0, "Pos_0:Pos_2:Pos_3_ACG": 0.0, "Pos_1:Pos_2:Pos_3_AAA": 0.0, "Pos_0:Pos_1:Pos_2_AAC": 0.0, "Pos_0:Pos_1:Pos_2_CTA": -0.01871814296690271, "Pos_0:Pos_1:Pos_2_GGC": 0.0, "Pos_1:Pos_2:Pos_3_TTT": 0.052863089688666834, "Pos_2:Pos_3_CA": 0.0024005128860252163, "Pos_1:Pos_3_AG": 0.0, "Pos_1:Pos_2:Pos_3_CCG": 0.010640465831080087, "Pos_0:Pos_1:Pos_3_ACC": 0.0, "Pos_0:Pos_3_AG": 0.0, "Pos_0:Pos_1:Pos_3_CTC": 0.0, "Pos_0:Pos_2:Pos_3_ATG": 0.1346119673723522, "Pos_0:Pos_3_CT": 0.0, "Pos_0:Pos_1_GG": 0.1287930506908864, "Pos_0:Pos_1:Pos_3_TTC": -0.0095049429559165, "Pos_1:Pos_2:Pos_3_ACG": 0.0, "Pos_0:Pos_1_GC": 0.0, "Pos_1:Pos_2:Pos_3_GTG": 0.0, "Pos_1:Pos_3_CT": 0.0, "Pos_0:Pos_3_GC": 0.0, "Pos_0:Pos_1:Pos_3_CAA": 0.04796184489871582, "Pos_0:Pos_2:Pos_3_GTC": 0.0, "Pos_0:Pos_1:Pos_2_CTT": 0.0, "Pos_0:Pos_1:Pos_2_TTA": -0.051536391319055415, "Pos_0:Pos_2_TG": 0.0, "Pos_0:Pos_1:Pos_3_CAG": -0.005057775633531565, "Pos_0:Pos_1:Pos_3_ACT": 0.0, "Pos_1:Pos_2:Pos_3_TAA": -0.019855446181395637, "Pos_1:Pos_2:Pos_3_GGA": 0.0, "Pos_2:Pos_3_CT": 0.0, "Pos_0:Pos_1_AT": 0.0, "Pos_0:Pos_1:Pos_3_AAC": 0.0, "Pos_0:Pos_1:Pos_2_GAA": -0.0442886025187146, "Pos_0:Pos_1:Pos_2_GTG": 0.0, "Pos_1:Pos_2:Pos_3_GTT": 0.04632251320641886, "Pos_1:Pos_2:Pos_3_TAG": 0.0, "Pos_1:Pos_2:Pos_3_TCC": 0.022261682592232546, "Pos_0:Pos_1:Pos_2_TAA": 0.0, "Pos_0:Pos_1:Pos_2_AGA": 0.0, "Pos_0:Pos_1:Pos_3_ATA": -0.04913065201821997, "Pos_0:Pos_1:Pos_3_AAA": -0.0028722125537272297, "Pos_1:Pos_3_AA": 0.0, "Pos_0:Pos_2:Pos_3_GTG": 0.0, "Pos_0:Pos_2:Pos_3_CAC": -0.07020219691564339, "Pos_1:Pos_3_CC": 0.0, "Pos_0:Pos_2:Pos_3_CGT": 0.0, "Pos_1:Pos_2:Pos_3_CTG": 0.0, "Pos_0:Pos_2:Pos_3_ATA": -0.03689200362393183, "Pos_2_A": 0.0, "Pos_0:Pos_1:Pos_3_TCG": 0.0, "Pos_1:Pos_2:Pos_3_GAA": -0.07051703728669906, "Pos_0:Pos_2:Pos_3_CGA": 0.0, "Pos_1:Pos_2:Pos_3_CCT": -0.030827028673606004, "Pos_0:Pos_1:Pos_2_CGA": -0.038927111124720006, "Pos_0:Pos_2:Pos_3_CAT": 0.0, "Pos_1:Pos_3_GG": 0.0, "Pos_0:Pos_2:Pos_3_TAG": -0.016270383361696318, "Pos_0:Pos_3_CC": 0.0, "Pos_0:Pos_1:Pos_3_CCC": 0.0, "Pos_0:Pos_1:Pos_3_TAT": -0.037279670024318964, "Pos_0:Pos_2:Pos_3_ATT": 0.0, "Pos_0:Pos_1:Pos_2_GCG": -0.16176329559810673, "Pos_0:Pos_2_CT": 0.0, "Pos_1:Pos_2:Pos_3_TAT": -0.018243861944633344, "Pos_0:Pos_2:Pos_3_GCT": -0.03200048026752346, "Pos_0:Pos_1_TC": 0.0, "Pos_0:Pos_2:Pos_3_CCA": 0.0, "Pos_0:Pos_1:Pos_2_GTT": 0.0, "Pos_0:Pos_2:Pos_3_AAG": 0.0, "Pos_0:Pos_2:Pos_3_TCC": 0.055251085755864265, "Pos_0:Pos_2:Pos_3_GCG": 0.0, "Pos_0:Pos_2_TA": 0.0, "Pos_0:Pos_1:Pos_2_TTC": -0.0020058369821941025, "Pos_1:Pos_2:Pos_3_TAC": 0.0, "Pos_0:Pos_1:Pos_2_GTC": 0.0, "Pos_0:Pos_1:Pos_3_TAA": 0.04272242463358973, "Pos_3_T": 0.0, "Pos_2:Pos_3_AT": 0.0, "Pos_0:Pos_2:Pos_3_CAG": 0.030518119392226616, "Pos_0:Pos_1:Pos_3_AGT": 0.0, "Pos_1:Pos_3_TT": 0.0, "Pos_0:Pos_2:Pos_3_GGC": 0.0, "Pos_0:Pos_1:Pos_2_CAC": 0.012456672923360885, "Pos_0:Pos_1:Pos_3_CTG": 0.001142649648288605, "Pos_0:Pos_1:Pos_2_CCA": 0.0, "Pos_0:Pos_2_CC": 0.0, "Pos_0:Pos_2:Pos_3_TTC": 0.0, "CtoA": -0.035829806004214024, "Pos_0:Pos_1:Pos_2_ATT": 0.0, "Pos_0:Pos_1:Pos_3_TCT": 0.009172903433198652, "Pos_1:Pos_2:Pos_3_GTA": 0.0, "Pos_0:Pos_3_GA": 0.0, "Pos_1:Pos_2:Pos_3_TTG": 0.0, "Pos_0:Pos_1:Pos_3_TAG": 0.0, "Pos_2:Pos_3_TT": 0.017160796317769754, "Pos_0_T": 0.0, "TtoA": 0.47950869999365325, "Pos_0:Pos_1:Pos_2_TCT": 0.0, "Pos_0:Pos_1:Pos_3_CAT": 0.02154991578133494, "CtoT": -0.38013201479085224, "Pos_0:Pos_3_TA": 0.0, "Pos_1:Pos_2:Pos_3_CGC": 0.0, "Pos_0:Pos_1:Pos_3_ACA": 0.0, "Pos_0:Pos_1:Pos_2_AGC": 0.0, "Pos_0:Pos_1_CT": 0.0, "Pos_0:Pos_1:Pos_2_TGG": 0.0, "Pos_0:Pos_1:Pos_2_GCA": 0.0, "Pos_0:Pos_3_CG": 0.0, "Pos_0:Pos_2:Pos_3_TTG": -0.011753917704986079, "Pos_2:Pos_3_AA": -0.02086882478064521, "Pos_0:Pos_1:Pos_3_GCA": 0.0, "Pos_0:Pos_2:Pos_3_AAC": 0.0, "Pos_0:Pos_1:Pos_3_TGT": 0.0, "Pos_1:Pos_2:Pos_3_GAT": -0.002732437262343905, "Pos_0:Pos_1_CC": 0.0, "Pos_1:Pos_2:Pos_3_CCC": -0.0237662595905362, "Pos_1:Pos_2:Pos_3_GCT": 0.0, "AtoG": 0.09054514098257391, "Pos_0:Pos_2:Pos_3_CGG": 0.0, "Pos_0:Pos_1:Pos_2_GCT": 0.021379599003417758, "Pos_1:Pos_2:Pos_3_CTA": 0.04732344791101502, "Pos_1:Pos_2:Pos_3_ATT": 0.0, "Pos_1:Pos_2_GC": 0.09388526224311973, "Pos_0:Pos_2:Pos_3_TTA": 0.0, "Pos_1:Pos_2:Pos_3_CTT": 0.0, "Pos_1:Pos_2:Pos_3_AAT": 0.021625562940236612, "Pos_0:Pos_1:Pos_2_GAC": 0.0, "Pos_0:Pos_3_CA": 0.0, "Pos_0:Pos_1:Pos_3_TGC": 0.0, "Pos_0:Pos_1:Pos_2_ATA": 0.0, "Pos_0:Pos_3_AT": 0.0, "Pos_0:Pos_2:Pos_3_CTA": 0.0, "Pos_0:Pos_1:Pos_2_AAT": 0.01764407285828275, "Pos_1:Pos_2:Pos_3_TCT": 0.0, "Pos_0:Pos_1:Pos_3_GTA": 0.0, "Pos_0:Pos_1:Pos_3_CCG": 0.0, "Pos_0:Pos_2:Pos_3_TCG": 0.0, "Pos_1:Pos_2_CC": 0.0, "Pos_0:Pos_1:Pos_2_CCG": -0.06898625398293667, "Pos_0:Pos_2_AT": 0.0, "Pos_0:Pos_1:Pos_3_AGG": 0.09363211678184401, "Pos_0:Pos_2:Pos_3_GAG": 0.0, "Pos_1:Pos_2:Pos_3_AGA": 0.0, "Pos_1:Pos_2:Pos_3_ATA": -0.00046279112078590195, "Pos_0:Pos_1:Pos_2_CAA": 0.0, "Pos_1:Pos_2:Pos_3_ACT": 0.0, "Pos_0:Pos_1:Pos_2_GGT": 0.0, "Pos_0:Pos_2_AG": 0.0, "Pos_0:Pos_2:Pos_3_CCG": 0.0, "Pos_0:Pos_2_GC": 0.0, "Pos_2:Pos_3_TC": 0.0, "Pos_3_G": 0.0, "Pos_0_A": 0.0, "Pos_0:Pos_1:Pos_2_CGG": 0.0, "Pos_0:Pos_3_TC": 0.0, "Pos_1:Pos_2:Pos_3_GGG": 0.0, "Pos_1:Pos_2:Pos_3_GCC": 0.0, "Pos_0:Pos_2:Pos_3_GAT": 0.0, "Pos_0:Pos_1:Pos_2_ACC": 0.0, "Pos_0:Pos_1:Pos_3_GTC": 0.036957584280117785, "Pos_0:Pos_2:Pos_3_GCC": 0.0, "Pos_1:Pos_2:Pos_3_CTC": 0.0, "Pos_0:Pos_2:Pos_3_CCC": -0.040728870649370724, "Pos_1:Pos_2_CT": 0.0, "Pos_1:Pos_3_CA": 0.0, "Pos_0:Pos_1_GA": 0.0, "Pos_1:Pos_2:Pos_3_AAG": 0.0, "Pos_0:Pos_1_TT": 0.0, "Pos_0:Pos_1_TG": 0.0, "Pos_1:Pos_2:Pos_3_TGT": 0.0, "Pos_0:Pos_3_AC": 0.0, "Pos_0:Pos_1:Pos_2_TAG": -0.06794600308430611, "Pos_0:Pos_2_AA": 0.0, "Pos_1:Pos_3_TG": 0.0, "Pos_2_T": 0.0, "Pos_0:Pos_1:Pos_2_GCC": -0.03374297068744393, "Pos_0:Pos_1:Pos_2_CTC": 0.0, "Pos_1:Pos_2:Pos_3_GCG": 0.0, "Pos_1:Pos_2_TA": 0.0,