{"params": {"1": {"alpha": 0.1}, "2": {"alpha": 1.0}, "0": {"alpha": 0.01}, "3": {"alpha": 2.0}, "4": {"alpha": 3.0}}, "param_alpha": {"1": 0.1, "2": 1.0, "0": 0.01, "3": 2.0, "4": 3.0}, "rank_test_score": {"1": 4, "2": 3, "0": 5, "3": 2, "4": 1}, "split0_test_score": {"1": 0.5927912667, "2": 0.6083035322, "0": 0.5875603865, "3": 0.6151342619, "4": 0.61800458}, "best_a_choice": 3.0}