{"AtoT": 1.0768193560331567, "AtoG": 0.34659879440972363, "GtoT": 0.35564787911759, "Pos_0:Pos_1_AT": 0.0, "Pos_0_G": 0.2017153232776859, "TtoC": 0.3584014085884856, "TtoG": 0.31475140502878934, "TtoA": 1.2119917303083603, "Pos_0:Pos_1_TA": -0.25652681394763327, "Pos_0:Pos_1_CA": 0.0, "Pos_1_A": 0.0, "Pos_0:Pos_1_CG": -0.08551008785418045, "Pos_1_C": 0.07458739619405473, "CtoA": 0.1854494646987313, "Pos_0:Pos_1_GG": 0.0, "Pos_0:Pos_1_TT": 0.12602372455903213, "Pos_0:Pos_1_TC": 0.0, "Pos_0_T": 0.0, "GtoC": -1.5760592972977372, "GtoA": -0.3001339659932802, "Pos_0:Pos_1_CC": 0.0, "CtoG": -1.5942985043642874, "Pos_0:Pos_1_GC": 0.14820439447093856, "Pos_1_G": -0.18976529611195703, "Pos_0_C": -0.1538183544780806, "AtoC": 0.020618150991263025, "CtoT": -0.25598419715269766, "Pos_0:Pos_1_GT": 0.14692772897318054, "Pos_0:Pos_1_GA": 0.0, "Pos_0:Pos_1_AG": 0.0, "Pos_0:Pos_1_AA": 0.06846067743907086, "Pos_0:Pos_1_AC": 0.026054323152463466, "Pos_0_A": 0.0, "Pos_0:Pos_1_CT": 0.1560336422468262, "Pos_0:Pos_1_TG": 0.0, "Pos_1_T": 0.015613469641401112}