{"Pos_1:Pos_2_GC": -0.011222980044726976, "Pos_2:Pos_3_TC": 0.0, "Pos_2:Pos_5_GT": 0.04017641799759309, "CtoT": -0.33326515573068355, "Pos_0:Pos_5_GC": 0.0, "GC_feature": -0.025583485519656092, "AtoG": 0.06770382871386071, "Pos_1:Pos_5_TC": 0.0, "Pos_0:Pos_4_TG": 0.0, "Pos_0:Pos_5_CG": 0.0, "Pos_2_A": 0.0, "Pos_1:Pos_2_AG": 0.06448797624195134, "Pos_2:Pos_4_AC": -0.08869585732896969, "Pos_4:Pos_5_AT": 0.0, "Pos_4:Pos_5_TA": 0.08876222242090709, "Pos_0:Pos_1_GG": 0.0, "GtoC": -0.3012941439592782, "Pos_3:Pos_4_AG": 0.0021701424285333307, "Pos_0:Pos_3_TC": 0.018760704025215187, "Pos_1:Pos_5_CG": -0.05732127856531418, "Pos_0:Pos_3_AG": 0.0, "Pos_0:Pos_1_CC": -0.03725763640978619, "Pos_1:Pos_5_GT": 0.0, "Pos_3:Pos_4_AC": 0.0, "Pos_0:Pos_4_GC": 0.0, "Pos_0:Pos_4_AC": 0.0, "Pos_1:Pos_4_CC": 0.0, "Pos_1:Pos_4_GA": 0.0, "Pos_2:Pos_5_AA": 0.0005394794257547159, "Pos_1:Pos_3_CG": 0.0, "Pos_0:Pos_1_GA": -0.010719318652142075, "Pos_1:Pos_2_TT": 0.0, "Pos_0:Pos_1_TG": 0.0, "Pos_0:Pos_3_AA": -0.015822026785928242, "Pos_1:Pos_5_TA": 0.05079438527502453, "Pos_2:Pos_3_TA": 0.0, "Pos_1:Pos_5_AA": -0.008354804883639832, "Pos_3:Pos_5_TC": 0.0, "Pos_1:Pos_5_TT": 0.0, "Pos_2:Pos_4_TG": -0.0031686778692119944, "Pos_0:Pos_1_AT": 0.0, "Pos_0:Pos_3_TA": 0.0, "Pos_0:Pos_1_TC": 0.0, "Pos_1:Pos_3_GC": 0.0, "Pos_1:Pos_2_CC": -0.002567139154272274, "Pos_2:Pos_4_AG": 0.061821983441500195, "Pos_3:Pos_4_AA": -0.022201693062592783, "Pos_1_G": 0.0, "Pos_2:Pos_5_GG": -0.0005569106917448623, "Pos_4:Pos_5_GA": 0.0, "Pos_2:Pos_4_TT": 0.0041328972137022945, "Pos_2:Pos_5_AG": 0.0, "Pos_1:Pos_5_AT": 0.07672285030333895, "Pos_1:Pos_4_AA": 0.0, "Pos_0:Pos_2_AT": 0.0, "Pos_2_G": 0.11310889581833279, "Pos_2:Pos_3_AC": 0.0, "Pos_0:Pos_3_CA": 0.03506684225851832, "Pos_2:Pos_5_GC": 0.0, "CtoG": -0.27312918979325057, "Pos_1:Pos_3_TG": 0.0, "Pos_3_T": 0.0, "Pos_4_C": 0.0, "Pos_4:Pos_5_GC": 0.0, "Pos_0:Pos_2_TT": 0.0, "Pos_0_A": 0.0, "Pos_0:Pos_2_AG": 0.04766845856727095, "Pos_0:Pos_3_GG": 0.0, "Pos_0:Pos_1_CG": 0.1368047133045431, "Pos_1:Pos_4_GT": 0.0, "Pos_1:Pos_4_AG": -0.03947959636128667, "Pos_4_G": -0.01834562571068824, "Pos_0:Pos_3_AC": 0.031011137394945834, "Pos_1:Pos_5_TG": 0.0, "Pos_1:Pos_2_AA": 0.0, "Pos_3_G": 0.0, "Pos_1:Pos_2_TA": 0.0, "Pos_4_A": 0.0, "Pos_3:Pos_4_CG": -0.08480047078028176, "Pos_5_T": 0.0, "Pos_0:Pos_1_GT": 0.0, "Pos_0:Pos_5_CA": 0.0, "Pos_0:Pos_5_GT": 0.0, "Pos_3:Pos_5_GC": -0.17773035897411696, "Pos_0:Pos_1_TT": 0.0, "CtoA": -0.027081916944542733, "Pos_2:Pos_4_GT": 0.005788981548041964, "TtoG": 0.0, "Pos_0:Pos_1_CT": 0.0, "Pos_0:Pos_4_CC": 0.0, "Pos_2:Pos_3_CG": 0.0, "Pos_3:Pos_5_AT": -0.006001185583748599, "Pos_3:Pos_5_AC": 0.0, "Pos_0:Pos_4_TT": 0.0, "Pos_2:Pos_5_AC": 0.0, "Pos_3:Pos_4_TA": 0.000950986603865807, "Pos_3:Pos_5_CT": -0.07546307687834566, "Pos_1:Pos_4_TC": 0.002643538165132956, "Pos_0:Pos_1_AG": 0.0, "Pos_2:Pos_3_AT": -0.025738400959796473, "Pos_3:Pos_4_GT": 0.0, "Pos_3:Pos_5_GG": 0.0, "Pos_1:Pos_4_TT": 0.0, "Pos_4:Pos_5_AA": 0.0, "Pos_3:Pos_4_CT": 0.0, "Pos_1:Pos_2_TG": 0.0, "Pos_2:Pos_3_GG": -0.08077265529495922, "TtoC": 0.0, "Pos_0:Pos_2_TG": 0.0, "Pos_2:Pos_5_CT": -0.05557696942230959, "Pos_1:Pos_3_TA": 0.04799684002641824, "Pos_1_A": 0.0, "Pos_2:Pos_4_CA": 0.0, "Pos_1:Pos_3_TT": 0.0, "AtoT": 0.55556158564175, "Pos_0:Pos_5_AG": 0.0, "Pos_1:Pos_4_TG": 0.0, "Pos_1:Pos_3_GG": 0.0, "Pos_1:Pos_3_AT": 0.0, "Pos_0:Pos_1_GC": 0.0, "Pos_0:Pos_2_TC": 0.0, "Pos_3:Pos_4_TT": 0.05269138583676408, "Pos_1:Pos_4_CG": 0.0, "Pos_0:Pos_4_AG": 0.0, "Pos_4:Pos_5_CG": 0.023742320856060706, "TtoA": 0.2992693181512164, "Pos_3_C": 0.0, "Pos_4:Pos_5_AC": 0.0, "Pos_3:Pos_5_TG": -0.16969032344806392, "Pos_2:Pos_4_CT": -0.09586556474795177, "Pos_2_T": 0.0, "Pos_3:Pos_4_GA": 0.0, "Pos_2:Pos_3_TT": 0.026486751977564147, "Pos_0:Pos_2_CT": -0.09502484016227586, "Pos_0:Pos_5_GG": 0.0, "Pos_0:Pos_4_GG": -0.05379950921665112, "Pos_0:Pos_3_CC": 0.0, "Pos_4:Pos_5_AG": -0.11720837546150399, "Pos_0:Pos_2_GA": 0.0, "Pos_4:Pos_5_TG": 0.0, "Pos_1:Pos_3_AG": -0.01567854082427979, "Pos_1:Pos_3_CA": 0.0, "Pos_1:Pos_5_CA": 0.0, "Pos_0_C": 0.0, "Pos_3:Pos_5_GT": 0.0, "Pos_0:Pos_5_TA": 0.019599729539522017, "Pos_4:Pos_5_CT": 0.0, "Pos_3:Pos_4_TG": 0.0, "Pos_0:Pos_4_CA": 0.0, "Pos_1:Pos_5_CC": 0.0, "Pos_3:Pos_4_CC": 0.0, "Pos_2:Pos_4_GG": 0.0, "Pos_4_T": 0.028379596817287755, "Pos_2:Pos_5_AT": 0.0, "Pos_1:Pos_4_CA": 0.0, "Pos_1:Pos_4_TA": 0.0, "Pos_2:Pos_3_GC": 0.04411423035719711, "Pos_3:Pos_5_AG": 0.0, "Pos_0:Pos_5_AA": -0.045565908096419305, "Pos_0:Pos_3_CT": 0.0, "Pos_1:Pos_3_GA": -0.06411219956038713, "Pos_0:Pos_2_AA": 0.0, "Pos_0:Pos_5_TG": 0.0, "Pos_1:Pos_5_AG": -0.010774766849925217, "Pos_3:Pos_4_TC": 0.0, "Pos_4:Pos_5_TT": 0.0, "Pos_2:Pos_3_TG": 0.0, "Pos_0_T": 0.0, "Pos_0:Pos_4_GT": 0.0, "Pos_0:Pos_3_GA": 0.01202007038680711, "Pos_0:Pos_4_CT": 0.0, "Pos_1:Pos_4_GG": 0.0, "Pos_0:Pos_2_CG": 0.0, "Pos_2:Pos_5_TA": 0.02444069889710621, "Pos_1_T": 0.0, "Pos_0:Pos_2_GT": 0.0, "Pos_2:Pos_3_GT": 0.0, "Pos_3:Pos_5_CC": 0.056944114910211875, "Pos_0:Pos_2_GC": -0.07801801388783398, "Pos_0:Pos_5_GA": 0.013472913543516542, "Pos_0:Pos_5_TT": 0.0, "Pos_2:Pos_4_CG": 0.0, "Pos_4:Pos_5_GT": 0.0, "Pos_1:Pos_5_CT": 0.0, "Pos_0_G": 0.0, "Pos_0:Pos_4_CG": 0.0, "Pos_0:Pos_4_TC": 0.0, "Pos_3:Pos_5_CA": 0.0, "Pos_1_C": 0.0, "Pos_2:Pos_5_GA": 0.0, "Pos_0:Pos_2_CA": 0.0, "Pos_1:Pos_4_AC": 0.0, "Pos_1:Pos_4_GC": 0.0, "Pos_0:Pos_1_AA": 0.1541540299813612, "Pos_1:Pos_3_GT": 0.009658542184773451, "Pos_2:Pos_4_AT": 0.0, "Pos_0:Pos_4_AT": 0.053731155515489945, "Pos_3:Pos_5_TA": 0.08502478954860973, "Pos_1:Pos_5_GC": 0.0, "Pos_2:Pos_5_CC": 0.0, "Pos_0:Pos_2_CC": 0.0, "Pos_3:Pos_5_TT": 0.0, "Pos_2:Pos_3_AA": 0.0, "Pos_5_C": 0.0, "Pos_3:Pos_5_CG": 0.0, "Pos_0:Pos_1_CA": 0.0, "Pos_1:Pos_4_AT": 0.0, "Pos_1:Pos_2_AC": 0.0, "Pos_2:Pos_3_CT": 0.0, "Pos_2:Pos_3_GA": 0.016134418890227178, "Pos_1:Pos_3_CT": 0.0, "Pos_0:Pos_1_TA": -0.07864975124308453, "Pos_0:Pos_3_AT": 0.0, "Pos_1:Pos_2_CT": 0.0, "Pos_0:Pos_1_AC": -0.02751916554111805, "Pos_2:Pos_3_CA": -0.013455456882472225, "Pos_0:Pos_2_AC": -0.03000670864809896, "Pos_0:Pos_4_AA": -0.11975765904128978, "Pos_4:Pos_5_GG": 0.0, "Pos_2_C": -0.06919175187063349, "Pos_0:Pos_3_TG": 0.0677871430934245, "Pos_1:Pos_2_CA": 0.03337996855059544, "GtoA": -0.32768031801468317, "Pos_1:Pos_3_TC": 0.010964537087540752, "Pos_1:Pos_2_GG": 0.0, "Pos_0:Pos_5_TC": 0.023069219163478295, "Pos_2:Pos_3_AG": 0.02649248941204838, "Pos_0:Pos_3_GC": -0.03459803822975134, "Pos_4:Pos_5_CA": 0.0, "Pos_0:Pos_5_CT": -0.027323800627501282, "Pos_5_A": 0.0, "Pos_1:Pos_3_AC": -0.055419484347532064, "Pos_1:Pos_5_AC": 0.0, "Pos_2:Pos_5_CG": 0.0, "Pos_2:Pos_4_CC": 0.0, "Pos_2:Pos_5_TG": 0.0, "GtoT": 0.04466576895187507, "Pos_0:Pos_3_GT": 0.0, "Pos_0:Pos_5_CC": 0.0, "Pos_1:Pos_3_CC": 0.0, "Pos_2:Pos_4_GC": 0.05519091652079191, "Pos_2:Pos_3_CC": 0.0, "Pos_1:Pos_2_CG": -0.1027115871889108, "Pos_0:Pos_3_CG": -0.06125026753372098, "Pos_0:Pos_3_TT": 0.0, "Pos_1:Pos_2_AT": -0.016744276377613013, "Pos_1:Pos_5_GA": 0.08029591178791197, "Pos_1:Pos_2_GA": 0.04888887279169415, "AtoC": -0.12538727054846546, "Pos_2:Pos_5_CA": -0.05796169774221104, "Pos_1:Pos_5_GG": 0.0, "Pos_3:Pos_4_AT": -0.04193064801693915, "Pos_0:Pos_5_AC": 0.0, "Pos_0:Pos_4_TA": 0.031962662842863976, "Pos_2:Pos_4_TA": -0.012959682059697936, "Pos_3:Pos_4_CA": 0.17512723183864273, "Pos_2:Pos_4_AA": 0.0, "Pos_3:Pos_4_GC": 0.0, "Pos_0:Pos_2_GG": 0.0, "Pos_1:Pos_2_TC": 0.04747608440972309, "Pos_5_G": 0.0, "Pos_0:Pos_4_GA": 0.0, "Pos_3_A": 0.0, "Pos_2:Pos_4_TC": 0.0, "Pos_1:Pos_4_CT": 0.0037103836009714604, "Pos_3:Pos_4_GG": -0.045715982702416814, "Pos_0:Pos_5_AT": 0.0594223277673748, "Pos_3:Pos_5_GA": -0.013870492867125083, "Pos_2:Pos_5_TT": 0.0, "Pos_4:Pos_5_TC": 0.0, "Pos_2:Pos_4_GA": 0.0, "Pos_1:Pos_2_GT": 0.0, "Pos_2:Pos_5_TC": -0.05626568346915801, "Pos_1:Pos_3_AA": 0.0, "Pos_0:Pos_2_TA": 0.00466432772000195, "Pos_3:Pos_5_AA": 0.0835631610784376, "Pos_4:Pos_5_CC": 0.0}