{"Pos_0:Pos_1:Pos_3_CTG": 0.0, "Pos_0:Pos_1:Pos_3_TGA": 0.0, "Pos_0:Pos_1:Pos_3_CGC": 0.0, "Pos_0:Pos_1:Pos_2_CCC": 0.0, "Pos_1:Pos_2:Pos_3_GCC": 0.0, "Pos_0:Pos_1:Pos_2_TAC": 0.0, "Pos_0:Pos_1_AG": 0.06790137641294693, "Pos_0:Pos_2:Pos_3_ACT": 0.0, "Pos_1:Pos_2:Pos_3_TCT": 0.0, "Pos_3_G": 0.0, "Pos_0:Pos_3_AA": 0.0, "Pos_0:Pos_1_CC": 0.02681212692005712, "Pos_0:Pos_2_TT": 0.041862134775331745, "Pos_0_A": 0.0, "Pos_1:Pos_3_GT": 0.06651059302480553, "Pos_1:Pos_3_CG": 0.0, "Pos_0:Pos_1:Pos_3_CCT": 0.08602722613072653, "Pos_1:Pos_2:Pos_3_AAG": 0.0, "Pos_0:Pos_1:Pos_3_ATA": 0.0, "Pos_0:Pos_1:Pos_2_TGC": 0.0, "Pos_0:Pos_2:Pos_3_CCG": 0.020662599618983233, "Pos_1_T": 0.0, "AtoT": 0.955591078612491, "Pos_0:Pos_1_TA": 0.006789719914631494, "Pos_0:Pos_1:Pos_2_TCT": 0.0, "Pos_0:Pos_1:Pos_3_AAA": 0.0, "Pos_0:Pos_1_TT": 0.0, "Pos_0_C": 0.0, "Pos_1:Pos_3_AG": 0.0, "Pos_0:Pos_1:Pos_2_GCT": 0.006557578705584088, "Pos_0:Pos_1:Pos_3_GAC": 0.0, "Pos_1:Pos_2:Pos_3_GGC": 0.0, "Pos_0:Pos_1_AA": 0.0, "Pos_0:Pos_1_CA": 0.07950165080172526, "Pos_1:Pos_3_CC": 0.0, "Pos_0:Pos_3_TC": 0.0, "Pos_1:Pos_2:Pos_3_GGA": -0.1138841180571241, "Pos_0:Pos_1:Pos_2_CCT": 0.0, "Pos_0:Pos_1:Pos_3_TAA": 0.0, "Pos_0:Pos_1:Pos_3_CAG": 0.0, "Pos_0:Pos_1:Pos_2_GTG": -0.019968017190951284, "Pos_0:Pos_1:Pos_3_TAT": 0.0, "Pos_0:Pos_1:Pos_3_GAA": -0.04023376776286703, "Pos_0:Pos_1:Pos_2_GGA": 0.0, "Pos_0:Pos_1:Pos_3_CCG": 0.0, "Pos_1:Pos_2:Pos_3_CTG": 0.0, "Pos_0:Pos_1:Pos_2_GAA": 0.0, "Pos_0:Pos_1:Pos_2_CTG": 0.07020155726226997, "Pos_1:Pos_2:Pos_3_TAT": 0.0, "Pos_0:Pos_1:Pos_2_GCG": 0.0, "Pos_0:Pos_2:Pos_3_CTT": 0.0, "Pos_1:Pos_2:Pos_3_GCT": 0.0, "Pos_0:Pos_1:Pos_3_TTC": 0.10086649836301732, "Pos_0:Pos_2:Pos_3_AGT": 0.0, "Pos_0:Pos_3_AG": -0.02242953772090935, "Pos_1:Pos_3_TA": 0.0, "Pos_0:Pos_3_TA": 0.0, "Pos_0_G": 0.0, "Pos_0:Pos_1:Pos_2_TTA": 0.0, "Pos_1:Pos_2:Pos_3_TAC": -0.03604587026826859, "Pos_0:Pos_2:Pos_3_TAA": 0.0, "Pos_2:Pos_3_CG": -0.02998071614806757, "Pos_0:Pos_1_CG": -0.21455907598660484, "Pos_0:Pos_2_CG": 0.024963597105199572, "Pos_0:Pos_1:Pos_3_TCA": 0.0, "Pos_1:Pos_3_GA": 0.0, "Pos_0:Pos_1:Pos_3_ACG": 0.0, "Pos_0:Pos_2:Pos_3_ATT": 0.2810238006464025, "Pos_0:Pos_2:Pos_3_CGA": 0.0, "Pos_1:Pos_2:Pos_3_GTC": 0.10972866758841615, "Pos_0:Pos_1_GG": 0.0, "Pos_0:Pos_1:Pos_3_TGC": 0.0, "Pos_0:Pos_1_CT": 0.0, "Pos_0:Pos_1:Pos_2_GAG": 0.015918894364584272, "TtoC": 0.21232611405743407, "Pos_1:Pos_2:Pos_3_TGA": 0.0, "Pos_1_G": 0.21141763707659317, "Pos_0:Pos_2_TA": 0.0, "Pos_1:Pos_2:Pos_3_AAT": -0.14999373714129993, "Pos_0:Pos_2:Pos_3_TTC": 0.0, "Pos_0:Pos_1:Pos_3_AAG": 0.0, "Pos_0:Pos_2:Pos_3_GAG": 0.0, "Pos_2_T": 0.1352254311302207, "Pos_0:Pos_2:Pos_3_ACA": 0.0, "Pos_0:Pos_2:Pos_3_TTG": 0.0, "Pos_1:Pos_2_AC": 0.0, "Pos_0:Pos_3_GG": 0.031160101855250984, "Pos_0:Pos_3_CG": 0.039209941138592774, "Pos_0:Pos_1:Pos_3_GAG": 0.0, "Pos_0:Pos_2:Pos_3_ATA": 0.0, "Pos_1:Pos_2:Pos_3_ACA": 0.0, "Pos_0:Pos_1:Pos_3_TCT": 0.0, "Pos_0:Pos_1:Pos_3_TTT": 0.0, "Pos_1:Pos_2:Pos_3_AGT": 0.0, "CtoT": -0.40194028269647153, "Pos_0:Pos_1:Pos_2_CAA": 0.0037007939893845166, "Pos_1:Pos_2:Pos_3_TGG": 0.0036830981769872865, "Pos_0:Pos_1:Pos_3_CAC": 0.0, "Pos_1:Pos_2:Pos_3_GTT": 0.0, "Pos_1:Pos_2_TC": 0.0, "Pos_0:Pos_2:Pos_3_TGT": -0.18454064846820226, "Pos_0:Pos_1_GA": 0.0, "Pos_1:Pos_3_AA": 0.0, "Pos_0:Pos_1:Pos_2_ACC": 0.0, "Pos_1:Pos_3_CA": 0.0, "Pos_0:Pos_1_GT": -0.03457496511730755, "Pos_2:Pos_3_TA": 0.0, "Pos_0:Pos_2:Pos_3_GCG": 0.0, "Pos_0:Pos_3_GA": 0.0, "Pos_0:Pos_1:Pos_2_CGC": 0.03406562139736214, "Pos_0:Pos_2:Pos_3_CCA": 0.0, "Pos_1:Pos_2_AG": 3.19133889944958e-05, "Pos_1:Pos_2:Pos_3_GCG": 0.0, "Pos_2_A": 0.0, "Pos_1:Pos_2_GC": 0.03636722550211498, "Pos_3_A": 0.0, "Pos_1:Pos_2:Pos_3_TTT": 0.0, "Pos_1:Pos_2:Pos_3_TCG": -0.26362052815473985, "Pos_0:Pos_2:Pos_3_AAC": 0.0, "Pos_0:Pos_2:Pos_3_GTT": 0.0, "Pos_0:Pos_2:Pos_3_AGC": 0.05584508745351721, "Pos_0:Pos_2:Pos_3_CAT": 0.0, "Pos_0:Pos_2:Pos_3_CTC": 0.0, "Pos_2:Pos_3_GA": -0.04425747380875087, "Pos_0:Pos_1:Pos_3_ATT": 0.015392330462942708, "Pos_0:Pos_2:Pos_3_TCT": 0.0, "Pos_0:Pos_2:Pos_3_TAT": 0.0, "Pos_0:Pos_3_CA": 0.006841453676111448, "Pos_0:Pos_1:Pos_3_GCA": 0.0, "Pos_0:Pos_1:Pos_3_AGC": 0.03928635629258801, "Pos_0:Pos_2:Pos_3_CTA": 0.0, "GtoC": -1.766117154695564, "Pos_0:Pos_1:Pos_2_ATG": 0.0, "Pos_1:Pos_2:Pos_3_TTA": 0.07977490047736455, "Pos_1:Pos_2:Pos_3_GTA": 0.0, "Pos_0:Pos_2:Pos_3_GAC": 0.0, "Pos_1:Pos_2_GA": 0.0, "Pos_0:Pos_2:Pos_3_GCT": 0.001523800209287752, "Pos_0:Pos_2:Pos_3_TTT": 0.0, "GtoA": -0.3944496602622166, "Pos_0:Pos_1:Pos_2_AAA": 0.0, "Pos_2:Pos_3_AG": 0.2543111138988049, "Pos_1:Pos_2_TT": 0.0, "Pos_0:Pos_2:Pos_3_TCA": 0.0, "Pos_1:Pos_3_CT": -0.14589434333486997, "Pos_1:Pos_2:Pos_3_GGT": 0.0, "AtoG": 0.22703832188505674, "Pos_3_C": 0.0, "Pos_1:Pos_2:Pos_3_TTG": 0.0, "Pos_0:Pos_1:Pos_3_GCG": 0.0, "Pos_0:Pos_1:Pos_2_GTT": 0.0, "Pos_1:Pos_2:Pos_3_CAA": 0.0, "Pos_1:Pos_2:Pos_3_TAA": 0.0, "Pos_1:Pos_2:Pos_3_CTA": 0.01806888973535313, "Pos_1:Pos_2:Pos_3_CGT": 0.0, "Pos_0:Pos_2:Pos_3_CAG": 0.036492960586686586, "Pos_0:Pos_1:Pos_3_TCG": 0.0, "Pos_0:Pos_2:Pos_3_GAT": -0.030853366673975435, "Pos_1:Pos_2_CT": 0.0763435994012435, "Pos_0:Pos_1:Pos_2_CAG": 0.0, "GtoT": 0.23615631338715584, "Pos_0:Pos_1:Pos_2_ACA": 0.0, "Pos_0:Pos_1:Pos_3_GGT": 0.0, "Pos_0:Pos_1:Pos_3_TGT": 0.047453614275090296, "Pos_0:Pos_1:Pos_3_TGG": 0.0, "Pos_0:Pos_2:Pos_3_TGC": 0.04100632418145721, "Pos_2:Pos_3_AT": 0.0, "Pos_1:Pos_2:Pos_3_GTG": 0.0, "Pos_0:Pos_2:Pos_3_GGA": 0.0, "Pos_0:Pos_1:Pos_2_TGA": 0.054745397465745776, "Pos_0:Pos_1:Pos_2_AGA": 0.0, "Pos_0:Pos_1:Pos_2_ACT": 0.0, "Pos_0:Pos_2:Pos_3_CGC": 0.0, "Pos_0:Pos_1:Pos_2_ATA": 0.0, "Pos_0:Pos_1:Pos_3_GGG": 0.0, "Pos_1:Pos_2:Pos_3_CTC": 0.038350267211987754, "Pos_0:Pos_2_GG": 0.0, "Pos_0:Pos_2:Pos_3_AAT": 0.0, "Pos_1:Pos_3_AT": 0.030502044561298958, "Pos_0:Pos_1:Pos_3_CAA": 0.0, "Pos_1:Pos_2:Pos_3_ATC": 0.0, "Pos_0:Pos_1:Pos_2_CGA": -0.239998419900683, "Pos_1:Pos_2_TG": 0.0, "Pos_0:Pos_2:Pos_3_TAG": 0.0, "CtoA": 0.09231145685924057, "Pos_0:Pos_2:Pos_3_AAA": 0.07943358074066813, "Pos_0:Pos_1:Pos_2_CAT": 0.0, "Pos_0:Pos_2:Pos_3_GAA": 0.0, "Pos_0:Pos_1:Pos_2_GGC": 0.0, "Pos_0:Pos_1:Pos_3_CCA": 0.0, "Pos_0:Pos_2_GC": 0.0, "Pos_1:Pos_2:Pos_3_ATT": 0.0, "Pos_0:Pos_2:Pos_3_ACC": 0.0, "Pos_2:Pos_3_TT": 0.04793275207752892, "Pos_0:Pos_1:Pos_2_TGG": 0.0, "Pos_0:Pos_2:Pos_3_CCC": 0.05923885860693097, "Pos_0:Pos_1:Pos_3_ACC": 0.04920386261239452, "Pos_0:Pos_3_TT": 0.05052759171168895, "Pos_0:Pos_1:Pos_3_TCC": 0.0, "Pos_0:Pos_1:Pos_3_CCC": 0.0, "Pos_0:Pos_2:Pos_3_CGG": 0.0, "Pos_1:Pos_2:Pos_3_AGC": 0.0006947474923818246, "Pos_0:Pos_1:Pos_3_GAT": 0.0, "Pos_0:Pos_2:Pos_3_TTA": 0.0, "Pos_1:Pos_2:Pos_3_CCC": 0.0, "Pos_0_T": 0.1698960680422522, "Pos_1:Pos_2:Pos_3_CAG": 0.0, "Pos_0:Pos_1:Pos_2_AGG": 0.0, "Pos_0:Pos_1:Pos_2_ATC": 0.019599807992244884, "Pos_1:Pos_2_AA": 0.11399821059959343, "Pos_2_G": -0.06767476995414377, "Pos_0:Pos_1:Pos_2_TAA": 0.12001036077937385, "Pos_1:Pos_2:Pos_3_TAG": 0.0, "Pos_0:Pos_1:Pos_2_CCG": 0.04709728728873258, "Pos_1:Pos_2_TA": -0.08500400206436089, "Pos_1:Pos_2:Pos_3_CAT": 0.0, "Pos_0:Pos_1:Pos_3_GGC": 0.0, "Pos_3_T": 0.0, "Pos_0:Pos_2_AA": 0.0, "Pos_1_C": -0.10743822769072968, "AtoC": -0.03645548291295403, "Pos_0:Pos_1:Pos_3_GGA": 0.0, "Pos_0:Pos_2_AC": 0.0, "Pos_0:Pos_1:Pos_3_CTC": 0.0, "Pos_1:Pos_2:Pos_3_GCA": 0.07186683673216741, "Pos_1:Pos_2:Pos_3_CTT": 0.0, "Pos_0:Pos_1_TG": 0.037752928492104425, "Pos_0:Pos_1:Pos_2_CGG": -0.052100367272428026, "Pos_0:Pos_3_AT": 0.003482490457105366, "Pos_1:Pos_2:Pos_3_CCG": 0.0, "Pos_0:Pos_1:Pos_2_ATT": 0.0, "Pos_0:Pos_1:Pos_2_CTA": 0.0, "TtoA": 1.0737168902282401, "Pos_0:Pos_1:Pos_2_GTC": 0.0, "Pos_1:Pos_2:Pos_3_CCA": 0.0, "Pos_0:Pos_3_CT": 0.0, "Pos_0:Pos_1:Pos_2_GCC": 0.0, "Pos_0:Pos_2:Pos_3_CTG": -0.05838576819683299, "Pos_0:Pos_2:Pos_3_GTC": 0.0652714160869923, "Pos_1:Pos_2:Pos_3_TGT": 0.0, "Pos_0:Pos_2_GT": 0.0, "Pos_0:Pos_2:Pos_3_TGG": 0.0, "Pos_2:Pos_3_CT": 0.17819869647461264, "Pos_2:Pos_3_CC": 0.0, "Pos_2:Pos_3_AC": -0.017752679713880185,