{"split0_test_score": {"3": 0.6623768743, "0": 0.6401515152, "4": 0.6648237029, "1": 0.6512092979, "2": 0.6598516218}, "rank_test_score": {"3": 2, "0": 5, "4": 1, "1": 4, "2": 3}, "param_alpha": {"3": 2.0, "0": 0.01, "4": 3.0, "1": 0.1, "2": 1.0}, "params": {"3": {"alpha": 2.0}, "0": {"alpha": 0.01}, "4": {"alpha": 3.0}, "1": {"alpha": 0.1}, "2": {"alpha": 1.0}}, "best_a_choice": 3.0}