{"rank_test_score": {"3": 4, "2": 3, "4": 5, "1": 1, "0": 2}, "split0_test_score": {"3": 0.7601470439, "2": 0.760331152, "4": 0.7600117577, "1": 0.7603830068, "0": 0.7603794983}, "params": {"3": {"alpha": 2.0}, "2": {"alpha": 1.0}, "4": {"alpha": 3.0}, "1": {"alpha": 0.1}, "0": {"alpha": 0.01}}, "param_alpha": {"3": 2.0, "2": 1.0, "4": 3.0, "1": 0.1, "0": 0.01}, "best_a_choice": 0.1}