{"params": {"2": {"alpha": 1.0}, "3": {"alpha": 2.0}, "1": {"alpha": 0.1}, "4": {"alpha": 3.0}, "0": {"alpha": 0.01}}, "rank_test_score": {"2": 3, "3": 4, "1": 2, "4": 5, "0": 1}, "best_a_choice": 0.01, "param_alpha": {"2": 1.0, "3": 2.0, "1": 0.1, "4": 3.0, "0": 0.01}, "split0_test_score": {"2": 0.669246816, "3": 0.6681175105, "1": 0.6720073405, "4": 0.6675685426, "0": 0.6741718427}}