{"Pos_2_C": -0.14843634371558884, "Pos_1_A": 0.0, "GtoC": -0.6005229011612915, "GtoA": -0.3946677608763475, "Pos_3_A": -0.0706114814945708, "Pos_4_T": 0.0, "AtoC": -0.08739652362200136, "Pos_2_A": 0.0, "CtoA": -0.029762314380788517, "Pos_1_C": 0.0, "AtoT": 0.4011574997432322, "Pos_4_C": 0.0, "TtoA": 0.44896539008987424, "GC_feature": -0.058395109364996624, "Pos_1_G": -0.04732203843376186, "GtoT": 0.028766363401726155, "Pos_3_G": -0.25641260008742983, "Pos_0_A": 0.002714797861403974, "AtoG": 0.0, "Pos_5_C": -0.03530180106606705, "Pos_5_G": -0.056384727137901346, "CtoG": -0.6385553321874962, "Pos_4_A": -0.062344056810084446, "Pos_0_G": -0.02809426793689743, "Pos_2_G": 0.2175070858780761, "Pos_5_A": 0.09585502395487681, "TtoC": 0.012114484100006769, "TtoG": 0.007845257648957887, "Pos_5_T": 0.0454109497285538, "Pos_2_T": -0.01887965645842935, "Pos_0_C": -0.012921583954402327, "Pos_0_T": 0.11328141491441131, "Pos_3_T": 0.0, "Pos_4_G": 0.015231555460391453, "Pos_3_C": 0.04350841893248872, "CtoT": -0.471640828129219, "Pos_1_T": 0.11318904880799746}