{"Pos_5_C": 0.0, "TtoG": 0.4930677626602802, "CtoT": -0.09911666440523445, "Pos_0_C": 0.0, "TtoC": 0.4759012156329196, "CtoA": 0.2883185224165291, "Pos_3_A": 0.0, "Pos_2_T": 0.0, "Pos_3_G": -0.23142688223742663, "Pos_0_G": -0.009057190515322177, "AtoT": 1.2133939427991973, "Pos_4_G": 0.05712541391922672, "CtoG": -2.339074820779484, "Pos_3_T": 0.12562157455509654, "Pos_4_A": -0.005273597628531006, "Pos_0_T": 0.20816331391094642, "GtoC": -2.2772748599599106, "AtoG": 0.5133725454097305, "Pos_2_G": 0.29570480968825275, "Pos_5_G": -0.046536524279070866, "Pos_2_C": -0.12558320693486136, "Pos_1_T": 0.14331098997945999, "Pos_1_G": -0.0995618523219109, "Pos_2_A": 0.03954052209631716, "Pos_3_C": 0.12959885247546019, "AtoC": 0.16124236035554965, "Pos_4_C": 0.0, "Pos_5_T": 0.08906749622411991, "GtoA": -0.11412702677729264, "Pos_0_A": 0.12290306522445332, "GtoT": 0.5148885440246284, "Pos_1_A": 0.012384944054106254, "Pos_4_T": 0.06225352541248324, "Pos_5_A": 0.1856444962040424, "Pos_1_C": 0.0, "TtoA": 1.3684149357911095}