{"rank_test_score": {"4": 4, "1": 2, "0": 1, "3": 5, "2": 3}, "params": {"4": {"alpha": 3.0}, "1": {"alpha": 0.1}, "0": {"alpha": 0.01}, "3": {"alpha": 2.0}, "2": {"alpha": 1.0}}, "best_a_choice": 0.01, "param_alpha": {"4": 3.0, "1": 0.1, "0": 0.01, "3": 2.0, "2": 1.0}, "split0_test_score": {"4": 0.662132367, "1": 0.6655807744, "0": 0.6693457944, "3": 0.6620331871, "2": 0.6626816708}}