{"pos1": {"stats": "{\"group\":{\"0\":\"1\",\"1\":\"1\",\"2\":\"1\",\"3\":\"1\",\"4\":\"1\",\"5\":\"1\",\"6\":\"1\",\"7\":\"1\",\"8\":\"2\",\"9\":\"2\",\"10\":\"2\",\"11\":\"2\",\"12\":\"2\",\"13\":\"2\",\"14\":\"2\",\"15\":\"2\"},\"mut\":{\"0\":\"M\",\"1\":\"M\",\"2\":\"M\",\"3\":\"M\",\"4\":\"R\",\"5\":\"R\",\"6\":\"R\",\"7\":\"R\",\"8\":\"M\",\"9\":\"M\",\"10\":\"M\",\"11\":\"M\",\"12\":\"R\",\"13\":\"R\",\"14\":\"R\",\"15\":\"R\"},\"base\":{\"0\":\"A\",\"1\":\"C\",\"2\":\"G\",\"3\":\"T\",\"4\":\"A\",\"5\":\"C\",\"6\":\"G\",\"7\":\"T\",\"8\":\"A\",\"9\":\"C\",\"10\":\"G\",\"11\":\"T\",\"12\":\"A\",\"13\":\"C\",\"14\":\"G\",\"15\":\"T\"},\"count\":{\"0\":7937,\"1\":8086,\"2\":24416,\"3\":8977,\"4\":12845,\"5\":15149,\"6\":14352,\"7\":7070,\"8\":23,\"9\":27,\"10\":85,\"11\":30,\"12\":42,\"13\":51,\"14\":51,\"15\":21},\"fitted\":{\"0\":7935.4085964511,\"1\":8086.1180025389,\"2\":24415.8215603416,\"3\":8978.6518406683,\"4\":12846.5914035488,\"5\":15148.8819974611,\"6\":14352.1784396583,\"7\":7068.3481593317,\"8\":24.5914035489,\"9\":26.8819974611,\"10\":85.1784396583,\"11\":28.3481593318,\"12\":40.4085964512,\"13\":51.1180025389,\"14\":50.8215603417,\"15\":22.6518406684},\"ret\":{\"0\":0.0000160501,\"1\":-0.00000119,\"2\":0.0000017995,\"3\":-0.0000166565,\"4\":-0.0000160475,\"5\":0.00000119,\"6\":-0.0000017995,\"7\":0.0000166599,\"8\":-0.0000155177,\"9\":0.0000011926,\"10\":-0.0000017976,\"11\":0.0000171342,\"12\":0.0000163605,\"13\":-0.0000011886,\"14\":0.0000018026,\"15\":-0.0000160353}}", "prob": 0.9426929995890512, "formula": "count ~ group * mut * base - group : mut : base", "deviance": 0.38808356944924616, "df": 3, "rel_entropy": 1.956815965033209e-06}, "pos0": {"stats": "{\"group\":{\"0\":\"1\",\"1\":\"1\",\"2\":\"1\",\"3\":\"1\",\"4\":\"1\",\"5\":\"1\",\"6\":\"1\",\"7\":\"1\",\"8\":\"2\",\"9\":\"2\",\"10\":\"2\",\"11\":\"2\",\"12\":\"2\",\"13\":\"2\",\"14\":\"2\",\"15\":\"2\"},\"mut\":{\"0\":\"M\",\"1\":\"M\",\"2\":\"M\",\"3\":\"M\",\"4\":\"R\",\"5\":\"R\",\"6\":\"R\",\"7\":\"R\",\"8\":\"M\",\"9\":\"M\",\"10\":\"M\",\"11\":\"M\",\"12\":\"R\",\"13\":\"R\",\"14\":\"R\",\"15\":\"R\"},\"base\":{\"0\":\"A\",\"1\":\"C\",\"2\":\"G\",\"3\":\"T\",\"4\":\"A\",\"5\":\"C\",\"6\":\"G\",\"7\":\"T\",\"8\":\"A\",\"9\":\"C\",\"10\":\"G\",\"11\":\"T\",\"12\":\"A\",\"13\":\"C\",\"14\":\"G\",\"15\":\"T\"},\"count\":{\"0\":14523,\"1\":7964,\"2\":15151,\"3\":11778,\"4\":13013,\"5\":11520,\"6\":13290,\"7\":11593,\"8\":60,\"9\":22,\"10\":40,\"11\":43,\"12\":38,\"13\":34,\"14\":39,\"15\":54},\"fitted\":{\"0\":14531.4452412469,\"1\":7963.2024071607,\"2\":15149.0514835181,\"3\":11772.3008680744,\"4\":13004.5547587532,\"5\":11520.7975928393,\"6\":13291.9485164819,\"7\":11598.6991319256,\"8\":51.5547587532,\"9\":22.7975928393,\"10\":41.9485164819,\"11\":48.6991319256,\"12\":46.4452412468,\"13\":33.2024071607,\"14\":37.0514835181,\"15\":48.3008680744},\"ret\":{\"0\":-0.0000851414,\"1\":0.0000080437,\"2\":0.0000196511,\"3\":0.0000574869,\"4\":0.0000851938,\"5\":-0.0000080431,\"6\":-0.0000196484,\"7\":-0.0000574588,\"8\":0.0000917892,\"9\":-0.000007901,\"10\":-0.0000191862,\"11\":-0.0000539705,\"12\":-0.0000769059,\"13\":0.0000081392,\"14\":0.0000201577,\"15\":0.0000607376}}", "prob": 0.20784432233051506, "formula": "count ~ group * mut * base - group : mut : base", "deviance": 4.550333873480049, "df": 3, "rel_entropy": 2.2943939581089778e-05}, "pos3": {"stats": "{\"group\":{\"0\":\"1\",\"1\":\"1\",\"2\":\"1\",\"3\":\"1\",\"4\":\"1\",\"5\":\"1\",\"6\":\"1\",\"7\":\"1\",\"8\":\"2\",\"9\":\"2\",\"10\":\"2\",\"11\":\"2\",\"12\":\"2\",\"13\":\"2\",\"14\":\"2\",\"15\":\"2\"},\"mut\":{\"0\":\"M\",\"1\":\"M\",\"2\":\"M\",\"3\":\"M\",\"4\":\"R\",\"5\":\"R\",\"6\":\"R\",\"7\":\"R\",\"8\":\"M\",\"9\":\"M\",\"10\":\"M\",\"11\":\"M\",\"12\":\"R\",\"13\":\"R\",\"14\":\"R\",\"15\":\"R\"},\"base\":{\"0\":\"A\",\"1\":\"C\",\"2\":\"G\",\"3\":\"T\",\"4\":\"A\",\"5\":\"C\",\"6\":\"G\",\"7\":\"T\",\"8\":\"A\",\"9\":\"C\",\"10\":\"G\",\"11\":\"T\",\"12\":\"A\",\"13\":\"C\",\"14\":\"G\",\"15\":\"T\"},\"count\":{\"0\":13267,\"1\":12836,\"2\":10950,\"3\":12363,\"4\":13358,\"5\":11620,\"6\":14137,\"7\":10301,\"8\":44,\"9\":38,\"10\":32,\"11\":51,\"12\":43,\"13\":42,\"14\":38,\"15\":42},\"fitted\":{\"0\":13268.0760432317,\"1\":12832.4182959622,\"2\":10951.7820463034,\"3\":12363.7236145029,\"4\":13356.9239567684,\"5\":11623.5817040379,\"6\":14135.2179536966,\"7\":10300.2763854971,\"8\":42.9239567684,\"9\":41.5817040392,\"10\":30.2179536966,\"11\":50.2763854971,\"12\":44.0760432316,\"13\":38.4182959633,\"14\":39.7820463034,\"15\":42.7236145029},\"ret\":{\"0\":-0.0000108509,\"1\":0.0000361248,\"2\":-0.0000179696,\"3\":-0.0000072971,\"4\":0.0000108518,\"5\":-0.0000361142,\"6\":0.0000179722,\"7\":0.0000072976,\"8\":0.0000109863,\"9\":-0.0000345174,\"10\":0.0000184908,\"11\":0.0000073496,\"12\":-0.0000107178,\"13\":0.0000377534,\"14\":-0.0000175624,\"15\":-0.0000072351}}", "prob": 0.8242877847596484, "formula": "count ~ group * mut * base - group : mut : base", "deviance": 0.9047234498494461, "df": 3, "rel_entropy": 4.561845514660082e-06}, "pos2": {"stats": "{\"group\":{\"0\":\"1\",\"1\":\"1\",\"2\":\"1\",\"3\":\"1\",\"4\":\"1\",\"5\":\"1\",\"6\":\"1\",\"7\":\"1\",\"8\":\"2\",\"9\":\"2\",\"10\":\"2\",\"11\":\"2\",\"12\":\"2\",\"13\":\"2\",\"14\":\"2\",\"15\":\"2\"},\"mut\":{\"0\":\"M\",\"1\":\"M\",\"2\":\"M\",\"3\":\"M\",\"4\":\"R\",\"5\":\"R\",\"6\":\"R\",\"7\":\"R\",\"8\":\"M\",\"9\":\"M\",\"10\":\"M\",\"11\":\"M\",\"12\":\"R\",\"13\":\"R\",\"14\":\"R\",\"15\":\"R\"},\"base\":{\"0\":\"A\",\"1\":\"C\",\"2\":\"G\",\"3\":\"T\",\"4\":\"A\",\"5\":\"C\",\"6\":\"G\",\"7\":\"T\",\"8\":\"A\",\"9\":\"C\",\"10\":\"G\",\"11\":\"T\",\"12\":\"A\",\"13\":\"C\",\"14\":\"G\",\"15\":\"T\"},\"count\":{\"0\":5932,\"1\":23288,\"2\":9543,\"3\":10653,\"4\":12415,\"5\":11294,\"6\":15240,\"7\":10467,\"8\":25,\"9\":65,\"10\":33,\"11\":42,\"12\":49,\"13\":33,\"14\":52,\"15\":31},\"fitted\":{\"0\":5931.8856053508,\"1\":23285.4692609905,\"2\":9541.802418676,\"3\":10656.8427149825,\"4\":12415.1143946491,\"5\":11296.5307390095,\"6\":15241.1975813239,\"7\":10463.1572850175,\"8\":25.1143946491,\"9\":67.5307390095,\"10\":34.1975813239,\"11\":38.1572850175,\"12\":48.8856053509,\"13\":30.4692609905,\"14\":50.8024186761,\"15\":34.8427149825},\"ret\":{\"0\":0.0000011536,\"1\":0.0000255226,\"2\":0.0000120778,\"3\":-0.0000387449,\"4\":-0.0000011536,\"5\":-0.0000255184,\"6\":-0.0000120765,\"7\":0.000038759,\"8\":-0.000001151,\"9\":-0.000025037,\"10\":-0.000011863,\"11\":0.0000406408,\"12\":0.000001155,\"13\":0.000026553,\"14\":0.0000122183,\"15\":-0.0000365318}}", "prob": 0.7552350977283255, "formula": "count ~ group * mut * base - group : mut : base", "deviance": 1.1907024643848854, "df": 3, "rel_entropy": 6.003824370146252e-06}}