{"param_alpha": {"0": 0.01, "1": 0.1, "3": 2.0, "2": 1.0, "4": 3.0}, "params": {"0": {"alpha": 0.01}, "1": {"alpha": 0.1}, "3": {"alpha": 2.0}, "2": {"alpha": 1.0}, "4": {"alpha": 3.0}}, "split0_test_score": {"0": 0.7534957395, "1": 0.7534776095, "3": 0.7511922824, "2": 0.7526455405, "4": 0.7499689883}, "best_a_choice": 0.01, "rank_test_score": {"0": 1, "1": 2, "3": 4, "2": 3, "4": 5}}