{"Pos_2_A": 0.0, "Pos_0:Pos_3_TT": 0.0, "Pos_0_A": 0.0, "Pos_0:Pos_2_GT": -0.0019419764459808605, "Pos_0:Pos_2_GA": -0.04695992680484854, "Pos_0:Pos_3_AT": 0.005651322761612833, "Pos_0:Pos_2_TC": 0.0, "Pos_0:Pos_3_CG": 0.0, "Pos_2:Pos_3_CT": 0.057373831521658925, "Pos_1:Pos_3_GG": 0.0, "Pos_0:Pos_1_TC": 0.0, "Pos_0:Pos_2_CG": 0.0, "TtoA": 0.46015611656984773, "TtoC": 0.037012166101501646, "AtoG": 0.03802005339982231, "Pos_1:Pos_3_TT": 0.0, "Pos_1_T": 0.0, "Pos_1:Pos_3_CT": -0.04130118469441678, "Pos_1:Pos_3_CA": 0.0, "Pos_0:Pos_3_AC": 0.001854040399361879, "Pos_3_G": 0.0, "Pos_1:Pos_2_CT": 0.0, "Pos_0:Pos_2_CA": -0.03213088626957234, "Pos_0:Pos_1_GT": -0.011568278875693621, "Pos_0:Pos_1_GG": 0.0, "Pos_0:Pos_2_TT": 0.0003750417967677799, "Pos_1:Pos_3_TA": 0.0, "Pos_1_C": -0.04892052475496852, "Pos_0:Pos_3_GA": 0.0, "Pos_0:Pos_1_TG": 0.023473746324586955, "Pos_2:Pos_3_TC": 0.0, "Pos_1:Pos_2_CA": -0.1055530391867618, "Pos_1:Pos_2_CC": 0.0, "Pos_0:Pos_3_TG": 0.0, "Pos_0:Pos_3_TA": 0.0, "Pos_1_G": 0.17739153271067826, "Pos_2:Pos_3_AA": 0.0, "Pos_3_T": 0.0, "Pos_1:Pos_3_AT": 0.036773259177116574, "Pos_0:Pos_3_AG": -0.030840197086380774, "Pos_0_T": 0.03998248117666366, "Pos_1:Pos_2_AG": 0.0, "Pos_2:Pos_3_CC": -0.0008012152009664185, "Pos_0:Pos_1_AT": 0.016737252905606702, "Pos_1:Pos_3_GC": 0.06267675882338798, "Pos_0:Pos_2_AA": 0.010202617675866877, "Pos_1:Pos_3_AG": 0.0021406480732969026, "Pos_1:Pos_2_TC": 0.0, "Pos_2:Pos_3_AG": 0.12535637402371771, "Pos_0:Pos_1_CC": 0.0, "Pos_1:Pos_3_CG": 0.0, "Pos_2_T": 0.0, "Pos_0:Pos_3_AA": -0.014029197202081223, "Pos_1:Pos_2_AC": 0.0, "Pos_2:Pos_3_CG": -0.03005304626608244, "Pos_0:Pos_1_CG": -0.14958831389497426, "Pos_1:Pos_3_GA": 0.0, "Pos_1:Pos_3_TC": 0.0027185687402836813, "CtoT": -0.43512457742212446, "Pos_0:Pos_3_CA": 0.010492339279789918, "Pos_0:Pos_2_TG": -0.032972970666908775, "Pos_1:Pos_3_AA": -0.054509854842497055, "Pos_2:Pos_3_AC": -0.010407259916440828, "Pos_1:Pos_2_AT": -0.04814497047276028, "GtoA": -0.4123918304816098, "Pos_0_G": -0.030562833729987124, "Pos_1:Pos_2_GT": 0.0005020215182371884, "Pos_0:Pos_2_CC": 0.0, "Pos_0:Pos_1_AC": -0.08260417552521432, "AtoC": -0.06561253304671179, "Pos_0:Pos_2_GG": 0.0, "Pos_3_C": 0.0, "Pos_0:Pos_2_AT": 0.06010211337309986, "Pos_1:Pos_2_TG": 0.0, "Pos_0:Pos_3_GC": -0.04016309923015575, "Pos_0:Pos_1_AA": 0.0, "Pos_0:Pos_2_AG": -0.048913582507411804, "Pos_1:Pos_2_GA": 0.0, "GtoT": 0.04050006719182848, "Pos_2_C": 0.0, "GC_feature": -0.14194772136880227, "Pos_0:Pos_1_TA": 0.009372789584524201, "Pos_2:Pos_3_GC": 0.00606538229706351, "Pos_0:Pos_3_GT": -0.04556180562033283, "Pos_0:Pos_1_TT": 0.05031512455202384, "Pos_1:Pos_2_TT": 0.012131976355821738, "CtoA": -0.0002586371340002333, "Pos_0_C": 0.0, "Pos_1:Pos_3_AC": -0.003298617545282915, "Pos_1:Pos_3_TG": -0.045256910182179366, "Pos_2:Pos_3_GA": -0.1066820765961889, "Pos_0:Pos_1_GC": 0.0, "Pos_0:Pos_3_GG": 0.021045131366093896, "Pos_1:Pos_2_GC": 0.07022519233030522, "CtoG": -0.631823968615361, "Pos_0:Pos_1_CT": 0.0, "Pos_1_A": 0.0, "Pos_2:Pos_3_GT": -0.03599863553551612, "Pos_0:Pos_3_TC": 0.02064181839635605, "Pos_0:Pos_1_GA": -0.029880242555232417, "Pos_0:Pos_2_GC": 0.0, "Pos_2:Pos_3_TA": -2.6352035607643232e-05, "Pos_2:Pos_3_AT": -0.027130201865841447, "Pos_0:Pos_1_CA": 0.04101285568869078, "Pos_2:Pos_3_TG": 0.0, "Pos_1:Pos_2_TA": -0.11051719786316484, "Pos_3_A": 0.0, "AtoT": 0.44497587263044375, "GtoC": -0.6414332516444421, "Pos_0:Pos_2_CT": 0.0, "Pos_0:Pos_3_CT": 0.0, "Pos_0:Pos_2_TA": 0.0, "Pos_0:Pos_2_AC": 0.0, "Pos_2:Pos_3_GG": 0.0, "Pos_0:Pos_3_CC": -0.021724132017465307, "Pos_1:Pos_3_CC": 0.0, "Pos_1:Pos_2_GG": -0.010298103949295428, "Pos_1:Pos_2_CG": -0.04757202584546766, "Pos_0:Pos_1_AG": 0.0, "Pos_2:Pos_3_CA": 0.05262485671497358, "Pos_1:Pos_2_AA": 0.0, "Pos_1:Pos_3_GT": 0.06112628428587864, "Pos_2_G": -0.0916579763221904, "Pos_2:Pos_3_TT": 0.04827600816536302, "TtoG": 0.0}