{"AtoT": 0.42357848987198315, "AtoG": 0.1594105366053961, "AtoC": -0.04573255750092735, "TtoC": 0.004497090031437332, "TtoA": 0.4636045991409264, "TtoG": 0.015869775740892628, "GtoA": -0.42880447848427744, "CtoG": -1.280816107995838, "CtoA": -0.07281166654854958, "GC_feature": -0.18143024768051852, "GtoT": 0.10185798263338036, "CtoT": -0.38502533863042504, "GtoC": -1.0328832276570417}