{"param_alpha": {"1": 0.1, "0": 0.01, "2": 1.0, "3": 2.0, "4": 3.0}, "params": {"1": {"alpha": 0.1}, "0": {"alpha": 0.01}, "2": {"alpha": 1.0}, "3": {"alpha": 2.0}, "4": {"alpha": 3.0}}, "split0_test_score": {"1": 0.7006216662, "0": 0.7039613928, "2": 0.6954622659, "3": 0.6936502257, "4": 0.6925156729}, "best_a_choice": 0.01, "rank_test_score": {"1": 2, "0": 1, "2": 3, "3": 4, "4": 5}}