{"split0_test_score": {"1": 0.6918367347, "4": 0.6926568758, "3": 0.6918748808, "0": 0.6940530231, "2": 0.6911310319}, "rank_test_score": {"1": 4, "4": 2, "3": 3, "0": 1, "2": 5}, "best_a_choice": 0.01, "params": {"1": {"alpha": 0.1}, "4": {"alpha": 3.0}, "3": {"alpha": 2.0}, "0": {"alpha": 0.01}, "2": {"alpha": 1.0}}, "param_alpha": {"1": 0.1, "4": 3.0, "3": 2.0, "0": 0.01, "2": 1.0}}