{"TtoC": 0.6062591050066234, "CtoT": -0.02482058982892552, "AtoC": 0.26863331354538, "AtoG": 0.5981454621867777, "TtoA": 1.365344725373233, "AtoT": 1.3338336982171468, "CtoA": 0.46340835920540735, "CtoG": -2.4788744478939297, "GtoC": -2.392231953858887, "TtoG": 0.6322350059232408, "GtoA": -0.06908949310207736, "GtoT": 0.57027235908123}