{"split0_test_score": {"0": 0.730839774, "2": 0.7310926254, "1": 0.7310926254, "3": 0.7310926254}, "rank_test_score": {"0": 4, "2": 1, "1": 1, "3": 1}, "best_c_choice": 1.0, "params": {"0": {"penalty": "l1", "C": 0.1}, "2": {"penalty": "l1", "C": 10.0}, "1": {"penalty": "l1", "C": 1.0}, "3": {"penalty": "l1", "C": 100.0}}, "param_C": {"0": 0.1, "2": 10.0, "1": 1.0, "3": 100.0}, "param_penalty": {"0": "l1", "2": "l1", "1": "l1", "3": "l1"}}