{"param_alpha": {"0": 0.01, "1": 0.1, "3": 2.0, "2": 1.0, "4": 3.0}, "rank_test_score": {"0": 2, "1": 1, "3": 4, "2": 5, "4": 3}, "params": {"0": {"alpha": 0.01}, "1": {"alpha": 0.1}, "3": {"alpha": 2.0}, "2": {"alpha": 1.0}, "4": {"alpha": 3.0}}, "split0_test_score": {"0": 0.7354680344, "1": 0.7356719368, "3": 0.7340564025, "2": 0.7340250329, "4": 0.7351543384}, "best_a_choice": 0.1}