{"params": {"2": {"alpha": 1.0}, "1": {"alpha": 0.1}, "0": {"alpha": 0.01}, "4": {"alpha": 3.0}, "3": {"alpha": 2.0}}, "param_alpha": {"2": 1.0, "1": 0.1, "0": 0.01, "4": 3.0, "3": 2.0}, "best_a_choice": 0.01, "rank_test_score": {"2": 3, "1": 2, "0": 1, "4": 4, "3": 5}, "split0_test_score": {"2": 0.6753862293, "1": 0.6797615869, "0": 0.6846976922, "4": 0.6751382796, "3": 0.675115392}}