{"params": {"4": {"alpha": 3.0}, "0": {"alpha": 0.01}, "2": {"alpha": 1.0}, "1": {"alpha": 0.1}, "3": {"alpha": 2.0}}, "rank_test_score": {"4": 5, "0": 1, "2": 3, "1": 2, "3": 4}, "param_alpha": {"4": 3.0, "0": 0.01, "2": 1.0, "1": 0.1, "3": 2.0}, "best_a_choice": 0.01, "split0_test_score": {"4": 0.7585449289, "0": 0.7604943749, "2": 0.7601165087, "1": 0.7604695655, "3": 0.7594790981}}