{"rank_test_score": {"0": 5, "3": 2, "4": 1, "1": 4, "2": 3}, "split0_test_score": {"0": 0.6333683006, "3": 0.6508029754, "4": 0.6526339882, "1": 0.641544917, "2": 0.6478142285}, "params": {"0": {"alpha": 0.01}, "3": {"alpha": 2.0}, "4": {"alpha": 3.0}, "1": {"alpha": 0.1}, "2": {"alpha": 1.0}}, "best_a_choice": 3.0, "param_alpha": {"0": 0.01, "3": 2.0, "4": 3.0, "1": 0.1, "2": 1.0}}