{"Pos_1_C": 0.09812037599667307, "AtoG": 0.0, "Pos_0_G": 0.1899904108032247, "Pos_0_T": 0.0, "Pos_1_A": -0.061560639945195166, "GtoA": -0.33951129993653434, "CtoT": -0.4365494405302438, "TtoA": 0.2905119020160763, "TtoG": 0.0, "Pos_0_A": 0.0, "CtoG": -0.351033237077196, "GtoT": 0.039002398598845196, "GC_feature": -0.014208216756613951, "Pos_1_T": 0.0, "Pos_1_G": -0.1347005334450762, "AtoT": 0.3879945723003837, "Pos_0_C": -0.16701106871642496, "CtoA": -0.0043018498980981965, "GtoC": -0.3653976773517198, "TtoC": 0.0, "AtoC": 0.0}