{"best_c_choice": 0.1, "param_penalty": {"3": "l1", "1": "l1", "2": "l1", "0": "l1"}, "split0_test_score": {"3": 0.6006258235, "1": 0.6937072589, "2": 0.6340344438, "0": 0.7505254407}, "rank_test_score": {"3": 4, "1": 2, "2": 3, "0": 1}, "param_C": {"3": 100.0, "1": 1.0, "2": 10.0, "0": 0.1}, "params": {"3": {"C": 100.0, "penalty": "l1"}, "1": {"C": 1.0, "penalty": "l1"}, "2": {"C": 10.0, "penalty": "l1"}, "0": {"C": 0.1, "penalty": "l1"}}}