{"best_c_choice": 0.1, "split0_test_score": {"0": 0.7358401678, "3": 0.6233339691, "2": 0.6381346557, "1": 0.6818920465}, "rank_test_score": {"0": 1, "3": 4, "2": 3, "1": 2}, "param_penalty": {"0": "l1", "3": "l1", "2": "l1", "1": "l1"}, "param_C": {"0": 0.1, "3": 100.0, "2": 10.0, "1": 1.0}, "params": {"0": {"penalty": "l1", "C": 0.1}, "3": {"penalty": "l1", "C": 100.0}, "2": {"penalty": "l1", "C": 10.0}, "1": {"penalty": "l1", "C": 1.0}}}