{"best_a_choice": 1.0, "params": {"1": {"alpha": 0.1}, "3": {"alpha": 2.0}, "4": {"alpha": 3.0}, "0": {"alpha": 0.01}, "2": {"alpha": 1.0}}, "rank_test_score": {"1": 2, "3": 4, "4": 5, "0": 2, "2": 1}, "split0_test_score": {"1": 0.7223021171, "3": 0.7218176616, "4": 0.7209135991, "0": 0.7223021171, "2": 0.722508106}, "param_alpha": {"1": 0.1, "3": 2.0, "4": 3.0, "0": 0.01, "2": 1.0}}