{"params": {"4": {"alpha": 3.0}, "2": {"alpha": 1.0}, "1": {"alpha": 0.1}, "3": {"alpha": 2.0}, "0": {"alpha": 0.01}}, "best_a_choice": 0.01, "param_alpha": {"4": 3.0, "2": 1.0, "1": 0.1, "3": 2.0, "0": 0.01}, "rank_test_score": {"4": 5, "2": 3, "1": 2, "3": 4, "0": 1}, "split0_test_score": {"4": 0.7744367428, "2": 0.7746154991, "1": 0.7746594655, "3": 0.7745404975, "0": 0.7746631167}}