{"Pos_1:Pos_3_GG": 0.0, "Pos_0:Pos_2_TG": -0.036349426278111885, "Pos_1:Pos_3_TG": 0.0, "Pos_1:Pos_2_GG": -0.003952847425357303, "Pos_0:Pos_3_AA": 0.0, "Pos_1:Pos_2_CT": 0.0, "Pos_1_T": 0.0, "Pos_1:Pos_2_TC": 0.0, "Pos_0:Pos_3_GA": 0.0, "Pos_2:Pos_3_CA": 0.18405669247365367, "Pos_1_G": 0.2772482014264473, "Pos_1:Pos_2_CG": -0.06465825774612327, "Pos_0:Pos_2_TC": 0.0, "Pos_0:Pos_3_AG": 0.0, "CtoT": -0.3593358553572791, "Pos_1:Pos_3_AC": -0.039770554698552466, "Pos_2:Pos_3_CT": 0.23391738519355573, "Pos_2:Pos_3_CG": -0.0051675964079058575, "Pos_0:Pos_3_GG": 0.014854582184668225, "Pos_1:Pos_3_TA": 0.0, "Pos_0:Pos_1_GA": -0.0015182458837356336, "Pos_2:Pos_3_GC": 0.0, "Pos_0:Pos_2_AT": 0.07016996215112067, "Pos_1:Pos_2_AA": 0.1818777140589262, "Pos_2:Pos_3_TC": 0.01103977596134412, "Pos_1:Pos_3_GA": 0.025805121827395812, "Pos_1:Pos_2_GA": 0.0, "GtoT": 0.30430271954651394, "Pos_0:Pos_1_TG": 0.03864665543313268, "Pos_0_C": 0.0, "Pos_1:Pos_3_AA": 0.0, "Pos_0:Pos_2_CC": 0.020549113342849805, "Pos_3_C": 0.020247509683684547, "Pos_2:Pos_3_CC": 0.0, "Pos_0:Pos_1_CT": 0.0, "Pos_0:Pos_1_GT": 0.0, "Pos_1:Pos_2_TT": 0.040090096045059025, "Pos_0:Pos_2_CA": -0.054086590599667236, "Pos_1:Pos_3_CT": -0.09894847436693385, "Pos_0:Pos_3_GT": -0.05958131834237951, "Pos_2:Pos_3_GA": -0.04880096907935342, "Pos_0:Pos_3_GC": 0.0, "Pos_2:Pos_3_TT": 0.060542339086626124, "Pos_2_C": 0.0, "Pos_0:Pos_2_TA": 0.006851797489849829, "Pos_1:Pos_2_AC": 0.0, "Pos_2:Pos_3_TA": 0.0, "Pos_3_A": -0.07308292088368519, "Pos_0:Pos_2_CG": 0.07941770929453897, "Pos_0:Pos_1_TA": 0.0, "Pos_0:Pos_2_TT": 0.0, "Pos_0:Pos_1_TT": 0.031743530664742024, "Pos_1:Pos_3_TT": 0.0, "Pos_0:Pos_2_GA": -0.0021057084543010837, "Pos_0:Pos_2_AA": 0.022776326740771048, "Pos_1:Pos_3_CA": 0.0, "Pos_0:Pos_3_TT": 0.0, "Pos_0:Pos_2_GC": 0.0, "Pos_0:Pos_2_GT": 0.0, "Pos_1:Pos_3_CG": 0.0, "Pos_2:Pos_3_AG": 0.1153667329513031, "Pos_1_C": -0.0819865435448735, "GtoA": -0.38875055271105025, "Pos_1:Pos_2_AG": 0.0, "TtoG": 0.2376471352405414, "Pos_3_T": 0.0, "Pos_1_A": 0.0, "Pos_0:Pos_1_TC": 0.0, "Pos_0:Pos_3_AT": 0.06355983176772871, "Pos_0_T": 0.16642720775410458, "Pos_0:Pos_2_GG": 0.0, "Pos_0:Pos_2_AC": 0.0, "Pos_2_G": -0.1610932942666363, "Pos_0:Pos_3_CG": 0.0, "Pos_0_G": 0.0, "Pos_2_A": 0.0, "Pos_0:Pos_3_TC": 0.03711554367158675, "Pos_1:Pos_3_AT": 0.0419267050448491, "Pos_0:Pos_1_GC": 0.0, "Pos_0:Pos_3_CC": 0.0, "Pos_2:Pos_3_GG": 0.06348859513325303, "Pos_1:Pos_2_GT": 0.0, "Pos_0:Pos_3_TG": 0.01256608948937381, "Pos_0_A": 0.0, "Pos_1:Pos_3_GC": 0.0, "Pos_2:Pos_3_TG": 0.0, "Pos_2:Pos_3_AA": 0.0, "Pos_0:Pos_1_AG": 0.10440513080589028, "Pos_0:Pos_2_AG": -0.08083504610180366, "Pos_1:Pos_2_CA": 0.0, "Pos_0:Pos_1_AC": 0.0, "Pos_0:Pos_1_CA": 0.10670799863118212, "Pos_1:Pos_3_TC": 0.09827762995262794, "Pos_0:Pos_1_CC": 0.07610239345522063, "Pos_2:Pos_3_GT": 0.0, "AtoC": -0.07393229534160187, "Pos_0:Pos_1_GG": 0.0, "TtoA": 1.0876799063506901, "Pos_0:Pos_1_AA": 0.0, "Pos_0:Pos_1_CG": -0.38368796824780543, "Pos_1:Pos_2_TG": 0.07470719700437703, "CtoA": 0.1927618366669861, "Pos_0:Pos_2_CT": 0.0, "CtoG": -1.5056258952679502, "Pos_0:Pos_1_AT": 0.029647406789663357, "AtoG": 0.24456374516862966, "Pos_1:Pos_2_GC": 0.0627697250752816, "Pos_0:Pos_3_CA": 0.0, "AtoT": 0.9937102639064466, "TtoC": 0.26902085490957744, "Pos_1:Pos_3_GT": 0.0, "GtoC": -1.4430434576445175, "Pos_1:Pos_3_CC": 0.022699324377707053, "Pos_1:Pos_2_CC": 0.0, "Pos_0:Pos_3_CT": 0.01671895616783198, "Pos_0:Pos_3_TA": 0.0, "Pos_2:Pos_3_AT": -0.17672033889168273, "Pos_1:Pos_2_TA": -0.16291010988033935, "Pos_2:Pos_3_AC": 0.0, "Pos_2_T": 0.09414409782045083, "Pos_3_G": 0.0, "Pos_1:Pos_2_AT": -0.1075800380079235, "Pos_0:Pos_3_AC": 0.04416784860360412, "Pos_1:Pos_3_AG": 0.0}