{"params": {"1": {"alpha": 0.1}, "0": {"alpha": 0.01}, "2": {"alpha": 1.0}, "3": {"alpha": 2.0}, "4": {"alpha": 3.0}}, "rank_test_score": {"1": 1, "0": 1, "2": 3, "3": 4, "4": 5}, "param_alpha": {"1": 0.1, "0": 0.01, "2": 1.0, "3": 2.0, "4": 3.0}, "split0_test_score": {"1": 0.7514116318, "0": 0.7514116318, "2": 0.7511449903, "3": 0.7485413138, "4": 0.7454827781}, "best_a_choice": 0.01}