{"pos0": {"formula": "count ~ group * mut * base - group : mut : base", "rel_entropy": 0.0001182488035009723, "df": 3, "deviance": 5.018006225367261, "stats": "{\"group\":{\"8\":\"1\",\"9\":\"1\",\"10\":\"1\",\"11\":\"1\",\"12\":\"1\",\"13\":\"1\",\"14\":\"1\",\"15\":\"1\",\"0\":\"2\",\"1\":\"2\",\"2\":\"2\",\"3\":\"2\",\"4\":\"2\",\"5\":\"2\",\"6\":\"2\",\"7\":\"2\"},\"mut\":{\"8\":\"M\",\"9\":\"M\",\"10\":\"M\",\"11\":\"M\",\"12\":\"R\",\"13\":\"R\",\"14\":\"R\",\"15\":\"R\",\"0\":\"M\",\"1\":\"M\",\"2\":\"M\",\"3\":\"M\",\"4\":\"R\",\"5\":\"R\",\"6\":\"R\",\"7\":\"R\"},\"base\":{\"8\":\"A\",\"9\":\"C\",\"10\":\"G\",\"11\":\"T\",\"12\":\"A\",\"13\":\"C\",\"14\":\"G\",\"15\":\"T\",\"0\":\"A\",\"1\":\"C\",\"2\":\"G\",\"3\":\"T\",\"4\":\"A\",\"5\":\"C\",\"6\":\"G\",\"7\":\"T\"},\"count\":{\"8\":2561,\"9\":2880,\"10\":2338,\"11\":2788,\"12\":2427,\"13\":2695,\"14\":2704,\"15\":2741,\"0\":11,\"1\":16,\"2\":6,\"3\":9,\"4\":12,\"5\":9,\"6\":4,\"7\":17},\"fitted\":{\"8\":2560.3220835258,\"9\":2883.2097752542,\"10\":2339.4154421454,\"11\":2784.0526990747,\"12\":2427.6779164742,\"13\":2691.7902247458,\"14\":2702.5845578547,\"15\":2744.9473009253,\"0\":11.6779164742,\"1\":12.7902247458,\"2\":4.5845578546,\"3\":12.9473009253,\"4\":11.3220835258,\"5\":12.2097752542,\"6\":5.4154421454,\"7\":13.0526990747},\"ret\":{\"8\":0.0000319543,\"9\":-0.0001511918,\"10\":-0.0000666893,\"11\":0.0001861673,\"12\":-0.0000319456,\"13\":0.0001513662,\"14\":0.000066727,\"15\":-0.0001859017,\"0\":-0.0000310042,\"1\":0.0001688435,\"2\":0.0000760861,\"3\":-0.0001542542,\"4\":0.000032888,\"5\":-0.0001293765,\"6\":-0.0000571138,\"7\":0.0002116935}}", "prob": 0.1704833783067231}, "pos2": {"formula": "count ~ group * mut * base - group : mut : base", "rel_entropy": 5.8508257185240555e-05, "df": 3, "deviance": 2.4828564019128683, "stats": "{\"group\":{\"8\":\"1\",\"9\":\"1\",\"10\":\"1\",\"11\":\"1\",\"12\":\"1\",\"13\":\"1\",\"14\":\"1\",\"15\":\"1\",\"0\":\"2\",\"1\":\"2\",\"2\":\"2\",\"3\":\"2\",\"4\":\"2\",\"5\":\"2\",\"6\":\"2\",\"7\":\"2\"},\"mut\":{\"8\":\"M\",\"9\":\"M\",\"10\":\"M\",\"11\":\"M\",\"12\":\"R\",\"13\":\"R\",\"14\":\"R\",\"15\":\"R\",\"0\":\"M\",\"1\":\"M\",\"2\":\"M\",\"3\":\"M\",\"4\":\"R\",\"5\":\"R\",\"6\":\"R\",\"7\":\"R\"},\"base\":{\"8\":\"A\",\"9\":\"C\",\"10\":\"G\",\"11\":\"T\",\"12\":\"A\",\"13\":\"C\",\"14\":\"G\",\"15\":\"T\",\"0\":\"A\",\"1\":\"C\",\"2\":\"G\",\"3\":\"T\",\"4\":\"A\",\"5\":\"C\",\"6\":\"G\",\"7\":\"T\"},\"count\":{\"8\":4695,\"9\":1495,\"10\":3072,\"11\":1305,\"12\":3305,\"13\":2978,\"14\":1069,\"15\":3215,\"0\":23,\"1\":3,\"2\":8,\"3\":8,\"4\":15,\"5\":11,\"6\":4,\"7\":12},\"fitted\":{\"8\":4695.5297292181,\"9\":1493.2697002374,\"10\":3071.0590869252,\"11\":1307.1414836193,\"12\":3304.4702707819,\"13\":2979.7302997626,\"14\":1069.9409130749,\"15\":3212.8585163807,\"0\":22.4702707819,\"1\":4.7302997626,\"2\":8.9409130748,\"3\":5.8585163807,\"4\":15.5297292181,\"5\":9.2697002374,\"6\":3.0590869252,\"7\":14.1414836193},\"ret\":{\"8\":-0.0000249646,\"9\":0.0000815959,\"10\":0.0000443518,\"11\":-0.000100845,\"12\":0.000024968,\"13\":-0.000081525,\"14\":-0.0000443255,\"15\":0.0001009613,\"0\":0.000025258,\"1\":-0.0000643854,\"2\":-0.0000419252,\"3\":0.0001174645,\"4\":-0.0000245353,\"5\":0.0000887259,\"6\":0.0000505567,\"7\":-0.0000928679}}", "prob": 0.4783972840814197}, "pos3": {"formula": "count ~ group * mut * base - group : mut : base", "rel_entropy": 3.723307170853269e-05, "df": 3, "deviance": 1.580022631023293, "stats": "{\"group\":{\"8\":\"1\",\"9\":\"1\",\"10\":\"1\",\"11\":\"1\",\"12\":\"1\",\"13\":\"1\",\"14\":\"1\",\"15\":\"1\",\"0\":\"2\",\"1\":\"2\",\"2\":\"2\",\"3\":\"2\",\"4\":\"2\",\"5\":\"2\",\"6\":\"2\",\"7\":\"2\"},\"mut\":{\"8\":\"M\",\"9\":\"M\",\"10\":\"M\",\"11\":\"M\",\"12\":\"R\",\"13\":\"R\",\"14\":\"R\",\"15\":\"R\",\"0\":\"M\",\"1\":\"M\",\"2\":\"M\",\"3\":\"M\",\"4\":\"R\",\"5\":\"R\",\"6\":\"R\",\"7\":\"R\"},\"base\":{\"8\":\"A\",\"9\":\"C\",\"10\":\"G\",\"11\":\"T\",\"12\":\"A\",\"13\":\"C\",\"14\":\"G\",\"15\":\"T\",\"0\":\"A\",\"1\":\"C\",\"2\":\"G\",\"3\":\"T\",\"4\":\"A\",\"5\":\"C\",\"6\":\"G\",\"7\":\"T\"},\"count\":{\"8\":2218,\"9\":2251,\"10\":3461,\"11\":2637,\"12\":2431,\"13\":2538,\"14\":2940,\"15\":2658,\"0\":7,\"1\":11,\"2\":12,\"3\":12,\"4\":10,\"5\":8,\"6\":9,\"7\":15},\"fitted\":{\"8\":2216.8613093117,\"9\":2253.0252451608,\"10\":3461.6036955132,\"11\":2635.5097500142,\"12\":2432.1386906883,\"13\":2535.9747548392,\"14\":2939.3963044868,\"15\":2659.4902499857,\"0\":8.1386906883,\"1\":8.9747548392,\"2\":11.3963044868,\"3\":13.4902499857,\"4\":8.8613093117,\"5\":10.0252451608,\"6\":9.6036955132,\"7\":13.5097500143},\"ret\":{\"8\":0.00005368,\"9\":-0.0000954065,\"10\":-0.0000284496,\"11\":0.000070255,\"12\":-0.0000536537,\"13\":0.0000954875,\"14\":0.000028455,\"15\":-0.0000702155,\"0\":-0.0000497235,\"1\":0.0001054895,\"2\":0.0000291927,\"3\":-0.0000662045,\"4\":0.0000569755,\"5\":-0.0000850843,\"6\":-0.0000275384,\"7\":0.0000739739}}", "prob": 0.6639279892295373}, "pos1": {"formula": "count ~ group * mut * base - group : mut : base", "rel_entropy": 8.740274252972988e-05, "df": 3, "deviance": 3.7090227819916173, "stats": "{\"group\":{\"8\":\"1\",\"9\":\"1\",\"10\":\"1\",\"11\":\"1\",\"12\":\"1\",\"13\":\"1\",\"14\":\"1\",\"15\":\"1\",\"0\":\"2\",\"1\":\"2\",\"2\":\"2\",\"3\":\"2\",\"4\":\"2\",\"5\":\"2\",\"6\":\"2\",\"7\":\"2\"},\"mut\":{\"8\":\"M\",\"9\":\"M\",\"10\":\"M\",\"11\":\"M\",\"12\":\"R\",\"13\":\"R\",\"14\":\"R\",\"15\":\"R\",\"0\":\"M\",\"1\":\"M\",\"2\":\"M\",\"3\":\"M\",\"4\":\"R\",\"5\":\"R\",\"6\":\"R\",\"7\":\"R\"},\"base\":{\"8\":\"A\",\"9\":\"C\",\"10\":\"G\",\"11\":\"T\",\"12\":\"A\",\"13\":\"C\",\"14\":\"G\",\"15\":\"T\",\"0\":\"A\",\"1\":\"C\",\"2\":\"G\",\"3\":\"T\",\"4\":\"A\",\"5\":\"C\",\"6\":\"G\",\"7\":\"T\"},\"count\":{\"8\":4510,\"9\":1797,\"10\":2688,\"11\":1572,\"12\":2343,\"13\":2809,\"14\":2662,\"15\":2753,\"0\":22,\"1\":8,\"2\":4,\"3\":8,\"4\":13,\"5\":9,\"6\":10,\"7\":10},\"fitted\":{\"8\":4509.4744723507,\"9\":1798.6169035576,\"10\":2685.1957260079,\"11\":1573.7128980838,\"12\":2343.5255276493,\"13\":2807.3830964424,\"14\":2664.8042739921,\"15\":2751.2871019162,\"0\":22.5255276493,\"1\":6.3830964424,\"2\":6.8042739922,\"3\":6.2871019162,\"4\":12.4744723507,\"5\":10.6169035576,\"6\":7.1957260081,\"7\":11.7128980838},\"ret\":{\"8\":0.0000247695,\"9\":-0.0000761701,\"10\":0.0001322338,\"11\":-0.0000806846,\"12\":-0.0000247652,\"13\":0.0000762263,\"14\":-0.0001320953,\"15\":0.0000807537,\"0\":-0.0000244768,\"1\":0.0000851308,\"2\":-0.0001001521,\"3\":0.0000908441,\"4\":0.0000252826,\"5\":-0.0000700823,\"6\":0.0001551031,\"7\":-0.0000745148}}", "prob": 0.2946471270610724}}