{"split0_test_score": {"4": 0.6490157349, "1": 0.6416711992, "0": 0.6357665627, "3": 0.6484637258, "2": 0.6469517839}, "param_alpha": {"4": 3.0, "1": 0.1, "0": 0.01, "3": 2.0, "2": 1.0}, "rank_test_score": {"4": 1, "1": 4, "0": 5, "3": 2, "2": 3}, "params": {"4": {"alpha": 3.0}, "1": {"alpha": 0.1}, "0": {"alpha": 0.01}, "3": {"alpha": 2.0}, "2": {"alpha": 1.0}}, "best_a_choice": 3.0}