{"Pos_17_G": 0.004685823639306756, "Pos_58_T": 0.0, "Pos_2_G": 0.0, "Pos_28_T": 0.046011720975526235, "Pos_33_A": 0.0, "Pos_37_C": 0.0, "Pos_46_A": 0.0, "Pos_45_T": 0.0, "Pos_39_G": -0.05028447427467305, "Pos_59_T": 0.0, "Pos_27_A": -0.0929565891564199, "Pos_42_A": -0.08489438266539633, "Pos_30_A": 0.0, "Pos_32_A": 0.0, "Pos_41_A": 0.0, "Pos_51_T": 0.0, "Pos_19_C": 0.0, "Pos_5_T": 0.0, "Pos_20_A": 0.0, "Pos_26_T": 0.0, "Pos_49_T": 0.0, "CtoA": 0.0, "Pos_31_A": 0.0, "Pos_11_C": 0.0, "Pos_42_C": 0.026262775665324745, "Pos_58_G": 0.0, "Pos_47_C": 0.004542109111657081, "Pos_53_A": 0.0, "Pos_45_A": 0.0, "Pos_15_C": 0.0, "Pos_41_C": -0.008725924508417112, "Pos_10_A": -0.05170302006876007, "Pos_50_G": 0.0, "Pos_35_C": 0.0, "Pos_52_T": 0.008142332286393545, "Pos_43_T": 0.0, "Pos_48_G": 0.0, "Pos_26_C": 0.0, "Pos_3_T": 0.010197403191844149, "Pos_3_G": -0.013981352874444339, "Pos_6_G": 0.0, "Pos_55_C": 0.0, "Pos_9_G": -0.08329558076888162, "Pos_21_G": 0.0, "Pos_42_T": 0.012650402116066162, "Pos_23_G": 0.0, "GtoT": 0.0, "Pos_20_T": 0.0, "Pos_0_G": 0.0, "Pos_18_A": 0.0, "Pos_51_G": 0.0, "Pos_18_T": 0.009801747405594637, "Pos_0_A": 0.0, "Pos_25_T": 0.0, "Pos_37_T": 0.0, "Pos_39_A": -0.06523293960375978, "Pos_23_T": 0.0, "Pos_4_G": 0.0, "Pos_14_G": 0.0, "Pos_1_G": -0.08789332181314344, "Pos_6_T": 0.0, "Pos_28_G": 0.0, "Pos_33_C": 0.0, "Pos_54_C": 0.0, "Pos_38_C": -0.14529552299990345, "Pos_54_T": 0.0, "Pos_40_G": 0.0, "Pos_2_A": 0.0, "Pos_45_C": 0.0, "Pos_10_G": 0.0, "Pos_50_A": 0.0, "Pos_36_A": 0.0, "Pos_1_A": -0.008153553516531378, "Pos_31_T": 0.0, "Pos_57_T": 0.0, "Pos_17_C": 0.022438793775690764, "Pos_50_T": 0.2242946117747811, "Pos_26_G": 0.0, "Pos_15_A": 0.0, "Pos_16_T": 0.06594083993302205, "Pos_3_A": 0.0930193771117848, "Pos_44_C": 0.0, "Pos_23_C": 0.0, "Pos_14_C": 0.0, "Pos_20_C": -0.07056752882169037, "Pos_40_T": 0.01840560405640392, "Pos_38_A": 0.0, "Pos_22_A": -0.08127656361071427, "Pos_57_G": -0.033442786341488714, "Pos_13_A": 0.0, "Pos_57_C": 0.0, "TtoC": 0.03727868566405651, "Pos_43_A": -0.04478231191880922, "Pos_56_C": 0.0, "Pos_34_G": 0.0036645164610625332, "Pos_26_A": 0.0, "Pos_49_G": 0.1586319099657258, "Pos_44_A": 0.0, "Pos_12_T": 0.0, "Pos_0_C": -0.04853720715943866, "Pos_59_G": -0.017863938441703836, "Pos_15_T": 0.09280798902417497, "Pos_23_A": -0.12165612116886027, "Pos_53_C": 0.0, "Pos_34_T": 0.05129931454759469, "Pos_40_C": -0.012757822684526259, "Pos_32_C": -0.02609120127502452, "Pos_37_A": 0.0, "Pos_29_C": -0.22954348172204395, "Pos_21_T": 0.11225772354885807, "Pos_19_G": 0.0, "Pos_47_T": 0.03881061028710681, "Pos_10_C": 0.0, "Pos_12_A": 0.06813279945896782, "Pos_35_A": 0.06725855733468819, "Pos_17_A": -0.12870889124041301, "Pos_44_G": 0.0, "Pos_32_G": 0.0, "Pos_19_T": 0.0, "Pos_7_A": 0.0, "Pos_13_T": 0.07733458063320871, "Pos_8_A": 0.0, "AtoC": 0.0, "Pos_51_A": 0.0, "Pos_36_C": 0.10778247789965743, "Pos_25_C": 0.0, "Pos_16_A": 0.0, "Pos_36_G": 0.0, "Pos_24_T": 0.0, "Pos_22_T": 0.011290229124211517, "Pos_38_G": 0.06879425342349628, "Pos_12_C": -0.02872954225811843, "Pos_59_A": 0.0, "GtoA": -0.49823410915830885, "Pos_29_G": 0.07835750305267583, "Pos_7_G": 0.023894786776537218, "Pos_49_C": 0.0, "Pos_59_C": 0.0, "TtoG": 0.0, "Pos_6_C": -0.06619342555566991, "Pos_41_G": 0.0, "Pos_13_C": -0.033907227960500386, "Pos_56_G": -0.04199236382816913, "Pos_8_T": 0.0, "Pos_42_G": -0.0809858386064399, "Pos_9_C": 0.0, "Pos_25_A": 0.0, "Pos_5_A": -0.01686333614999288, "Pos_18_C": -0.0003105836721056254, "Pos_28_C": 0.0, "Pos_53_T": 0.22423244882993026, "Pos_52_G": 0.04222564863245562, "Pos_5_G": 0.0, "Pos_24_G": -0.04282209427622476, "Pos_1_T": 0.004500205528328661, "Pos_17_T": -0.13587576924227351, "Pos_13_G": 0.0, "Pos_1_C": 0.11572955170256322, "Pos_20_G": 0.0, "Pos_51_C": 0.0, "Pos_7_T": 0.0, "Pos_43_C": 0.008307534079619445, "Pos_55_A": 0.0, "Pos_46_T": 0.0, "Pos_27_T": 0.0, "CtoG": -0.524422472427792, "GtoC": -0.09269655866603901, "Pos_8_G": 0.0, "Pos_35_T": 0.0, "Pos_8_C": 0.0, "Pos_4_C": 0.0590379509267969, "Pos_30_C": 0.16728270248928748, "Pos_52_A": -0.1028803433999117, "Pos_28_A": -0.03739735615047942, "Pos_40_A": 0.0, "Pos_57_A": 0.022872841402479614, "Pos_49_A": 0.0, "Pos_48_A": 0.0, "AtoT": 0.8397058071304307, "Pos_12_G": 0.0, "Pos_25_G": -0.05883322270672516, "Pos_53_G": 0.0, "TtoA": 0.5522754070393753, "Pos_5_C": 0.0, "Pos_32_T": 0.0, "Pos_3_C": -0.13202014597064896, "Pos_15_G": 0.0, "Pos_9_A": 0.0, "Pos_24_A": 0.0, "Pos_19_A": -0.01226138143419388, "Pos_45_G": 0.006668800881715674, "Pos_34_C": -0.04091911712777426, "Pos_30_T": 0.0, "Pos_22_C": 0.00385584493554252, "Pos_31_C": 0.0, "Pos_29_T": 0.0, "Pos_7_C": 0.0, "Pos_22_G": -0.02227648260622137, "Pos_14_T": 0.015622645113310124, "Pos_33_G": -0.04171489275529047, "Pos_47_A": -0.029316354937656334, "Pos_46_G": 0.06180094752701282, "Pos_21_A": 0.0, "Pos_54_A": 0.0, "Pos_4_T": 0.0, "Pos_11_T": 0.0, "Pos_54_G": 0.0, "Pos_30_G": -0.10122155799199345, "Pos_37_G": 0.11238986183202816, "Pos_2_T": 0.0, "Pos_10_T": 0.0, "Pos_0_T": 0.02882682631883037, "Pos_2_C": 0.0, "CtoT": -0.5146168228221485, "Pos_38_T": 0.0, "Pos_31_G": 0.0, "Pos_58_A": 0.0, "Pos_55_T": -0.08503493272154747, "Pos_39_T": 0.01886737498141605, "Pos_16_G": 0.0, "Pos_46_C": 0.0, "Pos_16_C": 0.0, "AtoG": 0.0, "Pos_36_T": 0.0, "Pos_58_C": 0.0, "Pos_35_G": 0.0, "Pos_48_T": 0.017018373593012455, "Pos_50_C": -0.049855134529152606, "Pos_43_G": 0.0, "Pos_11_A": 0.0, "Pos_47_G": -0.028492406772521104, "Pos_55_G": 0.033930661293701994, "Pos_6_A": 0.08431948458202693, "Pos_52_C": -0.006964521398684395, "Pos_44_T": 0.02210373728831423, "Pos_33_T": 0.041639054393171025, "Pos_4_A": 0.0, "Pos_21_C": 0.0, "Pos_27_C": 0.0, "Pos_29_A": 0.0, "Pos_27_G": 0.0, "Pos_14_A": -0.1068839941796751, "Pos_56_A": 0.036031157487563956, "Pos_41_T": 0.15140231310837884, "Pos_9_T": 0.005738488827279236, "Pos_34_A": -0.06763046885991655, "Pos_11_G": 0.04780178300747074, "Pos_18_G": 0.0, "Pos_39_C": 0.038507770173243396, "Pos_24_C": 0.0, "Pos_48_C": 0.0, "Pos_56_T": 0.0}