{"AtoG": 0.558370355265172, "CtoT": -0.01812174608905612, "Pos_1_T": 0.0890255565909741, "CtoA": 0.46335303405345135, "AtoC": 0.26983207823188543, "Pos_1_G": -0.22945904195259387, "Pos_0_T": 0.0, "TtoG": 0.6578126611457817, "GtoT": 0.5871311804208869, "TtoA": 1.4318225168002907, "GtoC": -2.463374728886155, "Pos_1_C": 0.10375953489523194, "AtoT": 1.3333847700059356, "GtoA": -0.07286224938087528, "Pos_1_A": 0.0, "CtoG": -2.543059664896658, "Pos_0_G": 0.30610314002612365, "Pos_0_A": 0.02776708403296602, "Pos_0_C": -0.15718327580687158, "TtoC": 0.5806052280576021}