{"best_a_choice": 0.01, "param_alpha": {"2": 1.0, "0": 0.01, "1": 0.1, "3": 2.0, "4": 3.0}, "split0_test_score": {"2": 0.7042839873, "0": 0.7093604008, "1": 0.7073606628, "3": 0.7035349478, "4": 0.7031488321}, "params": {"2": {"alpha": 1.0}, "0": {"alpha": 0.01}, "1": {"alpha": 0.1}, "3": {"alpha": 2.0}, "4": {"alpha": 3.0}}, "rank_test_score": {"2": 3, "0": 1, "1": 2, "3": 4, "4": 5}}