{"split0_test_score": {"3": 0.7224888638, "2": 0.7223477006, "0": 0.7233044733, "1": 0.7233044733, "4": 0.7235397453}, "best_a_choice": 3.0, "params": {"3": {"alpha": 2.0}, "2": {"alpha": 1.0}, "0": {"alpha": 0.01}, "1": {"alpha": 0.1}, "4": {"alpha": 3.0}}, "param_alpha": {"3": 2.0, "2": 1.0, "0": 0.01, "1": 0.1, "4": 3.0}, "rank_test_score": {"3": 4, "2": 5, "0": 2, "1": 2, "4": 1}}