{"param_alpha": {"2": 1.0, "4": 3.0, "3": 2.0, "1": 0.1, "0": 0.01}, "params": {"2": {"alpha": 1.0}, "4": {"alpha": 3.0}, "3": {"alpha": 2.0}, "1": {"alpha": 0.1}, "0": {"alpha": 0.01}}, "split0_test_score": {"2": 0.7055922182, "4": 0.7056227351, "3": 0.7051954988, "1": 0.7084684341, "0": 0.7109326721}, "rank_test_score": {"2": 4, "4": 3, "3": 5, "1": 2, "0": 1}, "best_a_choice": 0.01}