{"AtoT": 0.5522993033737641, "Pos_4_C": -0.029449850184326738, "Pos_2_C": -0.2133954010407329, "Pos_1_G": -0.04658864128156606, "Pos_0_G": 0.04030099430289205, "Pos_1_C": -0.12305802980034969, "Pos_4_G": 0.06963719905494414, "GtoC": -0.9944960944563066, "Pos_4_A": -0.10530209291715481, "Pos_5_A": 0.09491374443545085, "Pos_1_T": 0.03610747922935852, "Pos_5_T": 0.17249469132137166, "Pos_3_G": -0.30269532218588063, "Pos_1_A": 0.016061478288972857, "Pos_5_C": -1.8792778311836186e-07, "Pos_3_C": 0.13905446422831616, "Pos_2_A": -0.08427647758928072, "TtoG": 0.11698208253168373, "TtoA": 0.6481854795130588, "Pos_2_T": -0.08127541702334261, "TtoC": 0.22965755105241326, "Pos_4_T": 0.06891317027899493, "CtoG": -1.1837381178437336, "Pos_3_A": -0.1280006953786912, "CtoT": -0.15266942153404156, "Pos_5_G": -0.03217556572126638, "CtoA": 0.0675694344179365, "AtoG": 0.33464786469905783, "GtoT": 0.22225822221956848, "Pos_0_A": 0.029254412465929525, "Pos_3_T": 0.06464278272947754, "AtoC": 0.022248414516451053, "Pos_0_T": 0.1873221631324049, "GC_feature": -0.11804830927636571, "Pos_2_G": 0.0974621282119741, "Pos_0_C": -0.07166714130831026, "GtoA": -0.22768544635896848}