{"Pos_1_C": -0.025157729436993598, "Pos_1_T": 0.18766972095566856, "Pos_0_T": 0.04980037554023251, "Pos_3_A": 0.0, "Pos_3_C": 0.20936101752225567, "Pos_4_T": 0.037394238666826604, "Pos_0_G": 0.0, "Pos_5_T": 0.18345179292930378, "Pos_5_C": 0.0, "TtoG": 0.36736917636520244, "TtoC": 0.32662270566429896, "Pos_5_G": -0.1371548642708054, "Pos_2_T": 0.025882198518549428, "GtoT": 0.5144714578822972, "GtoA": -0.2875767664421368, "AtoG": 0.2858899219859717, "Pos_1_A": 0.028816611157763558, "CtoG": -1.6728664828553392, "Pos_2_C": -0.13164766850719062, "Pos_4_G": 0.06050440474154793, "Pos_3_G": -0.23324018930775556, "AtoC": -0.2883711530918192, "CtoA": 0.2983863663192339, "Pos_2_A": 0.0, "TtoA": 1.2694143630901147, "Pos_5_A": 0.20740372144334737, "Pos_0_A": 0.005490670147373355, "CtoT": -0.3021235317259668, "Pos_4_C": 0.0, "Pos_4_A": -0.08424080611938423, "GtoC": -1.6185089991608543, "Pos_0_C": -0.09197779083814842, "Pos_3_T": 0.10603299007744282, "Pos_1_G": 0.0, "Pos_2_G": 0.22234245724540802, "AtoT": 1.153911001571378}