{"GtoC": -0.34730034091392986, "Pos_1_A": -0.03132933513988194, "Pos_0_G": 0.21552825845573462, "Pos_1_G": -0.2556038259919354, "CtoG": -0.4030808293890019, "AtoT": 0.36483476561329703, "TtoA": 0.4544907728646688, "TtoC": 0.09054641283293234, "Pos_1_C": 0.04232881763639682, "GtoA": -0.3686223639762926, "Pos_0_A": 0.0, "AtoC": -0.03400612420556469, "TtoG": 0.0, "AtoG": 0.0, "Pos_0_T": 0.06467801428046338, "GC_feature": -0.05989612103028876, "Pos_1_T": 0.0, "Pos_0_C": -0.1400739574269727, "CtoT": -0.35946886066353223, "CtoA": 0.0, "GtoT": 0.045205490201914306}