{"CtoG": -2.1913140170972563, "AtoC": 0.27562861526670973, "CtoA": 0.39105537495491666, "AtoG": 0.5665733260635488, "GtoC": -2.107538588727788, "TtoA": 1.2550322265063414, "TtoG": 0.3693890959413816, "AtoT": 1.349991291297689, "CtoT": -0.20933642535368654, "GtoA": -0.14033427788023434, "GtoT": 0.5774702606274348, "TtoC": 0.6375050667017422}