{"param_penalty": {"1": "l1", "2": "l1", "3": "l1", "0": "l1"}, "rank_test_score": {"1": 3, "2": 1, "3": 1, "0": 4}, "best_c_choice": 10.0, "param_C": {"1": 1.0, "2": 10.0, "3": 100.0, "0": 0.1}, "params": {"1": {"penalty": "l1", "C": 1.0}, "2": {"penalty": "l1", "C": 10.0}, "3": {"penalty": "l1", "C": 100.0}, "0": {"penalty": "l1", "C": 0.1}}, "split0_test_score": {"1": 0.7410282954, "2": 0.7416400025, "3": 0.7416400025, "0": 0.7300332518}}