{"AtoC": 0.05111966698184077, "AtoG": 0.39894295833494864, "CtoT": -0.2698087789750058, "GtoC": -1.4715925487096266, "TtoA": 1.1662953146954154, "TtoC": 0.39617157578758333, "GtoT": 0.34519098304158025, "CtoG": -1.5468735564710427, "AtoT": 1.072294225993978, "CtoA": 0.2790721750463897, "GtoA": -0.2867802437460954, "TtoG": 0.29905331208956115}