{"Pos_2_T": -0.06746125078144385, "Pos_2_G": 0.2245352051055192, "GtoA": -0.29176018891181343, "Pos_0_A": 0.03043474459802632, "Pos_0_C": -0.06760968417086005, "Pos_3_A": -0.06004702753591868, "Pos_1_G": -0.1035101230288962, "Pos_1_T": 0.0926781841836082, "Pos_3_C": 0.09482533992267553, "AtoG": 0.169916720484705, "AtoT": 0.50096821632393, "GtoT": 0.10566417645639092, "TtoC": 0.17998104254949213, "GC_feature": -0.06843254413848972, "Pos_0_G": -0.013638819460650764, "Pos_5_T": -0.018161304924381415, "Pos_1_C": -0.03007368491363739, "CtoT": -0.29315500241402087, "TtoA": 0.5649316856409675, "Pos_4_T": 0.049677382880970095, "CtoA": 0.06717247996623123, "CtoG": -1.1741329547624246, "GtoC": -1.108100498639196, "Pos_3_T": 0.025833623614820857, "Pos_4_C": -0.01604189477177732, "Pos_2_A": -0.009453786433799348, "Pos_5_A": 0.034493720118186515, "Pos_4_G": 0.01233762533239271, "Pos_1_A": -0.0036608218438510553, "Pos_5_C": -0.07377023228751269, "Pos_3_G": -0.23072097054317908, "Pos_2_C": -0.1728740225770129, "Pos_4_A": -0.04956678782964456, "TtoG": 0.061822570511309065, "Pos_5_G": -0.0968255213423372, "Pos_0_T": 0.1152478915168622, "AtoC": -0.027856416979612136}