{"params": {"2": {"alpha": 1.0}, "0": {"alpha": 0.01}, "3": {"alpha": 2.0}, "4": {"alpha": 3.0}, "1": {"alpha": 0.1}}, "split0_test_score": {"2": 0.7738408934, "0": 0.7744839701, "3": 0.7728370663, "4": 0.7716293368, "1": 0.7745310245}, "best_a_choice": 0.1, "param_alpha": {"2": 1.0, "0": 0.01, "3": 2.0, "4": 3.0, "1": 0.1}, "rank_test_score": {"2": 3, "0": 2, "3": 4, "4": 5, "1": 1}}