{"param_alpha": {"3": 2.0, "4": 3.0, "1": 0.1, "2": 1.0, "0": 0.01}, "params": {"3": {"alpha": 2.0}, "4": {"alpha": 3.0}, "1": {"alpha": 0.1}, "2": {"alpha": 1.0}, "0": {"alpha": 0.01}}, "best_a_choice": 0.01, "rank_test_score": {"3": 4, "4": 5, "1": 2, "2": 3, "0": 1}, "split0_test_score": {"3": 0.6952547893, "4": 0.694913555, "1": 0.6991060361, "2": 0.695997959, "0": 0.7013209404}}