{"best_a_choice": 1.0, "param_alpha": {"2": 1.0, "1": 0.1, "3": 2.0, "0": 0.01, "4": 3.0}, "split0_test_score": {"2": 0.7378445736, "1": 0.7376693164, "3": 0.7378445736, "0": 0.7376693164, "4": 0.7378445736}, "params": {"2": {"alpha": 1.0}, "1": {"alpha": 0.1}, "3": {"alpha": 2.0}, "0": {"alpha": 0.01}, "4": {"alpha": 3.0}}, "rank_test_score": {"2": 1, "1": 4, "3": 1, "0": 4, "4": 1}}