{"split0_test_score": {"4": 0.7677395069, "2": 0.7704216074, "1": 0.7715665977, "3": 0.7691668235, "0": 0.7715038585}, "param_alpha": {"4": 3.0, "2": 1.0, "1": 0.1, "3": 2.0, "0": 0.01}, "best_a_choice": 0.1, "rank_test_score": {"4": 5, "2": 3, "1": 1, "3": 4, "0": 2}, "params": {"4": {"alpha": 3.0}, "2": {"alpha": 1.0}, "1": {"alpha": 0.1}, "3": {"alpha": 2.0}, "0": {"alpha": 0.01}}}