{"CtoA": 0.0309536982264394, "TtoC": 0.31829326836367644, "GtoC": -1.337107070843909, "TtoA": 0.9275636956831824, "CtoT": -0.21692517138009476, "GtoT": 0.4560325124735984, "AtoG": 0.407313297306604, "AtoT": 1.3101372350925413, "AtoC": -0.24374530560847185, "TtoG": 0.19689192203052072, "GtoA": -0.28729125671858624, "CtoG": -1.160732239340445}