{"best_a_choice": 0.01, "split0_test_score": {"2": 0.6900915506, "0": 0.6958058364, "4": 0.6880469197, "1": 0.6935361434, "3": 0.6888937631}, "params": {"2": {"alpha": 1.0}, "0": {"alpha": 0.01}, "4": {"alpha": 3.0}, "1": {"alpha": 0.1}, "3": {"alpha": 2.0}}, "param_alpha": {"2": 1.0, "0": 0.01, "4": 3.0, "1": 0.1, "3": 2.0}, "rank_test_score": {"2": 3, "0": 1, "4": 5, "1": 2, "3": 4}}