{"params": {"3": {"alpha": 2.0}, "4": {"alpha": 3.0}, "2": {"alpha": 1.0}, "1": {"alpha": 0.1}, "0": {"alpha": 0.01}}, "param_alpha": {"3": 2.0, "4": 3.0, "2": 1.0, "1": 0.1, "0": 0.01}, "best_a_choice": 0.01, "split0_test_score": {"3": 0.7015047854, "4": 0.6998998082, "2": 0.7039828624, "1": 0.7100563937, "0": 0.7126938234}, "rank_test_score": {"3": 4, "4": 5, "2": 3, "1": 2, "0": 1}}