{"AtoC": 0.3223846427176664, "Pos_0_T": 0.0, "CtoG": -3.2667703574073674, "Pos_1_A": -0.010078522517016202, "TtoA": 1.5093721588958489, "Pos_0_A": 0.01638288318334355, "Pos_1_C": 0.20713944024909953, "Pos_1_T": 0.10675387022587599, "GtoA": 0.12912012358787595, "TtoG": 0.9489238127859336, "Pos_0_C": -0.15670479037839477, "Pos_1_G": -0.18502393278352397, "CtoA": 0.8380744453475013, "AtoT": 1.4725573987853757, "Pos_0_G": 0.28245832573975044, "AtoG": 0.7082855948427226, "TtoC": 0.7075615738895337, "GtoT": 0.9531078168211413, "CtoT": 0.1061502797712447, "GtoC": -3.384374163984291}