{"param_alpha": {"4": 3.0, "0": 0.01, "3": 2.0, "2": 1.0, "1": 0.1}, "rank_test_score": {"4": 5, "0": 1, "3": 4, "2": 3, "1": 2}, "split0_test_score": {"4": 0.6685589476, "0": 0.6716358374, "3": 0.6687167095, "2": 0.6690870012, "1": 0.6704488197}, "best_a_choice": 0.01, "params": {"4": {"alpha": 3.0}, "0": {"alpha": 0.01}, "3": {"alpha": 2.0}, "2": {"alpha": 1.0}, "1": {"alpha": 0.1}}}