{"param_alpha": {"0": 0.01, "1": 0.1, "2": 1.0, "3": 2.0, "4": 3.0}, "params": {"0": {"alpha": 0.01}, "1": {"alpha": 0.1}, "2": {"alpha": 1.0}, "3": {"alpha": 2.0}, "4": {"alpha": 3.0}}, "rank_test_score": {"0": 5, "1": 4, "2": 3, "3": 2, "4": 1}, "best_a_choice": 3.0, "split0_test_score": {"0": 0.6341033788, "1": 0.6409617458, "2": 0.6467385185, "3": 0.6483902518, "4": 0.6490453153}}