{"Pos_3_G": 0.0, "Pos_1_T": -0.04630360146696777, "Pos_3_T": 0.10177534696181718, "Pos_2_G": -0.13995069145556338, "GC_feature": 0.0, "AtoC": -0.000393591552292617, "AtoT": 0.378551716602863, "Pos_0_G": 0.0, "GtoC": -0.25580148433566924, "Pos_1_G": 0.12081362127670617, "Pos_0_A": 0.0, "Pos_1_A": 0.0, "TtoA": 0.37204592308839446, "TtoC": 0.10187820425457464, "CtoG": -0.2592632447169374, "TtoG": 0.0, "Pos_3_C": 0.0, "AtoG": 0.019991826205616795, "Pos_0_T": 0.027892688243444402, "CtoA": 0.0, "Pos_1_C": -0.11161807205749481, "GtoT": 0.0, "Pos_0_C": -0.021076668422455105, "Pos_2_A": 0.005913205575092188, "Pos_3_A": 0.0, "CtoT": -0.4475771659114372, "Pos_2_C": 0.11015345609730758, "Pos_2_T": 0.0, "GtoA": -0.38720392072086396}