{"split0_test_score": {"4": 0.7030728042, "3": 0.7034746786, "2": 0.7042793786, "1": 0.7071460186, "0": 0.7090798083}, "best_a_choice": 0.01, "params": {"4": {"alpha": 3.0}, "3": {"alpha": 2.0}, "2": {"alpha": 1.0}, "1": {"alpha": 0.1}, "0": {"alpha": 0.01}}, "rank_test_score": {"4": 5, "3": 4, "2": 3, "1": 2, "0": 1}, "param_alpha": {"4": 3.0, "3": 2.0, "2": 1.0, "1": 0.1, "0": 0.01}}