{"Pos_2_G": -0.25429215156099744, "Pos_0_A": 0.0, "TtoA": 0.3673352753301244, "Pos_3_C": 0.048476600596548035, "TtoC": 0.05003090577026556, "Pos_0_T": 0.13330467080489375, "Pos_1_T": 0.0, "Pos_2_A": 0.0, "Pos_2_T": 0.0, "TtoG": -0.0641121581593256, "AtoG": 0.0941854991615561, "AtoC": 0.0, "CtoG": -0.29606242601689386, "Pos_0_G": -0.0128607588325697, "CtoT": -0.3511249104569363, "AtoT": 0.47854870398658905, "Pos_3_G": -0.05204239862796068, "Pos_1_A": 0.0, "GtoC": -0.23262253994709933, "Pos_1_C": -0.09327405190938859, "Pos_0_C": 0.015052347828917644, "Pos_3_A": 0.0, "Pos_3_T": 0.0, "GtoA": -0.38238155290002657, "Pos_2_C": 0.0, "CtoA": 0.0, "GC_feature": -0.09668321606915234, "GtoT": 0.0, "Pos_1_G": 0.23395363708563474}