{"GtoC": -1.038699019230544, "CtoT": -0.3592135513000967, "TtoC": 0.053126869538744056, "CtoG": -1.1975104986146325, "TtoG": 0.04906756290411746, "GtoA": -0.37850796137227705, "GC_feature": -0.12113822483792638, "TtoA": 0.45692499802080144, "AtoC": -0.0759441182379994, "AtoG": 0.07218693483506619, "CtoA": -0.014618983116440675, "AtoT": 0.4220302518491395, "GtoT": 0.07092263778709762}