{"split0_test_score": {"2": 0.6978402033, "0": 0.7141210239, "3": 0.694907146, "1": 0.7080823766, "4": 0.6935582533}, "best_a_choice": 0.01, "rank_test_score": {"2": 3, "0": 1, "3": 4, "1": 2, "4": 5}, "param_alpha": {"2": 1.0, "0": 0.01, "3": 2.0, "1": 0.1, "4": 3.0}, "params": {"2": {"alpha": 1.0}, "0": {"alpha": 0.01}, "3": {"alpha": 2.0}, "1": {"alpha": 0.1}, "4": {"alpha": 3.0}}}