{"params": {"1": {"alpha": 0.1}, "3": {"alpha": 2.0}, "0": {"alpha": 0.01}, "4": {"alpha": 3.0}, "2": {"alpha": 1.0}}, "rank_test_score": {"1": 2, "3": 4, "0": 1, "4": 5, "2": 3}, "best_a_choice": 0.01, "param_alpha": {"1": 0.1, "3": 2.0, "0": 0.01, "4": 3.0, "2": 1.0}, "split0_test_score": {"1": 0.7754109236, "3": 0.7753678104, "0": 0.7754121129, "4": 0.7753250541, "2": 0.7753936783}}