{"params": {"1": {"alpha": 0.1}, "0": {"alpha": 0.01}, "4": {"alpha": 3.0}, "3": {"alpha": 2.0}, "2": {"alpha": 1.0}}, "best_a_choice": 3.0, "param_alpha": {"1": 0.1, "0": 0.01, "4": 3.0, "3": 2.0, "2": 1.0}, "split0_test_score": {"1": 0.6940205989, "0": 0.687104711, "4": 0.7039805455, "3": 0.7023822239, "2": 0.7002269693}, "rank_test_score": {"1": 4, "0": 5, "4": 1, "3": 2, "2": 3}}