{"param_alpha": {"1": 0.1, "2": 1.0, "3": 2.0, "4": 3.0, "0": 0.01}, "best_a_choice": 3.0, "rank_test_score": {"1": 4, "2": 3, "3": 2, "4": 1, "0": 5}, "params": {"1": {"alpha": 0.1}, "2": {"alpha": 1.0}, "3": {"alpha": 2.0}, "4": {"alpha": 3.0}, "0": {"alpha": 0.01}}, "split0_test_score": {"1": 0.6734508973, "2": 0.6741416597, "3": 0.6745641689, "4": 0.6750024961, "0": 0.6730128377}}