{"CtoA": 0.026167454015396666, "TtoG": 0.0, "AtoG": 0.006170453626290243, "Pos_0_G": 0.11931037120855238, "Pos_1_C": 0.0, "Pos_0:Pos_1_GT": 0.06157048010070462, "Pos_0_C": -0.12426872595378892, "Pos_0:Pos_1_AC": 0.01958558383117361, "Pos_0:Pos_1_AT": -0.10359502807676198, "Pos_0:Pos_1_CA": 0.0, "GtoT": -0.006898393437545159, "Pos_0_T": 0.0, "Pos_0:Pos_1_CC": 0.0, "Pos_0:Pos_1_GG": 0.0, "GtoA": -0.4590958691609305, "Pos_0:Pos_1_AA": 0.0, "Pos_1_A": -0.011089042091013773, "Pos_0:Pos_1_TG": 0.0, "TtoA": 0.4851806167251904, "Pos_0:Pos_1_GC": 0.16898201812503943, "Pos_0_A": 0.0, "Pos_1_T": 0.11226047302107628, "TtoC": 0.0, "Pos_0:Pos_1_GA": 0.0, "AtoC": -0.05358725935136345, "CtoG": -0.5276555824575198, "Pos_0:Pos_1_TA": -0.14098828771686717, "Pos_0:Pos_1_CT": 0.0, "AtoT": 0.46071650198311037, "GC_feature": -0.11534051426637716, "Pos_0:Pos_1_TC": 0.0, "Pos_1_G": -0.13080839264876098, "Pos_0:Pos_1_CG": -0.06907667619637797, "GtoC": -0.5048669184572635, "Pos_0:Pos_1_TT": 0.02016188637181325, "CtoT": -0.3856487208003571, "Pos_0:Pos_1_AG": -0.048942539028717306}