{"params": {"0": {"penalty": "l1", "C": 0.1}, "2": {"penalty": "l1", "C": 10.0}, "3": {"penalty": "l1", "C": 100.0}, "1": {"penalty": "l1", "C": 1.0}}, "param_C": {"0": 0.1, "2": 10.0, "3": 100.0, "1": 1.0}, "best_c_choice": 0.1, "rank_test_score": {"0": 1, "2": 3, "3": 4, "1": 2}, "param_penalty": {"0": "l1", "2": "l1", "3": "l1", "1": "l1"}, "split0_test_score": {"0": 0.7716056451, "2": 0.771145717, "3": 0.7711419002, "1": 0.7712210994}}