{"AtoG": 0.0, "TtoC": 0.005947970222603503, "Pos_1_A": 0.0, "GtoT": 0.06163546891885382, "Pos_2_T": 0.0, "Pos_2_G": -0.27507085356838995, "Pos_3_T": 0.0, "Pos_0_A": 0.0, "GC_feature": -0.07547723145725575, "Pos_2_A": -0.052651923171527615, "Pos_3_C": 0.009515323013680943, "GtoC": -0.3364071146282839, "CtoG": -0.3759171517913802, "Pos_0_T": 0.09945226801136817, "Pos_0_G": 0.0, "TtoA": 0.48224053462538985, "Pos_3_G": 0.0, "AtoC": -0.18276306972126496, "Pos_1_T": 0.0, "Pos_3_A": -0.07960114842775168, "Pos_2_C": 0.07439648380415433, "GtoA": -0.3807352792178028, "CtoT": -0.4255904261527737, "Pos_1_C": -0.10780156265047124, "Pos_1_G": 0.1973222173074399, "CtoA": 0.0, "Pos_0_C": -0.008030385848639172, "AtoT": 0.4007471008336313, "TtoG": 0.00635974359905481}