{"GtoC": -1.2143839420063942, "TtoC": 0.0001435195555260567, "GC_feature": -0.16289451161313506, "AtoG": 0.007650659465881159, "AtoT": 0.40167571006745983, "GtoT": 0.002117076705445615, "GtoA": -0.47851463588329785, "TtoG": -0.03148901760316491, "CtoA": -0.03543928258038363, "AtoC": -0.08896425110465203, "CtoG": -1.21925015032296, "TtoA": 0.39357081864669113, "CtoT": -0.49342638379198683}