{"AtoT": 0.43195800486739705, "GtoC": -0.8312059380791672, "CtoT": -0.43548538009006915, "GtoT": 0.008248997288099491, "TtoG": 0.0011210119076609372, "GtoA": -0.45888086561160696, "CtoG": -0.8757337699821569, "TtoC": 0.0, "AtoC": -0.09208067036698862, "AtoG": 0.02155048070549407, "CtoA": -0.045880552569208005, "TtoA": 0.38519112254753624, "GC_feature": -0.11514544132466685}