{"GtoC": -1.1612268116229916, "GtoT": 0.1266800118336217, "AtoT": 1.3298320735211322, "CtoA": 0.20771247949628038, "TtoC": 0.3454307635981174, "TtoA": 0.9100756902314614, "AtoG": 0.4482654495439972, "CtoG": -1.2997460757717723, "TtoG": -0.033003477531165684, "CtoT": -0.30049548177026597, "AtoC": 0.19940365396304235, "GtoA": -0.3736707396573658}