{"pos1": {"df": 3, "stats": "{\"group\":{\"0\":\"1\",\"1\":\"1\",\"2\":\"1\",\"3\":\"1\",\"4\":\"1\",\"5\":\"1\",\"6\":\"1\",\"7\":\"1\",\"8\":\"2\",\"9\":\"2\",\"10\":\"2\",\"11\":\"2\",\"12\":\"2\",\"13\":\"2\",\"14\":\"2\",\"15\":\"2\"},\"mut\":{\"0\":\"M\",\"1\":\"M\",\"2\":\"M\",\"3\":\"M\",\"4\":\"R\",\"5\":\"R\",\"6\":\"R\",\"7\":\"R\",\"8\":\"M\",\"9\":\"M\",\"10\":\"M\",\"11\":\"M\",\"12\":\"R\",\"13\":\"R\",\"14\":\"R\",\"15\":\"R\"},\"base\":{\"0\":\"A\",\"1\":\"C\",\"2\":\"G\",\"3\":\"T\",\"4\":\"A\",\"5\":\"C\",\"6\":\"G\",\"7\":\"T\",\"8\":\"A\",\"9\":\"C\",\"10\":\"G\",\"11\":\"T\",\"12\":\"A\",\"13\":\"C\",\"14\":\"G\",\"15\":\"T\"},\"count\":{\"0\":18981,\"1\":17963,\"2\":15684,\"3\":13876,\"4\":15133,\"5\":19158,\"6\":15203,\"7\":17010,\"8\":307,\"9\":286,\"10\":260,\"11\":238,\"12\":246,\"13\":307,\"14\":234,\"15\":304},\"fitted\":{\"0\":18979.8225566216,\"1\":17961.5174923499,\"2\":15692.5571997052,\"3\":13870.1027513237,\"4\":15134.1774433786,\"5\":19159.4825076502,\"6\":15194.4428002949,\"7\":17015.8972486764,\"8\":308.1774433786,\"9\":287.4825076502,\"10\":251.4428002949,\"11\":243.8972486764,\"12\":244.8225566214,\"13\":305.5174923498,\"14\":242.5571997051,\"15\":298.1027513236},\"ret\":{\"0\":0.0000087098,\"1\":0.0000109666,\"2\":-0.0000632803,\"3\":0.0000436312,\"4\":-0.0000087092,\"5\":-0.0000109657,\"6\":0.0000633154,\"7\":-0.0000436144,\"8\":-0.0000086929,\"9\":-0.0000109378,\"10\":0.0000643626,\"11\":-0.0000430903,\"12\":0.0000087305,\"13\":0.0000109927,\"14\":-0.0000621677,\"15\":0.0000440506}}", "formula": "count ~ group * mut * base - group : mut : base", "prob": 0.8272204453488169, "deviance": 0.8925700568500838, "rel_entropy": 3.3011689357573926e-06}, "pos2": {"df": 3, "stats": "{\"group\":{\"0\":\"1\",\"1\":\"1\",\"2\":\"1\",\"3\":\"1\",\"4\":\"1\",\"5\":\"1\",\"6\":\"1\",\"7\":\"1\",\"8\":\"2\",\"9\":\"2\",\"10\":\"2\",\"11\":\"2\",\"12\":\"2\",\"13\":\"2\",\"14\":\"2\",\"15\":\"2\"},\"mut\":{\"0\":\"M\",\"1\":\"M\",\"2\":\"M\",\"3\":\"M\",\"4\":\"R\",\"5\":\"R\",\"6\":\"R\",\"7\":\"R\",\"8\":\"M\",\"9\":\"M\",\"10\":\"M\",\"11\":\"M\",\"12\":\"R\",\"13\":\"R\",\"14\":\"R\",\"15\":\"R\"},\"base\":{\"0\":\"A\",\"1\":\"C\",\"2\":\"G\",\"3\":\"T\",\"4\":\"A\",\"5\":\"C\",\"6\":\"G\",\"7\":\"T\",\"8\":\"A\",\"9\":\"C\",\"10\":\"G\",\"11\":\"T\",\"12\":\"A\",\"13\":\"C\",\"14\":\"G\",\"15\":\"T\"},\"count\":{\"0\":12603,\"1\":15255,\"2\":24441,\"3\":14205,\"4\":21415,\"5\":19116,\"6\":7155,\"7\":18818,\"8\":242,\"9\":281,\"10\":274,\"11\":294,\"12\":377,\"13\":301,\"14\":88,\"15\":325},\"fitted\":{\"0\":12599.2310662445,\"1\":15261.2864629374,\"2\":24428.1804647198,\"3\":14215.3020060981,\"4\":21418.7689337553,\"5\":19109.7135370626,\"6\":7167.8195352802,\"7\":18807.6979939018,\"8\":245.7689337554,\"9\":274.7135370627,\"10\":286.8195352864,\"11\":283.6979939018,\"12\":373.2310662447,\"13\":307.2864629374,\"14\":75.180464722,\"15\":335.3020060983},\"ret\":{\"0\":0.000027883,\"1\":-0.0000464914,\"2\":0.0000948509,\"3\":-0.0000761763,\"4\":-0.0000278763,\"5\":0.0000465086,\"6\":-0.0000947412,\"7\":0.0000762248,\"8\":-0.0000276639,\"9\":0.000047029,\"10\":-0.0000926746,\"11\":0.0000775711,\"12\":0.0000280191,\"13\":-0.000046022,\"14\":0.0001024868,\"15\":-0.0000750211}}", "formula": "count ~ group * mut * base - group : mut : base", "prob": 0.2885714061589022, "deviance": 3.7600152809096654, "rel_entropy": 1.3906410536687867e-05}, "pos0": {"df": 3, "stats": "{\"group\":{\"0\":\"1\",\"1\":\"1\",\"2\":\"1\",\"3\":\"1\",\"4\":\"1\",\"5\":\"1\",\"6\":\"1\",\"7\":\"1\",\"8\":\"2\",\"9\":\"2\",\"10\":\"2\",\"11\":\"2\",\"12\":\"2\",\"13\":\"2\",\"14\":\"2\",\"15\":\"2\"},\"mut\":{\"0\":\"M\",\"1\":\"M\",\"2\":\"M\",\"3\":\"M\",\"4\":\"R\",\"5\":\"R\",\"6\":\"R\",\"7\":\"R\",\"8\":\"M\",\"9\":\"M\",\"10\":\"M\",\"11\":\"M\",\"12\":\"R\",\"13\":\"R\",\"14\":\"R\",\"15\":\"R\"},\"base\":{\"0\":\"A\",\"1\":\"C\",\"2\":\"G\",\"3\":\"T\",\"4\":\"A\",\"5\":\"C\",\"6\":\"G\",\"7\":\"T\",\"8\":\"A\",\"9\":\"C\",\"10\":\"G\",\"11\":\"T\",\"12\":\"A\",\"13\":\"C\",\"14\":\"G\",\"15\":\"T\"},\"count\":{\"0\":17580,\"1\":14860,\"2\":18108,\"3\":15956,\"4\":16234,\"5\":15518,\"6\":18267,\"7\":16485,\"8\":291,\"9\":240,\"10\":293,\"11\":267,\"12\":282,\"13\":230,\"14\":282,\"15\":297},\"fitted\":{\"0\":17573.3221190719,\"1\":14870.028141907,\"2\":18114.7637282927,\"3\":15945.8860107286,\"4\":16240.6778809282,\"5\":15507.971858093,\"6\":18260.2362717074,\"7\":16495.1139892715,\"8\":297.6778809282,\"9\":229.971858093,\"10\":286.2362717074,\"11\":277.1139892714,\"12\":275.3221190718,\"13\":240.028141907,\"14\":288.7637282926,\"15\":286.8860107286},\"ret\":{\"0\":0.0000494056,\"1\":-0.0000741531,\"2\":-0.0000500219,\"3\":0.0000748369,\"4\":-0.0000493861,\"5\":0.0000742021,\"6\":0.0000500405,\"7\":-0.0000747902,\"8\":-0.000048838,\"9\":0.0000757724,\"10\":0.0000506178,\"11\":-0.000073431,\"12\":0.0000499905,\"13\":-0.0000726065,\"14\":-0.0000494407,\"15\":0.0000761167}}", "formula": "count ~ group * mut * base - group : mut : base", "prob": 0.5225166176009952, "deviance": 2.248201835965416, "rel_entropy": 8.314970914880597e-06}, "pos3": {"df": 3, "stats": "{\"group\":{\"0\":\"1\",\"1\":\"1\",\"2\":\"1\",\"3\":\"1\",\"4\":\"1\",\"5\":\"1\",\"6\":\"1\",\"7\":\"1\",\"8\":\"2\",\"9\":\"2\",\"10\":\"2\",\"11\":\"2\",\"12\":\"2\",\"13\":\"2\",\"14\":\"2\",\"15\":\"2\"},\"mut\":{\"0\":\"M\",\"1\":\"M\",\"2\":\"M\",\"3\":\"M\",\"4\":\"R\",\"5\":\"R\",\"6\":\"R\",\"7\":\"R\",\"8\":\"M\",\"9\":\"M\",\"10\":\"M\",\"11\":\"M\",\"12\":\"R\",\"13\":\"R\",\"14\":\"R\",\"15\":\"R\"},\"base\":{\"0\":\"A\",\"1\":\"C\",\"2\":\"G\",\"3\":\"T\",\"4\":\"A\",\"5\":\"C\",\"6\":\"G\",\"7\":\"T\",\"8\":\"A\",\"9\":\"C\",\"10\":\"G\",\"11\":\"T\",\"12\":\"A\",\"13\":\"C\",\"14\":\"G\",\"15\":\"T\"},\"count\":{\"0\":15915,\"1\":16319,\"2\":17301,\"3\":16969,\"4\":15671,\"5\":16130,\"6\":16475,\"7\":18228,\"8\":268,\"9\":253,\"10\":278,\"11\":292,\"12\":277,\"13\":239,\"14\":256,\"15\":319},\"fitted\":{\"0\":15908.2913687502,\"1\":16324.2889626237,\"2\":17305.1894284287,\"3\":16966.2302401977,\"4\":15677.70863125,\"5\":16124.7110373764,\"6\":16470.8105715714,\"7\":18230.7697598024,\"8\":274.7086312499,\"9\":247.7110373764,\"10\":273.8105715714,\"11\":294.7697598024,\"12\":270.2913687501,\"13\":244.2889626236,\"14\":260.1894284286,\"15\":316.2302401976},\"ret\":{\"0\":0.0000496342,\"1\":-0.0000391161,\"2\":-0.0000309854,\"3\":0.0000204896,\"4\":-0.0000496131,\"5\":0.0000391289,\"6\":0.0000309931,\"7\":-0.0000204863,\"8\":-0.0000490128,\"9\":0.0000395372,\"10\":0.0000312251,\"11\":-0.0000203913,\"12\":0.0000502345,\"13\":-0.0000386958,\"14\":-0.0000307384,\"15\":0.0000205774}}", "formula": "count ~ group * mut * base - group : mut : base", "prob": 0.860958202077364, "deviance": 0.7517974590004206, "rel_entropy": 2.780521706488722e-06}}