{"Pos_1_C": 0.3811855825549757, "Pos_0_T": 0.041828853606039246, "TtoC": 0.4243891944544172, "GtoA": -0.20281089600920707, "Pos_0:Pos_1_AC": 0.12849915562569753, "CtoA": 0.2354153196583371, "Pos_0:Pos_1_TG": 0.1724516449304152, "Pos_0:Pos_1_TC": 0.033387924112587015, "Pos_0_C": -0.06390071674473471, "Pos_1_A": 0.0, "Pos_0:Pos_1_GC": 0.008650866046708578, "Pos_0_G": 0.32571299156382216, "Pos_0:Pos_1_GG": 0.010063213815094696, "CtoG": -2.789024093192681, "TtoG": 0.489895533308905, "Pos_0:Pos_1_AT": 0.0, "Pos_1_T": 0.3833221968278313, "Pos_0:Pos_1_CC": 0.0, "Pos_0:Pos_1_TT": 0.006215731725808701, "AtoT": 1.163451802397708, "AtoG": 0.554136939088404, "Pos_0_A": 0.0, "GtoC": -2.643140600837931, "CtoT": -0.10445690033985368, "Pos_0:Pos_1_CA": 0.16978745782199842, "Pos_1_G": -0.05647418155057833, "AtoC": 0.24971917201105218, "GtoT": 0.6271674247560155, "Pos_0:Pos_1_GT": 0.0, "TtoA": 1.401294184043319, "Pos_0:Pos_1_CT": 0.09294007141959311, "Pos_0:Pos_1_AG": 0.0, "Pos_0:Pos_1_TA": 0.0, "Pos_0:Pos_1_CG": -0.07203896790444106, "Pos_0:Pos_1_AA": 0.34807144951263624, "Pos_0:Pos_1_GA": 0.0}