{"split0_test_score": {"3": 0.7715563609, "2": 0.7720102994, "0": 0.757692161, "1": 0.7715678047}, "param_C": {"3": 100.0, "2": 10.0, "0": 0.1, "1": 1.0}, "best_c_choice": 10.0, "params": {"3": {"C": 100.0, "penalty": "l1"}, "2": {"C": 10.0, "penalty": "l1"}, "0": {"C": 0.1, "penalty": "l1"}, "1": {"C": 1.0, "penalty": "l1"}}, "rank_test_score": {"3": 3, "2": 1, "0": 4, "1": 2}, "param_penalty": {"3": "l1", "2": "l1", "0": "l1", "1": "l1"}}