{"Pos_2:Pos_3_CA": 0.16390986819502174, "TtoC": 0.07123615474893798, "Pos_1:Pos_3_CT": 0.0, "Pos_2:Pos_3_TA": 0.006723110331125194, "Pos_1:Pos_3_AC": 0.0, "Pos_0:Pos_3_CG": 0.0, "Pos_0:Pos_2_CG": 0.01948756488687907, "Pos_1:Pos_2_CG": -0.07218430736840192, "Pos_3_A": 0.0, "Pos_1:Pos_3_TA": 0.0, "Pos_2:Pos_3_CC": 0.0, "Pos_0_A": 0.0, "Pos_0:Pos_1_TG": 0.10441632927672662, "Pos_1:Pos_2_AG": 0.0, "Pos_1:Pos_3_TG": 0.0, "Pos_0:Pos_1_GG": 0.0, "Pos_1:Pos_2_AC": 0.04598147605166391, "Pos_0:Pos_2_GT": 0.0, "AtoC": 0.0, "Pos_0:Pos_3_AA": 0.0, "Pos_0_T": 0.0250269539179707, "Pos_0:Pos_2_TA": 0.16932955679351808, "Pos_1:Pos_2_GT": 0.030881377926499667, "Pos_0:Pos_1_CG": -0.2963358733910529, "Pos_0:Pos_1_CC": 0.014629641447346648, "Pos_0:Pos_2_TC": 0.0, "Pos_0:Pos_2_TT": 0.028442535623812732, "Pos_3_T": 0.005954158123255762, "TtoG": 0.004451646712617491, "Pos_2:Pos_3_GT": 0.0, "Pos_0:Pos_3_GG": 0.0, "AtoG": 0.09985786137959891, "Pos_2_A": 0.0, "Pos_1:Pos_2_GG": 0.0, "Pos_1:Pos_2_TA": -0.2401393333144551, "Pos_1:Pos_3_CG": 0.0, "Pos_0:Pos_1_TC": 0.0, "Pos_2_G": -0.025024832326073346, "Pos_1_G": 0.17528887256761624, "Pos_0:Pos_1_AG": 0.14180941034073882, "Pos_0:Pos_3_TC": 0.20724235981242237, "Pos_0:Pos_3_TT": 0.03630559841888224, "Pos_1:Pos_2_TT": 0.0394604221588508, "Pos_0:Pos_1_GC": 0.0, "Pos_2_C": 0.06660287530037226, "Pos_2:Pos_3_GC": 0.0, "Pos_1:Pos_3_GA": 0.0, "Pos_1:Pos_3_AG": 0.0, "Pos_1:Pos_3_GC": 0.017556226437457738, "Pos_1:Pos_3_CC": 0.0, "Pos_0:Pos_3_GT": 0.0, "Pos_0:Pos_2_AA": 0.1021256360683962, "Pos_0:Pos_3_AT": 0.0, "Pos_1_C": -0.09974978853779704, "Pos_2:Pos_3_AA": -0.04473742622528725, "Pos_0:Pos_2_CT": 0.0, "Pos_0:Pos_3_AG": 0.0, "Pos_1:Pos_2_GA": 0.0, "Pos_0:Pos_1_CA": 0.0, "Pos_1_A": 0.0, "GtoT": 0.0, "Pos_1:Pos_2_TG": 0.0, "Pos_0:Pos_1_AC": -0.04195765583571468, "Pos_0:Pos_2_AG": -0.03482434012135788, "Pos_1:Pos_3_GG": 0.0, "CtoA": 0.15203309725923553, "Pos_0:Pos_1_AT": 0.0488340790899258, "Pos_1:Pos_3_AA": 0.0, "TtoA": 0.9827752577096424, "Pos_1:Pos_3_AT": 0.004925949297933632, "GtoA": -0.5186795704868276, "GtoC": -1.1384637555936017, "Pos_0:Pos_3_AC": 0.0, "Pos_0:Pos_3_CA": 0.0, "Pos_0:Pos_1_TA": 0.0, "Pos_0:Pos_2_AC": 0.0, "Pos_2:Pos_3_GA": -0.08469025433201645, "Pos_0_G": -0.08495699083961994, "Pos_2:Pos_3_AG": 0.1473230674404946, "Pos_0:Pos_2_CC": 0.0, "Pos_1_T": 0.0, "Pos_0_C": 0.0, "Pos_0:Pos_3_GC": 0.04135388051300981, "Pos_1:Pos_2_CA": 0.0, "Pos_2:Pos_3_CT": 0.1773599932617812, "Pos_2:Pos_3_AC": 0.0, "Pos_0:Pos_1_GT": -0.006680892900050796, "Pos_1:Pos_3_TC": 0.04984843595784894, "Pos_3_C": 0.0, "Pos_2:Pos_3_CG": 0.0, "Pos_2_T": 0.2811644609601285, "Pos_1:Pos_3_GT": 0.05651430761546579, "Pos_0:Pos_2_AT": 0.0, "Pos_1:Pos_3_CA": 0.0, "Pos_0:Pos_3_CC": 0.0, "Pos_0:Pos_1_CT": 0.0, "Pos_1:Pos_2_CT": 0.0, "Pos_2:Pos_3_AT": 0.0, "Pos_1:Pos_2_AA": 0.07978549467379809, "Pos_2:Pos_3_TG": -0.04027988425290391, "CtoG": -1.2374748298553357, "Pos_1:Pos_3_TT": 0.0, "Pos_0:Pos_2_GA": 0.0, "CtoT": -0.4523448288656004, "Pos_2:Pos_3_GG": 0.09558067043288761, "Pos_0:Pos_1_TT": 0.010269583057870074, "Pos_1:Pos_2_AT": -0.12573925440831812, "Pos_2:Pos_3_TT": 0.0, "Pos_1:Pos_2_TC": 0.0, "Pos_0:Pos_2_TG": -0.014875683817030722, "Pos_0:Pos_2_GG": 0.0, "Pos_1:Pos_2_CC": 0.0, "Pos_0:Pos_3_GA": 0.0, "Pos_0:Pos_3_TG": 0.0, "Pos_2:Pos_3_TC": 0.017892466515096035, "Pos_3_G": 0.0, "Pos_1:Pos_2_GC": 0.18318330116714387, "Pos_0:Pos_3_CT": 0.023372822925016776, "Pos_0:Pos_1_AA": 0.0, "Pos_0:Pos_2_CA": 0.0, "Pos_0:Pos_2_GC": 0.0, "AtoT": 0.9399337058851884, "Pos_0:Pos_1_GA": 0.0, "Pos_0:Pos_3_TA": 0.0}