{"param_penalty": {"3": "l1", "0": "l1", "2": "l1", "1": "l1"}, "params": {"3": {"penalty": "l1", "C": 100.0}, "0": {"penalty": "l1", "C": 0.1}, "2": {"penalty": "l1", "C": 10.0}, "1": {"penalty": "l1", "C": 1.0}}, "best_c_choice": 0.1, "rank_test_score": {"3": 4, "0": 1, "2": 3, "1": 2}, "param_C": {"3": 100.0, "0": 0.1, "2": 10.0, "1": 1.0}, "split0_test_score": {"3": 0.7656146528, "0": 0.7715021136, "2": 0.7657539671, "1": 0.7668827947}}