{"Pos_0:Pos_1_AA": 0.0, "Pos_0:Pos_1_AG": 0.0, "Pos_0:Pos_1_TC": 0.01614768390331434, "Pos_0:Pos_1_GG": 0.0, "GtoA": -0.40023373979666793, "AtoG": 0.0, "Pos_0:Pos_1_CG": -0.031165005648367716, "Pos_0:Pos_1_AT": 0.019054369336244107, "TtoG": 0.05940701177261515, "Pos_0:Pos_1_CA": -0.07859540996359847, "Pos_0:Pos_1_GA": 0.0, "GtoT": 0.08672706206013187, "Pos_1_T": 0.0, "CtoT": -0.43912518527513433, "Pos_0:Pos_1_TG": 0.028384804540495752, "Pos_0:Pos_1_CC": 0.0, "CtoG": -0.44560935967481186, "Pos_0:Pos_1_CT": 0.0, "Pos_1_G": -0.21390357237072563, "TtoC": 0.0, "Pos_1_C": 0.08490661952380511, "Pos_0:Pos_1_TT": -0.008251275135303335, "Pos_0_G": 0.20475098913017234, "CtoA": 0.045002661267311436, "Pos_0:Pos_1_AC": 0.0, "Pos_1_A": 0.0, "AtoT": 0.3777971871148533, "TtoA": 0.39665473043747884, "GtoC": -0.5052533386850778, "Pos_0_C": -0.08151202853132582, "GC_feature": -0.07018286796009995, "Pos_0:Pos_1_GC": 0.06071111789064037, "Pos_0:Pos_1_TA": -0.04922807457919801, "AtoC": -0.12611201279547754, "Pos_0_T": 0.0, "Pos_0_A": 0.0, "Pos_0:Pos_1_GT": 0.022638089782999932}