{"param_alpha": {"2": 1.0, "0": 0.01, "1": 0.1, "4": 3.0, "3": 2.0}, "split0_test_score": {"2": 0.65390748, "0": 0.6516584128, "1": 0.6531269382, "4": 0.6549494747, "3": 0.6544547181}, "rank_test_score": {"2": 3, "0": 5, "1": 4, "4": 1, "3": 2}, "best_a_choice": 3.0, "params": {"2": {"alpha": 1.0}, "0": {"alpha": 0.01}, "1": {"alpha": 0.1}, "4": {"alpha": 3.0}, "3": {"alpha": 2.0}}}