{"CtoT": -0.39094935620828675, "GtoC": -1.084812954700953, "Pos_4_G": 0.0, "TtoA": 1.0296029175601569, "CtoG": -1.1210984520565452, "CtoA": 0.1810292337586153, "Pos_2_G": 0.2904760965402319, "Pos_3_C": 0.17837154236745448, "Pos_2_A": 0.002917784855835505, "Pos_0_C": -0.028515388418104377, "Pos_1_A": 0.09447611754005054, "Pos_3_G": -0.1126208172445143, "Pos_5_A": 0.13232886883467213, "Pos_4_T": 0.05100491996302421, "Pos_4_C": 0.0, "Pos_1_C": 0.0, "Pos_2_C": -0.12244272908686354, "GtoA": -0.45926937868713935, "Pos_5_C": 0.0, "Pos_3_T": 0.2039862769399132, "Pos_4_A": -0.036798648597128454, "TtoC": 0.11773214317768195, "Pos_0_G": 0.0, "Pos_1_G": -0.0877102390457126, "Pos_5_G": -0.014623466221369511, "TtoG": 0.046018971871355424, "Pos_0_T": 0.21595265236968714, "Pos_0_A": 0.09291050886295626, "Pos_5_T": 0.08909268243331674, "Pos_1_T": 0.17852228618885102, "AtoC": 0.0, "AtoG": 0.14026473423913316, "AtoT": 0.9930367029970135, "Pos_3_A": 0.0, "GtoT": 0.03515284463530437, "Pos_2_T": 0.0}