{"param_C": {"0": 0.1, "3": 100.0, "2": 10.0, "1": 1.0}, "split0_test_score": {"0": 0.7759821181, "3": 0.7741605359, "2": 0.77419775, "1": 0.7743790494}, "params": {"0": {"penalty": "l1", "C": 0.1}, "3": {"penalty": "l1", "C": 100.0}, "2": {"penalty": "l1", "C": 10.0}, "1": {"penalty": "l1", "C": 1.0}}, "param_penalty": {"0": "l1", "3": "l1", "2": "l1", "1": "l1"}, "rank_test_score": {"0": 1, "3": 4, "2": 3, "1": 2}, "best_c_choice": 0.1}