{"params": {"2": {"alpha": 1.0}, "0": {"alpha": 0.01}, "4": {"alpha": 3.0}, "1": {"alpha": 0.1}, "3": {"alpha": 2.0}}, "split0_test_score": {"2": 0.6747727437, "0": 0.6689880387, "4": 0.6756334362, "1": 0.6722203324, "3": 0.6753337342}, "rank_test_score": {"2": 3, "0": 5, "4": 1, "1": 4, "3": 2}, "param_alpha": {"2": 1.0, "0": 0.01, "4": 3.0, "1": 0.1, "3": 2.0}, "best_a_choice": 3.0}