{"params": {"2": {"alpha": 1.0}, "0": {"alpha": 0.01}, "4": {"alpha": 3.0}, "1": {"alpha": 0.1}, "3": {"alpha": 2.0}}, "param_alpha": {"2": 1.0, "0": 0.01, "4": 3.0, "1": 0.1, "3": 2.0}, "rank_test_score": {"2": 3, "0": 4, "4": 1, "1": 5, "3": 2}, "split0_test_score": {"2": 0.6803986267, "0": 0.6799732977, "4": 0.6825691398, "1": 0.6799065421, "3": 0.6814781614}, "best_a_choice": 3.0}