{"Pos_3_G": 0.0, "CtoA": 0.0, "AtoC": -0.11444789963500093, "Pos_0_T": 0.010961170293664203, "Pos_2_A": -0.04884655378893499, "GtoA": -0.5271506016708285, "Pos_0_A": -0.025728192609473614, "Pos_2_G": -0.1805326398406505, "Pos_1_C": -0.03529077575546378, "Pos_1_T": 0.015093986419389372, "TtoG": 0.0, "GtoT": -0.003856558361390432, "Pos_2_T": 0.047388098851161235, "Pos_1_A": 0.0, "TtoC": 0.09315142549343303, "Pos_0_C": 0.0215391793819282, "Pos_0_G": 0.0, "Pos_3_A": 0.0, "TtoA": 0.34786196273577724, "AtoT": 0.26303430853364407, "Pos_1_G": 0.2727539541113707, "Pos_3_T": 0.0, "CtoT": -0.44199220422075564, "GC_feature": -0.09382085670930093, "Pos_2_C": 0.0, "Pos_3_C": 0.0, "CtoG": -0.3951066687793588, "AtoG": 0.0, "GtoC": -0.30282314109712466}