{"param_alpha": {"0": 0.01, "2": 1.0, "3": 2.0, "4": 3.0, "1": 0.1}, "best_a_choice": 0.01, "split0_test_score": {"0": 0.6697178207, "2": 0.6674200039, "3": 0.6673957387, "4": 0.6675054266, "1": 0.6684085641}, "rank_test_score": {"0": 1, "2": 4, "3": 5, "4": 3, "1": 2}, "params": {"0": {"alpha": 0.01}, "2": {"alpha": 1.0}, "3": {"alpha": 2.0}, "4": {"alpha": 3.0}, "1": {"alpha": 0.1}}}