{"split0_test_score": {"4": 0.7756771252, "3": 0.7756910998, "1": 0.7757345698, "0": 0.7757344509, "2": 0.7757274933}, "rank_test_score": {"4": 5, "3": 4, "1": 1, "0": 2, "2": 3}, "param_alpha": {"4": 3.0, "3": 2.0, "1": 0.1, "0": 0.01, "2": 1.0}, "best_a_choice": 0.1, "params": {"4": {"alpha": 3.0}, "3": {"alpha": 2.0}, "1": {"alpha": 0.1}, "0": {"alpha": 0.01}, "2": {"alpha": 1.0}}}