{"params": {"4": {"alpha": 3.0}, "1": {"alpha": 0.1}, "3": {"alpha": 2.0}, "2": {"alpha": 1.0}, "0": {"alpha": 0.01}}, "param_alpha": {"4": 3.0, "1": 0.1, "3": 2.0, "2": 1.0, "0": 0.01}, "rank_test_score": {"4": 5, "1": 2, "3": 4, "2": 3, "0": 1}, "best_a_choice": 0.01, "split0_test_score": {"4": 0.7016798025, "1": 0.7059650148, "3": 0.7022148222, "2": 0.7031299515, "0": 0.7075225008}}