{"CtoA": 0.05861675915689957, "GC_feature": -0.1628945032270848, "TtoG": 0.034832497184843936, "CtoG": -1.1740928586747945, "AtoG": 0.17926582984430833, "TtoC": 0.1723557977549898, "TtoA": 0.5122725740506555, "CtoT": -0.32207068919682214, "GtoT": 0.08648572960585756, "GtoA": -0.3144390187361666, "AtoT": 0.5223495342328015, "AtoC": -0.01198150865950308, "GtoC": -1.1722830790542718}