{"Pos_2_C": 0.04879451594146641, "CtoG": -0.6142208664182185, "Pos_0_C": 0.0, "Pos_3_A": -0.06726731610921355, "Pos_3_C": 0.014509021728289282, "Pos_0_T": 0.11585565032818605, "Pos_1_T": 0.0006440149987263268, "AtoC": -0.11801636237576789, "Pos_2_A": -0.0672715370129139, "TtoG": 0.0013120024708682253, "GC_feature": -0.1326085938413458, "TtoC": 0.019333339934890132, "GtoT": 0.02644872804170086, "Pos_0_A": 0.010872519621345217, "GtoA": -0.445808256011508, "CtoT": -0.4467013449510114, "Pos_2_G": -0.24542647840228005, "Pos_1_G": 0.24045506435430675, "Pos_3_G": 0.03196819951472223, "Pos_1_C": -0.11161415810464034, "Pos_3_T": 0.0, "Pos_2_T": 0.0, "AtoG": 0.0, "CtoA": -0.0049893466933001755, "GtoC": -0.5507457338830257, "AtoT": 0.3926983958825831, "TtoA": 0.43625176628485385, "Pos_0_G": -0.04671601497943834, "Pos_1_A": 0.0}