{"best_c_choice": 0.1, "params": {"1": {"C": 1.0, "penalty": "l1"}, "0": {"C": 0.1, "penalty": "l1"}, "2": {"C": 10.0, "penalty": "l1"}, "3": {"C": 100.0, "penalty": "l1"}}, "split0_test_score": {"1": 0.7717467272, "0": 0.7718075804, "2": 0.7717226141, "3": 0.771723679}, "rank_test_score": {"1": 2, "0": 1, "2": 4, "3": 3}, "param_penalty": {"1": "l1", "0": "l1", "2": "l1", "3": "l1"}, "param_C": {"1": 1.0, "0": 0.1, "2": 10.0, "3": 100.0}}