{"rank_test_score": {"3": 2, "4": 3, "1": 4, "0": 4, "2": 1}, "param_alpha": {"3": 2.0, "4": 3.0, "1": 0.1, "0": 0.01, "2": 1.0}, "best_a_choice": 1.0, "split0_test_score": {"3": 0.7769307987, "4": 0.7766171027, "1": 0.775895602, "0": 0.775895602, "2": 0.7770719619}, "params": {"3": {"alpha": 2.0}, "4": {"alpha": 3.0}, "1": {"alpha": 0.1}, "0": {"alpha": 0.01}, "2": {"alpha": 1.0}}}