{"param_alpha": {"4": 3.0, "3": 2.0, "2": 1.0, "0": 0.01, "1": 0.1}, "rank_test_score": {"4": 1, "3": 2, "2": 3, "0": 5, "1": 4}, "best_a_choice": 3.0, "params": {"4": {"alpha": 3.0}, "3": {"alpha": 2.0}, "2": {"alpha": 1.0}, "0": {"alpha": 0.01}, "1": {"alpha": 0.1}}, "split0_test_score": {"4": 0.6775237846, "3": 0.677117272, "2": 0.6765540949, "0": 0.6715189808, "1": 0.6746252706}}