{"AtoC": -0.24344570024647788, "CtoA": 0.031229797699845706, "CtoG": -1.1611447589442874, "CtoT": -0.21666220461120128, "AtoT": 1.3104060963135638, "GtoC": -1.338883883567997, "TtoA": 0.9278453147261849, "GtoT": 0.4562982899839091, "GtoA": -0.2870327336665316, "AtoG": 0.40757579579013736, "TtoC": 0.3185564737958869, "TtoG": 0.19715696719843676}