{"params": {"3": {"penalty": "l1", "C": 100.0}, "2": {"penalty": "l1", "C": 10.0}, "1": {"penalty": "l1", "C": 1.0}, "0": {"penalty": "l1", "C": 0.1}}, "param_C": {"3": 100.0, "2": 10.0, "1": 1.0, "0": 0.1}, "param_penalty": {"3": "l1", "2": "l1", "1": "l1", "0": "l1"}, "split0_test_score": {"3": 0.7181206475, "2": 0.7181206475, "1": 0.7181206475, "0": 0.715320911}, "rank_test_score": {"3": 1, "2": 1, "1": 1, "0": 4}, "best_c_choice": 1.0}