{"rank_test_score": {"2": 3, "0": 1, "1": 2, "3": 4, "4": 5}, "split0_test_score": {"2": 0.7098421386, "0": 0.7143231739, "1": 0.7127554003, "3": 0.7087663904, "4": 0.708157216}, "params": {"2": {"alpha": 1.0}, "0": {"alpha": 0.01}, "1": {"alpha": 0.1}, "3": {"alpha": 2.0}, "4": {"alpha": 3.0}}, "param_alpha": {"2": 1.0, "0": 0.01, "1": 0.1, "3": 2.0, "4": 3.0}, "best_a_choice": 0.01}