{"params": {"0": {"alpha": 0.01}, "2": {"alpha": 1.0}, "4": {"alpha": 3.0}, "1": {"alpha": 0.1}, "3": {"alpha": 2.0}}, "param_alpha": {"0": 0.01, "2": 1.0, "4": 3.0, "1": 0.1, "3": 2.0}, "rank_test_score": {"0": 1, "2": 3, "4": 5, "1": 2, "3": 4}, "split0_test_score": {"0": 0.6918477276, "2": 0.6831090946, "4": 0.6801605931, "1": 0.6884135345, "3": 0.6812894207}, "best_a_choice": 0.01}