{"split0_test_score": {"3": 0.6166713721, "4": 0.6189299831, "0": 0.6036686743, "2": 0.6131893469, "1": 0.6070801179}, "param_alpha": {"3": 2.0, "4": 3.0, "0": 0.01, "2": 1.0, "1": 0.1}, "rank_test_score": {"3": 2, "4": 1, "0": 5, "2": 3, "1": 4}, "best_a_choice": 3.0, "params": {"3": {"alpha": 2.0}, "4": {"alpha": 3.0}, "0": {"alpha": 0.01}, "2": {"alpha": 1.0}, "1": {"alpha": 0.1}}}