{"best_a_choice": 0.01, "split0_test_score": {"3": 0.6894850277, "4": 0.6899237078, "2": 0.6887716956, "0": 0.6920064848, "1": 0.6897978257}, "params": {"3": {"alpha": 2.0}, "4": {"alpha": 3.0}, "2": {"alpha": 1.0}, "0": {"alpha": 0.01}, "1": {"alpha": 0.1}}, "param_alpha": {"3": 2.0, "4": 3.0, "2": 1.0, "0": 0.01, "1": 0.1}, "rank_test_score": {"3": 4, "4": 2, "2": 5, "0": 1, "1": 3}}