{"Pos_0_T": 0.0, "GtoC": -1.5976334890763675, "Pos_0_G": 0.21500663225393632, "TtoA": 1.2598293174813533, "Pos_1_C": 0.2756477712008239, "Pos_0_C": -0.13131481709015846, "TtoG": 0.3613948680803889, "AtoC": 0.12183805351869202, "AtoT": 1.03733971376684, "CtoT": -0.2204780691790148, "GtoA": -0.32568421668532904, "Pos_1_G": -0.18790929672115636, "Pos_1_T": 0.2726538341537985, "GtoT": 0.49030450099523576, "CtoA": 0.11080929256620727, "Pos_0_A": 0.0023981762582567533, "AtoG": 0.4259989320203702, "CtoG": -1.748397664127589, "Pos_1_A": 0.0, "TtoC": 0.2953583917671398}