{"TtoA": 1.1872581430860063, "Pos_1_A": 0.0, "Pos_0:Pos_1_TA": -0.18056901087586422, "Pos_0_C": -0.08247202988175195, "AtoG": 0.34261027465738775, "Pos_0:Pos_1_AA": 0.08035923724946645, "CtoT": -0.26291192937675795, "Pos_0:Pos_1_CT": 0.0, "Pos_1_T": 0.08855604995442973, "Pos_0_G": 0.2668343241997057, "CtoA": 0.09530849812657437, "Pos_0:Pos_1_AG": 0.04944275049956401, "Pos_0:Pos_1_CC": 0.0, "GtoT": 0.3096000860226877, "Pos_0:Pos_1_CG": -0.08430849502084344, "Pos_0:Pos_1_AC": 0.0, "CtoG": -1.4091902651962105, "Pos_0:Pos_1_GA": 0.0009881050316534793, "Pos_1_C": 0.05771646451884502, "AtoC": 0.0, "Pos_0:Pos_1_TC": 0.022595691700167852, "Pos_0_A": 0.0, "AtoT": 1.0086885632866929, "Pos_0:Pos_1_TT": 0.1114966005932823, "Pos_0:Pos_1_GC": 0.12311121513463888, "Pos_0:Pos_1_GT": 0.0, "TtoG": 0.28620607602360293, "TtoC": 0.3026749612065846, "GtoC": -1.3428536515715765, "Pos_1_G": -0.22691892169985556, "Pos_0:Pos_1_AT": -0.0005013098482997667, "GtoA": -0.2932251495445752, "Pos_0:Pos_1_TG": 0.0, "Pos_0_T": 0.0008804400896995624, "Pos_0:Pos_1_CA": 0.0, "Pos_0:Pos_1_GG": -0.03921856287289351}