{"Pos_0:Pos_1_GG": -0.09980557056293242, "Pos_1_T": 0.0, "AtoG": 0.059810760190276244, "Pos_0:Pos_1_AC": 0.0, "Pos_0:Pos_1_TG": -0.03404229342671121, "AtoC": -0.1291534987902489, "GtoT": 0.04068880777540094, "Pos_0:Pos_1_CG": 0.0, "Pos_0:Pos_1_AG": 0.0, "Pos_0_A": 0.0, "TtoA": 0.2896782836358158, "Pos_0:Pos_1_CT": 0.0, "CtoG": -0.23780694377422634, "CtoT": -0.3263625316296528, "Pos_0:Pos_1_CA": 0.0, "AtoT": 0.5226901487763084, "Pos_0:Pos_1_TA": -0.013814094025642123, "Pos_0:Pos_1_TC": 0.0, "Pos_0_C": -0.1861109121784502, "Pos_0:Pos_1_AT": 0.0, "Pos_0:Pos_1_GC": 0.07919883670874402, "Pos_1_G": -0.07296366907271827, "Pos_0_G": 0.17344298658051818, "Pos_0:Pos_1_AA": 0.022925708914379096, "Pos_1_C": 0.0, "Pos_0:Pos_1_TT": 0.0, "CtoA": -0.06454876082398572, "GC_feature": -0.07529461081181106, "Pos_0:Pos_1_GA": 0.046334491911209176, "TtoC": 0.0, "Pos_0_T": -0.03821477290143511, "GtoC": -0.31607471325208086, "Pos_1_A": 0.0, "Pos_0:Pos_1_CC": 0.0, "TtoG": 0.0, "Pos_0:Pos_1_GT": 0.0, "GtoA": -0.3282995626916476}