{"param_alpha": {"4": 3.0, "1": 0.1, "2": 1.0, "0": 0.01, "3": 2.0}, "rank_test_score": {"4": 5, "1": 1, "2": 4, "0": 2, "3": 3}, "best_a_choice": 0.1, "split0_test_score": {"4": 0.6751537193, "1": 0.6758263444, "2": 0.675270779, "0": 0.6756839222, "3": 0.6753123163}, "params": {"4": {"alpha": 3.0}, "1": {"alpha": 0.1}, "2": {"alpha": 1.0}, "0": {"alpha": 0.01}, "3": {"alpha": 2.0}}}