{"best_a_choice": 3.0, "rank_test_score": {"4": 1, "1": 4, "0": 5, "3": 2, "2": 3}, "param_alpha": {"4": 3.0, "1": 0.1, "0": 0.01, "3": 2.0, "2": 1.0}, "split0_test_score": {"4": 0.6834678435, "1": 0.6803469844, "0": 0.6772677816, "3": 0.6830945725, "2": 0.6825511086}, "params": {"4": {"alpha": 3.0}, "1": {"alpha": 0.1}, "0": {"alpha": 0.01}, "3": {"alpha": 2.0}, "2": {"alpha": 1.0}}}