{"TtoG": 0.8041208097612835, "AtoT": 1.3399421474677502, "TtoC": 0.5616213693036021, "Pos_0_C": 0.0, "Pos_1_A": 0.027232085064478197, "CtoA": 0.6889772810840985, "CtoG": -2.7720336655510462, "Pos_1_T": 0.0, "Pos_3_C": -0.05296020392633581, "Pos_2_C": 0.22339375856460983, "Pos_2_T": 0.10881360776941758, "GtoC": -2.8920759752763048, "Pos_3_T": 0.046615148437337585, "Pos_1_G": 0.2750154062101309, "Pos_0_A": 0.06737163931429904, "Pos_1_C": -0.1520870353522508, "Pos_0_T": 0.15689183238236873, "Pos_0_G": -0.021397991870993005, "Pos_3_G": 0.0579854835013087, "AtoG": 0.5719459949632174, "Pos_3_A": 0.0, "TtoA": 1.3593696966266589, "Pos_2_G": -0.17117404727360125, "AtoC": 0.17502992634436879, "CtoT": -0.04945495450282619, "GtoA": -0.002423643864116958, "Pos_2_A": 0.0, "GtoT": 0.8124526838436309}