{"params": {"1": {"alpha": 0.1}, "4": {"alpha": 3.0}, "2": {"alpha": 1.0}, "0": {"alpha": 0.01}, "3": {"alpha": 2.0}}, "rank_test_score": {"1": 2, "4": 5, "2": 3, "0": 1, "3": 4}, "split0_test_score": {"1": 0.7342117138, "4": 0.7292094287, "2": 0.7319307837, "0": 0.7345422988, "3": 0.7303778101}, "best_a_choice": 0.01, "param_alpha": {"1": 0.1, "4": 3.0, "2": 1.0, "0": 0.01, "3": 2.0}}