{"Pos_0:Pos_1_GA": -0.0433090571788442, "Pos_2:Pos_3_CC": 0.0, "Pos_1:Pos_2_AG": 0.0, "GtoA": -0.44143018805314727, "Pos_2:Pos_3_AG": 0.08148335925378705, "Pos_1:Pos_2_TC": 0.0, "Pos_1_T": 0.0, "Pos_0:Pos_2_AA": -0.006513341779335487, "Pos_0:Pos_2_AG": -0.044923996157697266, "Pos_0:Pos_2_GA": 0.0, "Pos_0:Pos_2_AC": 0.0, "Pos_0:Pos_3_GT": -0.007611815291797101, "Pos_3_A": 0.0, "Pos_2:Pos_3_GT": -0.049151667159157204, "Pos_1:Pos_3_AG": 0.0, "Pos_2:Pos_3_CG": -0.0437183169938697, "Pos_2:Pos_3_GG": 0.0, "CtoA": -0.03870309435457987, "Pos_0:Pos_2_CA": -0.048687659043261375, "Pos_0:Pos_2_TA": 0.007454412475895439, "Pos_0:Pos_3_TG": 0.03082660702738291, "Pos_1:Pos_2_CA": -0.03698237336537243, "Pos_1:Pos_2_TG": 0.0, "Pos_1:Pos_3_GA": 0.0, "Pos_0:Pos_2_GG": 0.0, "Pos_0:Pos_3_CT": 0.0, "Pos_0:Pos_3_TA": 0.0, "Pos_1:Pos_2_AT": -0.025118119912254253, "Pos_1:Pos_3_TT": 0.0, "Pos_0:Pos_3_AT": 0.0, "Pos_0:Pos_3_AC": -0.031211050118588764, "Pos_2:Pos_3_TC": 0.07446972286250368, "Pos_1:Pos_3_AC": 0.01113149809540978, "Pos_0:Pos_1_TG": 0.031756048426956805, "Pos_2_T": 0.0, "Pos_0_G": -0.028613333433632968, "Pos_1:Pos_3_CG": 0.0, "Pos_2:Pos_3_TA": 0.0, "GtoT": 0.02018031922687814, "Pos_0:Pos_1_CT": 0.0, "TtoA": 0.4169657266070623, "Pos_0:Pos_2_GT": 0.0, "Pos_0:Pos_1_TC": 0.0, "Pos_2_A": 0.0, "Pos_1_G": 0.15343641474435013, "Pos_1:Pos_2_CT": 0.0, "Pos_1:Pos_2_GA": 0.0, "Pos_0:Pos_2_TC": 0.014502785989024644, "Pos_0:Pos_3_TC": 0.0, "Pos_0:Pos_3_CG": 0.04643961522668699, "Pos_0:Pos_2_CT": 0.0, "Pos_0:Pos_1_GT": 0.0, "Pos_0:Pos_3_GG": -0.012451343545395769, "Pos_1:Pos_2_TT": 0.01415256830043862, "Pos_2_G": -0.07199740094644132, "Pos_1:Pos_3_GG": 0.05078941224485293, "CtoG": -0.61078023950404, "Pos_1:Pos_3_AA": -0.039507932962371, "Pos_1:Pos_2_CC": 0.0, "Pos_1:Pos_2_GC": 0.11032170745311268, "Pos_1:Pos_2_GG": 0.0, "Pos_0:Pos_3_GA": 0.0, "CtoT": -0.42217077145653564, "Pos_0:Pos_3_CC": -0.015420669342463524, "Pos_0:Pos_1_AT": -0.005469944815492745, "Pos_2:Pos_3_AT": -0.029962315914937726, "TtoG": 0.009820182327435733, "Pos_2:Pos_3_GA": -0.10124924892700703, "Pos_3_T": 0.0, "AtoT": 0.4429652485832529, "Pos_0:Pos_1_GC": -0.028959212156007295, "Pos_0_T": 0.05196550608086033, "Pos_0:Pos_1_CA": 0.033648140817090125, "Pos_1:Pos_3_GT": 0.06823191344698333, "Pos_1:Pos_3_TC": 0.016754971525107794, "Pos_0:Pos_3_GC": 0.03358202426611114, "Pos_3_G": 0.0, "GtoC": -0.5795138395565548, "Pos_0:Pos_1_CC": 0.0, "Pos_1:Pos_3_CC": -0.013748192935544934, "Pos_0_C": 0.0, "Pos_1:Pos_2_AA": 0.035832855874556195, "Pos_0:Pos_1_AG": 0.06263635273272639, "GC_feature": -0.09400556770366232, "Pos_1:Pos_3_GC": 0.0, "Pos_1:Pos_2_TA": -0.0970882620548948, "Pos_2_C": 0.0, "TtoC": 0.0, "Pos_3_C": 0.0, "Pos_1:Pos_3_TG": -0.006863583871479358, "Pos_0:Pos_2_TT": 0.0, "Pos_0:Pos_2_AT": 0.06886871997331348, "Pos_2:Pos_3_GC": 0.0, "Pos_0:Pos_3_AG": -0.041509706475990504, "Pos_1_C": -0.05104816396840447, "Pos_2:Pos_3_AA": 0.0, "Pos_2:Pos_3_TT": 0.02700471933790023, "Pos_1:Pos_2_AC": 0.009351793879122315, "Pos_0:Pos_2_CG": 0.01593315942596209, "Pos_0:Pos_1_GG": 0.0, "Pos_2:Pos_3_CA": 0.06555465575015741, "Pos_1:Pos_2_GT": 0.0, "Pos_0:Pos_1_CG": -0.11614460207537246, "Pos_1_A": 0.0, "Pos_0:Pos_2_GC": 0.0, "Pos_1:Pos_3_AT": 0.06378138944544692, "Pos_1:Pos_3_TA": 0.0, "Pos_0:Pos_1_TT": 0.027879925681797535, "Pos_1:Pos_2_CG": -0.053671000414218205, "Pos_2:Pos_3_CT": 0.021813412863439425, "Pos_2:Pos_3_TG": -0.0236861987273189, "Pos_0_A": 0.0, "Pos_1:Pos_3_CA": 0.0, "AtoG": 0.0, "AtoC": -0.0938791116408924, "Pos_0:Pos_3_AA": 0.0, "Pos_0:Pos_1_AC": 0.0, "Pos_0:Pos_3_TT": 0.013837369392667042, "Pos_0:Pos_2_TG": -0.02263607956356723, "Pos_0:Pos_3_CA": 0.03931922167112736, "Pos_0:Pos_2_CC": 0.018230405731323618, "Pos_2:Pos_3_AC": -0.007877756105096093, "Pos_0:Pos_1_TA": 0.031639497735874905, "Pos_1:Pos_3_CT": -0.027065709174075487, "Pos_0:Pos_1_AA": 0.0}