{"rank_test_score": {"2": 3, "1": 2, "3": 4, "0": 1}, "param_penalty": {"2": "l1", "1": "l1", "3": "l1", "0": "l1"}, "params": {"2": {"C": 10.0, "penalty": "l1"}, "1": {"C": 1.0, "penalty": "l1"}, "3": {"C": 100.0, "penalty": "l1"}, "0": {"C": 0.1, "penalty": "l1"}}, "split0_test_score": {"2": 0.7686502882, "1": 0.7688473005, "3": 0.768624882, "0": 0.7702978125}, "param_C": {"2": 10.0, "1": 1.0, "3": 100.0, "0": 0.1}, "best_c_choice": 0.1}