{"Pos_1_G": -0.2920590711948232, "Pos_1_A": -0.11395086628635988, "TtoC": 0.018183450406881397, "AtoC": -0.09647065381671074, "Pos_1_T": 0.0, "Pos_0_G": 0.24147025824545157, "AtoG": 0.0041669365049931675, "Pos_0_T": -0.02735204997836396, "GtoA": -0.4569667670598457, "GtoC": -0.6510493476540733, "AtoT": 0.39571206657289876, "Pos_0_C": -0.12875263778449342, "Pos_1_C": 0.0113009089316885, "CtoG": -0.6644239969689297, "Pos_0_A": 0.0, "TtoG": 0.0, "CtoT": -0.43661059939416563, "CtoA": -0.04918163647750433, "GtoT": 0.019055892286886044, "GC_feature": -0.1335666250828087, "TtoA": 0.45213083359513234}