{"best_a_choice": 0.01, "rank_test_score": {"1": 2, "0": 1, "4": 5, "3": 4, "2": 3}, "param_alpha": {"1": 0.1, "0": 0.01, "4": 3.0, "3": 2.0, "2": 1.0}, "params": {"1": {"alpha": 0.1}, "0": {"alpha": 0.01}, "4": {"alpha": 3.0}, "3": {"alpha": 2.0}, "2": {"alpha": 1.0}}, "split0_test_score": {"1": 0.7011083001, "0": 0.7029001434, "4": 0.6979982639, "3": 0.6981775553, "2": 0.6987336261}}