{"Pos_2_A": -0.014731638384912553, "AtoT": 0.42911069942110364, "TtoC": 0.01461316975037288, "Pos_0_A": 0.03789424452771266, "Pos_2_T": 0.11589465900962839, "GtoT": 0.06421793639724586, "GtoA": -0.4374190896666702, "Pos_1_G": 0.1806222273684966, "Pos_0_G": -0.003829604368458261, "Pos_1_C": -0.14745166653548722, "Pos_0_C": 0.0, "Pos_3_G": -0.0165613391928356, "CtoT": -0.49948927428843176, "GC_feature": -0.12264488873085506, "Pos_3_A": -0.06112575118528598, "CtoA": 0.0, "Pos_0_T": 0.14253750860237596, "AtoC": -0.0764641707684588, "Pos_3_C": 0.0, "AtoG": 0.0014694748394345515, "Pos_1_T": -0.09699588351163556, "GtoC": -0.7967171280522973, "TtoG": -0.034637157687886874, "CtoG": -0.6713261457057152, "Pos_3_T": 0.023734582828629548, "Pos_2_C": 0.17977102266925032, "TtoA": 0.46156938659065444, "Pos_2_G": -0.1538335656726762, "Pos_1_A": 0.0}