{"CtoG": -0.4099246442227894, "AtoG": 0.0, "GtoC": -0.33619550377058405, "TtoC": 0.07957653347471536, "AtoT": 0.34906742331551255, "AtoC": -0.06830362972512576, "CtoT": -0.38423481979083896, "GtoA": -0.3693776067861325, "GC_feature": -0.07653501689689061, "TtoG": 0.0, "CtoA": 0.0, "GtoT": 0.03598458898272657, "TtoA": 0.39239612062339}