{"Pos_1:Pos_2_TT": 0.015500513058599613, "Pos_3:Pos_4_GG": 0.042071341910903955, "Pos_2:Pos_3_GG": 0.0, "Pos_4:Pos_5_GA": 0.0, "Pos_0:Pos_4_GC": 0.05034147937391609, "Pos_0:Pos_2_GC": -0.018954512014624985, "Pos_4:Pos_5_GG": 0.0, "Pos_2:Pos_5_AA": 0.056493027995380724, "Pos_0:Pos_1_AA": 0.07202084739288703, "Pos_1_C": 0.0, "Pos_1_T": 0.14393924905642871, "Pos_1:Pos_3_GC": 0.0, "Pos_4:Pos_5_CA": 0.0, "Pos_2:Pos_4_GG": 0.0, "Pos_3:Pos_5_CA": 0.0, "Pos_1:Pos_4_TG": 0.0, "Pos_0:Pos_3_AC": 0.0, "Pos_0_A": 0.0, "Pos_0:Pos_1_AG": 0.0, "Pos_2:Pos_4_GC": 0.0, "Pos_4:Pos_5_TC": 0.08029696021905908, "Pos_0:Pos_4_AG": 0.0, "Pos_3:Pos_5_AG": 0.0, "Pos_1:Pos_3_CG": 0.06394505794291123, "Pos_3:Pos_4_TA": 0.034373733603598876, "Pos_0:Pos_5_GG": 0.0, "Pos_1:Pos_2_CG": -0.37260663668072114, "Pos_3:Pos_5_TC": 0.0, "Pos_1:Pos_5_AG": 0.0, "Pos_4:Pos_5_TT": 0.11860326413137202, "Pos_4_C": 0.0, "Pos_1:Pos_2_CT": 0.0, "Pos_0:Pos_2_CC": 0.0, "Pos_0:Pos_1_AT": 0.0, "Pos_2:Pos_4_AC": -0.04734560476487682, "Pos_0:Pos_5_TT": -0.027569240239547595, "Pos_3:Pos_5_AT": 0.0, "Pos_0:Pos_3_GC": 0.0, "Pos_1:Pos_5_TC": 0.006063529612479663, "Pos_2:Pos_5_GG": 0.0, "Pos_1:Pos_5_TG": 0.0609385817071741, "Pos_0:Pos_1_CG": 0.07205267767029488, "Pos_0:Pos_4_AA": -0.042752816364292776, "Pos_1:Pos_5_AT": 0.009831686810286918, "Pos_2:Pos_4_TT": 0.0, "Pos_1:Pos_5_GA": 0.00946505285374453, "Pos_4:Pos_5_GC": -0.01682222768982698, "Pos_0:Pos_1_TT": 0.06280788353574535, "Pos_4:Pos_5_TA": 0.0, "Pos_0:Pos_1_GA": 0.0, "GtoC": -1.7518808898553635, "Pos_0_T": 0.11998015008698383, "Pos_0_G": 0.0, "CtoA": 0.09405207179742141, "Pos_3:Pos_4_CA": 0.1607396623174748, "Pos_1:Pos_3_GT": 0.0, "Pos_1:Pos_4_CA": 0.0, "Pos_3:Pos_5_CG": 0.0, "Pos_1:Pos_2_CC": 0.0, "Pos_0:Pos_3_TA": 0.0, "Pos_0:Pos_3_TG": -0.016566693245542153, "Pos_3:Pos_4_CT": 0.14148888770286924, "Pos_1:Pos_3_TG": 0.0, "Pos_1:Pos_5_GC": 0.0, "Pos_3_T": 0.12240794908593565, "Pos_0:Pos_5_AT": 0.07739397729241707, "Pos_0:Pos_3_GG": 0.0, "Pos_5_G": 0.0, "Pos_1:Pos_3_AC": -0.03723755563172405, "Pos_4:Pos_5_AA": 0.0, "Pos_1:Pos_2_TA": 0.0, "Pos_0:Pos_1_AC": 0.0, "Pos_1:Pos_4_GA": 0.0, "Pos_1:Pos_4_AT": 0.06649798662465863, "Pos_1_G": -0.004708185980540168, "Pos_0_C": 0.0, "Pos_0:Pos_3_CA": 0.0, "Pos_0:Pos_5_TG": 0.0, "Pos_0:Pos_3_GA": 0.0, "Pos_0:Pos_3_CC": 0.0, "Pos_0:Pos_4_CA": 0.0, "Pos_1:Pos_2_AT": 0.0, "Pos_0:Pos_3_AA": 0.0, "Pos_1:Pos_5_CG": -0.06491091165305395, "Pos_2:Pos_4_AG": 0.024327293887364005, "Pos_1:Pos_3_AA": 0.006814319086386668, "Pos_2:Pos_3_AC": 0.012850224613085917, "Pos_0:Pos_4_CC": 0.0, "Pos_1:Pos_5_AC": -0.0138807147473825, "Pos_4:Pos_5_CT": 0.03959034497846292, "Pos_2:Pos_5_CC": -0.06851928044802653, "Pos_4:Pos_5_AG": 0.0, "Pos_1:Pos_4_GG": 0.0, "Pos_2:Pos_5_TA": 0.0, "Pos_0:Pos_2_GA": 0.0, "Pos_1:Pos_4_CT": 0.0, "Pos_4:Pos_5_TG": -0.015405457844559527, "Pos_0:Pos_2_CT": 0.0, "Pos_1:Pos_4_TT": 0.022347728340054968, "Pos_3:Pos_4_AC": 0.0, "Pos_2:Pos_4_CT": -0.08519812216517439, "Pos_3:Pos_4_GC": 0.0, "Pos_1:Pos_4_GT": -0.0681720226244137, "Pos_0:Pos_3_CT": 0.0, "Pos_1:Pos_2_AC": -0.05820317806048322, "Pos_1:Pos_4_AA": 0.0, "Pos_1:Pos_4_GC": 0.0, "Pos_1:Pos_2_GG": 0.0, "Pos_2:Pos_5_CT": -0.057295188533591494, "Pos_1:Pos_5_GG": -0.04011006062652455, "Pos_0:Pos_1_TG": 0.0, "Pos_2:Pos_5_AC": 0.0, "Pos_0:Pos_4_CT": -0.008927858418517986, "Pos_1:Pos_3_GG": -0.02450381319664852, "TtoC": 0.26205096728600386, "Pos_4_A": 0.0, "Pos_1:Pos_5_AA": 0.0, "Pos_0:Pos_5_AA": -0.06307329854198891, "Pos_5_T": 0.0, "Pos_1:Pos_3_TT": 0.0, "Pos_2:Pos_3_GC": 0.13480646534376542, "Pos_2:Pos_4_GT": 0.004856408615153349, "Pos_2_A": 0.0, "Pos_0:Pos_2_AG": 0.029774898456875823, "Pos_2:Pos_4_AA": 0.0, "AtoT": 0.9872623352084614, "Pos_3:Pos_5_CC": 0.05433193899236682, "Pos_3:Pos_5_TA": 0.04822100120540067, "Pos_0:Pos_1_CC": -0.007903174319402385, "Pos_2:Pos_3_TC": 0.0, "Pos_2:Pos_5_TC": 0.0, "Pos_2:Pos_3_GA": 0.0, "Pos_1:Pos_3_GA": 0.0, "Pos_2:Pos_3_TA": -0.20578585665819, "Pos_2:Pos_4_GA": 0.002231712604748639, "Pos_0:Pos_3_GT": 0.0, "Pos_3:Pos_4_TT": 0.04942098748457605, "Pos_0:Pos_2_TA": 0.0, "Pos_0:Pos_5_GA": 0.0, "Pos_2:Pos_3_AA": 0.08583614949153805, "Pos_2:Pos_3_TG": 0.0, "Pos_2:Pos_3_GT": 0.0, "Pos_0:Pos_4_AT": 0.051903227355446, "Pos_1:Pos_2_CA": 0.046192094441615365, "Pos_0:Pos_2_CA": 0.02059261587585324, "Pos_3:Pos_5_TG": 0.03148456070280693, "Pos_2:Pos_3_CG": -0.12249721749549958, "Pos_0:Pos_3_TT": 0.08868831995039433, "Pos_2:Pos_3_CT": 0.0033074184576327866, "Pos_0:Pos_2_AC": -0.053669032976494745, "Pos_0:Pos_4_TT": 0.08623031461585434, "Pos_1:Pos_2_AG": 0.09044600053398147, "Pos_3_A": 0.0, "Pos_0:Pos_3_TC": 0.003995941200541255, "Pos_0:Pos_2_GT": 0.022270395384464084, "Pos_2:Pos_4_AT": 0.03005152578349731, "Pos_0:Pos_3_AT": 0.03918470084941408, "AtoG": 0.25286521104669957, "Pos_3:Pos_5_GG": -0.02042635056649001, "Pos_0:Pos_1_TC": 0.07127972075241472, "Pos_3:Pos_5_AA": 0.0, "Pos_0:Pos_2_AA": 0.0, "Pos_0:Pos_2_AT": 0.06266457202157272, "Pos_2:Pos_3_CC": 0.0, "Pos_0:Pos_5_TA": 0.01234744493198893, "Pos_4:Pos_5_AT": 0.0, "Pos_1:Pos_3_TA": 0.0, "Pos_0:Pos_1_CT": 0.0, "Pos_1:Pos_5_TT": 0.0, "Pos_3:Pos_4_AG": 0.21375048630998122, "Pos_2:Pos_5_AT": 0.0, "Pos_2_T": 0.0, "Pos_1:Pos_4_TC": 0.015094911337186908, "Pos_1:Pos_4_AG": 0.0, "Pos_2:Pos_5_GA": 0.0, "Pos_2:Pos_4_TA": 0.0, "Pos_1:Pos_4_AC": 0.050442528442098414, "Pos_5_A": 0.09333896616725895, "Pos_1:Pos_2_TC": 0.0, "Pos_3_C": 0.016445308522187337, "Pos_1:Pos_5_TA": 0.0, "Pos_0:Pos_5_GC": 0.0, "Pos_0:Pos_4_GG": -0.024046503060375642, "Pos_0:Pos_4_TA": 0.0, "Pos_2:Pos_5_CG": 0.0, "TtoG": 0.220496733459238, "Pos_4:Pos_5_CC": 0.0, "Pos_0:Pos_5_CC": -0.04316174447593542, "Pos_0:Pos_4_GT": 0.0, "Pos_4:Pos_5_AC": 0.0, "Pos_0:Pos_1_GC": 0.0, "Pos_0:Pos_1_TA": 0.0, "Pos_3:Pos_5_CT": 0.15867425833783935, "Pos_1:Pos_5_GT": -0.020422731035826012, "Pos_3:Pos_5_TT": -0.03425157115662698, "Pos_4:Pos_5_CG": 0.28417037843077125, "Pos_2:Pos_4_CC": 0.0, "Pos_0:Pos_4_CG": 0.029243918229931755, "Pos_2:Pos_4_TG": 0.0, "Pos_4_T": 0.0, "Pos_1:Pos_2_GA": 0.0, "Pos_0:Pos_2_TC": 0.011062621924536924, "Pos_1:Pos_3_TC": 0.0, "Pos_0:Pos_4_GA": 0.0, "CtoG": -1.7877529976488085, "Pos_3:Pos_4_GA": -0.08709616101563375, "Pos_2:Pos_3_TT": 0.0, "AtoC": -0.049058456985657514, "Pos_0:Pos_5_CG": -0.02862451205313299, "Pos_2:Pos_3_AT": -0.15002037000387156, "Pos_0:Pos_3_CG": -0.22534770779327534, "Pos_1:Pos_4_CC": -0.06646012266046315, "Pos_1:Pos_5_CA": 0.07828812748532239, "Pos_2:Pos_3_AG": 0.0, "Pos_0:Pos_5_AC": 0.04270276085017529, "Pos_0:Pos_2_TT": -0.06318033176073207, "Pos_2_G": 0.21746158243598254, "Pos_1:Pos_2_AA": 0.002315193357007868, "Pos_3:Pos_4_TC": 0.0, "Pos_3:Pos_5_GC": -0.004459209765807696, "Pos_0:Pos_2_CG": -0.034988019190751694, "Pos_2:Pos_5_GT": 0.005419596844503495, "Pos_2:Pos_4_CG": 0.0, "Pos_3:Pos_5_AC": 0.0, "Pos_2:Pos_5_CA": 0.00463365502151387, "Pos_1:Pos_2_TG": 0.06610380265963887, "Pos_0:Pos_3_AG": 0.08039741387052801, "Pos_2:Pos_5_TG": -0.07175441315780198, "Pos_1:Pos_5_CC": 0.0, "Pos_0:Pos_5_CT": 0.0, "Pos_2:Pos_5_AG": 0.0, "TtoA": 1.0943093565298276, "Pos_1:Pos_5_CT": 0.016347048832046875, "GtoA": -0.3768333232878127, "Pos_0:Pos_5_AG": 0.0, "Pos_2:Pos_5_TT": 0.025647100512983675, "Pos_2:Pos_5_GC": 0.026634303477264778, "Pos_4:Pos_5_GT": 0.0, "Pos_1_A": 0.0, "Pos_2:Pos_4_CA": 0.0, "Pos_5_C": 0.0, "Pos_3_G": -0.07428550736580723, "Pos_4_G": 0.0, "Pos_1:Pos_2_GT": 0.0, "Pos_0:Pos_4_TC": 0.0, "Pos_0:Pos_2_GG": 0.007380267847624064, "Pos_3:Pos_4_AA": 0.0, "GtoT": 0.29668486953131573, "CtoT": -0.3594079940076957, "Pos_3:Pos_4_TG": -0.009075125537341825, "Pos_0:Pos_2_TG": 0.0, "Pos_1:Pos_3_AT": 0.1283262958470473, "Pos_2:Pos_4_TC": 0.01839259284958477, "Pos_0:Pos_5_CA": 0.09450046159109989, "Pos_3:Pos_5_GA": 0.0, "Pos_1:Pos_3_AG": 0.0, "Pos_0:Pos_5_GT": 0.0, "Pos_1:Pos_3_CC": 0.011331150594481237, "Pos_3:Pos_4_CG": -0.03618683274964105, "Pos_1:Pos_2_GC": 0.0, "Pos_3:Pos_5_GT": 0.09566035947138658, "Pos_3:Pos_4_CC": 0.0, "Pos_2_C": -0.046420992271122466, "Pos_0:Pos_5_TC": 0.0, "Pos_1:Pos_4_TA": 0.0,