{"params": {"4": {"alpha": 3.0}, "0": {"alpha": 0.01}, "2": {"alpha": 1.0}, "3": {"alpha": 2.0}, "1": {"alpha": 0.1}}, "param_alpha": {"4": 3.0, "0": 0.01, "2": 1.0, "3": 2.0, "1": 0.1}, "rank_test_score": {"4": 1, "0": 5, "2": 3, "3": 2, "1": 4}, "split0_test_score": {"4": 0.6287957212, "0": 0.6085231194, "2": 0.6220198883, "3": 0.6258626639, "1": 0.6158165506}, "best_a_choice": 3.0}