{"best_a_choice": 0.01, "params": {"2": {"alpha": 1.0}, "1": {"alpha": 0.1}, "3": {"alpha": 2.0}, "0": {"alpha": 0.01}, "4": {"alpha": 3.0}}, "param_alpha": {"2": 1.0, "1": 0.1, "3": 2.0, "0": 0.01, "4": 3.0}, "rank_test_score": {"2": 1, "1": 1, "3": 1, "0": 1, "4": 5}, "split0_test_score": {"2": 0.7305016212, "1": 0.7305016212, "3": 0.7305016212, "0": 0.7305016212, "4": 0.7302231547}}