{"TtoG": 0.0, "AtoG": 0.023843472511440623, "GtoT": 0.025286213294594715, "CtoT": -0.4506334340186926, "TtoA": 0.40968215585653506, "AtoT": 0.3812610077557857, "TtoC": 0.041223851414314935, "GC_feature": -0.15051165279296205, "AtoC": -0.11271246506572742, "CtoA": -0.005979360792646584, "GtoA": -0.44997493423040213, "GtoC": -0.5356029371936066, "CtoG": -0.607963136232528}