{"pos1": {"prob": 5.7901104205006835e-285, "formula": "count ~ group * mut * base - group : mut : base", "stats": "{\"group\":{\"0\":\"1\",\"1\":\"1\",\"2\":\"1\",\"3\":\"1\",\"4\":\"1\",\"5\":\"1\",\"6\":\"1\",\"7\":\"1\",\"8\":\"2\",\"9\":\"2\",\"10\":\"2\",\"11\":\"2\",\"12\":\"2\",\"13\":\"2\",\"14\":\"2\",\"15\":\"2\"},\"mut\":{\"0\":\"M\",\"1\":\"M\",\"2\":\"M\",\"3\":\"M\",\"4\":\"R\",\"5\":\"R\",\"6\":\"R\",\"7\":\"R\",\"8\":\"M\",\"9\":\"M\",\"10\":\"M\",\"11\":\"M\",\"12\":\"R\",\"13\":\"R\",\"14\":\"R\",\"15\":\"R\"},\"base\":{\"0\":\"A\",\"1\":\"C\",\"2\":\"G\",\"3\":\"T\",\"4\":\"A\",\"5\":\"C\",\"6\":\"G\",\"7\":\"T\",\"8\":\"A\",\"9\":\"C\",\"10\":\"G\",\"11\":\"T\",\"12\":\"A\",\"13\":\"C\",\"14\":\"G\",\"15\":\"T\"},\"count\":{\"0\":15857,\"1\":4381,\"2\":8583,\"3\":3123,\"4\":7300,\"5\":9321,\"6\":6959,\"7\":8364,\"8\":663,\"9\":2053,\"10\":897,\"11\":788,\"12\":921,\"13\":1416,\"14\":919,\"15\":1145},\"fitted\":{\"0\":15373.4592699052,\"1\":4947.4071819029,\"2\":8375.8850636826,\"3\":3247.2484845093,\"4\":7783.5407300949,\"5\":8754.592818097,\"6\":7166.1149363174,\"7\":8239.7515154906,\"8\":1146.5407300949,\"9\":1486.5928180971,\"10\":1104.1149363174,\"11\":663.7515154906,\"12\":437.4592699051,\"13\":1982.4071819029,\"14\":711.8850636826,\"15\":1269.2484845094},\"ret\":{\"0\":0.0067556284,\"1\":-0.0073279821,\"2\":0.0028842318,\"3\":-0.0016761664,\"4\":-0.0064410517,\"5\":0.0080388929,\"6\":-0.002807713,\"7\":0.0017221157,\"8\":-0.0049958007,\"9\":0.0091173461,\"10\":-0.0025635698,\"11\":0.0018601335,\"12\":0.0094326977,\"13\":-0.0065545442,\"14\":0.0032285694,\"15\":-0.0016227582}}", "deviance": 1315.693254954388, "rel_entropy": 0.009050029267811172, "df": 3}, "pos3": {"prob": 1.4763930487632013e-15, "formula": "count ~ group * mut * base - group : mut : base", "stats": "{\"group\":{\"0\":\"1\",\"1\":\"1\",\"2\":\"1\",\"3\":\"1\",\"4\":\"1\",\"5\":\"1\",\"6\":\"1\",\"7\":\"1\",\"8\":\"2\",\"9\":\"2\",\"10\":\"2\",\"11\":\"2\",\"12\":\"2\",\"13\":\"2\",\"14\":\"2\",\"15\":\"2\"},\"mut\":{\"0\":\"M\",\"1\":\"M\",\"2\":\"M\",\"3\":\"M\",\"4\":\"R\",\"5\":\"R\",\"6\":\"R\",\"7\":\"R\",\"8\":\"M\",\"9\":\"M\",\"10\":\"M\",\"11\":\"M\",\"12\":\"R\",\"13\":\"R\",\"14\":\"R\",\"15\":\"R\"},\"base\":{\"0\":\"A\",\"1\":\"C\",\"2\":\"G\",\"3\":\"T\",\"4\":\"A\",\"5\":\"C\",\"6\":\"G\",\"7\":\"T\",\"8\":\"A\",\"9\":\"C\",\"10\":\"G\",\"11\":\"T\",\"12\":\"A\",\"13\":\"C\",\"14\":\"G\",\"15\":\"T\"},\"count\":{\"0\":6820,\"1\":8693,\"2\":5996,\"3\":10435,\"4\":8006,\"5\":8038,\"6\":6886,\"7\":9014,\"8\":1161,\"9\":1159,\"10\":878,\"11\":1203,\"12\":1035,\"13\":1231,\"14\":882,\"15\":1253},\"fitted\":{\"0\":6949.1972341186,\"1\":8618.1766035503,\"2\":6045.967027866,\"3\":10330.6591344651,\"4\":7876.8027658814,\"5\":8112.8233964496,\"6\":6836.032972134,\"7\":9118.3408655349,\"8\":1031.8027658814,\"9\":1233.8233964496,\"10\":828.032972134,\"11\":1307.3408655349,\"12\":1164.1972341186,\"13\":1156.1766035504,\"14\":931.967027866,\"15\":1148.6591344651},\"ret\":{\"0\":-0.0017607473,\"1\":0.0010338048,\"2\":-0.0006845506,\"3\":0.0014426472,\"4\":0.0017918703,\"5\":-0.0010245878,\"6\":0.000689905,\"7\":-0.0014271783,\"8\":0.0018842759,\"9\":-0.0009974868,\"10\":0.0007077342,\"11\":-0.0013765531,\"12\":-0.0016748853,\"13\":0.0010619609,\"14\":-0.0006686332,\"15\":0.0014987284}}", "deviance": 72.15271549849443, "rel_entropy": 0.0004963042749930831, "df": 3}, "pos0": {"prob": 1.1297324329683605e-61, "formula": "count ~ group * mut * base - group : mut : base", "stats": "{\"group\":{\"0\":\"1\",\"1\":\"1\",\"2\":\"1\",\"3\":\"1\",\"4\":\"1\",\"5\":\"1\",\"6\":\"1\",\"7\":\"1\",\"8\":\"2\",\"9\":\"2\",\"10\":\"2\",\"11\":\"2\",\"12\":\"2\",\"13\":\"2\",\"14\":\"2\",\"15\":\"2\"},\"mut\":{\"0\":\"M\",\"1\":\"M\",\"2\":\"M\",\"3\":\"M\",\"4\":\"R\",\"5\":\"R\",\"6\":\"R\",\"7\":\"R\",\"8\":\"M\",\"9\":\"M\",\"10\":\"M\",\"11\":\"M\",\"12\":\"R\",\"13\":\"R\",\"14\":\"R\",\"15\":\"R\"},\"base\":{\"0\":\"A\",\"1\":\"C\",\"2\":\"G\",\"3\":\"T\",\"4\":\"A\",\"5\":\"C\",\"6\":\"G\",\"7\":\"T\",\"8\":\"A\",\"9\":\"C\",\"10\":\"G\",\"11\":\"T\",\"12\":\"A\",\"13\":\"C\",\"14\":\"G\",\"15\":\"T\"},\"count\":{\"0\":6148,\"1\":7467,\"2\":8521,\"3\":9808,\"4\":6853,\"5\":8280,\"6\":7932,\"7\":8879,\"8\":1066,\"9\":1311,\"10\":1356,\"11\":668,\"12\":1019,\"13\":1058,\"14\":1088,\"15\":1236},\"fitted\":{\"0\":6214.6470805438,\"1\":7627.4502234118,\"2\":8596.8305434228,\"3\":9505.0721526217,\"4\":6786.3529194562,\"5\":8119.5497765883,\"6\":7856.1694565772,\"7\":9181.9278473783,\"8\":999.3529194562,\"9\":1150.5497765883,\"10\":1280.1694565772,\"11\":970.9278473788,\"12\":1085.6470805438,\"13\":1218.4502234117,\"14\":1163.8305434228,\"15\":933.0721526221},\"ret\":{\"0\":-0.0009119333,\"1\":-0.0021839408,\"2\":-0.0010385901,\"3\":0.0042331069,\"4\":0.0009213547,\"5\":0.002228989,\"6\":0.0010482232,\"7\":-0.0040978802,\"8\":0.0009467825,\"9\":0.0023545392,\"10\":0.001073509,\"11\":-0.0034366205,\"12\":-0.0008881301,\"13\":-0.0020551517,\"14\":-0.0010084559,\"15\":0.0047806471}}", "deviance": 285.88237700010757, "rel_entropy": 0.0019664491470636094, "df": 3}, "pos2": {"prob": 2.0460255687796705e-16, "formula": "count ~ group * mut * base - group : mut : base", "stats": "{\"group\":{\"0\":\"1\",\"1\":\"1\",\"2\":\"1\",\"3\":\"1\",\"4\":\"1\",\"5\":\"1\",\"6\":\"1\",\"7\":\"1\",\"8\":\"2\",\"9\":\"2\",\"10\":\"2\",\"11\":\"2\",\"12\":\"2\",\"13\":\"2\",\"14\":\"2\",\"15\":\"2\"},\"mut\":{\"0\":\"M\",\"1\":\"M\",\"2\":\"M\",\"3\":\"M\",\"4\":\"R\",\"5\":\"R\",\"6\":\"R\",\"7\":\"R\",\"8\":\"M\",\"9\":\"M\",\"10\":\"M\",\"11\":\"M\",\"12\":\"R\",\"13\":\"R\",\"14\":\"R\",\"15\":\"R\"},\"base\":{\"0\":\"A\",\"1\":\"C\",\"2\":\"G\",\"3\":\"T\",\"4\":\"A\",\"5\":\"C\",\"6\":\"G\",\"7\":\"T\",\"8\":\"A\",\"9\":\"C\",\"10\":\"G\",\"11\":\"T\",\"12\":\"A\",\"13\":\"C\",\"14\":\"G\",\"15\":\"T\"},\"count\":{\"0\":4359,\"1\":8561,\"2\":14685,\"3\":4339,\"4\":4883,\"5\":8558,\"6\":10384,\"7\":8119,\"8\":628,\"9\":1268,\"10\":1742,\"11\":763,\"12\":676,\"13\":1146,\"14\":1533,\"15\":1046},\"fitted\":{\"0\":4366.6291360122,\"1\":8607.3441052411,\"2\":14519.7032180429,\"3\":4450.3235407038,\"4\":4875.3708639878,\"5\":8511.6558947589,\"6\":10549.2967819571,\"7\":8007.6764592962,\"8\":620.3708639878,\"9\":1221.6558947589,\"10\":1907.2967819571,\"11\":651.6764592962,\"12\":683.6291360122,\"13\":1192.3441052411,\"14\":1367.7032180429,\"15\":1157.3235407038},\"ret\":{\"0\":-0.0001048627,\"1\":-0.0006358387,\"2\":0.0022868913,\"3\":-0.001512167,\"4\":0.0001050365,\"5\":0.0006392907,\"6\":-0.0022560868,\"7\":0.00154208,\"8\":0.0001055971,\"9\":0.0006495012,\"10\":-0.0021724809,\"11\":0.0016554216,\"12\":-0.0001043666,\"13\":-0.0006250041,\"14\":0.0024061868,\"15\":-0.0014553442}}", "deviance": 76.15791345609667, "rel_entropy": 0.0005238541302524189, "df": 3}}