{"best_a_choice": 0.01, "params": {"3": {"alpha": 2.0}, "2": {"alpha": 1.0}, "1": {"alpha": 0.1}, "4": {"alpha": 3.0}, "0": {"alpha": 0.01}}, "split0_test_score": {"3": 0.7758955461, "2": 0.7760306402, "1": 0.7760972744, "4": 0.775710096, "0": 0.776108228}, "rank_test_score": {"3": 4, "2": 3, "1": 2, "4": 5, "0": 1}, "param_alpha": {"3": 2.0, "2": 1.0, "1": 0.1, "4": 3.0, "0": 0.01}}