{"CtoA": 0.0, "Pos_0_T": 0.018673392837240198, "AtoT": 0.2644342774357178, "CtoG": -0.3974308544848416, "GtoC": -0.2997116195776896, "GtoA": -0.5251147318935949, "GC_feature": -0.09182204074885301, "AtoG": 0.0, "Pos_1_A": -0.050748322100155355, "CtoT": -0.4411868035715171, "TtoG": 0.0017072647526054066, "GtoT": -0.0029138484173920195, "AtoC": -0.11511376898000399, "TtoA": 0.35034156993077675, "Pos_0_G": 0.2690706201378148, "Pos_1_T": 0.046604339501489477, "TtoC": 0.09553088325973098, "Pos_0_A": 0.0, "Pos_1_G": -0.18252227055568515, "Pos_0_C": -0.03162274911704466, "Pos_1_C": 0.0}