{"GC_feature": -0.1377153345097992, "TtoC": 0.021933817331276494, "CtoG": -0.653274719727289, "TtoG": 0.0, "AtoT": 0.3861550410033, "AtoG": 0.033359392488219834, "GtoA": -0.4334614401079431, "GtoT": 0.007005994184659034, "CtoT": -0.45706202753482894, "GtoC": -0.6248770956375387, "CtoA": -0.035399780974749134, "AtoC": -0.08591999987081944, "TtoA": 0.4231249002868833}