{"param_alpha": {"4": 3.0, "1": 0.1, "2": 1.0, "0": 0.01, "3": 2.0}, "rank_test_score": {"4": 1, "1": 4, "2": 3, "0": 5, "3": 2}, "best_a_choice": 3.0, "split0_test_score": {"4": 0.6551031021, "1": 0.6496121146, "2": 0.6523912442, "0": 0.6480753633, "3": 0.6537901125}, "params": {"4": {"alpha": 3.0}, "1": {"alpha": 0.1}, "2": {"alpha": 1.0}, "0": {"alpha": 0.01}, "3": {"alpha": 2.0}}}