{"TtoG": -0.0010919949430045072, "AtoG": 0.172821261538325, "AtoT": 0.5183533518246276, "AtoC": -0.022694402424652982, "GtoC": -1.021535842279753, "GtoA": -0.31214833631724614, "TtoA": 0.5192008593261432, "CtoA": 0.06992133879515496, "GC_feature": -0.14463184351475333, "CtoG": -0.8672794286918234, "CtoT": -0.3676445138103404, "GtoT": 0.12050896333485149, "TtoC": 0.18179525317952494}