{"params": {"0": {"C": 0.1, "penalty": "l1"}, "3": {"C": 100.0, "penalty": "l1"}, "1": {"C": 1.0, "penalty": "l1"}, "2": {"C": 10.0, "penalty": "l1"}}, "best_c_choice": 10.0, "rank_test_score": {"0": 4, "3": 2, "1": 3, "2": 1}, "split0_test_score": {"0": 0.7309177568, "3": 0.7325737841, "1": 0.7324688213, "2": 0.7325776009}, "param_C": {"0": 0.1, "3": 100.0, "1": 1.0, "2": 10.0}, "param_penalty": {"0": "l1", "3": "l1", "1": "l1", "2": "l1"}}