{"param_alpha": {"0": 0.01, "4": 3.0, "3": 2.0, "2": 1.0, "1": 0.1}, "split0_test_score": {"0": 0.6525682497, "4": 0.6478711629, "3": 0.6478773652, "2": 0.6481407265, "1": 0.6502337809}, "rank_test_score": {"0": 1, "4": 5, "3": 4, "2": 3, "1": 2}, "params": {"0": {"alpha": 0.01}, "4": {"alpha": 3.0}, "3": {"alpha": 2.0}, "2": {"alpha": 1.0}, "1": {"alpha": 0.1}}, "best_a_choice": 0.01}