{"split0_test_score": {"3": 0.7677763602, "1": 0.7737710088, "0": 0.7806046708, "2": 0.7688478329}, "param_penalty": {"3": "l1", "1": "l1", "0": "l1", "2": "l1"}, "param_C": {"3": 100.0, "1": 1.0, "0": 0.1, "2": 10.0}, "best_c_choice": 0.1, "rank_test_score": {"3": 4, "1": 2, "0": 1, "2": 3}, "params": {"3": {"C": 100.0, "penalty": "l1"}, "1": {"C": 1.0, "penalty": "l1"}, "0": {"C": 0.1, "penalty": "l1"}, "2": {"C": 10.0, "penalty": "l1"}}}