{"TtoG": 0.2524164760323894, "AtoG": 0.38018378156552435, "Pos_2_T": 0.1570453549479544, "Pos_3_C": 0.02490117241312683, "GtoC": -2.0301036857735983, "Pos_3_T": 0.06382765468730538, "TtoA": 1.2637719853663698, "Pos_3_G": 0.0, "CtoT": -0.294127423643593, "Pos_0_T": 0.18725707321421023, "GtoA": -0.22024608470736665, "Pos_1_G": 0.31280037117014253, "Pos_0_G": 0.0, "CtoA": 0.34888025960008673, "Pos_2_A": 0.0, "Pos_0_A": 0.05346678383063052, "Pos_3_A": -0.033503726420211384, "Pos_2_C": 0.2038220143080598, "Pos_1_A": 0.12665912422884945, "TtoC": 0.3947894697952646, "Pos_0_C": 0.0, "AtoT": 1.1715522574076886, "Pos_1_T": 0.0, "CtoG": -1.8744302937605564, "Pos_1_C": -0.05626160649379632, "Pos_2_G": -0.1670847727421065, "AtoC": 0.14367540880784643, "GtoT": 0.5204783280191374}