{"param_C": {"3": 100.0, "2": 10.0, "0": 0.1, "1": 1.0}, "best_c_choice": 1.0, "param_penalty": {"3": "l1", "2": "l1", "0": "l1", "1": "l1"}, "split0_test_score": {"3": 0.7509613641, "2": 0.7509565931, "0": 0.7463659004, "1": 0.7512395156}, "params": {"3": {"C": 100.0, "penalty": "l1"}, "2": {"C": 10.0, "penalty": "l1"}, "0": {"C": 0.1, "penalty": "l1"}, "1": {"C": 1.0, "penalty": "l1"}}, "rank_test_score": {"3": 2, "2": 3, "0": 4, "1": 1}}