{"split0_test_score": {"2": 0.685157791, "3": 0.6844856416, "4": 0.6841250668, "0": 0.6898222209, "1": 0.6875955589}, "best_a_choice": 0.01, "rank_test_score": {"2": 3, "3": 4, "4": 5, "0": 1, "1": 2}, "param_alpha": {"2": 1.0, "3": 2.0, "4": 3.0, "0": 0.01, "1": 0.1}, "params": {"2": {"alpha": 1.0}, "3": {"alpha": 2.0}, "4": {"alpha": 3.0}, "0": {"alpha": 0.01}, "1": {"alpha": 0.1}}}