{"split0_test_score": {"2": 0.7289124896, "0": 0.7289124896, "3": 0.728560387, "1": 0.7289124896, "4": 0.728560387}, "param_alpha": {"2": 1.0, "0": 0.01, "3": 2.0, "1": 0.1, "4": 3.0}, "rank_test_score": {"2": 1, "0": 1, "3": 4, "1": 1, "4": 4}, "best_a_choice": 0.01, "params": {"2": {"alpha": 1.0}, "0": {"alpha": 0.01}, "3": {"alpha": 2.0}, "1": {"alpha": 0.1}, "4": {"alpha": 3.0}}}