{"param_penalty": {"0": "l1", "2": "l1", "1": "l1", "3": "l1"}, "split0_test_score": {"0": 0.7761796681, "2": 0.6787564372, "1": 0.7115906924, "3": 0.6720999428}, "param_C": {"0": 0.1, "2": 10.0, "1": 1.0, "3": 100.0}, "rank_test_score": {"0": 1, "2": 3, "1": 2, "3": 4}, "best_c_choice": 0.1, "params": {"0": {"C": 0.1, "penalty": "l1"}, "2": {"C": 10.0, "penalty": "l1"}, "1": {"C": 1.0, "penalty": "l1"}, "3": {"C": 100.0, "penalty": "l1"}}}