{"best_c_choice": 0.1, "rank_test_score": {"0": 1, "2": 3, "3": 4, "1": 2}, "params": {"0": {"penalty": "l1", "C": 0.1}, "2": {"penalty": "l1", "C": 10.0}, "3": {"penalty": "l1", "C": 100.0}, "1": {"penalty": "l1", "C": 1.0}}, "split0_test_score": {"0": 0.709721438, "2": 0.6284898676, "3": 0.6171654433, "1": 0.6611613025}, "param_penalty": {"0": "l1", "2": "l1", "3": "l1", "1": "l1"}, "param_C": {"0": 0.1, "2": 10.0, "3": 100.0, "1": 1.0}}