{"Pos_0:Pos_1_AG": 0.0, "AtoG": 0.19010238518032757, "CtoT": -0.5370767566016104, "Pos_0:Pos_1_CC": -0.14162354524488782, "CtoG": -1.4310114389989224, "Pos_0:Pos_1_AA": 0.5404813534401102, "Pos_0:Pos_1_TA": -0.033873721182067426, "Pos_0_C": -0.0050131488834549934, "Pos_0:Pos_1_GG": 0.0, "Pos_0:Pos_1_AT": -0.23897637628927548, "GtoC": -1.3470120521334772, "Pos_0_T": 0.0, "Pos_0:Pos_1_TC": 0.13436709236800226, "Pos_0:Pos_1_GT": 0.17961407105560773, "Pos_0:Pos_1_GA": -0.021178428478643586, "GtoT": 0.2479615173589048, "Pos_0:Pos_1_TG": 0.0, "Pos_0:Pos_1_TT": 0.011096752808618144, "Pos_0:Pos_1_AC": 0.312998518822934, "Pos_0_G": 0.2918878558541861, "Pos_0:Pos_1_CA": 0.33967021837679534, "Pos_1_G": -0.0026640881803531033, "Pos_1_T": 0.09550932730317101, "TtoA": 0.9555904372149779, "Pos_0:Pos_1_CG": -0.11255667655361817, "Pos_0:Pos_1_GC": 0.0, "GtoA": -0.4509159460077359, "AtoC": 0.0, "TtoG": 0.0, "Pos_1_C": 0.23951914576794123, "AtoT": 1.0575933616766058, "Pos_1_A": 0.0, "CtoA": 0.0, "Pos_0:Pos_1_CT": 0.0, "Pos_0_A": 0.014549927104080386, "TtoC": 0.32216115462898953}