{"Pos_1:Pos_3_CA": -0.10300653645210159, "Pos_1:Pos_2_GG": 0.0, "Pos_0:Pos_2_TT": 0.07399382102629382, "Pos_1:Pos_3_GG": 0.0, "Pos_1:Pos_3_AC": 0.0, "GtoT": 0.3866162683115167, "TtoA": 1.1490893769195727, "Pos_0:Pos_2_TG": -0.19046647702677375, "Pos_0:Pos_2_AA": 0.0, "Pos_3_G": 0.0, "Pos_0:Pos_2_CC": 0.002969006595816952, "Pos_0:Pos_1_GA": -0.05471065111982421, "Pos_0:Pos_3_AC": 0.0, "CtoA": 0.12059318294474593, "Pos_2:Pos_3_AT": -0.08352260665252759, "Pos_2:Pos_3_GG": 0.12465846190109307, "Pos_3_T": 0.050092488639338635, "Pos_1:Pos_3_TC": -0.015524851845827267, "Pos_0:Pos_2_TC": 0.0, "Pos_2_A": 0.0, "Pos_3_C": 0.0, "Pos_0:Pos_3_CG": 0.005190164063948301, "Pos_1:Pos_3_GT": 0.00568579852122369, "Pos_1:Pos_3_CG": -0.05583033594915031, "Pos_0:Pos_1_GT": 0.0, "Pos_0:Pos_2_GC": -0.003393458550445541, "Pos_0:Pos_3_TC": 0.0, "Pos_0:Pos_2_AG": 0.0, "Pos_0:Pos_3_CT": -0.005680455388446878, "GtoC": -2.1566191522700042, "Pos_0:Pos_3_GA": -0.00026711882555152975, "Pos_1:Pos_3_CC": 0.11626408538945801, "Pos_1:Pos_2_GT": -0.09217852940565106, "Pos_2:Pos_3_GA": -0.19876398584005825, "Pos_0:Pos_1_TC": 0.0, "Pos_0:Pos_2_TA": 0.043657443646368845, "Pos_2:Pos_3_CA": 0.19329772435011985, "Pos_2:Pos_3_TG": 0.0, "Pos_1:Pos_2_CA": 0.0, "Pos_0:Pos_3_AT": 0.003520338540151286, "Pos_0:Pos_1_TA": 0.0, "Pos_2:Pos_3_GC": 0.0, "Pos_2_T": 0.0, "Pos_1:Pos_3_TT": 0.07495878467376715, "Pos_1_C": -0.1477974398918691, "Pos_0:Pos_3_AA": -0.006078637443601803, "Pos_0:Pos_1_CA": 0.13484313260500844, "Pos_0:Pos_1_CT": -0.004106023279732385, "Pos_0:Pos_3_GC": 0.06727069469565425, "Pos_1_T": 0.0, "Pos_0:Pos_1_TT": 0.08319354109042193, "Pos_3_A": 0.0, "Pos_0:Pos_1_GG": 0.0, "Pos_1:Pos_2_AC": 0.0, "Pos_1:Pos_3_TA": 0.0, "Pos_2:Pos_3_AA": 0.10387673348481358, "Pos_0:Pos_2_GT": 0.0, "Pos_2:Pos_3_TC": 0.0296883482662518, "Pos_0:Pos_3_CA": 0.1642508638061354, "Pos_2:Pos_3_TT": 0.1618293961560941, "Pos_1:Pos_2_AA": 0.1663973107826484, "Pos_0:Pos_3_TT": 0.11421754183055481, "Pos_1:Pos_2_TT": 0.07096258110708797, "Pos_2:Pos_3_CC": 0.0, "Pos_0:Pos_1_AA": 0.1684029116569788, "Pos_0:Pos_1_TG": 0.10825008204432124, "CtoG": -2.289701865030269, "AtoT": 0.9981348981903497, "GtoA": -0.3653965730558087, "Pos_0:Pos_2_GA": 0.12134268464407938, "Pos_1:Pos_3_TG": 0.12954529435682646, "Pos_1:Pos_2_TG": 0.04508461808957813, "Pos_1:Pos_2_TC": 0.0, "Pos_2:Pos_3_CG": -0.08477040706305518, "Pos_2:Pos_3_AC": -0.02250944189890005, "Pos_0:Pos_2_CA": -0.04046975023378983, "Pos_1:Pos_3_AA": 0.08233045866926071, "Pos_0:Pos_2_CT": -0.018285390534156374, "Pos_0:Pos_1_CC": 0.004887803957426603, "Pos_2:Pos_3_GT": 0.0, "Pos_0:Pos_1_GC": 0.0, "TtoG": 0.38485079146173135, "Pos_0:Pos_2_CG": 0.05076820092166312, "Pos_0:Pos_2_GG": 0.0, "Pos_0:Pos_1_AC": -0.04214460747474875, "Pos_0:Pos_3_TA": 0.08307081531183047, "Pos_2:Pos_3_AG": 0.22772426885711916, "Pos_1:Pos_3_AT": -0.005543462092276788, "Pos_1:Pos_3_CT": 0.0, "Pos_0:Pos_3_CC": -0.02135759425377918, "Pos_1:Pos_2_CC": 0.0, "Pos_1:Pos_3_GA": 0.0, "Pos_0:Pos_2_AT": 0.3245579279455822, "TtoC": 0.1936631083448389, "Pos_1:Pos_3_GC": 0.19472723817364826, "AtoG": 0.22937086192040787, "Pos_1_G": 0.22910262615908383, "Pos_1:Pos_2_GC": 0.04616321398620574, "Pos_1_A": 0.0, "Pos_2:Pos_3_TA": -0.00027089479229919894, "Pos_0_A": 0.0, "Pos_0:Pos_3_AG": 0.023165231457688742, "Pos_0_C": 0.0, "Pos_2_C": 0.09035370670400944, "Pos_1:Pos_2_TA": -0.28309558429671255, "Pos_0:Pos_1_CG": -0.2038595586582811, "Pos_2_G": 0.0, "Pos_0:Pos_3_TG": 0.0, "Pos_1:Pos_2_AG": -0.1561192629227421, "CtoT": -0.3379536023727735, "Pos_0:Pos_3_GT": 0.0, "Pos_0:Pos_1_AG": 0.16743318289810924, "Pos_2:Pos_3_CT": 0.1254311500341688, "Pos_1:Pos_2_CT": 0.1526137489902434, "Pos_0_T": 0.13431096002687698, "AtoC": -0.07332961520981288, "Pos_1:Pos_2_CG": 0.0, "Pos_0_G": -0.051454569194302496, "Pos_0:Pos_3_GG": -0.08180563931631989, "Pos_1:Pos_3_AG": 0.04866747897564823, "Pos_0:Pos_1_AT": 0.0, "Pos_0:Pos_2_AC": 0.03879519580034831, "Pos_1:Pos_2_AT": 0.0, "Pos_1:Pos_2_GA": 0.00011708003598881689}