{"GtoA": -0.287306819510731, "TtoG": 0.2625312235088662, "TtoA": 1.1221866442628574, "GtoT": 0.3489767207558848, "TtoC": 0.37342320231658915, "CtoA": 0.2672365963998165, "GtoC": -1.5033890227316855, "AtoC": 0.11757000438777558, "AtoG": 0.3898417259475108, "CtoG": -1.5129487662270085, "CtoT": -0.27958637200208797, "AtoT": 1.1270996428057258}