{"rank_test_score": {"0": 1, "2": 3, "3": 4, "1": 2, "4": 5}, "params": {"0": {"alpha": 0.01}, "2": {"alpha": 1.0}, "3": {"alpha": 2.0}, "1": {"alpha": 0.1}, "4": {"alpha": 3.0}}, "param_alpha": {"0": 0.01, "2": 1.0, "3": 2.0, "1": 0.1, "4": 3.0}, "split0_test_score": {"0": 0.7712633246, "2": 0.7712348757, "3": 0.7711615476, "1": 0.7712610426, "4": 0.7710263014}, "best_a_choice": 0.01}