{"param_alpha": {"0": 0.01, "3": 2.0, "1": 0.1, "4": 3.0, "2": 1.0}, "rank_test_score": {"0": 5, "3": 2, "1": 4, "4": 1, "2": 3}, "params": {"0": {"alpha": 0.01}, "3": {"alpha": 2.0}, "1": {"alpha": 0.1}, "4": {"alpha": 3.0}, "2": {"alpha": 1.0}}, "split0_test_score": {"0": 0.6487354568, "3": 0.6659584208, "1": 0.6546557315, "4": 0.6678771696, "2": 0.6627655922}, "best_a_choice": 3.0}