{"rank_test_score": {"0": 5, "1": 4, "3": 2, "4": 1, "2": 3}, "params": {"0": {"alpha": 0.01}, "1": {"alpha": 0.1}, "3": {"alpha": 2.0}, "4": {"alpha": 3.0}, "2": {"alpha": 1.0}}, "split0_test_score": {"0": 0.6561362235, "1": 0.6609082553, "3": 0.6655180372, "4": 0.6660177941, "2": 0.6646126937}, "best_a_choice": 3.0, "param_alpha": {"0": 0.01, "1": 0.1, "3": 2.0, "4": 3.0, "2": 1.0}}