{"rank_test_score": {"2": 3, "0": 2, "3": 4, "1": 1, "4": 5}, "params": {"2": {"alpha": 1.0}, "0": {"alpha": 0.01}, "3": {"alpha": 2.0}, "1": {"alpha": 0.1}, "4": {"alpha": 3.0}}, "best_a_choice": 0.1, "param_alpha": {"2": 1.0, "0": 0.01, "3": 2.0, "1": 0.1, "4": 3.0}, "split0_test_score": {"2": 0.7494779556, "0": 0.7497499694, "3": 0.7490046699, "1": 0.7497597059, "4": 0.7485601373}}