{"param_alpha": {"2": 1.0, "1": 0.1, "3": 2.0, "0": 0.01, "4": 3.0}, "best_a_choice": 0.01, "params": {"2": {"alpha": 1.0}, "1": {"alpha": 0.1}, "3": {"alpha": 2.0}, "0": {"alpha": 0.01}, "4": {"alpha": 3.0}}, "rank_test_score": {"2": 3, "1": 2, "3": 4, "0": 1, "4": 5}, "split0_test_score": {"2": 0.6783376426, "1": 0.6797328446, "3": 0.678131294, "0": 0.6813278539, "4": 0.6780723924}}