{"param_alpha": {"2": 1.0, "1": 0.1, "0": 0.01, "4": 3.0, "3": 2.0}, "params": {"2": {"alpha": 1.0}, "1": {"alpha": 0.1}, "0": {"alpha": 0.01}, "4": {"alpha": 3.0}, "3": {"alpha": 2.0}}, "rank_test_score": {"2": 3, "1": 2, "0": 1, "4": 5, "3": 4}, "split0_test_score": {"2": 0.7670741942, "1": 0.7686496281, "0": 0.7686954034, "4": 0.7639881747, "3": 0.765403395}, "best_a_choice": 0.01}