{"rank_test_score": {"2": 3, "3": 5, "1": 2, "4": 4, "0": 1}, "split0_test_score": {"2": 0.6738738315, "3": 0.6735758203, "1": 0.6755050505, "4": 0.6737012987, "0": 0.6767441496}, "params": {"2": {"alpha": 1.0}, "3": {"alpha": 2.0}, "1": {"alpha": 0.1}, "4": {"alpha": 3.0}, "0": {"alpha": 0.01}}, "best_a_choice": 0.01, "param_alpha": {"2": 1.0, "3": 2.0, "1": 0.1, "4": 3.0, "0": 0.01}}