{"GtoA": -0.4215872207872984, "TtoA": 0.4237468514697621, "TtoG": 0.0, "CtoA": -0.06449363499869035, "AtoG": 0.06991805360556916, "GtoC": -0.5558324102258345, "GC_feature": -0.14874716633911003, "CtoT": -0.439625245219978, "TtoC": 0.010579597336347031, "CtoG": -0.5897020076440219, "GtoT": 0.013522154330352623, "AtoT": 0.37550752343817356, "AtoC": -0.10634858495244857}