{"rank_test_score": {"4": 1, "2": 1, "3": 1, "0": 1, "1": 1}, "params": {"4": {"alpha": 3.0}, "2": {"alpha": 1.0}, "3": {"alpha": 2.0}, "0": {"alpha": 0.01}, "1": {"alpha": 0.1}}, "split0_test_score": {"4": 0.7399770329, "2": 0.7399770329, "3": 0.7399770329, "0": 0.7399770329, "1": 0.7399770329}, "best_a_choice": 0.01, "param_alpha": {"4": 3.0, "2": 1.0, "3": 2.0, "0": 0.01, "1": 0.1}}