{"split0_test_score": {"0": 0.6303166126, "4": 0.6525367156, "1": 0.6401335113, "2": 0.6475281327, "3": 0.6506313179}, "best_a_choice": 3.0, "params": {"0": {"alpha": 0.01}, "4": {"alpha": 3.0}, "1": {"alpha": 0.1}, "2": {"alpha": 1.0}, "3": {"alpha": 2.0}}, "rank_test_score": {"0": 5, "4": 1, "1": 4, "2": 3, "3": 2}, "param_alpha": {"0": 0.01, "4": 3.0, "1": 0.1, "2": 1.0, "3": 2.0}}