{"split0_test_score": {"0": 0.7570363267, "4": 0.7543473697, "3": 0.7553206615, "1": 0.7570029294, "2": 0.7564981536}, "best_a_choice": 0.01, "params": {"0": {"alpha": 0.01}, "4": {"alpha": 3.0}, "3": {"alpha": 2.0}, "1": {"alpha": 0.1}, "2": {"alpha": 1.0}}, "param_alpha": {"0": 0.01, "4": 3.0, "3": 2.0, "1": 0.1, "2": 1.0}, "rank_test_score": {"0": 1, "4": 5, "3": 4, "1": 2, "2": 3}}