{"split0_test_score": {"1": 0.7275021708, "4": 0.7275021708, "3": 0.7275021708, "0": 0.7275021708, "2": 0.7275021708}, "param_alpha": {"1": 0.1, "4": 3.0, "3": 2.0, "0": 0.01, "2": 1.0}, "best_a_choice": 0.01, "params": {"1": {"alpha": 0.1}, "4": {"alpha": 3.0}, "3": {"alpha": 2.0}, "0": {"alpha": 0.01}, "2": {"alpha": 1.0}}, "rank_test_score": {"1": 1, "4": 1, "3": 1, "0": 1, "2": 1}}