{"CtoT": -0.4847672945869166, "CtoG": -0.6362806546973508, "GtoT": 0.013623008323851504, "TtoA": 0.41192416759130446, "CtoA": -0.03584381080437841, "GtoC": -0.5990314725252791, "TtoG": 0.0, "AtoG": 0.014113222824112743, "AtoT": 0.38478711508460484, "GtoA": -0.42379676927582, "GC_feature": -0.10475010286823497, "AtoC": -0.0938581909589447, "TtoC": 0.00814429868295356}