{"TtoC": 0.3524928879485548, "Pos_1_T": 0.13997979541374667, "Pos_5_T": 0.13954930812336303, "Pos_2_T": 0.0, "Pos_0_T": 0.275366968800145, "GtoT": 0.42509813156695764, "Pos_0_A": 0.12484340469955753, "AtoG": 0.37092378781833213, "Pos_1_C": 0.0, "Pos_5_A": 0.1650424111824614, "Pos_2_A": 0.07696532235720473, "Pos_4_T": -0.007269571928430549, "AtoT": 1.2399585027647955, "Pos_4_C": 0.04796976910912133, "GtoA": -0.1600095104096565, "TtoG": 0.29097230476349734, "Pos_0_C": -0.04171402500285719, "CtoT": -0.18912510560979137, "Pos_3_A": 0.0, "AtoC": 0.030581372537013266, "Pos_3_G": -0.14167067961908025, "Pos_5_C": 0.0, "Pos_1_A": 0.06778701451892521, "CtoG": -1.8739734203366831, "Pos_2_C": -0.2026214467101103, "Pos_0_G": 0.0, "Pos_4_A": 0.0, "TtoA": 1.124535881153884, "Pos_2_G": 0.265873633239613, "Pos_4_G": 0.03522833211435119, "Pos_1_G": -0.09255472283879117, "Pos_3_C": 0.13491347603212278, "CtoA": 0.29378214654982443, "Pos_5_G": -0.04959839198788657, "GtoC": -1.9993908247683752, "Pos_3_T": 0.18148317715680767}