{"GtoA": -0.32699429843536176, "GtoT": 0.29883713289823766, "CtoT": -0.27209731791818864, "AtoC": 0.01778713485111657, "CtoG": -1.3354054071900328, "AtoG": 0.3331567081846355, "TtoC": 0.30313551026660407, "TtoA": 1.029239476891072, "CtoA": 0.16986449778680807, "TtoG": 0.2920406338318096, "GtoC": -1.2842630105430033, "AtoT": 1.1055092586749924}