{"param_alpha": {"2": 1.0, "3": 2.0, "1": 0.1, "0": 0.01, "4": 3.0}, "rank_test_score": {"2": 3, "3": 2, "1": 4, "0": 5, "4": 1}, "best_a_choice": 3.0, "split0_test_score": {"2": 0.6754949951, "3": 0.6759485036, "1": 0.6742664451, "0": 0.6725017024, "4": 0.6761565455}, "params": {"2": {"alpha": 1.0}, "3": {"alpha": 2.0}, "1": {"alpha": 0.1}, "0": {"alpha": 0.01}, "4": {"alpha": 3.0}}}