{"pos1": {"df": 3, "stats": "{\"group\":{\"8\":\"1\",\"9\":\"1\",\"10\":\"1\",\"11\":\"1\",\"12\":\"1\",\"13\":\"1\",\"14\":\"1\",\"15\":\"1\",\"0\":\"2\",\"1\":\"2\",\"2\":\"2\",\"3\":\"2\",\"4\":\"2\",\"5\":\"2\",\"6\":\"2\",\"7\":\"2\"},\"mut\":{\"8\":\"M\",\"9\":\"M\",\"10\":\"M\",\"11\":\"M\",\"12\":\"R\",\"13\":\"R\",\"14\":\"R\",\"15\":\"R\",\"0\":\"M\",\"1\":\"M\",\"2\":\"M\",\"3\":\"M\",\"4\":\"R\",\"5\":\"R\",\"6\":\"R\",\"7\":\"R\"},\"base\":{\"8\":\"A\",\"9\":\"C\",\"10\":\"G\",\"11\":\"T\",\"12\":\"A\",\"13\":\"C\",\"14\":\"G\",\"15\":\"T\",\"0\":\"A\",\"1\":\"C\",\"2\":\"G\",\"3\":\"T\",\"4\":\"A\",\"5\":\"C\",\"6\":\"G\",\"7\":\"T\"},\"count\":{\"8\":663,\"9\":2053,\"10\":897,\"11\":788,\"12\":921,\"13\":1416,\"14\":919,\"15\":1145,\"0\":22,\"1\":57,\"2\":19,\"3\":18,\"4\":14,\"5\":43,\"6\":26,\"7\":33},\"fitted\":{\"8\":669.9663840365,\"9\":2051.3973700128,\"10\":894.0919365078,\"11\":785.5443094429,\"12\":914.0336159635,\"13\":1417.6026299872,\"14\":921.9080634922,\"15\":1147.4556905571,\"0\":15.0336159636,\"1\":58.6026299872,\"2\":21.9080634922,\"3\":20.4556905571,\"4\":20.9663840366,\"5\":41.3973700128,\"6\":23.0919365078,\"7\":30.5443094429},\"ret\":{\"8\":-0.0007671064,\"9\":0.0001774691,\"10\":0.000322425,\"11\":0.000272252,\"12\":0.0007740607,\"13\":-0.0001772995,\"14\":-0.0003213939,\"15\":-0.0002715365,\"0\":0.0009272284,\"1\":-0.0001749517,\"2\":-0.000299524,\"3\":-0.0002548161,\"4\":-0.000625867,\"5\":0.0001807902,\"6\":0.0003413703,\"7\":0.0002824731}}", "rel_entropy": 0.000385573809544053, "deviance": 6.96654759084195, "prob": 0.072971692352147, "formula": "count ~ group * mut * base - group : mut : base"}, "pos2": {"df": 3, "stats": "{\"group\":{\"8\":\"1\",\"9\":\"1\",\"10\":\"1\",\"11\":\"1\",\"12\":\"1\",\"13\":\"1\",\"14\":\"1\",\"15\":\"1\",\"0\":\"2\",\"1\":\"2\",\"2\":\"2\",\"3\":\"2\",\"4\":\"2\",\"5\":\"2\",\"6\":\"2\",\"7\":\"2\"},\"mut\":{\"8\":\"M\",\"9\":\"M\",\"10\":\"M\",\"11\":\"M\",\"12\":\"R\",\"13\":\"R\",\"14\":\"R\",\"15\":\"R\",\"0\":\"M\",\"1\":\"M\",\"2\":\"M\",\"3\":\"M\",\"4\":\"R\",\"5\":\"R\",\"6\":\"R\",\"7\":\"R\"},\"base\":{\"8\":\"A\",\"9\":\"C\",\"10\":\"G\",\"11\":\"T\",\"12\":\"A\",\"13\":\"C\",\"14\":\"G\",\"15\":\"T\",\"0\":\"A\",\"1\":\"C\",\"2\":\"G\",\"3\":\"T\",\"4\":\"A\",\"5\":\"C\",\"6\":\"G\",\"7\":\"T\"},\"count\":{\"8\":628,\"9\":1268,\"10\":1742,\"11\":763,\"12\":676,\"13\":1146,\"14\":1533,\"15\":1046,\"0\":15,\"1\":35,\"2\":39,\"3\":27,\"4\":19,\"5\":31,\"6\":35,\"7\":31},\"fitted\":{\"8\":626.4998979665,\"9\":1268.012242292,\"10\":1741.2968397255,\"11\":765.1910200159,\"12\":677.5001020335,\"13\":1145.987757708,\"14\":1533.7031602745,\"15\":1043.8089799841,\"0\":16.500102034,\"1\":34.987757708,\"2\":39.7031602745,\"3\":24.8089799843,\"4\":17.499897967,\"5\":31.012242292,\"6\":34.2968397255,\"7\":33.1910200162},\"ret\":{\"8\":0.0001662493,\"9\":-0.0000013551,\"10\":0.0000778506,\"11\":-0.0002421829,\"12\":-0.0001658667,\"13\":0.0000013551,\"14\":-0.000077817,\"15\":0.0002427848,\"0\":-0.0001582627,\"1\":0.0000013554,\"2\":-0.0000771415,\"3\":0.000252938,\"4\":0.0001729726,\"5\":-0.0000013549,\"6\":0.0000786274,\"7\":-0.0002343432}}", "rel_entropy": 3.5809119284425133e-05, "deviance": 0.6469991672309933, "prob": 0.885593620396318, "formula": "count ~ group * mut * base - group : mut : base"}, "pos3": {"df": 3, "stats": "{\"group\":{\"8\":\"1\",\"9\":\"1\",\"10\":\"1\",\"11\":\"1\",\"12\":\"1\",\"13\":\"1\",\"14\":\"1\",\"15\":\"1\",\"0\":\"2\",\"1\":\"2\",\"2\":\"2\",\"3\":\"2\",\"4\":\"2\",\"5\":\"2\",\"6\":\"2\",\"7\":\"2\"},\"mut\":{\"8\":\"M\",\"9\":\"M\",\"10\":\"M\",\"11\":\"M\",\"12\":\"R\",\"13\":\"R\",\"14\":\"R\",\"15\":\"R\",\"0\":\"M\",\"1\":\"M\",\"2\":\"M\",\"3\":\"M\",\"4\":\"R\",\"5\":\"R\",\"6\":\"R\",\"7\":\"R\"},\"base\":{\"8\":\"A\",\"9\":\"C\",\"10\":\"G\",\"11\":\"T\",\"12\":\"A\",\"13\":\"C\",\"14\":\"G\",\"15\":\"T\",\"0\":\"A\",\"1\":\"C\",\"2\":\"G\",\"3\":\"T\",\"4\":\"A\",\"5\":\"C\",\"6\":\"G\",\"7\":\"T\"},\"count\":{\"8\":1161,\"9\":1159,\"10\":878,\"11\":1203,\"12\":1035,\"13\":1231,\"14\":882,\"15\":1253,\"0\":36,\"1\":33,\"2\":20,\"3\":27,\"4\":31,\"5\":29,\"6\":19,\"7\":37},\"fitted\":{\"8\":1161.6426341925,\"9\":1161.9359894461,\"10\":878.5807200917,\"11\":1198.8406562697,\"12\":1034.3573658075,\"13\":1228.0640105539,\"14\":881.4192799083,\"15\":1257.1593437303,\"0\":35.3573658075,\"1\":30.0640105539,\"2\":19.4192799083,\"3\":31.1593437303,\"4\":31.6426341925,\"5\":31.9359894461,\"6\":19.5807200917,\"7\":32.8406562697},\"ret\":{\"8\":-0.0000711154,\"9\":-0.0003245824,\"10\":-0.0000642604,\"11\":0.0004612077,\"12\":0.0000711572,\"13\":0.0003253815,\"14\":0.0000643028,\"15\":-0.0004596475,\"0\":0.0000717776,\"1\":0.0003403696,\"2\":0.0000652333,\"3\":-0.0004282142,\"4\":-0.0000704078,\"5\":-0.0003095743,\"6\":-0.0000633188,\"7\":0.0004884076}}", "rel_entropy": 9.671660888105629e-05, "deviance": 1.747475689262925, "prob": 0.6264309503393539, "formula": "count ~ group * mut * base - group : mut : base"}, "pos0": {"df": 3, "stats": "{\"group\":{\"8\":\"1\",\"9\":\"1\",\"10\":\"1\",\"11\":\"1\",\"12\":\"1\",\"13\":\"1\",\"14\":\"1\",\"15\":\"1\",\"0\":\"2\",\"1\":\"2\",\"2\":\"2\",\"3\":\"2\",\"4\":\"2\",\"5\":\"2\",\"6\":\"2\",\"7\":\"2\"},\"mut\":{\"8\":\"M\",\"9\":\"M\",\"10\":\"M\",\"11\":\"M\",\"12\":\"R\",\"13\":\"R\",\"14\":\"R\",\"15\":\"R\",\"0\":\"M\",\"1\":\"M\",\"2\":\"M\",\"3\":\"M\",\"4\":\"R\",\"5\":\"R\",\"6\":\"R\",\"7\":\"R\"},\"base\":{\"8\":\"A\",\"9\":\"C\",\"10\":\"G\",\"11\":\"T\",\"12\":\"A\",\"13\":\"C\",\"14\":\"G\",\"15\":\"T\",\"0\":\"A\",\"1\":\"C\",\"2\":\"G\",\"3\":\"T\",\"4\":\"A\",\"5\":\"C\",\"6\":\"G\",\"7\":\"T\"},\"count\":{\"8\":1066,\"9\":1311,\"10\":1356,\"11\":668,\"12\":1019,\"13\":1058,\"14\":1088,\"15\":1236,\"0\":27,\"1\":38,\"2\":34,\"3\":17,\"4\":29,\"5\":25,\"6\":28,\"7\":34},\"fitted\":{\"8\":1064.3601908291,\"9\":1313.9976354464,\"10\":1355.5543207178,\"11\":667.0878530066,\"12\":1020.6398091709,\"13\":1055.0023645536,\"14\":1088.4456792821,\"15\":1236.9121469934,\"0\":28.6398091709,\"1\":35.0023645553,\"2\":34.4456792822,\"3\":17.9121469934,\"4\":27.3601908292,\"5\":27.9976354482,\"6\":27.5543207179,\"7\":33.0878530066},\"ret\":{\"8\":0.000181655,\"9\":-0.0003314383,\"10\":0.0000493417,\"11\":0.0001010372,\"12\":-0.0001813694,\"13\":0.000332288,\"14\":-0.0000493234,\"15\":-0.000100931,\"0\":-0.0001762167,\"1\":0.0003456365,\"2\":-0.000049013,\"3\":-0.0000983526,\"4\":0.0001868492,\"5\":-0.0003133834,\"6\":0.0000497304,\"7\":0.0001023473}}", "rel_entropy": 4.885756383244951e-05, "deviance": 0.8827584633246978, "prob": 0.8295864687598076, "formula": "count ~ group * mut * base - group : mut : base"}}