{"param_alpha": {"1": 0.1, "3": 2.0, "4": 3.0, "0": 0.01, "2": 1.0}, "rank_test_score": {"1": 4, "3": 2, "4": 1, "0": 5, "2": 3}, "split0_test_score": {"1": 0.5924697283, "3": 0.6139814292, "4": 0.6172124976, "0": 0.5868310434, "2": 0.6075820315}, "params": {"1": {"alpha": 0.1}, "3": {"alpha": 2.0}, "4": {"alpha": 3.0}, "0": {"alpha": 0.01}, "2": {"alpha": 1.0}}, "best_a_choice": 3.0}