{"best_a_choice": 0.01, "param_alpha": {"2": 1.0, "1": 0.1, "0": 0.01, "3": 2.0, "4": 3.0}, "params": {"2": {"alpha": 1.0}, "1": {"alpha": 0.1}, "0": {"alpha": 0.01}, "3": {"alpha": 2.0}, "4": {"alpha": 3.0}}, "rank_test_score": {"2": 5, "1": 2, "0": 1, "3": 4, "4": 3}, "split0_test_score": {"2": 0.6619320999, "1": 0.6630879268, "0": 0.6643162312, "3": 0.662263971, "4": 0.6625920275}}