{"param_alpha": {"2": 1.0, "4": 3.0, "0": 0.01, "1": 0.1, "3": 2.0}, "split0_test_score": {"2": 0.7548645502, "4": 0.7518492543, "0": 0.7559580721, "1": 0.7560115077, "3": 0.7532672067}, "best_a_choice": 0.1, "rank_test_score": {"2": 3, "4": 5, "0": 2, "1": 1, "3": 4}, "params": {"2": {"alpha": 1.0}, "4": {"alpha": 3.0}, "0": {"alpha": 0.01}, "1": {"alpha": 0.1}, "3": {"alpha": 2.0}}}