{"TtoG": 0.0, "GtoA": -0.48617352525844376, "Pos_0_A": 0.0, "Pos_2_C": 0.12399624929959817, "Pos_3_T": 0.0990812777558044, "Pos_3_A": 0.0, "Pos_2_A": 0.0, "Pos_1_A": 0.0, "Pos_2_T": 0.0, "Pos_0_G": 0.0, "Pos_1_C": -0.1173042160381173, "Pos_2_G": -0.1425448265367733, "AtoC": 0.0, "GtoC": -0.19552321343839965, "TtoC": 0.13423955693506953, "Pos_0_C": -0.051725855503537144, "GtoT": 0.0, "CtoA": 0.0, "AtoG": 0.029668019364920598, "CtoG": -0.21850965321379648, "AtoT": 0.6302121237580747, "Pos_3_C": 0.0, "Pos_0_T": 0.026285626547739742, "Pos_3_G": 0.0, "Pos_1_G": 0.12025497803276498, "TtoA": 0.6087889009584612, "CtoT": -0.5709610349945236, "Pos_1_T": -0.08177748213502754}