{"params": {"4": {"alpha": 3.0}, "3": {"alpha": 2.0}, "1": {"alpha": 0.1}, "2": {"alpha": 1.0}, "0": {"alpha": 0.01}}, "rank_test_score": {"4": 5, "3": 4, "1": 2, "2": 3, "0": 1}, "best_a_choice": 0.01, "param_alpha": {"4": 3.0, "3": 2.0, "1": 0.1, "2": 1.0, "0": 0.01}, "split0_test_score": {"4": 0.6727089075, "3": 0.673043524, "1": 0.6761900147, "2": 0.6737069, "0": 0.6784291082}}