{"rank_test_score": {"1": 2, "3": 4, "0": 1, "2": 5, "4": 3}, "param_alpha": {"1": 0.1, "3": 2.0, "0": 0.01, "2": 1.0, "4": 3.0}, "params": {"1": {"alpha": 0.1}, "3": {"alpha": 2.0}, "0": {"alpha": 0.01}, "2": {"alpha": 1.0}, "4": {"alpha": 3.0}}, "split0_test_score": {"1": 0.6634007248, "3": 0.6626034713, "0": 0.6647053214, "2": 0.6622906733, "4": 0.6631337021}, "best_a_choice": 0.01}