{"AtoT": 0.3779741492736487, "GC_feature": -0.10905613180479326, "AtoG": 0.0, "GtoA": -0.4531697807244201, "TtoC": 0.020218644233108787, "TtoG": 0.0, "Pos_1_G": -0.2646602584464653, "CtoA": -0.016202310336163005, "CtoG": -0.6799301716728299, "Pos_0_C": -0.13859379384189913, "GtoT": 0.01927263881645837, "Pos_1_T": 0.0, "Pos_0_A": 0.0, "Pos_0_T": -0.03802967028325389, "TtoA": 0.45734444850533446, "Pos_1_A": -0.0811583997406485, "GtoC": -0.6266389131844283, "CtoT": -0.4431050816589498, "Pos_1_C": 0.058406861354166346, "Pos_0_G": 0.2473794173069241, "AtoC": -0.09239438663095778}