{"param_alpha": {"3": 2.0, "0": 0.01, "2": 1.0, "4": 3.0, "1": 0.1}, "split0_test_score": {"3": 0.7217757009, "0": 0.7217757009, "2": 0.7217757009, "4": 0.7217757009, "1": 0.7217757009}, "best_a_choice": 0.01, "params": {"3": {"alpha": 2.0}, "0": {"alpha": 0.01}, "2": {"alpha": 1.0}, "4": {"alpha": 3.0}, "1": {"alpha": 0.1}}, "rank_test_score": {"3": 1, "0": 1, "2": 1, "4": 1, "1": 1}}