{"Pos_0:Pos_3_AC": 0.0, "Pos_1:Pos_3_TT": 0.0, "Pos_0:Pos_2_CG": 0.0, "Pos_0:Pos_1_GG": 0.0, "Pos_2_A": 0.0, "Pos_1:Pos_2_TT": 0.11272614963755419, "Pos_1:Pos_3_CT": -0.17365861002300023, "Pos_2:Pos_3_TA": 0.0, "Pos_1:Pos_3_AG": 0.0, "Pos_0:Pos_3_CA": 0.0600198738394959, "Pos_1:Pos_2_CT": 0.0, "Pos_0:Pos_3_CG": 0.0, "Pos_2:Pos_3_CA": 0.18704826214507622, "Pos_0:Pos_1_TG": 0.014171715426905174, "Pos_0:Pos_3_CT": 0.01791713605794134, "Pos_0:Pos_2_CC": 0.03949862347449827, "Pos_3_T": 0.030551769930301058, "Pos_1:Pos_3_GC": 0.011937147621874459, "Pos_1:Pos_2_GG": -0.02234435856111431, "Pos_1:Pos_3_GA": 0.0, "Pos_0:Pos_1_GT": 0.0, "Pos_0:Pos_1_CT": 0.0003023194357819043, "Pos_1:Pos_2_TC": 0.0, "Pos_2:Pos_3_AA": 0.0, "Pos_0:Pos_1_TC": 0.0, "Pos_0:Pos_3_AT": 0.0, "Pos_1:Pos_2_GA": 0.020260347197610877, "Pos_0_C": 0.013629016136989655, "Pos_1:Pos_2_AA": 0.09229628941638447, "Pos_2:Pos_3_AG": 0.25150285254741434, "Pos_0:Pos_1_CC": 0.0, "GtoA": -0.3039688850399969, "Pos_2:Pos_3_TC": 0.0, "Pos_0:Pos_1_CG": -0.483568158114611, "Pos_1_A": 0.0, "Pos_0:Pos_1_GA": 0.0, "TtoC": 0.27985063914934977, "Pos_0:Pos_3_TA": 0.0, "Pos_0:Pos_1_TT": 0.014843506663665884, "TtoG": 0.2772636885516368, "AtoG": 0.32756306584813283, "Pos_1:Pos_2_CC": 0.0, "TtoA": 1.1590555165975818, "Pos_0:Pos_2_AA": 0.010237920310085073, "Pos_0:Pos_3_CC": -0.0273248668461471, "Pos_0:Pos_3_GG": 0.0, "Pos_1:Pos_2_AT": 0.0, "Pos_0:Pos_2_GG": 0.008467272164006615, "Pos_1:Pos_3_GT": 0.016779460134177037, "Pos_1:Pos_2_TA": -0.1531472886153976, "Pos_0:Pos_1_AA": 0.0, "CtoG": -1.4510694235907549, "GtoC": -1.4128118165525692, "Pos_1:Pos_2_GT": 0.0, "Pos_1:Pos_2_GC": 0.11472902953072742, "Pos_1:Pos_3_AT": 0.059793356468770764, "Pos_2_G": -0.12268464549090972, "Pos_0:Pos_3_TG": 0.0, "Pos_0:Pos_1_AC": -0.01899549884322109, "Pos_2:Pos_3_TT": 0.043556824873582534, "Pos_0:Pos_1_GC": 0.0, "Pos_2:Pos_3_AC": 0.0, "Pos_0:Pos_1_AT": 0.0, "Pos_1:Pos_2_CA": 0.0, "Pos_0:Pos_1_TA": 0.0, "Pos_2:Pos_3_GG": 0.019770191347967373, "Pos_0:Pos_2_TC": 0.01721214122563824, "Pos_3_A": -0.06548692584830325, "Pos_0:Pos_2_AG": -0.10795505749479978, "Pos_2_T": 0.13660692880033376, "Pos_0:Pos_2_CA": 0.0, "Pos_0:Pos_3_AA": 0.0, "CtoT": -0.29050975164476656, "Pos_0:Pos_3_GC": 0.005564900635447522, "Pos_0:Pos_3_TT": 0.05121704695117058, "AtoT": 1.001037534753774, "Pos_2:Pos_3_CG": -0.1380409299628981, "Pos_1:Pos_2_AG": 0.08818085174395777, "Pos_0:Pos_2_AT": 0.0, "Pos_0:Pos_1_AG": 0.03566758759897062, "Pos_0_T": 0.07073147090123384, "Pos_0:Pos_2_AC": 0.0, "CtoA": 0.07689193691116361, "Pos_1:Pos_3_TA": 0.0, "Pos_2:Pos_3_TG": 0.0, "Pos_0:Pos_2_TA": 0.0, "Pos_1:Pos_3_AA": 0.0, "AtoC": 0.0, "Pos_1:Pos_3_CG": 0.0, "Pos_0:Pos_2_GT": 0.0, "Pos_2:Pos_3_CT": 0.09556290869504877, "Pos_2:Pos_3_CC": 0.0, "Pos_0:Pos_3_AG": 0.0, "Pos_0:Pos_2_TG": -0.03972130224960196, "Pos_2:Pos_3_GC": 0.0, "Pos_0:Pos_1_CA": 0.05121747823362814, "Pos_1_T": 0.0, "Pos_0:Pos_2_TT": 0.0596169600572752, "Pos_3_G": 0.0, "Pos_3_C": 0.0, "Pos_1:Pos_3_TC": 0.05503494192052074, "Pos_0:Pos_3_GA": 0.0, "Pos_2:Pos_3_AT": 0.0, "Pos_1:Pos_3_CA": 0.0, "Pos_2:Pos_3_GT": 0.0, "Pos_1:Pos_3_GG": 0.0, "Pos_0:Pos_2_GC": 0.0, "Pos_0_G": -0.0525744106528318, "Pos_1:Pos_3_CC": 0.0, "Pos_1:Pos_3_AC": 0.0, "Pos_2:Pos_3_GA": -0.032471508824898306, "Pos_0:Pos_2_CT": 0.0, "Pos_1:Pos_2_CG": -0.077655336725361, "Pos_2_C": 0.06532483234336407, "Pos_1_G": 0.3273131562470243, "Pos_0:Pos_3_TC": 0.09375935869464012, "Pos_1:Pos_2_AC": -0.011305459515717686, "Pos_1_C": -0.019540575869982365, "Pos_1:Pos_3_TG": 0.0, "Pos_0:Pos_2_GA": -0.022380637431280964, "Pos_0:Pos_3_GT": -0.11747987221108772, "GtoT": 0.3179112434095306, "Pos_0_A": 0.0, "Pos_1:Pos_2_TG": 0.0}