{"best_a_choice": 0.01, "param_alpha": {"1": 0.1, "4": 3.0, "0": 0.01, "3": 2.0, "2": 1.0}, "params": {"1": {"alpha": 0.1}, "4": {"alpha": 3.0}, "0": {"alpha": 0.01}, "3": {"alpha": 2.0}, "2": {"alpha": 1.0}}, "rank_test_score": {"1": 2, "4": 5, "0": 1, "3": 4, "2": 3}, "split0_test_score": {"1": 0.6947549113, "4": 0.6873927141, "0": 0.6977341217, "3": 0.6885103948, "2": 0.6903032615}}