{"Pos_2_T": 0.0, "TtoG": 0.02985820283259798, "Pos_2_C": -0.12649243206998384, "CtoA": -0.05285841086979301, "TtoC": 0.023800849097370007, "Pos_3_A": -0.08239098437778113, "CtoG": -0.42005010121040665, "GtoC": -0.4769352000581401, "TtoA": 0.4203218352197497, "AtoG": 0.0, "Pos_5_C": -0.04883027654144375, "CtoT": -0.31697892217240947, "Pos_0_A": 0.0, "Pos_5_T": 0.04757990040755829, "Pos_2_A": 0.0, "Pos_0_C": -0.037976445572224835, "Pos_3_T": 0.03355982690620861, "GC_feature": -0.09290883378062448, "GtoT": 0.05614449132134807, "GtoA": -0.3190128477555043, "AtoT": 0.3865234349127852, "Pos_4_T": 0.03994805355381698, "Pos_1_G": -0.002583056027536044, "Pos_4_A": -0.02978414239090592, "Pos_1_T": 0.19348366257454988, "AtoC": -0.028864265082785376, "Pos_1_A": 0.0, "Pos_4_C": 0.0, "Pos_5_A": 0.12849964399063452, "Pos_5_G": 0.0, "Pos_2_G": 0.3189203872280781, "Pos_1_C": 0.0, "Pos_0_G": -0.08192239032899173, "Pos_3_G": -0.266870263612878, "Pos_0_T": 0.025910023054133726, "Pos_3_C": 0.0, "Pos_4_G": 0.0}