{"param_alpha": {"1": 0.1, "4": 3.0, "2": 1.0, "0": 0.01, "3": 2.0}, "params": {"1": {"alpha": 0.1}, "4": {"alpha": 3.0}, "2": {"alpha": 1.0}, "0": {"alpha": 0.01}, "3": {"alpha": 2.0}}, "best_a_choice": 0.01, "rank_test_score": {"1": 2, "4": 5, "2": 3, "0": 1, "3": 4}, "split0_test_score": {"1": 0.7636391379, "4": 0.7580545489, "2": 0.7618844173, "0": 0.7637535762, "3": 0.7599923708}}