{"GtoC": -3.140763338981745, "Pos_0_C": -0.1299808604881035, "TtoG": 0.7187106905713433, "Pos_1_C": 0.1463346430001107, "Pos_0_T": 0.0, "AtoG": 0.7316642539715211, "AtoT": 1.4721951703027254, "CtoT": 0.12607223392930703, "Pos_0_A": 0.04436846243751423, "Pos_0_G": 0.29773318755820793, "GtoT": 0.7563282016863472, "Pos_1_T": 0.15511555471102859, "TtoC": 0.7454084953873399, "CtoA": 0.581607292125414, "AtoC": 0.4203747215107592, "CtoG": -3.156321694958037, "Pos_1_A": 0.0, "Pos_1_G": -0.19836251958654308, "TtoA": 1.6103905486286727, "GtoA": 0.07928406146362602}