{"params": {"3": {"alpha": 2.0}, "0": {"alpha": 0.01}, "4": {"alpha": 3.0}, "1": {"alpha": 0.1}, "2": {"alpha": 1.0}}, "rank_test_score": {"3": 4, "0": 1, "4": 3, "1": 2, "2": 5}, "best_a_choice": 0.01, "param_alpha": {"3": 2.0, "0": 0.01, "4": 3.0, "1": 0.1, "2": 1.0}, "split0_test_score": {"3": 0.6825861888, "0": 0.6849344936, "4": 0.6830232159, "1": 0.6838257044, "2": 0.682127215}}