{"Pos_0:Pos_2:Pos_3_TCG": -0.03642644844119726, "Pos_1:Pos_2:Pos_3_ATT": -0.0038973231193020815, "Pos_0:Pos_1:Pos_3_TCC": 0.0, "Pos_2_A": 0.0, "Pos_0:Pos_2:Pos_3_GAA": -0.014926314325774343, "Pos_1:Pos_2:Pos_3_CAT": -0.04791393811178974, "Pos_0:Pos_1_AG": 0.0, "Pos_0:Pos_3_CA": 0.0, "Pos_1:Pos_3_GG": 0.0, "Pos_0:Pos_2_CC": 0.0, "Pos_0:Pos_1_TG": 0.0031221230574115543, "Pos_0:Pos_1:Pos_3_AAA": 0.0011960391946362428, "Pos_1:Pos_2:Pos_3_TGG": 0.0541229315176677, "Pos_0:Pos_1:Pos_3_CGC": 0.0, "Pos_0:Pos_2_GG": 0.0, "Pos_0:Pos_1:Pos_3_ATA": 0.0, "Pos_1:Pos_2_CG": -0.0015039876060710747, "Pos_0:Pos_1:Pos_2_GAT": -0.029028043958011684, "Pos_2:Pos_3_AC": 0.0, "Pos_1:Pos_3_TT": 0.0, "Pos_0:Pos_2_TA": 0.0, "Pos_0:Pos_2:Pos_3_CAC": -0.022808935348282246, "Pos_0:Pos_1_AA": 0.0, "Pos_0:Pos_2:Pos_3_AGG": 0.0, "Pos_0:Pos_2:Pos_3_TGC": -0.020831861581713622, "Pos_1:Pos_2:Pos_3_GAC": -0.035301577862734565, "Pos_0:Pos_1:Pos_2_ATC": 0.046932686293831336, "Pos_0:Pos_2:Pos_3_CTG": 0.0, "Pos_0_T": 0.0, "Pos_0:Pos_1:Pos_3_AGT": 0.010200068573400646, "Pos_0_C": 0.0, "Pos_0:Pos_1:Pos_3_ACA": 0.0, "Pos_0:Pos_1:Pos_3_TTT": 0.0, "Pos_0:Pos_1:Pos_3_ACC": 0.0, "Pos_0:Pos_1:Pos_2_AAA": 0.0, "Pos_0:Pos_2:Pos_3_TTC": 0.021241765331542088, "Pos_0:Pos_1:Pos_3_GAT": 0.0, "Pos_1:Pos_3_CG": 0.0, "Pos_1:Pos_3_CC": 0.0, "Pos_0:Pos_1_GA": 0.0, "Pos_0:Pos_1:Pos_3_AAG": 0.0, "Pos_0:Pos_1_TA": 0.0, "Pos_0:Pos_1:Pos_3_CTT": 0.0, "Pos_0:Pos_2:Pos_3_GTG": -0.06529876431296364, "Pos_0:Pos_1:Pos_3_GTA": -0.02532565791530403, "Pos_0:Pos_1:Pos_3_CAT": 0.0, "Pos_0:Pos_2_AT": 0.015391520990407994, "AtoT": 0.4817017611608616, "Pos_0:Pos_1:Pos_3_TCT": -0.04490582306187486, "Pos_1:Pos_3_GA": 0.0, "AtoC": -0.08629834043653445, "Pos_0:Pos_1:Pos_3_AGG": 0.0, "Pos_1_T": 0.0, "Pos_0:Pos_1:Pos_2_TTA": -0.016362067317204673, "Pos_1:Pos_2:Pos_3_TTA": 0.0, "Pos_0:Pos_1:Pos_2_CTA": 0.0, "Pos_1:Pos_3_AT": 0.0, "AtoG": 0.0340770156597523, "Pos_0:Pos_1:Pos_3_CAC": 0.0, "Pos_0:Pos_2:Pos_3_CGT": 0.035725366092903804, "Pos_0:Pos_1:Pos_3_GTG": 0.0, "Pos_0:Pos_2:Pos_3_CCT": -0.01319339577716956, "Pos_0:Pos_1:Pos_2_TTC": -0.0005881062411006837, "Pos_1:Pos_2:Pos_3_ATC": 0.0, "Pos_1:Pos_2:Pos_3_CTG": 0.0, "Pos_1:Pos_2:Pos_3_AAC": 0.045268863793349, "Pos_1:Pos_2:Pos_3_CGA": -0.05058640239538635, "Pos_2:Pos_3_TA": 0.0, "Pos_0:Pos_2_AA": 0.0, "Pos_0:Pos_1:Pos_2_CGG": 0.0, "TtoA": 0.41996495674648354, "Pos_1:Pos_2_AA": 0.0, "Pos_1:Pos_3_AG": 0.0, "Pos_0:Pos_2:Pos_3_GCA": 0.029818014301614723, "Pos_0:Pos_1:Pos_3_GCT": 0.0, "Pos_1:Pos_2_TC": 0.0, "Pos_0:Pos_1:Pos_3_TAA": 0.0, "Pos_0:Pos_2:Pos_3_ACA": 0.0, "Pos_0:Pos_1:Pos_3_GAG": 0.01857013713896812, "Pos_0:Pos_1:Pos_2_TGG": -0.01255981476724763, "Pos_0:Pos_2:Pos_3_GCC": 0.0, "Pos_0:Pos_2:Pos_3_AAT": 0.008379479594784151, "Pos_0:Pos_2:Pos_3_ATC": 0.05157439200238216, "Pos_2:Pos_3_CA": 0.0018336945021755302, "Pos_1:Pos_2_AG": 0.0, "Pos_0:Pos_1:Pos_3_GGG": 0.05759864442962723, "Pos_0:Pos_2:Pos_3_GGC": 0.0, "Pos_0:Pos_1:Pos_3_TAG": 0.0, "Pos_1:Pos_2:Pos_3_TCA": -0.009515333130892983, "Pos_0:Pos_2:Pos_3_ATG": 0.0, "Pos_0:Pos_1:Pos_3_GTC": 0.03964259176051436, "Pos_0:Pos_1:Pos_3_GAC": -0.11644340101058998, "Pos_0:Pos_2:Pos_3_CGA": 0.0, "Pos_0:Pos_1:Pos_3_TCA": 0.0, "Pos_0:Pos_2:Pos_3_TGG": 0.0, "Pos_0:Pos_2:Pos_3_TTT": 0.0, "Pos_2:Pos_3_CT": 0.0, "Pos_0:Pos_3_AC": 0.02810047722659604, "Pos_1:Pos_2:Pos_3_GTG": -0.01764120412850757, "Pos_1:Pos_2:Pos_3_CCG": 0.0, "Pos_0:Pos_2:Pos_3_TCA": 0.0, "Pos_1:Pos_2_AT": 0.0, "Pos_0:Pos_1_TC": 0.0, "Pos_0:Pos_1_CA": 0.0, "Pos_2:Pos_3_AG": 0.019403066954087226, "Pos_1:Pos_3_CT": 0.0, "Pos_0:Pos_1:Pos_3_ATG": 0.0, "Pos_0:Pos_1:Pos_2_TGT": 0.0, "Pos_0:Pos_1:Pos_2_CTC": -0.04512613196053295, "Pos_0:Pos_1:Pos_2_TCA": 0.0, "Pos_1:Pos_2:Pos_3_AGC": -0.01714711399753493, "Pos_1_C": -0.1127760648688914, "Pos_1:Pos_2_AC": 0.0, "Pos_0:Pos_1:Pos_3_GCC": -0.0038946297001256304, "Pos_0:Pos_2:Pos_3_TTG": 0.038223609605214044, "Pos_1:Pos_2:Pos_3_TGT": 0.0, "Pos_0:Pos_2_TT": 0.010599961903907586, "Pos_0:Pos_1:Pos_3_CGG": -0.02830528957183298, "Pos_0:Pos_1:Pos_2_ACA": -0.050583713892919054, "Pos_3_C": 0.0, "Pos_1:Pos_2:Pos_3_GGC": 0.0, "Pos_1:Pos_2:Pos_3_GAG": 0.0, "Pos_1:Pos_2_CA": 0.0, "Pos_0:Pos_1:Pos_2_TAT": 0.00803808130140336, "Pos_1:Pos_2:Pos_3_TTT": 0.0, "Pos_2:Pos_3_GT": 0.0, "Pos_0:Pos_3_TG": 0.0, "Pos_1:Pos_2:Pos_3_ATG": 0.0015574619106323668, "Pos_0:Pos_1:Pos_2_GGA": -0.013857445536941047, "Pos_0:Pos_1:Pos_2_ATA": -0.04704936738567439, "Pos_0:Pos_1:Pos_3_CTA": 0.06606143606554155, "Pos_0:Pos_1:Pos_3_TCG": 0.0004484297611573317, "Pos_0:Pos_2:Pos_3_GTC": 0.0, "Pos_0:Pos_2_CG": 0.0, "TtoG": 0.0, "Pos_0:Pos_1:Pos_3_CCC": 0.0, "Pos_0:Pos_3_AT": 0.0, "Pos_2:Pos_3_GA": -0.058092383470537516, "Pos_1:Pos_2:Pos_3_GTC": 0.1434095557032064, "Pos_0:Pos_2:Pos_3_AAC": 0.0, "Pos_3_T": 0.0, "Pos_0:Pos_2:Pos_3_AAA": 0.0, "Pos_0:Pos_1:Pos_3_CTC": -0.0005809657285187693, "Pos_0:Pos_2:Pos_3_GGA": -0.021220810498760366, "Pos_0:Pos_1:Pos_3_TTG": -0.0821908813812174, "Pos_0:Pos_1:Pos_3_CGA": 0.0, "Pos_1:Pos_2:Pos_3_GTT": 0.03849727296359216, "Pos_0:Pos_2_TC": 0.0, "Pos_1:Pos_3_GC": 0.0, "Pos_0:Pos_1:Pos_3_CCT": 0.013299613246937353, "Pos_1:Pos_2:Pos_3_TAA": 0.0, "Pos_0:Pos_2_GC": 0.0, "Pos_0:Pos_2:Pos_3_AGT": -0.05367711587573087, "Pos_1:Pos_2_TA": -0.02172046137483326, "Pos_0:Pos_1:Pos_3_TAT": 0.0, "Pos_1:Pos_2:Pos_3_CCT": -0.06364101852171383, "Pos_0:Pos_1:Pos_2_GCT": 0.0, "Pos_1:Pos_3_TA": 0.0, "Pos_0:Pos_1:Pos_3_ACG": 0.0, "Pos_0:Pos_1:Pos_3_ACT": -0.004874996503094482, "Pos_0:Pos_2:Pos_3_TAC": -0.040241157058823904, "Pos_1:Pos_2:Pos_3_GCG": 0.015703261153594807, "Pos_0:Pos_1:Pos_3_TGC": 0.0, "Pos_0:Pos_1:Pos_3_TAC": 0.016520698903089593, "Pos_0:Pos_1:Pos_2_CCA": -0.0036363004669847793, "Pos_0:Pos_3_CG": 0.0, "Pos_0:Pos_2:Pos_3_ATT": 0.0, "Pos_1:Pos_2:Pos_3_TGA": -0.025044482993932086, "Pos_0:Pos_1:Pos_2_CAG": 0.0, "Pos_0:Pos_1:Pos_2_TTG": 0.043498150517018504, "Pos_0:Pos_2:Pos_3_CCC": 0.0, "Pos_0:Pos_1:Pos_3_CCA": -0.03530729373826883, "Pos_0:Pos_2:Pos_3_CTC": 0.0, "Pos_0:Pos_2:Pos_3_ATA": -0.0816372145009474, "Pos_0:Pos_1_GC": -0.030040670293555814, "Pos_1:Pos_2:Pos_3_TCT": 0.0, "Pos_0:Pos_2:Pos_3_ACT": 0.0, "Pos_2:Pos_3_GC": 0.0, "Pos_0:Pos_2:Pos_3_TAT": 0.0, "Pos_0:Pos_1:Pos_3_GTT": -0.01178234596560051, "Pos_0:Pos_2_CT": 0.0, "Pos_1:Pos_2:Pos_3_ACT": 0.0, "Pos_1:Pos_2:Pos_3_CAC": -0.046547614034445496, "Pos_0:Pos_3_TT": 0.0, "Pos_0:Pos_1:Pos_2_CCT": 0.0, "Pos_0:Pos_2:Pos_3_TAA": 0.0, "Pos_0:Pos_1:Pos_3_ATT": 0.011409879136635733, "Pos_0:Pos_2_GT": 0.0, "Pos_0:Pos_1:Pos_2_TAC": 0.0, "Pos_1:Pos_2_TG": 0.0, "Pos_0:Pos_1:Pos_2_TTT": 0.019909551756493123, "Pos_3_G": 0.0, "Pos_0:Pos_1:Pos_3_AGC": 0.0, "Pos_1:Pos_2_GC": 0.011221864094390428, "Pos_0:Pos_1:Pos_2_GAC": 0.0, "Pos_0:Pos_1:Pos_3_ATC": -0.07205652712870432, "Pos_0:Pos_1:Pos_2_ATT": 0.0, "Pos_0:Pos_2:Pos_3_ACG": -0.01695905179012615, "Pos_0:Pos_1:Pos_3_TTC": 0.05207752889561194, "Pos_1:Pos_2:Pos_3_TGC": 0.0, "Pos_0:Pos_1:Pos_2_GCC": 0.0, "Pos_0:Pos_1:Pos_3_GGC": 0.0, "Pos_0:Pos_1:Pos_3_AAT": -0.004425164412175696, "Pos_0_A": 0.0, "Pos_0:Pos_2:Pos_3_AGA": 0.0, "Pos_2_C": 0.0, "Pos_1:Pos_2_GG": 0.0, "Pos_0:Pos_2:Pos_3_CGG": 0.0, "Pos_1:Pos_2_CT": 0.0, "Pos_1:Pos_2:Pos_3_ACC": 0.04306742991693327, "Pos_1:Pos_2:Pos_3_CCC": 0.0, "Pos_0:Pos_1_AT": 0.0, "Pos_0:Pos_1_CC": 0.0, "Pos_0:Pos_2:Pos_3_GAC": 0.0, "Pos_0:Pos_1:Pos_2_AAG": 0.0, "Pos_1:Pos_2_GA": 0.0, "Pos_0:Pos_1_TT": 0.0, "Pos_1_A": 0.0, "Pos_2_G": -0.07012433233990795, "Pos_2:Pos_3_GG": 0.0, "Pos_0:Pos_2:Pos_3_CTT": 0.005290940291268609, "Pos_0:Pos_3_TA": 0.0, "Pos_1:Pos_3_CA": 0.0, "Pos_1:Pos_2_CC": 0.0, "Pos_0:Pos_1:Pos_2_ACC": -0.0509765011896671, "Pos_0:Pos_2_TG": 0.0, "Pos_1:Pos_2:Pos_3_AAT": 0.0, "Pos_0:Pos_1:Pos_2_GGT": 0.0, "Pos_1:Pos_3_TC": 0.0, "Pos_0:Pos_1:Pos_3_TGT": 0.009685446107880524, "Pos_1:Pos_2:Pos_3_TAT": -0.009901342028422404, "Pos_1:Pos_2_GT": 0.0, "Pos_0:Pos_2:Pos_3_TAG": 0.0343768532196934, "Pos_0:Pos_1:Pos_2_CTG": 0.0, "Pos_1:Pos_2:Pos_3_CGT": -0.05770978622893693, "Pos_0:Pos_1:Pos_3_CAA": 0.0, "Pos_0:Pos_2:Pos_3_CGC": 0.0,