{"best_a_choice": 0.01, "params": {"2": {"alpha": 1.0}, "4": {"alpha": 3.0}, "1": {"alpha": 0.1}, "0": {"alpha": 0.01}, "3": {"alpha": 2.0}}, "rank_test_score": {"2": 3, "4": 5, "1": 1, "0": 1, "3": 4}, "split0_test_score": {"2": 0.7614407056, "4": 0.760623295, "1": 0.7616797065, "0": 0.7616797065, "3": 0.7611454154}, "param_alpha": {"2": 1.0, "4": 3.0, "1": 0.1, "0": 0.01, "3": 2.0}}