{"param_alpha": {"0": 0.01, "3": 2.0, "4": 3.0, "1": 0.1, "2": 1.0}, "params": {"0": {"alpha": 0.01}, "3": {"alpha": 2.0}, "4": {"alpha": 3.0}, "1": {"alpha": 0.1}, "2": {"alpha": 1.0}}, "best_a_choice": 0.01, "split0_test_score": {"0": 0.7716898722, "3": 0.7698245279, "4": 0.7689395384, "1": 0.7715563609, "2": 0.7706103376}, "rank_test_score": {"0": 1, "3": 4, "4": 5, "1": 2, "2": 3}}