{"rank_test_score": {"2": 3, "1": 4, "3": 2, "4": 1, "0": 5}, "param_alpha": {"2": 1.0, "1": 0.1, "3": 2.0, "4": 3.0, "0": 0.01}, "best_a_choice": 3.0, "params": {"2": {"alpha": 1.0}, "1": {"alpha": 0.1}, "3": {"alpha": 2.0}, "4": {"alpha": 3.0}, "0": {"alpha": 0.01}}, "split0_test_score": {"2": 0.6677646386, "1": 0.6556894907, "3": 0.6727446119, "4": 0.6752393668, "0": 0.6392695022}}