{"GtoA": -0.43788089521090545, "TtoG": 0.09781121560389007, "TtoA": 1.0818471712244366, "Pos_0_C": -0.11732042384089694, "TtoC": 0.16380262210594868, "GtoC": -1.0477405868427416, "Pos_1_G": -0.12956171263091618, "AtoC": 0.0, "AtoT": 1.0175516625091197, "CtoG": -1.0753737934681105, "Pos_0_G": 0.29757524495120763, "Pos_1_C": 0.16893579438960804, "CtoT": -0.35053852671148134, "Pos_1_A": 0.0, "Pos_1_T": 0.20917521721324478, "GtoT": 0.06471843075483223, "Pos_0_A": 0.0, "AtoG": 0.17807686307264983, "CtoA": 0.22829156373668313, "Pos_0_T": 0.0}