{"Pos_3:Pos_5_TT": -0.014917707378934827, "Pos_4:Pos_5_AC": 0.0, "Pos_3:Pos_5_TC": 0.0, "Pos_3_T": 0.0, "Pos_0:Pos_3_GA": 0.0, "Pos_3:Pos_5_CC": 0.011398380065984611, "Pos_2:Pos_5_AG": 0.0, "Pos_3_G": -0.019724668241631677, "Pos_0:Pos_1_CT": 0.0, "Pos_2:Pos_5_CC": -0.043499654083162614, "Pos_2:Pos_4_TC": 0.004064423393130473, "Pos_0:Pos_4_TG": 0.0, "Pos_0:Pos_1_AA": 0.008962696731683715, "Pos_2:Pos_4_TG": -0.03903768099866231, "Pos_1:Pos_5_TT": 0.0035857446148372623, "Pos_3:Pos_5_GC": -0.03249838631359979, "Pos_2:Pos_4_GC": 0.04977222355613869, "Pos_1:Pos_2_CC": 0.0, "Pos_1:Pos_5_TG": 0.009125789523618501, "Pos_0:Pos_5_AC": 0.026607684907065214, "CtoT": -0.4335604808583558, "Pos_0:Pos_4_CT": 0.0, "Pos_3:Pos_5_TG": 0.01905784509145772, "Pos_1:Pos_4_CA": 0.016903096257577764, "Pos_5_C": 0.0, "Pos_1:Pos_3_GA": -0.04466138260430849, "Pos_0:Pos_4_AT": 0.01526235091749937, "Pos_2_C": 0.0, "Pos_1:Pos_2_GC": 0.0, "Pos_5_G": 0.0, "Pos_1:Pos_2_AT": 0.0024677657276308833, "Pos_0:Pos_1_TG": 0.0, "Pos_2:Pos_3_CG": -0.04985535747349795, "Pos_2:Pos_3_CT": 0.0, "Pos_0:Pos_1_TA": 0.0, "TtoA": 0.46571061454919094, "Pos_1:Pos_2_TC": -0.006871833107774682, "GtoA": -0.41004174891538686, "Pos_0:Pos_4_AC": 0.025905754971134898, "Pos_1:Pos_4_GG": 0.021036860141527516, "Pos_4:Pos_5_AG": 0.0, "Pos_2:Pos_3_GC": 0.0709925714142436, "Pos_1:Pos_5_CA": 0.022788529027957596, "Pos_1:Pos_4_GC": -0.05509364238119419, "Pos_1:Pos_3_AC": 0.0, "Pos_3:Pos_4_TC": 0.008561976832281574, "Pos_4:Pos_5_CG": 0.08696919226367875, "Pos_2_A": 0.0, "Pos_2:Pos_5_GC": 0.009769206228859423, "Pos_2:Pos_4_AG": 0.0, "Pos_1:Pos_3_GG": 0.0, "Pos_4:Pos_5_TC": 0.022536855853787396, "Pos_1:Pos_5_AA": 0.0, "Pos_4:Pos_5_TG": -0.0563463369614723, "Pos_2:Pos_3_AA": 0.0, "Pos_2:Pos_4_AT": 0.018931020598792803, "Pos_4:Pos_5_GA": 0.014237249091934384, "Pos_0:Pos_2_GG": 0.0, "Pos_0:Pos_4_CG": 0.0, "Pos_1:Pos_3_GT": 0.0, "Pos_2_T": 0.0, "Pos_1:Pos_4_CG": -0.008641418939526488, "Pos_2:Pos_5_TA": -0.0028341206375133324, "Pos_1:Pos_5_CC": -0.02726046501125405, "Pos_2:Pos_3_CC": 0.0, "Pos_3:Pos_5_GG": -0.07921051325487988, "Pos_1:Pos_5_TC": 0.0, "Pos_3:Pos_4_GT": 0.0, "Pos_3:Pos_5_CA": 0.0, "Pos_4_C": 0.0, "Pos_4_G": 0.0, "Pos_0:Pos_3_GG": 0.0, "Pos_0:Pos_3_TT": 0.0, "Pos_3:Pos_5_AT": 0.0, "Pos_0:Pos_5_GC": 0.0, "Pos_0:Pos_5_CG": -0.0653225427282772, "Pos_3:Pos_4_GA": -0.1055249651294056, "Pos_2:Pos_5_CG": -0.012555558488968119, "Pos_0:Pos_3_GC": 0.0, "Pos_2:Pos_4_TT": 0.0, "Pos_0:Pos_2_CA": 0.025126019786023752, "Pos_3:Pos_5_AG": 0.0, "Pos_2:Pos_5_TC": 0.0, "Pos_0:Pos_4_CC": -0.0254186545776085, "Pos_4:Pos_5_TA": 0.0, "Pos_2:Pos_5_GG": 0.0, "Pos_0:Pos_3_CT": 0.0, "Pos_4:Pos_5_AA": 0.0, "Pos_1:Pos_2_CT": 0.0, "Pos_0:Pos_2_CC": 0.0, "Pos_1_C": 0.0, "Pos_0:Pos_3_TC": 0.001286834214155596, "Pos_1:Pos_3_TT": 0.002113987443949749, "TtoG": -0.002728077799561264, "Pos_4:Pos_5_CT": 0.020424404663673932, "Pos_1:Pos_3_TC": 0.0, "Pos_0:Pos_5_GG": 0.0, "Pos_0:Pos_2_CG": 0.0, "Pos_1:Pos_3_AG": -0.028609793821744015, "Pos_0_A": 0.0, "Pos_0:Pos_1_CA": 0.0, "Pos_0:Pos_5_AT": 0.002269822124083399, "Pos_2:Pos_3_GA": 0.0, "Pos_1:Pos_2_GA": -0.018548784157708144, "Pos_2:Pos_4_GT": 0.04858254079573773, "Pos_1:Pos_4_TC": 0.0072432203905722845, "Pos_1:Pos_4_CC": -0.040388935635921504, "Pos_0:Pos_1_TT": 0.0543507000042782, "Pos_2:Pos_3_TA": -0.107041520019145, "Pos_0:Pos_3_TA": 0.017616077090403328, "Pos_0:Pos_1_CG": 0.05056319614876869, "Pos_0:Pos_5_CC": -0.02847760400664869, "Pos_0:Pos_4_TA": 0.023658796252885986, "Pos_2:Pos_3_GG": -0.002632990720958143, "Pos_0:Pos_5_GT": -0.02598603927672723, "Pos_2:Pos_4_AC": -0.013649374405829065, "Pos_0:Pos_2_AG": 0.04527456419241129, "Pos_3:Pos_4_CT": 0.10143528270859908, "Pos_0:Pos_1_GA": 0.0, "Pos_0:Pos_3_AC": -0.014931322010039655, "Pos_2:Pos_4_CT": -0.051004897947444956, "Pos_0:Pos_1_AG": -0.04255038899164007, "Pos_5_A": 0.0, "Pos_0_T": 0.0, "Pos_1:Pos_4_GA": 0.0, "Pos_3:Pos_4_TT": 0.07222774885098694, "Pos_2:Pos_5_CA": 0.03966942525860561, "Pos_0:Pos_1_GG": -0.00812339519113118, "Pos_0:Pos_3_GT": -0.029844905398678356, "Pos_4:Pos_5_GG": 0.0, "Pos_2:Pos_3_AT": -0.04669173724819167, "Pos_4_T": 0.0, "Pos_3:Pos_5_GT": 0.021213525792684373, "Pos_2:Pos_5_TG": 0.0, "Pos_0:Pos_1_CC": 0.0, "Pos_2:Pos_3_TG": 0.0, "Pos_0:Pos_3_CA": -0.013634649196806892, "Pos_0:Pos_2_TG": 0.009913430089581716, "Pos_3_C": 0.0, "Pos_2:Pos_5_AT": 0.0, "Pos_0:Pos_2_GT": 0.0003079142503969006, "Pos_0:Pos_3_AG": 0.018685630440315723, "Pos_2:Pos_3_CA": -0.11563638948928467, "Pos_3:Pos_5_CT": 0.049432691065167775, "Pos_3:Pos_4_GG": 0.0, "Pos_1:Pos_3_CC": 0.0, "Pos_1:Pos_5_GA": 0.008033323616721759, "Pos_2:Pos_5_AC": -0.04616967373076835, "Pos_1:Pos_2_TG": 0.050441327892983924, "Pos_3:Pos_4_GC": 0.0, "Pos_1:Pos_4_TT": 0.0, "Pos_0:Pos_5_CT": 0.0, "Pos_2:Pos_3_AG": 0.0, "Pos_2:Pos_3_TT": 0.014057083566971773, "Pos_1:Pos_2_AC": -0.09167551089576295, "Pos_3:Pos_5_CG": -0.04152674710998007, "Pos_1:Pos_2_CA": 0.04660585388335596, "Pos_0:Pos_2_AT": 0.036005471086755454, "Pos_2:Pos_3_GT": 0.0020511982147250764, "Pos_2:Pos_5_GT": 0.04231848281124843, "Pos_0:Pos_1_GC": 0.0, "Pos_1:Pos_3_TG": -0.0037220257542435967, "Pos_0_G": 0.0, "Pos_0:Pos_1_AC": 0.0, "Pos_4:Pos_5_AT": -0.012869585363481801, "Pos_1:Pos_5_AT": 0.0, "AtoC": -0.06827233047453089, "Pos_0:Pos_5_TC": 0.0, "Pos_3:Pos_4_CC": -0.010743768266731778, "Pos_1:Pos_2_AG": 0.019636341672927347, "Pos_1:Pos_5_GT": -0.012797094155574246, "Pos_3:Pos_4_TA": 0.0, "Pos_0:Pos_2_TT": -0.011301829888497856, "Pos_4:Pos_5_GT": -1.9782983276204383e-05, "Pos_0:Pos_2_TA": 0.0, "Pos_2:Pos_3_AC": 0.0, "Pos_3:Pos_5_AC": 0.0, "Pos_3:Pos_4_AC": -0.008599339497160286, "Pos_3:Pos_4_AT": -0.01282817038470953, "Pos_2:Pos_4_CA": 0.0, "GtoT": 0.04050648949722647, "Pos_0:Pos_1_AT": 0.0, "Pos_1:Pos_4_AT": 0.01979176094841853, "Pos_1:Pos_5_CG": -0.05734776801284191, "Pos_1:Pos_4_AC": 0.0, "Pos_1:Pos_3_AA": 0.019576076549037855, "Pos_3:Pos_4_CA": 0.06641543838277744, "Pos_3:Pos_5_GA": 0.0, "AtoG": 0.0382870986093789, "Pos_0:Pos_3_TG": -0.03842529961682242, "Pos_1:Pos_5_TA": 0.0, "Pos_3:Pos_4_CG": -0.027640000212680222, "Pos_0:Pos_4_CA": 0.0, "Pos_0:Pos_2_CT": -0.022071022180416965, "Pos_1:Pos_3_GC": 0.00179464613221247, "Pos_1:Pos_4_AA": 0.0, "Pos_3:Pos_4_AG": 0.12449682118996647, "Pos_0:Pos_2_TC": 0.015643686121711627, "Pos_2:Pos_5_TT": 0.0, "Pos_1:Pos_3_TA": 0.0032121554464716174, "Pos_1:Pos_3_CT": 0.0, "Pos_1:Pos_3_CG": 0.015084992240014803, "Pos_0:Pos_4_TT": 0.025967719130024342, "Pos_2:Pos_5_GA": 0.0, "Pos_3:Pos_4_AA": 0.0, "Pos_1:Pos_5_GC": 0.0, "AtoT": 0.44941350029993804, "Pos_0:Pos_4_AG": 0.0, "Pos_0:Pos_5_AA": -0.0369986202170448, "Pos_0:Pos_5_AG": 0.0, "Pos_0:Pos_3_AA": 0.0, "Pos_0:Pos_4_GA": 0.0, "Pos_1:Pos_2_CG": -0.13132880690485263, "GC_feature": -0.10298371237993824, "Pos_0:Pos_4_GG": -0.021250892606649998, "Pos_0_C": 0.0, "Pos_2:Pos_4_CG": 0.0, "Pos_4:Pos_5_CA": 0.0, "Pos_0:Pos_2_GA": -0.014721394661188051, "Pos_1:Pos_5_AC": 0.0, "Pos_0:Pos_3_CG": -0.11106307034236329, "Pos_1:Pos_5_CT": 0.0, "Pos_0:Pos_5_CA": 0.03286407570235009, "Pos_0:Pos_5_TG": 0.043500053443436604, "Pos_1:Pos_2_TT": 0.04133600482190459, "Pos_0:Pos_2_AC": -0.0762830741429191, "Pos_1:Pos_5_AG": 0.0, "Pos_0:Pos_4_GC": 0.0, "Pos_2:Pos_5_AA": 0.007781183093784954, "Pos_1:Pos_4_TA": 0.0, "Pos_1_A": 0.0, "Pos_5_T": 0.0, "Pos_4:Pos_5_GC": -9.523355252892549e-05, "Pos_1:Pos_4_AG": -0.025501947680577338, "Pos_2:Pos_5_CT": 0.0, "Pos_3:Pos_5_AA": 0.0, "Pos_0:Pos_4_GT": -0.032413517168058716, "Pos_4_A": 0.0, "Pos_2:Pos_3_TC": -0.0008177779039696803, "Pos_3:Pos_4_TG": 0.0, "Pos_0:Pos_2_AA": 0.0, "Pos_4:Pos_5_CC": -0.013641216319963097, "Pos_1:Pos_2_TA": 0.011037878949809175, "Pos_3_A": 0.0, "Pos_2:Pos_4_TA": 0.0, "Pos_1:Pos_5_GG": -0.027832585456076794, "GtoC": -0.6379159499168754, "Pos_2:Pos_4_AA": -0.055845687715505105, "Pos_1:Pos_4_TG": 0.0, "CtoG": -0.637094777230888, "CtoA": 0.0, "Pos_2:Pos_4_GA": 0.0, "Pos_0:Pos_1_TC": 0.04875506284653346, "Pos_0:Pos_2_GC": -0.03332092866312731, "Pos_0:Pos_3_AT": 0.0005237436478715713,