{"param_alpha": {"1": 0.1, "0": 0.01, "4": 3.0, "2": 1.0, "3": 2.0}, "params": {"1": {"alpha": 0.1}, "0": {"alpha": 0.01}, "4": {"alpha": 3.0}, "2": {"alpha": 1.0}, "3": {"alpha": 2.0}}, "best_a_choice": 2.0, "split0_test_score": {"1": 0.737365895, "0": 0.737365895, "4": 0.7358915239, "2": 0.737365895, "3": 0.7379619173}, "rank_test_score": {"1": 2, "0": 2, "4": 5, "2": 2, "3": 1}}