{"Pos_1_T": 0.0, "Pos_2:Pos_5_AT": 0.0, "Pos_5_T": 0.0, "Pos_1:Pos_2_GC": 0.0, "Pos_1:Pos_5_GT": -0.06939215938178764, "Pos_2:Pos_4_AT": 0.04526937293557116, "Pos_5_G": 0.0, "Pos_2:Pos_3_TG": 0.020133555661778994, "TtoA": 0.4482361733431977, "Pos_1:Pos_2_AC": -0.022800673237561804, "Pos_0:Pos_2_GG": 0.0, "Pos_0:Pos_5_TT": 0.0, "Pos_3:Pos_5_GC": -0.07330952450644362, "Pos_1:Pos_4_CG": 0.0, "Pos_2_T": 0.0, "Pos_0_C": 0.0, "Pos_2:Pos_3_GG": 0.0, "Pos_2:Pos_4_GA": 0.01820201482442362, "Pos_0:Pos_3_AT": 0.038635457105141775, "Pos_3:Pos_4_GG": 0.0, "Pos_2:Pos_5_CC": -0.07953185528025733, "Pos_1:Pos_5_CT": 0.0, "Pos_4:Pos_5_CA": 0.0, "Pos_1:Pos_5_CA": 0.0003297466662336369, "Pos_2:Pos_3_TA": -0.07786969767680485, "CtoT": -0.4462981732355485, "Pos_2:Pos_4_TG": 0.0, "Pos_3:Pos_5_AG": 0.0, "Pos_0:Pos_1_TT": 0.06274720191317704, "GtoT": 0.031986856697824397, "Pos_4:Pos_5_TG": -0.039158293732809234, "Pos_0:Pos_5_CT": -0.0008704861483837224, "Pos_2:Pos_5_TT": 0.0, "Pos_0:Pos_3_TA": 0.018329643840667063, "Pos_2:Pos_3_GC": 0.046262651371070926, "Pos_1:Pos_5_GG": -0.0018836910961948661, "Pos_2:Pos_4_TC": 0.01692731338906448, "Pos_1:Pos_3_TC": 0.0, "Pos_3:Pos_4_GC": 0.0, "Pos_1:Pos_4_TA": 0.0, "Pos_2:Pos_3_AG": 0.0, "Pos_4:Pos_5_GG": 0.0, "Pos_1:Pos_4_GT": -0.06469685014508614, "Pos_2:Pos_4_GT": 0.026440478176469998, "Pos_4_C": 0.0, "Pos_0:Pos_1_AC": 0.018106905649837805, "Pos_1:Pos_5_AT": 0.0, "Pos_0:Pos_2_AG": 0.048018278439265635, "Pos_2:Pos_3_TC": -0.013369887550091674, "Pos_3:Pos_5_GG": -0.12174501680941148, "Pos_2:Pos_4_GG": 0.0, "Pos_3:Pos_4_GT": 0.0, "Pos_2:Pos_3_AT": -0.05535022778658172, "Pos_1:Pos_4_AG": -0.009273378446709835, "Pos_3:Pos_5_AC": 0.0, "Pos_0:Pos_4_AT": 0.023368156812515174, "Pos_3:Pos_5_CG": -0.06374490193177385, "Pos_3_C": 0.0, "Pos_0:Pos_2_CG": 0.0, "Pos_2:Pos_5_GT": 0.00659026850880825, "Pos_2:Pos_5_AC": -0.03607540681102336, "Pos_3_G": -0.009847145143036166, "Pos_1:Pos_4_AC": 0.0, "Pos_3:Pos_4_CC": -0.005392812173777284, "Pos_0:Pos_3_TG": 0.0, "Pos_1:Pos_5_AG": 0.009119672544173953, "Pos_2:Pos_5_TC": 0.0353120898460388, "Pos_1:Pos_3_CT": 0.0, "Pos_0:Pos_5_GT": 0.0, "Pos_2:Pos_3_AC": 0.0, "Pos_1:Pos_5_AA": 0.0, "Pos_1:Pos_3_AA": 0.03242673271628966, "Pos_1:Pos_3_GG": -0.002163724986916501, "Pos_1:Pos_2_CC": 0.02551517200827485, "Pos_0:Pos_3_AC": 0.0, "Pos_3:Pos_5_AT": -0.005765846167426121, "Pos_0:Pos_1_AA": 0.009213994673675986, "Pos_3:Pos_5_GA": 0.0, "Pos_0:Pos_4_TC": 0.0, "Pos_4:Pos_5_AC": -0.03756427200637628, "Pos_1:Pos_2_CT": -0.005486238296563836, "Pos_1:Pos_4_GC": -0.021652028567580715, "Pos_1:Pos_2_AT": 0.014243620848165002, "Pos_2:Pos_5_GA": 0.01607371973896469, "Pos_3:Pos_4_GA": -0.09057371697111866, "Pos_1:Pos_4_GG": 0.005259374970419388, "CtoG": -0.6114841696839697, "Pos_2_A": 0.0, "Pos_0:Pos_5_GG": -0.009797737295520796, "Pos_1:Pos_3_TT": 0.0, "Pos_0:Pos_2_TA": 0.0, "Pos_0:Pos_4_CA": 0.0, "Pos_4:Pos_5_TT": 0.013464335863187314, "Pos_4:Pos_5_AT": -0.012539060250169279, "Pos_3:Pos_4_TT": 0.05537768623734255, "Pos_0:Pos_2_AC": -0.02908836900490225, "Pos_4:Pos_5_GC": 0.0, "Pos_4:Pos_5_CC": -0.024841428181004325, "Pos_0:Pos_4_AG": 0.0, "Pos_1:Pos_5_GA": 0.0, "Pos_0:Pos_4_TG": 0.02963606458332124, "Pos_0:Pos_1_TC": 0.0, "Pos_1:Pos_2_GG": 0.0, "Pos_3:Pos_5_TG": 0.026165830312389445, "Pos_1:Pos_3_AC": 0.0, "Pos_2:Pos_3_CG": -0.05746241270642265, "Pos_1:Pos_4_GA": 0.0, "Pos_2:Pos_4_AC": -0.043193309384818204, "Pos_5_C": 0.0, "Pos_1:Pos_2_GT": 0.0, "Pos_0:Pos_5_TG": 0.006220088273965474, "Pos_2_G": 0.18806295200940903, "Pos_2:Pos_5_AA": 0.007720747749276093, "Pos_0:Pos_1_TG": 0.0, "Pos_0:Pos_3_CC": 0.01799345811446982, "GtoA": -0.44374291525992304, "Pos_4_A": 0.0, "Pos_1:Pos_5_GC": 0.026719508464610586, "Pos_0:Pos_4_AA": -0.0009104520287140771, "Pos_1:Pos_3_AG": -0.01886939823720248, "Pos_1:Pos_3_GC": 0.0, "Pos_2:Pos_5_TA": -0.017771080205620484, "Pos_1:Pos_3_CA": -0.018204486243479912, "Pos_1:Pos_3_AT": 0.03951286750987506, "Pos_2_C": 0.0, "Pos_0:Pos_1_CG": 0.040317893095098124, "Pos_0:Pos_4_CG": 0.0, "Pos_1:Pos_5_AC": 0.0, "Pos_0:Pos_3_AG": 0.0, "Pos_3:Pos_4_AT": -0.10121252472952762, "Pos_1:Pos_4_AT": 0.007371000326408418, "Pos_0:Pos_2_TC": 0.04348373694690058, "Pos_3_T": 0.0, "Pos_1:Pos_2_AA": -0.015392185089132131, "GC_feature": -0.10184724657284003, "GtoC": -0.5554286679893691, "Pos_2:Pos_5_CG": 0.012624151014721677, "Pos_1:Pos_3_CC": 0.02143420455269276, "Pos_1:Pos_2_TG": 0.040576710039968766, "Pos_0:Pos_5_GA": 0.003967193059233585, "Pos_2:Pos_5_GG": 0.0, "Pos_0:Pos_2_AT": 0.062125166139762836, "Pos_1:Pos_3_TG": 0.0, "Pos_0:Pos_2_TT": 0.0, "Pos_1_A": 0.0, "Pos_1:Pos_5_CG": -0.059884644311861066, "TtoG": 0.007897191516992783, "Pos_0:Pos_4_GC": 0.0071887577675616866, "Pos_2:Pos_4_TT": 0.0, "Pos_0:Pos_5_CA": 0.018166362225299534, "Pos_1:Pos_5_CC": 0.0, "Pos_1:Pos_3_GT": 0.0, "Pos_1:Pos_4_TT": 0.0, "Pos_2:Pos_5_CT": -0.0405546608812316, "Pos_0:Pos_3_CT": 0.0, "Pos_1:Pos_5_TA": 0.016315934937244293, "Pos_0:Pos_2_CA": 0.0, "Pos_1:Pos_2_TA": 0.0, "Pos_4:Pos_5_AA": 0.021569889015932524, "Pos_4_G": 0.0, "Pos_5_A": 0.0, "Pos_0:Pos_3_GG": 0.05047483720680956, "Pos_0:Pos_3_AA": 0.03197561808778236, "Pos_3:Pos_5_CT": 0.07576353075929221, "Pos_0:Pos_5_CC": 0.0, "Pos_3:Pos_5_CA": 0.0, "Pos_1:Pos_3_GA": 0.0, "Pos_0:Pos_1_CA": -0.035506152458177884, "Pos_1:Pos_4_CT": 0.0, "Pos_0:Pos_4_AC": 0.0, "Pos_2:Pos_3_CT": 0.0, "Pos_1:Pos_5_TT": 0.013910065449014507, "Pos_0:Pos_2_TG": 0.00731474695264692, "Pos_2:Pos_3_GT": 0.0011252484432727515, "Pos_4_T": 0.0, "Pos_2:Pos_3_CC": 0.0, "Pos_1:Pos_2_TC": -0.025675263217253243, "Pos_0:Pos_2_GT": 0.0, "Pos_0:Pos_3_TC": 0.04040570041391861, "Pos_0:Pos_5_CG": 0.0, "Pos_2:Pos_5_AG": 0.0, "Pos_0:Pos_5_TC": 0.0, "Pos_3:Pos_4_CT": 0.12597027881795508, "Pos_2:Pos_3_GA": 0.0, "Pos_1:Pos_5_TG": 0.0, "Pos_0:Pos_4_TA": 0.0, "Pos_3:Pos_5_TA": 0.06703214463690729, "Pos_3:Pos_5_GT": 0.005575910828846802, "Pos_2:Pos_3_TT": 0.0, "Pos_1:Pos_2_CG": -0.14027067069867769, "Pos_4:Pos_5_TC": 0.010009461361096888, "Pos_0:Pos_1_GC": -0.010517157381304489, "Pos_3:Pos_4_TG": 0.0, "Pos_1:Pos_4_TC": 0.02336925429696094, "Pos_0:Pos_3_GC": 0.0, "Pos_4:Pos_5_TA": 0.0, "Pos_2:Pos_5_CA": 0.0, "Pos_3:Pos_4_TC": 0.053165453456511094, "Pos_1_G": -0.006031568276875169, "Pos_2:Pos_4_CG": 0.0, "Pos_4:Pos_5_GA": 0.036886392025375137, "Pos_2:Pos_3_AA": 0.09319235800898683, "Pos_3:Pos_5_AA": 0.015818143256969768, "Pos_0:Pos_2_AA": 0.0, "Pos_2:Pos_4_CA": 0.0, "Pos_0:Pos_2_GC": -0.041886483323680744, "Pos_2:Pos_3_CA": -0.016640083835419442, "Pos_1:Pos_2_GA": -0.004866170812146697, "Pos_3:Pos_5_CC": 0.0, "Pos_1_C": 0.0, "Pos_2:Pos_5_TG": -0.009455540081794113, "Pos_3:Pos_4_AA": -0.04738604409806845, "Pos_0:Pos_1_TA": 0.0, "AtoC": -0.11807923914870333, "Pos_1:Pos_4_AA": -0.024058369884448094, "CtoA": -0.00027759851101803984, "Pos_0:Pos_5_TA": 0.0, "Pos_0:Pos_5_AC": 0.011227697058611489, "Pos_1:Pos_2_AG": 0.07380588259908274, "Pos_0:Pos_4_GT": -0.007294703696507133, "Pos_0_T": 0.032966525070432476, "Pos_1:Pos_4_CC": -0.011602616167560443, "Pos_4:Pos_5_CG": 0.11515912897441567, "Pos_0:Pos_3_CG": -0.12069371873714636, "Pos_2:Pos_5_GC": 0.0, "Pos_0:Pos_4_TT": 0.013044376088613844, "Pos_0:Pos_1_CT": 0.0, "Pos_0:Pos_5_AT": 0.006314937181461595, "Pos_4:Pos_5_CT": 0.02479547621628834, "Pos_3:Pos_4_AG": 0.016779636014859562, "Pos_2:Pos_4_AG": 0.0, "Pos_1:Pos_2_TT": 0.022744133404312267, "Pos_1:Pos_4_CA": 0.0, "Pos_0:Pos_3_TT": 0.0, "AtoT": 0.41126400917371114, "Pos_4:Pos_5_AG": 0.0, "Pos_0:Pos_4_GA": 0.0, "Pos_0:Pos_1_AG": 0.0, "Pos_0:Pos_5_AA": -0.09046167062654711, "Pos_3:Pos_4_AC": 0.00025298471917120706, "Pos_1:Pos_3_TA": 0.01491464518741172, "Pos_2:Pos_4_CT": -0.04207367662608171, "Pos_0:Pos_4_CT": 0.0, "Pos_1:Pos_3_CG": 0.06655636214714762, "Pos_2:Pos_4_GC": -0.011245900552739716, "Pos_0:Pos_3_CA": 0.0, "Pos_0:Pos_1_AT": -0.014961544174386148, "Pos_4:Pos_5_GT": -0.012801906931573133, "Pos_0:Pos_4_CC": -0.005760854245464318, "Pos_3:Pos_5_TC": 0.0, "AtoG": 0.0, "Pos_1:Pos_4_TG": 0.04385963393949969, "Pos_0:Pos_2_CT": -0.010979322388138061,