{"pos1": {"prob": 0.057655983833610015, "df": 3, "rel_entropy": 0.0003833200684662905, "deviance": 7.496207258926777, "stats": "{\"group\":{\"0\":\"1\",\"1\":\"1\",\"2\":\"1\",\"3\":\"1\",\"4\":\"1\",\"5\":\"1\",\"6\":\"1\",\"7\":\"1\",\"8\":\"2\",\"9\":\"2\",\"10\":\"2\",\"11\":\"2\",\"12\":\"2\",\"13\":\"2\",\"14\":\"2\",\"15\":\"2\"},\"mut\":{\"0\":\"M\",\"1\":\"M\",\"2\":\"M\",\"3\":\"M\",\"4\":\"R\",\"5\":\"R\",\"6\":\"R\",\"7\":\"R\",\"8\":\"M\",\"9\":\"M\",\"10\":\"M\",\"11\":\"M\",\"12\":\"R\",\"13\":\"R\",\"14\":\"R\",\"15\":\"R\"},\"base\":{\"0\":\"A\",\"1\":\"C\",\"2\":\"G\",\"3\":\"T\",\"4\":\"A\",\"5\":\"C\",\"6\":\"G\",\"7\":\"T\",\"8\":\"A\",\"9\":\"C\",\"10\":\"G\",\"11\":\"T\",\"12\":\"A\",\"13\":\"C\",\"14\":\"G\",\"15\":\"T\"},\"count\":{\"0\":685,\"1\":2156,\"2\":940,\"3\":994,\"4\":1287,\"5\":1472,\"6\":1242,\"7\":774,\"8\":29,\"9\":48,\"10\":18,\"11\":19,\"12\":31,\"13\":32,\"14\":26,\"15\":25},\"fitted\":{\"0\":692.4591407383,\"1\":2155.8023662922,\"2\":938.6996581418,\"3\":988.0388348277,\"4\":1279.5408592617,\"5\":1472.1976337078,\"6\":1243.3003418582,\"7\":779.9611651723,\"8\":21.5408592617,\"9\":48.1976337078,\"10\":19.3003418582,\"11\":24.9611651723,\"12\":38.4591407383,\"13\":31.8023662922,\"14\":24.6996581418,\"15\":19.0388348277},\"ret\":{\"0\":-0.0007587258,\"1\":0.000020213,\"2\":0.0001330786,\"3\":0.0006114862,\"4\":0.0007650686,\"5\":-0.0000202107,\"6\":-0.0001329169,\"7\":-0.0006073151,\"8\":0.000881876,\"9\":-0.0000201706,\"10\":-0.0001284024,\"11\":-0.0005302478,\"12\":-0.0006835636,\"13\":0.0000202748,\"14\":0.0001364272,\"15\":0.0006964486}}", "formula": "count ~ group * mut * base - group : mut : base"}, "pos3": {"prob": 0.8121959874299153, "df": 3, "rel_entropy": 4.882201726320374e-05, "deviance": 0.9547633695992124, "stats": "{\"group\":{\"0\":\"1\",\"1\":\"1\",\"2\":\"1\",\"3\":\"1\",\"4\":\"1\",\"5\":\"1\",\"6\":\"1\",\"7\":\"1\",\"8\":\"2\",\"9\":\"2\",\"10\":\"2\",\"11\":\"2\",\"12\":\"2\",\"13\":\"2\",\"14\":\"2\",\"15\":\"2\"},\"mut\":{\"0\":\"M\",\"1\":\"M\",\"2\":\"M\",\"3\":\"M\",\"4\":\"R\",\"5\":\"R\",\"6\":\"R\",\"7\":\"R\",\"8\":\"M\",\"9\":\"M\",\"10\":\"M\",\"11\":\"M\",\"12\":\"R\",\"13\":\"R\",\"14\":\"R\",\"15\":\"R\"},\"base\":{\"0\":\"A\",\"1\":\"C\",\"2\":\"G\",\"3\":\"T\",\"4\":\"A\",\"5\":\"C\",\"6\":\"G\",\"7\":\"T\",\"8\":\"A\",\"9\":\"C\",\"10\":\"G\",\"11\":\"T\",\"12\":\"A\",\"13\":\"C\",\"14\":\"G\",\"15\":\"T\"},\"count\":{\"0\":1355,\"1\":1258,\"2\":1008,\"3\":1154,\"4\":1326,\"5\":1177,\"6\":1214,\"7\":1058,\"8\":27,\"9\":31,\"10\":26,\"11\":30,\"12\":32,\"13\":25,\"14\":32,\"15\":25},\"fitted\":{\"0\":1352.1805030055,\"1\":1259.9642090655,\"2\":1007.6371643694,\"3\":1155.2181235595,\"4\":1328.8194969945,\"5\":1175.0357909345,\"6\":1214.3628356306,\"7\":1056.7818764405,\"8\":29.819496996,\"9\":29.0357909346,\"10\":26.3628356306,\"11\":28.7818764405,\"12\":29.1805030071,\"13\":26.9642090657,\"14\":31.6371643694,\"15\":26.2181235595},\"ret\":{\"0\":0.0002886515,\"1\":-0.0002007238,\"2\":0.000037114,\"3\":-0.0001245123,\"4\":-0.000288045,\"5\":0.0002010483,\"6\":-0.0000371018,\"7\":0.0001246498,\"8\":-0.0002742678,\"9\":0.0002075268,\"10\":-0.0000368508,\"11\":0.0001271778,\"12\":0.0003018535,\"13\":-0.0001933795,\"14\":0.0000373193,\"15\":-0.0001216381}}", "formula": "count ~ group * mut * base - group : mut : base"}, "pos0": {"prob": 0.5706806283705148, "df": 3, "rel_entropy": 0.000102696101142767, "deviance": 2.0083249539479513, "stats": "{\"group\":{\"0\":\"1\",\"1\":\"1\",\"2\":\"1\",\"3\":\"1\",\"4\":\"1\",\"5\":\"1\",\"6\":\"1\",\"7\":\"1\",\"8\":\"2\",\"9\":\"2\",\"10\":\"2\",\"11\":\"2\",\"12\":\"2\",\"13\":\"2\",\"14\":\"2\",\"15\":\"2\"},\"mut\":{\"0\":\"M\",\"1\":\"M\",\"2\":\"M\",\"3\":\"M\",\"4\":\"R\",\"5\":\"R\",\"6\":\"R\",\"7\":\"R\",\"8\":\"M\",\"9\":\"M\",\"10\":\"M\",\"11\":\"M\",\"12\":\"R\",\"13\":\"R\",\"14\":\"R\",\"15\":\"R\"},\"base\":{\"0\":\"A\",\"1\":\"C\",\"2\":\"G\",\"3\":\"T\",\"4\":\"A\",\"5\":\"C\",\"6\":\"G\",\"7\":\"T\",\"8\":\"A\",\"9\":\"C\",\"10\":\"G\",\"11\":\"T\",\"12\":\"A\",\"13\":\"C\",\"14\":\"G\",\"15\":\"T\"},\"count\":{\"0\":1165,\"1\":1373,\"2\":1474,\"3\":763,\"4\":1331,\"5\":1089,\"6\":1439,\"7\":916,\"8\":28,\"9\":29,\"10\":36,\"11\":21,\"12\":34,\"13\":30,\"14\":30,\"15\":20},\"fitted\":{\"0\":1164.0489855281,\"1\":1369.1549294383,\"2\":1476.5078361623,\"3\":765.2882488713,\"4\":1331.9510144719,\"5\":1092.8450705617,\"6\":1436.4921638377,\"7\":913.7117511287,\"8\":28.9510144719,\"9\":32.8450705617,\"10\":33.4921638377,\"11\":18.7117511287,\"12\":33.0489855281,\"13\":26.1549294383,\"14\":32.5078361623,\"15\":22.2882488713},\"ret\":{\"0\":0.0000973004,\"1\":0.0003937886,\"2\":-0.0002562595,\"3\":-0.0002336699,\"4\":-0.0000972259,\"5\":-0.0003925443,\"6\":0.0002567012,\"7\":0.0002343129,\"8\":-0.0000956454,\"9\":-0.0003692646,\"10\":0.0002658486,\"11\":0.0002477792,\"12\":0.0000986468,\"13\":0.0004208213,\"14\":-0.0002463197,\"15\":-0.0002215736}}", "formula": "count ~ group * mut * base - group : mut : base"}, "pos2": {"prob": 0.007548269757244132, "df": 3, "rel_entropy": 0.0006111845805207041, "deviance": 11.952325656662888, "stats": "{\"group\":{\"0\":\"1\",\"1\":\"1\",\"2\":\"1\",\"3\":\"1\",\"4\":\"1\",\"5\":\"1\",\"6\":\"1\",\"7\":\"1\",\"8\":\"2\",\"9\":\"2\",\"10\":\"2\",\"11\":\"2\",\"12\":\"2\",\"13\":\"2\",\"14\":\"2\",\"15\":\"2\"},\"mut\":{\"0\":\"M\",\"1\":\"M\",\"2\":\"M\",\"3\":\"M\",\"4\":\"R\",\"5\":\"R\",\"6\":\"R\",\"7\":\"R\",\"8\":\"M\",\"9\":\"M\",\"10\":\"M\",\"11\":\"M\",\"12\":\"R\",\"13\":\"R\",\"14\":\"R\",\"15\":\"R\"},\"base\":{\"0\":\"A\",\"1\":\"C\",\"2\":\"G\",\"3\":\"T\",\"4\":\"A\",\"5\":\"C\",\"6\":\"G\",\"7\":\"T\",\"8\":\"A\",\"9\":\"C\",\"10\":\"G\",\"11\":\"T\",\"12\":\"A\",\"13\":\"C\",\"14\":\"G\",\"15\":\"T\"},\"count\":{\"0\":599,\"1\":1670,\"2\":1591,\"3\":915,\"4\":1169,\"5\":1051,\"6\":1743,\"7\":812,\"8\":18,\"9\":19,\"10\":52,\"11\":25,\"12\":29,\"13\":28,\"14\":41,\"15\":16},\"fitted\":{\"0\":600.4534443973,\"1\":1659.7209111819,\"2\":1597.1712548357,\"3\":917.6543895851,\"4\":1167.5465556027,\"5\":1061.2790888181,\"6\":1736.8287451643,\"7\":809.3456104149,\"8\":16.5465556027,\"9\":29.2790888198,\"10\":45.8287451643,\"11\":22.3456104149,\"12\":30.4534443973,\"13\":17.7209111829,\"14\":47.1712548357,\"15\":18.6543895851},\"ret\":{\"0\":-0.0001484643,\"1\":0.0010544952,\"2\":-0.0006299158,\"3\":-0.0002710725,\"4\":0.0001487368,\"5\":-0.0010461391,\"6\":0.0006322567,\"7\":0.0002719102,\"8\":0.0001549896,\"9\":-0.0008402799,\"10\":0.0006718423,\"11\":0.0002869859,\"12\":-0.0001450394,\"13\":0.0013099669,\"14\":-0.0005879237,\"15\":-0.0002511643}}", "formula": "count ~ group * mut * base - group : mut : base"}}