{"pos1": {"df": 3, "prob": 4.683887826949073e-222, "stats": "{\"group\":{\"8\":\"1\",\"9\":\"1\",\"10\":\"1\",\"11\":\"1\",\"12\":\"1\",\"13\":\"1\",\"14\":\"1\",\"15\":\"1\",\"0\":\"2\",\"1\":\"2\",\"2\":\"2\",\"3\":\"2\",\"4\":\"2\",\"5\":\"2\",\"6\":\"2\",\"7\":\"2\"},\"mut\":{\"8\":\"M\",\"9\":\"M\",\"10\":\"M\",\"11\":\"M\",\"12\":\"R\",\"13\":\"R\",\"14\":\"R\",\"15\":\"R\",\"0\":\"M\",\"1\":\"M\",\"2\":\"M\",\"3\":\"M\",\"4\":\"R\",\"5\":\"R\",\"6\":\"R\",\"7\":\"R\"},\"base\":{\"8\":\"A\",\"9\":\"C\",\"10\":\"G\",\"11\":\"T\",\"12\":\"A\",\"13\":\"C\",\"14\":\"G\",\"15\":\"T\",\"0\":\"A\",\"1\":\"C\",\"2\":\"G\",\"3\":\"T\",\"4\":\"A\",\"5\":\"C\",\"6\":\"G\",\"7\":\"T\"},\"count\":{\"8\":9036,\"9\":3148,\"10\":3935,\"11\":3325,\"12\":4365,\"13\":5175,\"14\":4673,\"15\":5231,\"0\":18981,\"1\":17963,\"2\":15684,\"3\":13876,\"4\":15133,\"5\":19158,\"6\":15203,\"7\":17010},\"fitted\":{\"8\":7796.601797197,\"9\":3790.2167516032,\"10\":4200.0614032938,\"11\":3657.1200479061,\"12\":5604.3982028031,\"13\":4532.7832483968,\"14\":4407.9385967062,\"15\":4898.8799520939,\"0\":20220.3982028029,\"1\":17320.7832483968,\"2\":15418.9385967062,\"3\":13543.8799520939,\"4\":13893.6017971969,\"5\":19800.2167516033,\"6\":15468.0614032938,\"7\":17342.1200479061},\"ret\":{\"8\":0.0077550884,\"9\":-0.0033999901,\"10\":-0.0014922733,\"11\":-0.001841584,\"12\":-0.0063466264,\"13\":0.003989063,\"14\":0.0015874467,\"15\":0.0019961603,\"0\":-0.0069845332,\"1\":0.0038044996,\"2\":0.0015551656,\"3\":0.0019555967,\"4\":0.0075226016,\"5\":-0.0036748219,\"6\":-0.0015286991,\"7\":-0.0019134786}}", "formula": "count ~ group * mut * base - group : mut : base", "rel_entropy": 0.0029836152706251284, "deviance": 1025.7430611187542}, "pos2": {"df": 3, "prob": 2.197749513070027e-233, "stats": "{\"group\":{\"8\":\"1\",\"9\":\"1\",\"10\":\"1\",\"11\":\"1\",\"12\":\"1\",\"13\":\"1\",\"14\":\"1\",\"15\":\"1\",\"0\":\"2\",\"1\":\"2\",\"2\":\"2\",\"3\":\"2\",\"4\":\"2\",\"5\":\"2\",\"6\":\"2\",\"7\":\"2\"},\"mut\":{\"8\":\"M\",\"9\":\"M\",\"10\":\"M\",\"11\":\"M\",\"12\":\"R\",\"13\":\"R\",\"14\":\"R\",\"15\":\"R\",\"0\":\"M\",\"1\":\"M\",\"2\":\"M\",\"3\":\"M\",\"4\":\"R\",\"5\":\"R\",\"6\":\"R\",\"7\":\"R\"},\"base\":{\"8\":\"A\",\"9\":\"C\",\"10\":\"G\",\"11\":\"T\",\"12\":\"A\",\"13\":\"C\",\"14\":\"G\",\"15\":\"T\",\"0\":\"A\",\"1\":\"C\",\"2\":\"G\",\"3\":\"T\",\"4\":\"A\",\"5\":\"C\",\"6\":\"G\",\"7\":\"T\"},\"count\":{\"8\":5441,\"9\":4350,\"10\":7439,\"11\":2214,\"12\":6033,\"13\":5643,\"14\":1926,\"15\":5842,\"0\":12603,\"1\":15255,\"2\":24441,\"3\":14205,\"4\":21415,\"5\":19116,\"6\":7155,\"7\":18818},\"fitted\":{\"8\":4541.4041937477,\"9\":4407.0498228495,\"10\":7282.9242658377,\"11\":3212.6217175653,\"12\":6932.5958062523,\"13\":5585.9501771505,\"14\":2082.0757341623,\"15\":4843.378282435,\"0\":13502.5958062523,\"1\":15197.9501771504,\"2\":24597.0757341623,\"3\":13206.3782824349,\"4\":20515.4041937477,\"5\":19173.0498228495,\"6\":6998.9242658377,\"7\":19816.6217175651},\"ret\":{\"8\":0.005720514,\"9\":-0.0003297282,\"10\":0.0009176263,\"11\":-0.0047950058,\"12\":-0.0048781018,\"13\":0.0003335747,\"14\":-0.000873051,\"15\":0.0063709779,\"0\":-0.0050550327,\"1\":0.0003325078,\"2\":-0.0009050793,\"3\":0.0060237625,\"4\":0.0053464723,\"5\":-0.0003313914,\"6\":0.0009180154,\"7\":-0.0056605519}}", "formula": "count ~ group * mut * base - group : mut : base", "rel_entropy": 0.003135508923856725, "deviance": 1077.9628839505513}, "pos3": {"df": 3, "prob": 8.925267347812791e-51, "stats": "{\"group\":{\"8\":\"1\",\"9\":\"1\",\"10\":\"1\",\"11\":\"1\",\"12\":\"1\",\"13\":\"1\",\"14\":\"1\",\"15\":\"1\",\"0\":\"2\",\"1\":\"2\",\"2\":\"2\",\"3\":\"2\",\"4\":\"2\",\"5\":\"2\",\"6\":\"2\",\"7\":\"2\"},\"mut\":{\"8\":\"M\",\"9\":\"M\",\"10\":\"M\",\"11\":\"M\",\"12\":\"R\",\"13\":\"R\",\"14\":\"R\",\"15\":\"R\",\"0\":\"M\",\"1\":\"M\",\"2\":\"M\",\"3\":\"M\",\"4\":\"R\",\"5\":\"R\",\"6\":\"R\",\"7\":\"R\"},\"base\":{\"8\":\"A\",\"9\":\"C\",\"10\":\"G\",\"11\":\"T\",\"12\":\"A\",\"13\":\"C\",\"14\":\"G\",\"15\":\"T\",\"0\":\"A\",\"1\":\"C\",\"2\":\"G\",\"3\":\"T\",\"4\":\"A\",\"5\":\"C\",\"6\":\"G\",\"7\":\"T\"},\"count\":{\"8\":5248,\"9\":4089,\"10\":4752,\"11\":5355,\"12\":4512,\"13\":4542,\"14\":5672,\"15\":4718,\"0\":15915,\"1\":16319,\"2\":17301,\"3\":16969,\"4\":15671,\"5\":16130,\"6\":16475,\"7\":18228},\"fitted\":{\"8\":4993.7717608255,\"9\":4286.0319571515,\"10\":5198.888948943,\"11\":4965.3073332635,\"12\":4766.2282391787,\"13\":4344.9680428498,\"14\":5225.1110512991,\"15\":5107.6926668377,\"0\":16169.2282391772,\"1\":16121.9680428494,\"2\":16854.1110511858,\"3\":17358.6926667881,\"4\":15416.771760823,\"5\":16327.0319571506,\"6\":16921.8889488145,\"7\":17838.307333212},\"ret\":{\"8\":0.0015159887,\"9\":-0.001119468,\"10\":-0.0024846809,\"11\":0.0023537473,\"12\":-0.0014388012,\"13\":0.0011718326,\"14\":0.0027078982,\"15\":-0.0021782568,\"0\":-0.0014672771,\"1\":0.0011532036,\"2\":0.0026339294,\"3\":-0.0022413865,\"4\":0.0014910933,\"5\":-0.0011392835,\"6\":-0.0025651288,\"7\":0.00229161}}", "formula": "count ~ group * mut * base - group : mut : base", "rel_entropy": 0.0006850202831236146, "deviance": 235.50449317563368}, "pos0": {"df": 3, "prob": 5.096758185914474e-08, "stats": "{\"group\":{\"8\":\"1\",\"9\":\"1\",\"10\":\"1\",\"11\":\"1\",\"12\":\"1\",\"13\":\"1\",\"14\":\"1\",\"15\":\"1\",\"0\":\"2\",\"1\":\"2\",\"2\":\"2\",\"3\":\"2\",\"4\":\"2\",\"5\":\"2\",\"6\":\"2\",\"7\":\"2\"},\"mut\":{\"8\":\"M\",\"9\":\"M\",\"10\":\"M\",\"11\":\"M\",\"12\":\"R\",\"13\":\"R\",\"14\":\"R\",\"15\":\"R\",\"0\":\"M\",\"1\":\"M\",\"2\":\"M\",\"3\":\"M\",\"4\":\"R\",\"5\":\"R\",\"6\":\"R\",\"7\":\"R\"},\"base\":{\"8\":\"A\",\"9\":\"C\",\"10\":\"G\",\"11\":\"T\",\"12\":\"A\",\"13\":\"C\",\"14\":\"G\",\"15\":\"T\",\"0\":\"A\",\"1\":\"C\",\"2\":\"G\",\"3\":\"T\",\"4\":\"A\",\"5\":\"C\",\"6\":\"G\",\"7\":\"T\"},\"count\":{\"8\":4613,\"9\":5619,\"10\":4657,\"11\":4555,\"12\":4463,\"13\":5257,\"14\":4683,\"15\":5041,\"0\":17580,\"1\":14860,\"2\":18108,\"3\":15956,\"4\":16234,\"5\":15518,\"6\":18267,\"7\":16485},\"fitted\":{\"8\":4699.9744932868,\"9\":5403.1162853611,\"10\":4654.9379545552,\"11\":4685.9712667973,\"12\":4376.0255067132,\"13\":5472.8837146394,\"14\":4685.0620454449,\"15\":4910.0287332028,\"0\":17493.0255067134,\"1\":15075.8837146392,\"2\":18110.062045445,\"3\":15825.0287332029,\"4\":16320.9744932869,\"5\":15302.1162853609,\"6\":18264.9379545552,\"7\":16615.9712667973},\"ret\":{\"8\":-0.0005012609,\"9\":0.0012806596,\"10\":0.0000119985,\"11\":-0.0007511732,\"12\":0.0005109668,\"13\":-0.0012307949,\"14\":-0.0000119932,\"15\":0.0007719942,\"0\":0.0005072273,\"1\":-0.0012468619,\"2\":-0.0000119952,\"3\":0.0007650658,\"4\":-0.000504621,\"5\":0.001264715,\"6\":0.0000119966,\"7\":-0.0007589108}}", "formula": "count ~ group * mut * base - group : mut : base", "rel_entropy": 0.00010701266980294232, "deviance": 36.79009977689314}}