{"params": {"1": {"alpha": 0.1}, "4": {"alpha": 3.0}, "2": {"alpha": 1.0}, "0": {"alpha": 0.01}, "3": {"alpha": 2.0}}, "best_a_choice": 3.0, "rank_test_score": {"1": 4, "4": 1, "2": 3, "0": 5, "3": 2}, "split0_test_score": {"1": 0.647423231, "4": 0.6542666412, "2": 0.6510242228, "0": 0.6433148961, "3": 0.6526683197}, "param_alpha": {"1": 0.1, "4": 3.0, "2": 1.0, "0": 0.01, "3": 2.0}}