{"rank_test_score": {"4": 3, "2": 5, "3": 4, "0": 1, "1": 2}, "params": {"4": {"alpha": 3.0}, "2": {"alpha": 1.0}, "3": {"alpha": 2.0}, "0": {"alpha": 0.01}, "1": {"alpha": 0.1}}, "best_a_choice": 0.01, "split0_test_score": {"4": 0.6704615502, "2": 0.6702249067, "3": 0.6702897928, "0": 0.6721304593, "1": 0.6716046909}, "param_alpha": {"4": 3.0, "2": 1.0, "3": 2.0, "0": 0.01, "1": 0.1}}