{"param_alpha": {"3": 2.0, "0": 0.01, "1": 0.1, "2": 1.0, "4": 3.0}, "rank_test_score": {"3": 2, "0": 5, "1": 4, "2": 3, "4": 1}, "best_a_choice": 3.0, "split0_test_score": {"3": 0.6545649291, "0": 0.6444131146, "1": 0.6492466531, "2": 0.6538616781, "4": 0.6546102539}, "params": {"3": {"alpha": 2.0}, "0": {"alpha": 0.01}, "1": {"alpha": 0.1}, "2": {"alpha": 1.0}, "4": {"alpha": 3.0}}}