{"params": {"0": {"alpha": 0.01}, "1": {"alpha": 0.1}, "3": {"alpha": 2.0}, "2": {"alpha": 1.0}, "4": {"alpha": 3.0}}, "rank_test_score": {"0": 5, "1": 4, "3": 2, "2": 3, "4": 1}, "split0_test_score": {"0": 0.6241922329, "1": 0.6259646151, "3": 0.6327718176, "2": 0.6315640881, "4": 0.6335560575}, "best_a_choice": 3.0, "param_alpha": {"0": 0.01, "1": 0.1, "3": 2.0, "2": 1.0, "4": 3.0}}