{"Pos_2:Pos_3_GA": 0.0, "Pos_0:Pos_2_TC": 0.022868978157579174, "Pos_1:Pos_3_TA": 0.0, "Pos_0:Pos_1_TT": 0.0, "Pos_1:Pos_3_AG": -0.034519499348688455, "Pos_0:Pos_3_CA": 0.0, "Pos_3_G": 0.0, "Pos_0:Pos_1_CT": 0.056906260234044215, "Pos_2:Pos_3_AT": 0.0, "Pos_0:Pos_2_GG": 0.0, "Pos_1:Pos_2_GC": 0.13180687726559454, "Pos_2:Pos_3_CG": -0.049626086722043834, "Pos_0:Pos_3_CC": -0.015526272093697316, "Pos_2:Pos_3_TC": 0.0, "Pos_1:Pos_3_TG": -0.016654229958697524, "Pos_2:Pos_3_GT": 0.0, "TtoG": 0.0, "Pos_1_C": 0.0, "Pos_1:Pos_3_AC": -0.026943880207342157, "Pos_0:Pos_2_CT": 0.0, "Pos_0:Pos_2_CA": -0.07359012631038518, "Pos_0:Pos_3_GA": -0.039176927691028075, "Pos_1:Pos_3_GA": 0.0, "Pos_0:Pos_3_AT": 0.0, "Pos_2:Pos_3_CC": 0.0, "AtoT": 0.2641473641262995, "Pos_1:Pos_2_TA": 0.01569162982394215, "TtoC": 0.10844242099159707, "Pos_2_C": 0.0, "Pos_2:Pos_3_AA": 0.0, "Pos_0:Pos_3_GG": 0.0, "Pos_1:Pos_3_CT": -0.11727978502754577, "Pos_0:Pos_1_CC": 0.0, "Pos_1_T": 0.0, "Pos_1:Pos_2_GG": 0.0, "Pos_0:Pos_1_GG": 0.08482517869385396, "Pos_0:Pos_1_TC": 0.0, "Pos_0:Pos_2_AT": 0.0, "Pos_0:Pos_3_TA": 0.0, "AtoG": 0.0, "Pos_2:Pos_3_TA": 0.05116340091734554, "Pos_1:Pos_2_CA": 0.0, "Pos_0:Pos_1_TG": 0.0, "CtoA": 0.00668879661344041, "Pos_1:Pos_3_CA": -0.06878868851091803, "Pos_2:Pos_3_TG": 0.053254555925233864, "GtoA": -0.5127703124571247, "Pos_0:Pos_3_TT": 0.0, "Pos_0:Pos_1_AC": -0.09807623402701099, "Pos_0:Pos_2_CG": 0.0, "Pos_0:Pos_3_CG": 0.0, "Pos_0:Pos_2_AG": -0.042667511282217165, "Pos_0:Pos_3_AG": 0.0, "Pos_0:Pos_3_AA": 0.0, "Pos_0:Pos_1_TA": 0.0, "Pos_0:Pos_3_AC": 0.0, "Pos_0:Pos_1_CA": 0.0, "Pos_2:Pos_3_GC": 0.0, "Pos_0:Pos_3_TG": 0.0, "Pos_2:Pos_3_CT": 0.04161160274388354, "Pos_1:Pos_2_CG": 0.0, "Pos_0:Pos_1_CG": -0.007231102582989004, "Pos_0:Pos_2_GC": 0.0, "Pos_3_T": 0.0, "Pos_2:Pos_3_GG": -0.07478026319516404, "Pos_0:Pos_3_GT": 0.0, "Pos_0:Pos_2_CC": 0.06196288740283855, "Pos_0:Pos_1_AA": -0.020352863635173888, "Pos_0_T": 0.0, "Pos_2_G": -0.006574531800845225, "Pos_1:Pos_3_TT": 0.0, "GtoT": -0.008455209535075829, "Pos_2_A": 0.0, "Pos_1:Pos_2_AG": 0.0, "Pos_2:Pos_3_TT": 0.0, "Pos_0:Pos_3_CT": 0.014056759395454607, "Pos_0:Pos_3_TC": 0.0, "Pos_0:Pos_2_AC": 0.0, "Pos_0:Pos_2_AA": 0.0008629691100827201, "Pos_2:Pos_3_AC": -0.051226524604986154, "Pos_1:Pos_3_CC": 0.0, "Pos_1:Pos_3_TC": 0.02410934409256016, "Pos_2:Pos_3_CA": 0.0, "Pos_1:Pos_3_AT": 0.0, "Pos_1:Pos_3_AA": 0.0, "Pos_0_C": 0.0, "Pos_1:Pos_2_TG": -0.15099126000873486, "Pos_0_G": 0.0, "AtoC": -0.11321022612697366, "Pos_0:Pos_2_TA": -0.00898929223909454, "Pos_1_G": 0.06297565203474717, "Pos_0:Pos_1_GA": -0.0971368374700635, "Pos_1:Pos_3_GT": 0.0, "Pos_1:Pos_2_GA": 0.0, "Pos_1:Pos_3_GC": 0.0, "Pos_1:Pos_3_CG": 0.0, "Pos_0:Pos_1_AG": 0.0, "Pos_1:Pos_2_TT": 0.011514720299149227, "Pos_1_A": 0.0, "Pos_1:Pos_2_TC": 0.0, "Pos_0:Pos_1_AT": 0.03607552153695885, "GC_feature": -0.10704897105736182, "Pos_2_T": 0.015134174008322792, "TtoA": 0.3557898991660731, "Pos_0_A": 0.0, "Pos_0:Pos_2_GA": 0.0, "Pos_1:Pos_2_AT": 0.0, "CtoG": -0.38282179052633586, "Pos_2:Pos_3_AG": 0.029005128660146096, "Pos_0:Pos_3_GC": 0.0, "Pos_0:Pos_1_GC": 0.0, "Pos_3_A": 0.0, "Pos_0:Pos_2_GT": 0.0, "Pos_0:Pos_2_TG": 0.0, "Pos_1:Pos_2_GT": 0.0, "Pos_0:Pos_2_TT": 0.06545202272232611, "Pos_1:Pos_3_GG": 0.06755992236792736, "Pos_1:Pos_2_AA": 0.0, "GtoC": -0.30340341321859854, "CtoT": -0.43712288554192325, "Pos_3_C": 0.0, "Pos_1:Pos_2_CC": -0.024330275985867927, "Pos_1:Pos_2_CT": 0.019541875884044907, "Pos_1:Pos_2_AC": 0.0, "Pos_0:Pos_1_GT": -0.06685174004793938}