{"Pos_0:Pos_1:Pos_2_TCT": 0.0, "Pos_0:Pos_2:Pos_3_CAA": -0.020826332642058805, "Pos_0:Pos_1:Pos_2_CTC": 0.005563612323141569, "Pos_0:Pos_2:Pos_3_TTC": 0.013943025798190562, "Pos_0:Pos_1:Pos_2_GGA": 0.0, "Pos_0:Pos_1:Pos_3_TGT": 0.05445407661082338, "Pos_1:Pos_2:Pos_3_CAC": -0.0009639505236199597, "Pos_2:Pos_3_GT": 0.0, "Pos_1_C": -0.06381742038137125, "Pos_0:Pos_3_CA": 0.0, "Pos_1:Pos_3_GT": 0.0, "Pos_0:Pos_1:Pos_2_ATT": 0.005739397480031615, "Pos_0:Pos_1:Pos_3_CCG": 0.01857154536979645, "Pos_3_G": 0.0, "Pos_0_A": 0.0, "Pos_1:Pos_2:Pos_3_GAC": 0.0, "Pos_0:Pos_1_CG": -0.09300206305102947, "Pos_0:Pos_1:Pos_3_TCA": 0.0, "Pos_0:Pos_2:Pos_3_TAC": 0.003577285140327496, "GtoT": 0.024438149059994373, "Pos_1:Pos_3_GA": 0.0, "Pos_0:Pos_1:Pos_3_ACT": -0.04670196018749295, "Pos_0:Pos_1:Pos_2_GTT": -0.004793090662586245, "Pos_0:Pos_3_AA": 0.0, "Pos_0:Pos_2_GA": -0.04351358258579395, "Pos_0:Pos_1:Pos_2_TTA": 0.0, "Pos_0:Pos_1:Pos_3_ATG": 0.0, "Pos_1:Pos_2:Pos_3_AAG": 0.01730558724717933, "Pos_0:Pos_1:Pos_2_CCA": 0.0, "Pos_0:Pos_2:Pos_3_CCG": 0.003387533004758445, "Pos_0:Pos_3_CG": 0.0, "Pos_1:Pos_2:Pos_3_AAT": -0.007256075071414924, "Pos_0:Pos_2:Pos_3_CAG": 0.0004940759940765738, "Pos_0:Pos_2:Pos_3_ACA": 0.0, "Pos_1:Pos_2:Pos_3_CCT": -0.0495128585744983, "Pos_1:Pos_2_GG": 0.0, "Pos_0:Pos_1:Pos_3_GTA": -0.022901198987135662, "Pos_0:Pos_1:Pos_2_GCT": 0.001680690805167367, "Pos_0:Pos_1:Pos_2_TCA": -0.021316453368827197, "Pos_1:Pos_2:Pos_3_GGT": 0.0, "Pos_0:Pos_1:Pos_3_TTC": 0.022146843789964395, "Pos_0:Pos_1:Pos_2_AGT": 0.0, "Pos_1:Pos_3_CG": 0.0, "Pos_0:Pos_1:Pos_3_TAT": 0.0, "TtoC": 0.0, "Pos_0:Pos_2:Pos_3_TTT": 0.008035368701647696, "Pos_0:Pos_2_CG": 0.0, "Pos_0:Pos_3_TG": 0.0, "Pos_1:Pos_2:Pos_3_TAG": 0.0, "Pos_0:Pos_2:Pos_3_GGC": -0.013684798683532813, "Pos_2_A": 0.0, "Pos_0:Pos_2:Pos_3_TGA": -0.007958776404050412, "Pos_1:Pos_2_AT": 0.0, "Pos_0:Pos_1:Pos_2_TAC": 5.47634296590213e-05, "Pos_0:Pos_2:Pos_3_GAC": 0.0, "Pos_0:Pos_2:Pos_3_CTT": 0.0, "Pos_1:Pos_2:Pos_3_TTG": 0.0, "Pos_0:Pos_2:Pos_3_CCT": 0.0, "Pos_1:Pos_2:Pos_3_GCC": 0.0, "Pos_0:Pos_1:Pos_3_GGT": 0.0, "Pos_0:Pos_1:Pos_2_CTG": 0.0, "Pos_1:Pos_3_AA": 0.0, "Pos_0:Pos_1:Pos_3_CTT": 0.0, "Pos_0:Pos_1_TA": 0.0, "Pos_0:Pos_2:Pos_3_ATG": 0.0, "Pos_0:Pos_1_AG": 0.0, "Pos_0:Pos_1:Pos_3_TTG": -0.010505141259309946, "Pos_0:Pos_1:Pos_2_TTG": 0.0, "Pos_1:Pos_2:Pos_3_TGG": 0.036008909039792626, "Pos_0:Pos_1:Pos_2_AGC": 0.02524321972097161, "Pos_1:Pos_2:Pos_3_AGT": 0.04679505591739518, "Pos_0:Pos_1:Pos_3_CCT": 0.0, "CtoA": -0.06361965433329911, "Pos_0:Pos_1:Pos_3_ATA": 0.0, "Pos_0:Pos_1:Pos_3_CCC": -0.02192231303388305, "Pos_1:Pos_2:Pos_3_AGA": 0.0, "Pos_0:Pos_1:Pos_3_GAG": 0.017978575140322518, "Pos_0:Pos_2:Pos_3_GGG": 0.014885353922588135, "Pos_0:Pos_1:Pos_3_TTT": 0.0, "Pos_0:Pos_2:Pos_3_ACC": -0.005201361805537196, "Pos_1:Pos_2:Pos_3_ATT": 0.0, "Pos_0:Pos_3_AC": 0.0, "Pos_0:Pos_2_GG": 0.0, "Pos_0:Pos_1:Pos_3_TAC": 0.0, "Pos_0:Pos_2:Pos_3_CCA": 0.0, "Pos_0:Pos_2_GC": 0.0, "Pos_1:Pos_2_AA": 0.0, "Pos_1:Pos_2:Pos_3_CTA": 0.0, "Pos_1:Pos_2:Pos_3_TCA": 0.0, "Pos_0:Pos_1_AC": -0.004423566173747255, "Pos_0:Pos_1:Pos_2_CTA": -0.008426986794639789, "Pos_0:Pos_1:Pos_3_AGC": 0.0, "Pos_2:Pos_3_GG": 0.0, "Pos_0:Pos_1:Pos_3_CGG": 0.0, "Pos_0:Pos_1:Pos_3_TGG": 0.0, "Pos_1:Pos_3_CA": 0.0, "Pos_0:Pos_1:Pos_2_AAA": 0.0, "Pos_1:Pos_2:Pos_3_CGT": -0.008701367711494956, "Pos_1:Pos_2:Pos_3_TGC": 0.0, "Pos_0:Pos_1:Pos_2_ATA": 0.0, "Pos_0:Pos_2_AA": 0.0, "Pos_0:Pos_2:Pos_3_AGT": -0.03048883165209558, "Pos_0:Pos_1:Pos_3_CTA": 0.0, "Pos_0:Pos_1:Pos_3_TGA": 0.0, "Pos_0:Pos_1:Pos_3_GGC": 0.0, "Pos_0:Pos_1:Pos_3_GCC": 0.0, "Pos_0:Pos_1:Pos_3_AAG": 0.0, "Pos_0:Pos_1:Pos_3_AAA": 0.0, "Pos_0:Pos_1:Pos_2_GCA": 0.0, "Pos_1:Pos_2_CC": 0.0, "Pos_0:Pos_3_CC": 0.0, "Pos_1:Pos_2:Pos_3_CTT": 0.0, "Pos_3_C": 0.0, "Pos_0:Pos_1:Pos_3_AAC": -0.06660605081648802, "Pos_1:Pos_2:Pos_3_GCG": 0.006149399513001504, "Pos_0:Pos_1:Pos_2_CGC": 0.0, "Pos_0:Pos_1_GT": 0.0, "Pos_1_G": 0.19252265298654747, "Pos_0:Pos_2_TG": 0.0, "Pos_1:Pos_3_GG": 0.0, "Pos_0:Pos_1_CC": 0.0, "Pos_0:Pos_2_TT": 0.030975145986670345, "Pos_0:Pos_2:Pos_3_TCA": 0.02630157553357842, "Pos_1:Pos_2:Pos_3_AAC": 0.03427371893325298, "Pos_0:Pos_2:Pos_3_GTA": -0.01068018500056721, "Pos_0:Pos_3_GG": 0.0, "Pos_1:Pos_3_AG": 0.0, "Pos_0:Pos_1:Pos_2_ACT": 0.0, "Pos_0:Pos_1:Pos_2_CCT": -0.010406938827595798, "Pos_1:Pos_2:Pos_3_GCT": 0.0, "Pos_0:Pos_2:Pos_3_GAG": 0.0, "AtoG": 0.030738888841250433, "Pos_0:Pos_1:Pos_3_TTA": -0.0024530476220420267, "Pos_1:Pos_3_TA": 0.0, "Pos_0:Pos_1_TT": 0.0, "AtoT": 0.3853309471395753, "Pos_0:Pos_1:Pos_3_ACG": -0.0009582406966467599, "Pos_0:Pos_1:Pos_3_TAG": 0.0, "Pos_0:Pos_2:Pos_3_CCC": 0.013968160530435696, "Pos_1:Pos_2:Pos_3_ACC": -0.01499967680007293, "Pos_0:Pos_1:Pos_3_AAT": 0.009469675031916374, "Pos_0:Pos_2:Pos_3_AAT": -0.028888269377893936, "Pos_0:Pos_2:Pos_3_TGT": -0.017483510774506505, "Pos_1:Pos_2:Pos_3_GTG": 0.013769516278707188, "Pos_0:Pos_1:Pos_2_CGA": -0.03800858240261805, "Pos_0:Pos_2:Pos_3_TCG": 0.0, "Pos_0:Pos_2_CA": 0.0, "Pos_0:Pos_1:Pos_3_CGT": -0.015855724032260276, "Pos_1:Pos_3_CC": 0.0, "Pos_0:Pos_1_AA": 0.0, "Pos_1:Pos_2_CT": 0.0, "Pos_0:Pos_2:Pos_3_CGT": 0.03540769056313571, "Pos_0:Pos_1:Pos_3_AGT": 0.0, "Pos_0:Pos_1:Pos_2_TGA": 0.0, "Pos_0:Pos_1:Pos_3_GAT": -0.0006766408125648265, "Pos_1:Pos_2:Pos_3_ACG": -0.06727824623072606, "Pos_0:Pos_1:Pos_3_CTC": 0.0, "Pos_0:Pos_2:Pos_3_CGA": 0.0, "Pos_0:Pos_2:Pos_3_GAA": 0.0, "Pos_0:Pos_1:Pos_2_GAC": 0.0, "Pos_1:Pos_2:Pos_3_GGA": -0.03287563204026902, "Pos_0:Pos_2:Pos_3_AGA": -0.042294179070297235, "Pos_1:Pos_2:Pos_3_ACT": 0.02790957976136512, "Pos_0:Pos_2:Pos_3_TAA": -0.011070739528368385, "Pos_0:Pos_1:Pos_3_GGG": 0.0031603478157739614, "Pos_0:Pos_1:Pos_3_GCT": 0.0, "Pos_1:Pos_2:Pos_3_CCC": 0.0, "Pos_2:Pos_3_CA": 0.0, "Pos_0:Pos_2:Pos_3_TTA": 0.0, "Pos_1_A": 0.0, "Pos_1:Pos_2:Pos_3_TCC": 0.015543501025473047, "Pos_0:Pos_1:Pos_3_ATC": -0.006155081148108926, "Pos_1:Pos_2_TC": 0.0, "GtoC": -0.580806983067863, "Pos_0:Pos_1:Pos_2_CAG": 0.0, "Pos_1:Pos_3_CT": -0.007495686863382803, "Pos_1:Pos_2:Pos_3_CGG": 0.0, "Pos_1:Pos_2:Pos_3_ATC": 0.0, "Pos_0:Pos_2:Pos_3_AGC": 0.0, "Pos_0:Pos_1:Pos_2_ACG": -0.02830565305823216, "Pos_1:Pos_2:Pos_3_CCA": 0.08213102499500827, "Pos_1_T": 0.0, "Pos_1:Pos_2:Pos_3_GGG": 0.0, "Pos_1:Pos_2:Pos_3_GTC": 0.02370036577097882, "Pos_1:Pos_2:Pos_3_TGT": -0.031694759636023126, "Pos_1:Pos_2:Pos_3_ACA": 0.0, "Pos_1:Pos_2:Pos_3_AAA": -0.0159859116445765, "Pos_2:Pos_3_CC": 0.0, "Pos_1:Pos_2:Pos_3_AGG": -0.009774540838908248, "GtoA": -0.42067890484653847, "Pos_0:Pos_1:Pos_3_CAC": 0.0, "Pos_1:Pos_2_CA": 0.0, "Pos_0:Pos_2:Pos_3_TTG": 0.0, "Pos_0:Pos_2_CC": 0.0019697101505352847, "Pos_0:Pos_1:Pos_2_GGT": 0.0, "Pos_1:Pos_2:Pos_3_TTC": 0.0, "Pos_0:Pos_1:Pos_3_CTG": 0.0073606544416195095, "Pos_0:Pos_1_GG": 0.0, "Pos_0:Pos_1_GA": 0.0, "Pos_0_T": 0.0, "Pos_0:Pos_1:Pos_2_GAG": 0.0, "Pos_0:Pos_2:Pos_3_AGG": 0.0, "Pos_0:Pos_2:Pos_3_GCA": 0.0, "Pos_0:Pos_1:Pos_3_TAA": 0.0, "Pos_0:Pos_1:Pos_2_TGG": 0.0, "Pos_0:Pos_2_AT": 0.0, "Pos_0:Pos_3_AT": 0.0, "Pos_0:Pos_1:Pos_2_AAG": 0.0, "TtoA": 0.4660751880774717, "Pos_0:Pos_1:Pos_2_TTT": 0.01927590344105001, "Pos_0:Pos_2:Pos_3_CAT": 0.0, "Pos_0:Pos_1:Pos_2_TAT": 0.0, "Pos_0:Pos_1:Pos_3_TCG": 0.032702304903619965, "Pos_1:Pos_2:Pos_3_TAT": 0.0, "Pos_0:Pos_1:Pos_2_CGG": -0.03902602022780576, "Pos_0:Pos_1:Pos_3_GAC": 0.0, "Pos_1:Pos_2:Pos_3_GGC": 0.0, "CtoT": -0.43288084100672053, "Pos_1:Pos_2:Pos_3_GAT": 0.05589532459974719, "Pos_0:Pos_1:Pos_2_GAT": -0.06300110699737045, "Pos_0:Pos_2:Pos_3_GCC": 0.0, "Pos_0:Pos_1_AT": 0.0, "Pos_0:Pos_1:Pos_2_CAA": 0.0, "Pos_0:Pos_1:Pos_3_GCG": -0.01148614745125931, "Pos_1:Pos_2:Pos_3_GTT": -1.6965089120767943e-05, "Pos_0:Pos_2:Pos_3_GGT": 0.0, "Pos_0:Pos_2:Pos_3_TAT": 0.0, "Pos_0:Pos_2_CT": 0.0, "Pos_0:Pos_2:Pos_3_GTT": -0.0034430097602192724, "Pos_0:Pos_1:Pos_2_TCG": 0.0, "Pos_2_G": -0.1808699290550226, "Pos_1:Pos_2_TA": -0.06936278898348126, "Pos_2:Pos_3_GA": -4.880853436696833e-05, "Pos_1:Pos_2:Pos_3_CAT": -0.03327901861871907,