{"AtoT": 1.2670162308442234, "Pos_0_A": 0.0, "Pos_0_T": 0.027367734052026756, "Pos_0_G": 0.2816071852342507, "AtoG": 0.5067696236154924, "Pos_1_T": 0.1141380179120649, "TtoC": 0.5421288549036807, "CtoA": 0.4767019260961351, "Pos_1_A": 0.0, "TtoG": 0.5308406258221248, "Pos_1_G": -0.21249490394957904, "GtoC": -2.2474597325942147, "TtoA": 1.3882667145040517, "GtoA": -0.13735427290040098, "GtoT": 0.5724756515413455, "CtoT": -0.08747114852892159, "CtoG": -2.3259171088361397, "AtoC": 0.14440089715516743, "Pos_0_C": -0.12491905089565969, "Pos_1_C": 0.1209506964684923}