{"split0_test_score": {"4": 0.728560387, "2": 0.7289124896, "1": 0.7289124896, "0": 0.7289124896, "3": 0.728560387}, "rank_test_score": {"4": 4, "2": 1, "1": 1, "0": 1, "3": 4}, "params": {"4": {"alpha": 3.0}, "2": {"alpha": 1.0}, "1": {"alpha": 0.1}, "0": {"alpha": 0.01}, "3": {"alpha": 2.0}}, "best_a_choice": 0.01, "param_alpha": {"4": 3.0, "2": 1.0, "1": 0.1, "0": 0.01, "3": 2.0}}