{"param_alpha": {"2": 1.0, "3": 2.0, "0": 0.01, "1": 0.1, "4": 3.0}, "split0_test_score": {"2": 0.7433224264, "3": 0.7433224264, "0": 0.7433224264, "1": 0.7433224264, "4": 0.7433224264}, "best_a_choice": 0.01, "rank_test_score": {"2": 1, "3": 1, "0": 1, "1": 1, "4": 1}, "params": {"2": {"alpha": 1.0}, "3": {"alpha": 2.0}, "0": {"alpha": 0.01}, "1": {"alpha": 0.1}, "4": {"alpha": 3.0}}}