{"split0_test_score": {"0": 0.6750963189, "2": 0.675515926, "1": 0.6748445546, "3": 0.6767213427, "4": 0.6776940683}, "param_alpha": {"0": 0.01, "2": 1.0, "1": 0.1, "3": 2.0, "4": 3.0}, "rank_test_score": {"0": 4, "2": 3, "1": 5, "3": 2, "4": 1}, "params": {"0": {"alpha": 0.01}, "2": {"alpha": 1.0}, "1": {"alpha": 0.1}, "3": {"alpha": 2.0}, "4": {"alpha": 3.0}}, "best_a_choice": 3.0}