{"rank_test_score": {"4": 1, "1": 1, "2": 1, "0": 1, "3": 1}, "param_alpha": {"4": 3.0, "1": 0.1, "2": 1.0, "0": 0.01, "3": 2.0}, "params": {"4": {"alpha": 3.0}, "1": {"alpha": 0.1}, "2": {"alpha": 1.0}, "0": {"alpha": 0.01}, "3": {"alpha": 2.0}}, "best_a_choice": 0.01, "split0_test_score": {"4": 0.7433224264, "1": 0.7433224264, "2": 0.7433224264, "0": 0.7433224264, "3": 0.7433224264}}