{"CtoA": -0.053629527501613816, "TtoA": 0.3754639081934177, "AtoC": -0.03735368852596895, "TtoG": 0.010833079190149012, "GC_feature": -0.13766212169070813, "TtoC": 0.03302845096257519, "CtoG": -0.4180310241595319, "CtoT": -0.34363163529820834, "GtoT": 0.016519682670814877, "GtoA": -0.3591966566050312, "GtoC": -0.4627330515941644, "AtoG": 0.0, "AtoT": 0.3645244025006142}