{"best_c_choice": 0.1, "param_penalty": {"1": "l1", "3": "l1", "2": "l1", "0": "l1"}, "param_C": {"1": 1.0, "3": 100.0, "2": 10.0, "0": 0.1}, "params": {"1": {"penalty": "l1", "C": 1.0}, "3": {"penalty": "l1", "C": 100.0}, "2": {"penalty": "l1", "C": 10.0}, "0": {"penalty": "l1", "C": 0.1}}, "rank_test_score": {"1": 2, "3": 4, "2": 3, "0": 1}, "split0_test_score": {"1": 0.7335971772, "3": 0.733383559, "2": 0.7334064467, "0": 0.7344897959}}