{"param_alpha": {"3": 2.0, "0": 0.01, "4": 3.0, "1": 0.1, "2": 1.0}, "params": {"3": {"alpha": 2.0}, "0": {"alpha": 0.01}, "4": {"alpha": 3.0}, "1": {"alpha": 0.1}, "2": {"alpha": 1.0}}, "rank_test_score": {"3": 4, "0": 1, "4": 5, "1": 2, "2": 3}, "best_a_choice": 0.01, "split0_test_score": {"3": 0.6759912793, "0": 0.6855119518, "4": 0.6753952569, "1": 0.6820299266, "2": 0.6773244871}}