{"best_a_choice": 0.01, "param_alpha": {"2": 1.0, "1": 0.1, "4": 3.0, "0": 0.01, "3": 2.0}, "params": {"2": {"alpha": 1.0}, "1": {"alpha": 0.1}, "4": {"alpha": 3.0}, "0": {"alpha": 0.01}, "3": {"alpha": 2.0}}, "split0_test_score": {"2": 0.7511449903, "1": 0.7514116318, "4": 0.7454827781, "0": 0.7514116318, "3": 0.7485413138}, "rank_test_score": {"2": 3, "1": 1, "4": 5, "0": 1, "3": 4}}