{"rank_test_score": {"4": 1, "1": 4, "0": 5, "3": 2, "2": 3}, "best_a_choice": 3.0, "params": {"4": {"alpha": 3.0}, "1": {"alpha": 0.1}, "0": {"alpha": 0.01}, "3": {"alpha": 2.0}, "2": {"alpha": 1.0}}, "param_alpha": {"4": 3.0, "1": 0.1, "0": 0.01, "3": 2.0, "2": 1.0}, "split0_test_score": {"4": 0.6756322716, "1": 0.6537745566, "0": 0.6358783139, "3": 0.6727789434, "2": 0.667329773}}