{"Pos_0_G": 0.14921240471846264, "Pos_0:Pos_1_TG": 0.006785976131125966, "Pos_1_T": 0.025783146505634073, "Pos_0:Pos_1_CG": -0.05756334511324508, "TtoA": 0.45706698757380965, "Pos_0:Pos_1_AT": -0.04904571043322306, "AtoT": 0.3960057231559028, "Pos_0:Pos_1_AG": -0.03591603996421132, "AtoG": 0.0, "Pos_0:Pos_1_CC": 0.0, "Pos_0:Pos_1_GA": 0.0, "Pos_0:Pos_1_GC": 0.09883696689484611, "Pos_0_T": 0.0, "Pos_0:Pos_1_AC": 0.0, "Pos_1_A": 0.0, "Pos_0:Pos_1_CT": 0.008646243455332263, "Pos_0_C": -0.11085734278934778, "Pos_0:Pos_1_CA": -0.07194767641685322, "Pos_0:Pos_1_TC": 0.0, "GC_feature": -0.08955010299353375, "TtoC": 0.018187378707232735, "AtoC": -0.08175163869059568, "GtoC": -0.6024811540280047, "CtoT": -0.46338463885865827, "Pos_0:Pos_1_TA": -0.08863991648249907, "Pos_0:Pos_1_GT": 0.014828601313891748, "CtoG": -0.6388585122846235, "GtoA": -0.4064595456876388, "Pos_0:Pos_1_AA": 0.0032952045397312366, "Pos_1_G": -0.2150059557668578, "GtoT": 0.024716818215001556, "Pos_1_C": 0.0, "CtoA": -0.029846910418643343, "Pos_0:Pos_1_TT": 0.0, "TtoG": 0.006190917158902359, "Pos_0:Pos_1_GG": 0.0, "Pos_0_A": 0.0}