{"params": {"1": {"alpha": 0.1}, "4": {"alpha": 3.0}, "3": {"alpha": 2.0}, "0": {"alpha": 0.01}, "2": {"alpha": 1.0}}, "rank_test_score": {"1": 2, "4": 5, "3": 4, "0": 1, "2": 3}, "best_a_choice": 0.01, "split0_test_score": {"1": 0.7804818067, "4": 0.7803734589, "3": 0.7804307845, "0": 0.7804844233, "2": 0.7804652156}, "param_alpha": {"1": 0.1, "4": 3.0, "3": 2.0, "0": 0.01, "2": 1.0}}