{"split0_test_score": {"1": 0.7102405557, "2": 0.6625530778, "3": 0.647793395, "0": 0.763661867}, "rank_test_score": {"1": 2, "2": 3, "3": 4, "0": 1}, "params": {"1": {"penalty": "l1", "C": 1.0}, "2": {"penalty": "l1", "C": 10.0}, "3": {"penalty": "l1", "C": 100.0}, "0": {"penalty": "l1", "C": 0.1}}, "best_c_choice": 0.1, "param_C": {"1": 1.0, "2": 10.0, "3": 100.0, "0": 0.1}, "param_penalty": {"1": "l1", "2": "l1", "3": "l1", "0": "l1"}}