{"rank_test_score": {"4": 1, "2": 3, "0": 5, "1": 4, "3": 2}, "param_alpha": {"4": 3.0, "2": 1.0, "0": 0.01, "1": 0.1, "3": 2.0}, "split0_test_score": {"4": 0.6739633797, "2": 0.6680335686, "0": 0.64564753, "1": 0.6575662788, "3": 0.671857715}, "best_a_choice": 3.0, "params": {"4": {"alpha": 3.0}, "2": {"alpha": 1.0}, "0": {"alpha": 0.01}, "1": {"alpha": 0.1}, "3": {"alpha": 2.0}}}