{"split0_test_score": {"0": 0.7458975727, "2": 0.6934771185, "1": 0.7062323165, "3": 0.6926346572}, "best_c_choice": 0.1, "param_penalty": {"0": "l1", "2": "l1", "1": "l1", "3": "l1"}, "param_C": {"0": 0.1, "2": 10.0, "1": 1.0, "3": 100.0}, "params": {"0": {"C": 0.1, "penalty": "l1"}, "2": {"C": 10.0, "penalty": "l1"}, "1": {"C": 1.0, "penalty": "l1"}, "3": {"C": 100.0, "penalty": "l1"}}, "rank_test_score": {"0": 1, "2": 3, "1": 2, "3": 4}}