{"Pos_48_A": 0.0, "Pos_11_A": -0.035355904396956135, "Pos_47_C": -0.029847282061988795, "Pos_53_C": -0.02063249965591201, "Pos_49_C": 0.0, "Pos_58_A": -0.04048829140259918, "Pos_11_G": 0.02203549744417361, "Pos_10_C": 0.03268538934649727, "Pos_31_A": 0.04627209731986463, "Pos_2_A": 0.0, "Pos_45_C": 0.045753640946579174, "Pos_31_G": -0.0804753265987905, "Pos_2_G": 0.11612385440185498, "Pos_34_T": 0.0, "Pos_21_C": 0.004632644993027921, "Pos_9_T": 0.0063950960690421395, "Pos_51_C": 0.05437755487417071, "Pos_8_T": -0.051641523863157485, "Pos_40_A": 0.0, "Pos_55_G": 0.1274265267291455, "Pos_57_G": 0.0, "Pos_52_G": 0.07284100509106252, "Pos_16_G": 0.0, "Pos_4_A": 0.0, "Pos_7_T": 0.0, "Pos_34_G": 0.07934402038847713, "Pos_55_A": -0.11521398186503858, "Pos_6_G": 0.0, "Pos_26_T": 0.0, "Pos_32_C": -0.005611660728549615, "Pos_32_G": -0.027426675985805553, "Pos_59_A": 0.03613469908119258, "Pos_50_C": -0.023213394319195103, "Pos_56_C": -0.10632336088831595, "Pos_20_A": -0.10172469147696957, "Pos_14_A": -0.03875078612402162, "Pos_53_G": -0.03353861427991303, "Pos_57_A": -0.02089402994117359, "Pos_22_G": -0.031624025046732146, "Pos_1_G": 0.0, "Pos_9_A": 0.12205266147428703, "Pos_15_C": -0.028357483337637098, "Pos_19_C": 0.0788394950510397, "Pos_8_C": 0.007101299932909649, "Pos_58_T": 0.03801282472102054, "Pos_16_A": 0.0, "Pos_37_C": 0.006764742749120843, "Pos_17_G": 0.02832082007621858, "Pos_40_T": 0.0, "Pos_1_T": 0.0, "AtoT": 0.8062623723424592, "Pos_48_C": 0.003773638971778488, "GtoT": 0.16334393680705597, "Pos_25_A": -0.058768750456691936, "Pos_57_C": 0.06532451949708652, "Pos_9_G": -0.01884114251542982, "Pos_36_T": 0.04188115108818997, "Pos_5_G": 0.043992184856021736, "Pos_21_T": 0.07840669750113036, "Pos_0_C": -0.03659296609425404, "Pos_29_G": 0.20008630446247988, "Pos_20_C": 0.0, "Pos_41_T": -0.004592138635320474, "Pos_8_A": 0.0, "Pos_6_A": 0.0, "Pos_21_A": -0.013353384663033511, "Pos_13_C": 0.053652643001503984, "Pos_36_C": 0.025401834180959062, "Pos_10_A": -0.07227090336536537, "Pos_55_T": 0.0, "Pos_32_A": 0.07415226600528813, "Pos_59_T": 0.0759577907018254, "Pos_41_A": 0.009514867871204194, "Pos_17_C": 0.0, "TtoG": 0.08143811989226271, "Pos_15_A": 0.0, "Pos_10_G": -0.012684474181783652, "Pos_46_G": 0.041957285816996086, "Pos_6_C": 0.0, "Pos_22_T": 0.13046037458166923, "Pos_57_T": 0.0, "Pos_59_C": -0.018412306505681684, "Pos_28_A": 0.027678464521934162, "Pos_38_T": 0.12710429452256028, "GtoA": -0.501201889576804, "Pos_30_A": 0.0, "Pos_43_C": 0.0, "Pos_32_T": 0.08863002286256433, "Pos_21_G": 0.0, "Pos_27_T": 0.04613395603875976, "Pos_42_C": 0.12305668826038689, "Pos_42_G": 0.0, "Pos_29_C": -0.2163268878797563, "Pos_48_T": 0.08044042512966322, "Pos_47_G": 0.026751527331858604, "Pos_52_C": 0.0, "Pos_39_G": -0.0022316627438212994, "Pos_38_G": -0.02899223826656439, "Pos_45_A": -0.11052171940551873, "Pos_41_G": 0.0, "Pos_11_C": 0.0, "Pos_14_C": 0.03582290577070016, "Pos_54_G": -0.0423602441205776, "Pos_6_T": 0.04280751658510291, "Pos_54_A": -0.014209549909278408, "Pos_31_C": 0.0, "Pos_42_A": -0.0062206168482950965, "Pos_36_G": -0.05888937385078255, "AtoC": 0.0, "Pos_38_C": 0.0, "Pos_43_T": 0.0, "Pos_28_C": -0.04464077794160512, "Pos_22_A": -0.06915906397154599, "Pos_16_T": 0.03186391037106111, "Pos_7_G": 0.010950855676781026, "Pos_24_C": 0.0, "Pos_27_G": 0.0, "AtoG": 0.08112328057938775, "Pos_50_A": 0.028633955656853335, "Pos_37_T": 0.0, "Pos_25_T": 0.06528571196946573, "Pos_36_A": -0.04482978735398674, "Pos_14_T": 0.0, "Pos_33_A": 0.0, "Pos_43_A": -0.06608369766531527, "Pos_3_A": 0.04453141670242021, "Pos_51_G": -0.07209884105419276, "Pos_34_A": -0.03277792918707462, "Pos_50_G": -0.02007062438715366, "Pos_28_G": -0.003174866471184445, "Pos_25_G": 0.0, "CtoG": -1.3022708205294447, "Pos_9_C": 0.0, "Pos_45_G": -0.013956426272543888, "Pos_0_T": 0.0022438165688666426, "Pos_3_G": -0.02545801329592528, "Pos_39_A": 0.0, "Pos_39_C": 0.05830664867146447, "Pos_4_G": 0.0, "Pos_37_G": 0.06647168658971074, "Pos_49_G": 0.0, "Pos_55_C": 0.0011473939342030062, "Pos_53_A": 0.1013233502569088, "Pos_45_T": 0.02779220425125924, "Pos_52_A": 0.0, "Pos_14_G": 0.03248915805589281, "Pos_46_C": 0.0, "GtoC": -1.2728928159817625, "Pos_22_C": 0.04777893596474926, "Pos_23_T": 0.0, "Pos_20_G": 0.08629448817568618, "Pos_12_G": -0.05889472622898489, "Pos_43_G": 0.09129917972090251, "Pos_49_T": -0.009324348288681074, "Pos_16_C": -0.010244868416390244, "Pos_47_T": 0.0, "Pos_7_A": -0.04456959174920369, "Pos_7_C": 0.0405507778964036, "Pos_2_C": 0.0, "Pos_30_G": -0.13869592875538445, "Pos_30_T": 0.04848034214061034, "Pos_1_A": -0.02432921060226233, "Pos_3_C": -0.07843755768282484, "Pos_12_T": 0.048953957559296664, "Pos_4_C": -0.02491152613131494, "TtoC": 0.05550886379565008, "Pos_46_A": 0.0, "TtoA": 0.944835194073885, "Pos_54_T": 0.05348068747861141, "Pos_8_G": 0.07589597442207889, "Pos_15_G": 0.0, "Pos_33_T": 0.06816352976754826, "Pos_37_A": -0.020748933058731274, "Pos_53_T": 0.07704502992227426, "Pos_28_T": 0.11962872845629548, "Pos_18_C": 0.0, "Pos_33_C": 0.0, "Pos_56_A": 0.009755478428892583, "Pos_18_G": -0.009416014951539486, "Pos_27_C": -0.04404328337419691, "Pos_27_A": 0.03441931828080249, "Pos_12_C": -0.05139551879605035, "Pos_59_G": -0.0032172580427432865, "Pos_25_C": 0.0, "Pos_0_A": 0.0, "Pos_38_A": 0.0, "Pos_18_A": 0.0, "Pos_5_A": 0.011285698966857436, "Pos_29_A": 0.0420524484777943, "Pos_51_A": 0.0, "Pos_34_C": 0.003950790987573636, "Pos_1_C": 0.06580573273746135, "Pos_4_T": 0.049495895315371484, "Pos_19_A": -0.0359870898338453, "Pos_44_G": -0.009832563424071981, "Pos_0_G": 0.014154877454412412, "Pos_11_T": 0.036298840624055174, "Pos_17_A": -0.06205369824152172, "CtoT": -0.4537492961609216, "Pos_17_T": 0.0, "CtoA": -0.028812366279001668, "Pos_3_T": 0.05008567041196795, "Pos_44_A": 0.08761995223646607, "Pos_56_T": 0.0, "Pos_42_T": 0.13363011601570432, "Pos_44_C": -0.0008581051218618128, "Pos_54_C": 0.039586447126183345, "Pos_52_T": -0.025335075888004818, "Pos_35_G": -0.0007294376569263141, "Pos_2_T": -0.01098656278250972, "Pos_19_T": 0.0, "Pos_39_T": 0.0, "Pos_58_G": 0.09253420295218119, "Pos_35_T": 0.09617093731155722, "Pos_56_G": 0.0, "Pos_31_T": 0.16252653331897182, "Pos_40_G": 0.11292938858404412, "Pos_23_C": 0.018868166249226243, "Pos_41_C": 0.0, "Pos_23_G": 0.032422986393150215, "Pos_23_A": -0.023669017289066525, "Pos_46_T": -0.005650169139763234, "Pos_12_A": 0.028622094087902034, "Pos_29_T": 0.0, "Pos_35_A": 0.05684666443478432, "Pos_26_A": 0.0, "Pos_49_A": 0.0, "Pos_51_T": 0.022779964510703285, "Pos_10_T": 0.05256459716535537, "Pos_47_A": 0.0, "Pos_24_T": 0.08284267555516793, "Pos_13_G": 0.0, "Pos_30_C": 0.09718218387983207, "Pos_35_C": 0.0, "Pos_18_T": 0.0, "Pos_15_T": 0.047350547515096784, "Pos_44_T": 0.13219687297290542, "Pos_24_G": 0.0, "Pos_26_G": 0.0, "Pos_5_C": 0.0, "Pos_26_C": -0.05530121528907545, "Pos_58_C": -0.005892644938135349, "Pos_40_C": -0.010189904932378596, "Pos_13_T": 0.05997565784194909, "Pos_33_G": -0.05752207049533975, "Pos_24_A": 0.0, "Pos_13_A": -0.04411931115252155, "Pos_50_T": 0.07507224901601642, "Pos_19_G": 0.0, "Pos_20_T": 0.050033336981029505, "Pos_5_T": -0.05994615916322217, "Pos_48_G": -0.05206956646103449}