{"param_alpha": {"2": 1.0, "0": 0.01, "3": 2.0, "4": 3.0, "1": 0.1}, "params": {"2": {"alpha": 1.0}, "0": {"alpha": 0.01}, "3": {"alpha": 2.0}, "4": {"alpha": 3.0}, "1": {"alpha": 0.1}}, "split0_test_score": {"2": 0.6246000376, "0": 0.6024687873, "3": 0.6277526821, "4": 0.6293839011, "1": 0.613683418}, "best_a_choice": 3.0, "rank_test_score": {"2": 3, "0": 5, "3": 2, "4": 1, "1": 4}}