{"CtoG": -1.4071423536105507, "Pos_0_C": 0.006052702292657356, "GtoC": -1.3620411189586576, "Pos_1_G": 0.2819285429929909, "Pos_3_C": 0.0, "Pos_2_G": -0.2402569365463963, "GtoT": 0.30619122409782845, "TtoA": 1.1755552473129833, "CtoA": 0.08294127177956193, "Pos_0_G": -0.06248637341689006, "GtoA": -0.2862043079441003, "Pos_0_T": 0.14547094272437994, "CtoT": -0.27573352667033, "AtoC": 0.0, "Pos_3_G": 0.02677815238728968, "TtoC": 0.29527886641166357, "Pos_1_C": -0.12147579293218204, "AtoT": 1.0209411238381942, "Pos_1_A": 0.03672013949438778, "Pos_2_T": 0.10833246395204343, "Pos_3_A": -0.02647675775106144, "Pos_2_C": 0.10435272498751604, "Pos_0_A": 0.0, "Pos_2_A": 0.0, "TtoG": 0.2954102419230922, "Pos_1_T": 0.0, "Pos_3_T": 0.004204126386156681, "AtoG": 0.34411215890545}