{"split0_test_score": {"0": 0.7739993683, "3": 0.7739290195, "1": 0.773996514, "4": 0.773893637, "2": 0.7739585149}, "params": {"0": {"alpha": 0.01}, "3": {"alpha": 2.0}, "1": {"alpha": 0.1}, "4": {"alpha": 3.0}, "2": {"alpha": 1.0}}, "rank_test_score": {"0": 1, "3": 4, "1": 2, "4": 5, "2": 3}, "param_alpha": {"0": 0.01, "3": 2.0, "1": 0.1, "4": 3.0, "2": 1.0}, "best_a_choice": 0.01}