{"best_a_choice": 0.01, "rank_test_score": {"0": 1, "3": 4, "4": 5, "1": 2, "2": 3}, "params": {"0": {"alpha": 0.01}, "3": {"alpha": 2.0}, "4": {"alpha": 3.0}, "1": {"alpha": 0.1}, "2": {"alpha": 1.0}}, "param_alpha": {"0": 0.01, "3": 2.0, "4": 3.0, "1": 0.1, "2": 1.0}, "split0_test_score": {"0": 0.7884684341, "3": 0.7857905779, "4": 0.7845851612, "1": 0.7883997711, "2": 0.7872134274}}