{"params": {"0": {"alpha": 0.01}, "3": {"alpha": 2.0}, "1": {"alpha": 0.1}, "2": {"alpha": 1.0}, "4": {"alpha": 3.0}}, "best_a_choice": 0.01, "rank_test_score": {"0": 1, "3": 5, "1": 2, "2": 3, "4": 4}, "param_alpha": {"0": 0.01, "3": 2.0, "1": 0.1, "2": 1.0, "4": 3.0}, "split0_test_score": {"0": 0.7166305916, "3": 0.7149052638, "1": 0.7161286781, "2": 0.7153914926, "4": 0.7151562206}}