{"TtoG": 0.453077536847621, "AtoG": 0.35981129716885435, "CtoA": 0.141848165258755, "TtoA": 1.1356303707249407, "CtoT": -0.14433511929202297, "CtoG": -1.6652494160221893, "AtoC": 0.18600499225157474, "TtoC": 0.4108008009203833, "AtoT": 1.1176897875498506, "GtoC": -1.748492077788414, "GtoT": 0.41501836507916523, "GtoA": -0.16227081487758466}