{"Pos_0:Pos_1_TA": -0.15109317812541562, "Pos_0_A": 0.0, "Pos_1_A": 0.0, "Pos_0:Pos_1_GA": 0.03721666691062714, "Pos_0:Pos_1_CC": 0.0, "Pos_0:Pos_1_TG": 0.018207827531357506, "CtoA": 0.41915448692059115, "TtoC": 0.52877335775804, "Pos_0:Pos_1_CT": 0.16536529641742598, "Pos_1_G": -0.15235297899355288, "Pos_0:Pos_1_AT": -0.0097817009798244, "Pos_0_T": 0.0, "Pos_0:Pos_1_GC": 0.11496431008540557, "CtoG": -2.5292390574203, "AtoG": 0.5299519238511484, "Pos_1_C": 0.1405990419448349, "Pos_0:Pos_1_AC": 0.021625613495721143, "AtoC": 0.25274758735832886, "Pos_0:Pos_1_GT": 0.125897914787684, "GtoA": -0.09813813049767442, "CtoT": -0.08236653607949675, "Pos_0:Pos_1_AA": 0.1265420181383486, "Pos_0:Pos_1_CA": 0.0, "Pos_0:Pos_1_GG": 0.0, "AtoT": 1.2655417109678149, "Pos_0_C": -0.162665051216636, "TtoG": 0.5435823998735723, "Pos_0:Pos_1_TT": 0.0818022375132134, "Pos_1_T": 0.06881768474839878, "GtoT": 0.5464643252147159, "GtoC": -2.4827282893524605, "Pos_0:Pos_1_TC": 0.0, "Pos_0_G": 0.2173814054327225, "Pos_0:Pos_1_CG": -0.05342731094796408, "Pos_0:Pos_1_AG": 0.00046620066991316916, "TtoA": 1.4112346848571002}