{"param_alpha": {"4": 3.0, "0": 0.01, "1": 0.1, "3": 2.0, "2": 1.0}, "split0_test_score": {"4": 0.7752865793, "0": 0.7754077719, "1": 0.7754050364, "3": 0.7753459862, "2": 0.7753792875}, "params": {"4": {"alpha": 3.0}, "0": {"alpha": 0.01}, "1": {"alpha": 0.1}, "3": {"alpha": 2.0}, "2": {"alpha": 1.0}}, "best_a_choice": 0.01, "rank_test_score": {"4": 5, "0": 1, "1": 2, "3": 4, "2": 3}}