{"Pos_2_A": 0.0, "Pos_0:Pos_1_GA": 0.0, "Pos_0:Pos_2_TT": 0.0, "Pos_0:Pos_1:Pos_3_GAG": 0.005366752098771197, "Pos_0:Pos_2_GC": 0.0, "Pos_0:Pos_1_CT": 0.0, "Pos_1:Pos_2:Pos_3_CAG": 0.0, "CtoG": -0.6892935155540273, "Pos_0:Pos_1_CA": 0.0, "Pos_0:Pos_1:Pos_2_TGG": 0.002737546897507537, "Pos_0:Pos_2_AT": 0.001582074002000292, "Pos_3_C": 0.0, "GC_feature": -0.10892314605035476, "Pos_0:Pos_2:Pos_3_CGC": 0.0, "Pos_0:Pos_1:Pos_2_CAT": 0.0, "Pos_0:Pos_1:Pos_2_ACG": 0.0, "Pos_0:Pos_2:Pos_3_ACG": -0.014566345691573139, "Pos_0:Pos_1:Pos_2_ATT": 0.0, "Pos_0:Pos_1:Pos_3_TAG": 0.02436701837114436, "Pos_0:Pos_1:Pos_2_CAA": 0.007896105732889144, "Pos_0:Pos_2:Pos_3_GGC": -0.03341452857292964, "Pos_1:Pos_3_CA": 0.0, "Pos_0:Pos_3_AA": 0.0, "Pos_0:Pos_1:Pos_3_AGT": 0.0, "Pos_0:Pos_1:Pos_3_GTA": 0.0, "GtoT": 0.01670561393103982, "Pos_0:Pos_1:Pos_2_TTT": 0.03378186423332018, "Pos_0:Pos_2:Pos_3_TAC": 0.0, "Pos_1:Pos_2:Pos_3_GGA": -0.020676948388152098, "Pos_0:Pos_1:Pos_2_CGT": -0.017294287535594397, "Pos_0:Pos_2:Pos_3_GAC": 0.0, "Pos_0:Pos_1:Pos_3_CAG": 0.0, "Pos_0:Pos_1:Pos_3_TGT": 0.00813999841259371, "Pos_0:Pos_3_GC": 0.0, "Pos_1:Pos_3_AC": 0.0, "Pos_1:Pos_3_TC": 0.0, "Pos_1:Pos_2:Pos_3_ATC": 0.0, "Pos_1:Pos_2:Pos_3_GAC": 0.0, "Pos_1:Pos_3_AG": 0.0, "TtoG": 0.021935910671862305, "Pos_0:Pos_1:Pos_2_CAG": 0.0, "Pos_0:Pos_1:Pos_2_GAT": -0.05336795355719981, "Pos_0:Pos_2:Pos_3_TTG": -0.0123221136561475, "Pos_1:Pos_2:Pos_3_GAA": 0.0, "Pos_0:Pos_2:Pos_3_ATC": 0.0, "Pos_0:Pos_1:Pos_2_CAC": 0.0, "Pos_0:Pos_2:Pos_3_ACA": 0.0, "Pos_0:Pos_1:Pos_2_TCT": 0.0, "Pos_0:Pos_1:Pos_2_GGC": 0.0, "Pos_0:Pos_2:Pos_3_CTA": 0.0, "Pos_0:Pos_1:Pos_2_CCT": 0.012954495979133835, "Pos_0:Pos_1:Pos_2_AGT": 0.05218774959006345, "Pos_0:Pos_2:Pos_3_ACT": 0.011207936201832105, "Pos_0:Pos_3_GG": 0.0, "Pos_0:Pos_2:Pos_3_TGG": 0.0, "Pos_0:Pos_1:Pos_2_GCC": 0.0, "Pos_0:Pos_2:Pos_3_AAC": 0.0031878226851095198, "Pos_0:Pos_1:Pos_2_AGA": 0.02046145021579273, "Pos_0:Pos_1:Pos_3_AGC": 0.0206643290825705, "Pos_1:Pos_2:Pos_3_TTG": 0.0, "Pos_1:Pos_2_AA": 0.0, "Pos_0:Pos_1:Pos_3_CTT": 0.0, "Pos_1:Pos_2:Pos_3_GCG": 0.0, "Pos_0:Pos_2:Pos_3_GTA": 0.0057014292042218565, "Pos_0:Pos_1:Pos_2_GCA": 0.010855429724121965, "Pos_0:Pos_2:Pos_3_CGA": 0.0, "Pos_1:Pos_2:Pos_3_ATA": -0.047177582527744844, "Pos_0:Pos_1:Pos_3_ATT": 0.03738936206587703, "Pos_1:Pos_3_GT": 0.0, "Pos_0:Pos_1:Pos_2_ATG": -0.026693084354988163, "Pos_0:Pos_1:Pos_3_ATG": 0.0, "Pos_0:Pos_1:Pos_3_CTC": 0.0, "Pos_0:Pos_1:Pos_3_GGA": -0.0015803715175302649, "Pos_0:Pos_1:Pos_3_GGC": 0.0, "Pos_2_G": -0.027066900488714588, "Pos_0:Pos_1:Pos_2_TAT": 0.014346212261128276, "Pos_0:Pos_1:Pos_3_GTC": 0.010418557660451019, "Pos_0:Pos_3_AG": 0.0, "Pos_0:Pos_1:Pos_2_TCA": -0.030751302936422465, "Pos_0:Pos_1:Pos_3_GGG": 0.026841037572661684, "Pos_0:Pos_1:Pos_2_TGA": 0.04651991623082326, "Pos_0:Pos_1:Pos_2_GAG": 0.0, "Pos_0:Pos_1:Pos_2_CGC": 0.0, "Pos_1:Pos_2_TG": 0.0, "Pos_1:Pos_2:Pos_3_CAA": -0.021924920616295383, "Pos_2:Pos_3_AT": 0.0, "Pos_0:Pos_2:Pos_3_ACC": -0.014642657724732713, "Pos_2:Pos_3_AG": 0.04731635743135046, "Pos_1:Pos_2:Pos_3_GGT": 0.0, "Pos_0:Pos_2:Pos_3_CTT": 0.03270301951619515, "Pos_0:Pos_1:Pos_3_CAA": 0.003321233455328778, "Pos_0:Pos_1_AC": 0.0, "Pos_0:Pos_3_TA": 0.0, "Pos_0:Pos_2:Pos_3_GAA": -0.02957298862266747, "Pos_0:Pos_1:Pos_3_TAT": 0.0, "Pos_0:Pos_1:Pos_3_CTG": 0.0, "Pos_0:Pos_1:Pos_2_ACA": -0.0331700419875709, "Pos_0:Pos_2:Pos_3_GGA": 0.0, "Pos_0:Pos_2_CC": 0.0, "Pos_0:Pos_1:Pos_2_GGG": 0.0, "Pos_1:Pos_2:Pos_3_CTA": 0.01817693160630322, "Pos_0:Pos_1:Pos_3_AAG": -0.0009555208077754475, "Pos_1:Pos_2:Pos_3_TGG": 0.007594075283786584, "Pos_0:Pos_1:Pos_2_CTT": -0.022097755831837824, "Pos_0:Pos_1:Pos_3_CGC": 0.0, "Pos_0:Pos_2:Pos_3_CGT": 0.01319312189206759, "Pos_0:Pos_2_TC": 0.0, "Pos_1:Pos_2:Pos_3_GCT": 0.0, "Pos_1:Pos_2:Pos_3_CCT": -0.024590517691388255, "Pos_0:Pos_2_CT": 0.0, "Pos_0:Pos_1:Pos_2_TTA": 0.0, "Pos_1:Pos_2:Pos_3_TCC": 0.005526971641892552, "Pos_1:Pos_2:Pos_3_CGG": 0.0, "Pos_1:Pos_2:Pos_3_CTG": -0.0012394052052108258, "Pos_0:Pos_1:Pos_2_ATA": -0.032901699745979666, "Pos_0:Pos_2:Pos_3_ATG": 0.021280011016178182, "Pos_0:Pos_1:Pos_2_CTG": 0.0, "Pos_1:Pos_2:Pos_3_CGA": 0.0, "Pos_1:Pos_3_GC": 0.0, "Pos_0:Pos_2:Pos_3_CAG": 0.009506024315261185, "Pos_0:Pos_3_CA": 0.0, "Pos_1_A": 0.0, "Pos_0:Pos_2:Pos_3_CAC": -0.0036672376715056187, "Pos_0:Pos_2:Pos_3_AAA": 0.0, "Pos_0:Pos_2:Pos_3_TCT": 0.04457949375409143, "Pos_0:Pos_2_AG": -0.06896981083674622, "Pos_0_T": 0.06610166945662682, "Pos_1:Pos_2:Pos_3_CCG": 0.0, "Pos_1:Pos_2:Pos_3_GAG": 0.0, "Pos_0:Pos_1:Pos_2_TTG": 0.0, "Pos_1:Pos_2_CT": 0.0, "Pos_1:Pos_2:Pos_3_AAA": 0.0, "Pos_0:Pos_1:Pos_3_TTT": 0.034148933819439245, "Pos_0:Pos_1_CG": -0.04138505535313618, "Pos_0:Pos_1_TC": 0.0, "Pos_0:Pos_1:Pos_3_TTG": 0.0, "Pos_1:Pos_2:Pos_3_TGC": 0.0, "Pos_0:Pos_1:Pos_3_CCG": 0.0, "Pos_0:Pos_1_TA": 0.0, "Pos_0:Pos_2:Pos_3_AGT": -0.027734008453297865, "Pos_1:Pos_2:Pos_3_TTC": -0.03446028992545524, "AtoT": 0.4005229044734075, "Pos_0:Pos_1:Pos_3_CGA": -0.03829872913826082, "Pos_0:Pos_2:Pos_3_GGG": 0.0011627793697612768, "Pos_0:Pos_1:Pos_3_GCA": 0.0, "Pos_1:Pos_3_TG": 0.0, "Pos_0:Pos_1:Pos_3_ACT": -0.036104627874396514, "Pos_0:Pos_3_TT": 0.0, "Pos_0:Pos_2:Pos_3_GCG": 0.0, "Pos_0:Pos_2:Pos_3_CCG": 0.033187669986522735, "Pos_0:Pos_1:Pos_3_TGG": -0.0039949830774279925, "Pos_1:Pos_2:Pos_3_ACG": -0.0482018043314646, "Pos_1:Pos_2:Pos_3_GTT": 0.01726038151116824, "Pos_1:Pos_3_CG": 0.0, "Pos_0:Pos_1:Pos_2_CTC": 0.011107336059240316, "Pos_1:Pos_2:Pos_3_GGC": 0.0226927027875873, "Pos_1:Pos_2:Pos_3_TGA": -0.014774161151892869, "Pos_0:Pos_1:Pos_3_GCG": 0.0, "Pos_0:Pos_1:Pos_3_TGA": 0.007043175247031326, "Pos_0:Pos_1:Pos_2_ATC": 0.015989231506861545, "Pos_0:Pos_1:Pos_2_TCG": -0.030911800473416393, "Pos_0:Pos_1:Pos_3_AAC": -0.006784214328424302, "Pos_0:Pos_1:Pos_3_GAT": -0.019410814243888, "Pos_0:Pos_1:Pos_2_GTC": 0.0, "Pos_0:Pos_2:Pos_3_CCC": 0.0, "Pos_0:Pos_1:Pos_2_TGT": 0.0, "Pos_0:Pos_1:Pos_2_ACC": 0.0, "Pos_0:Pos_1:Pos_3_TAA": 0.0, "Pos_1:Pos_2_GG": 0.0, "Pos_0:Pos_3_GT": 0.0, "Pos_1:Pos_2_TC": 0.0, "Pos_0:Pos_2:Pos_3_TGT": -0.0505217973661506, "Pos_0:Pos_1:Pos_2_CGA": -0.05012782907767526, "Pos_1:Pos_2:Pos_3_AGC": -0.024890960255989997, "Pos_0:Pos_1_CC": 0.0, "Pos_0:Pos_1:Pos_3_TCC": -0.025922315413835228, "Pos_0:Pos_1_AG": 0.06306382802734557, "Pos_0:Pos_2_GA": 0.0, "Pos_1:Pos_3_GG": 0.0, "Pos_0:Pos_2:Pos_3_TAT": 0.0, "Pos_1:Pos_2:Pos_3_GTG": -0.014491706157778205, "Pos_0:Pos_1:Pos_2_CCA": -0.00896186371857401, "Pos_1:Pos_2_CA": -0.02362916791876372, "Pos_0:Pos_2_CG": 0.0, "Pos_0:Pos_1:Pos_3_CTA": 0.0, "Pos_0:Pos_2:Pos_3_ATT": 0.05094053429217343, "Pos_0:Pos_2:Pos_3_CCT": -0.013496983771937487, "Pos_0:Pos_2:Pos_3_CGG": 0.0, "Pos_0:Pos_1:Pos_2_CCG": 0.0, "Pos_0:Pos_1:Pos_2_TAC": 0.0, "TtoA": 0.44808220265000737, "Pos_0:Pos_3_CT": 0.0, "Pos_0:Pos_1:Pos_2_GAC": 0.0, "Pos_0:Pos_1:Pos_3_GCT": -0.0311055362753703, "Pos_0:Pos_1:Pos_3_CCA": 0.0, "Pos_0:Pos_1:Pos_3_ATA": -0.007591261332182743, "Pos_0:Pos_1:Pos_2_AAT": 0.0, "Pos_0:Pos_2:Pos_3_TTA": 0.0, "Pos_0:Pos_1:Pos_2_ACT": 0.0, "Pos_1_T": 0.0, "Pos_0:Pos_1:Pos_2_GTA": -0.009258435642072495, "Pos_0:Pos_1:Pos_3_TCT": 0.0, "Pos_0:Pos_1:Pos_2_AGC": 0.0, "Pos_0:Pos_1:Pos_2_GAA": 0.0, "Pos_0:Pos_2_AA": 0.0, "Pos_0:Pos_2:Pos_3_GAT": -0.008818443884703882, "Pos_3_G": 0.0, "Pos_0:Pos_2:Pos_3_GCA": 0.0, "Pos_0:Pos_2:Pos_3_TGC": 0.019117423277730364, "Pos_1:Pos_3_AT": 0.0, "Pos_0:Pos_1:Pos_2_CCC": 0.0, "Pos_1:Pos_2:Pos_3_ACA": 0.0022241105201383227, "Pos_0:Pos_2:Pos_3_AGC": 0.0, "CtoT": -0.4532223183192311, "Pos_0:Pos_1:Pos_2_GCG": -0.01780462659798535, "Pos_0:Pos_1:Pos_2_CGG": -0.030012295391172446, "Pos_0:Pos_2:Pos_3_CTG": 0.0, "Pos_0:Pos_1:Pos_3_CAC": 0.0, "Pos_1:Pos_2:Pos_3_TAG": 0.0, "Pos_1:Pos_2_GC": 0.09217010810988578, "Pos_1_C": -0.0642414461479119, "Pos_2:Pos_3_TC": 0.0, "Pos_0:Pos_2_TG": 0.0, "Pos_0:Pos_1:Pos_3_CCT": 0.0, "Pos_0:Pos_1:Pos_3_TAC": 0.004098082611542482, "Pos_0:Pos_3_TG": 0.0, "Pos_0:Pos_1:Pos_2_GTG": -0.03022011316797155, "Pos_0:Pos_2_AC": 0.0,