{"params": {"1": {"alpha": 0.1}, "0": {"alpha": 0.01}, "3": {"alpha": 2.0}, "4": {"alpha": 3.0}, "2": {"alpha": 1.0}}, "split0_test_score": {"1": 0.7418282201, "0": 0.7428634168, "3": 0.7302057846, "4": 0.7271472489, "2": 0.7353503984}, "rank_test_score": {"1": 2, "0": 1, "3": 4, "4": 5, "2": 3}, "param_alpha": {"1": 0.1, "0": 0.01, "3": 2.0, "4": 3.0, "2": 1.0}, "best_a_choice": 0.01}