{"rank_test_score": {"0": 5, "3": 2, "1": 4, "2": 3, "4": 1}, "split0_test_score": {"0": 0.6733715988, "3": 0.6749116314, "1": 0.6738003222, "2": 0.6744553155, "4": 0.6753774321}, "best_a_choice": 3.0, "param_alpha": {"0": 0.01, "3": 2.0, "1": 0.1, "2": 1.0, "4": 3.0}, "params": {"0": {"alpha": 0.01}, "3": {"alpha": 2.0}, "1": {"alpha": 0.1}, "2": {"alpha": 1.0}, "4": {"alpha": 3.0}}}