{"param_alpha": {"2": 1.0, "4": 3.0, "0": 0.01, "1": 0.1, "3": 2.0}, "params": {"2": {"alpha": 1.0}, "4": {"alpha": 3.0}, "0": {"alpha": 0.01}, "1": {"alpha": 0.1}, "3": {"alpha": 2.0}}, "rank_test_score": {"2": 3, "4": 1, "0": 5, "1": 4, "3": 2}, "best_a_choice": 3.0, "split0_test_score": {"2": 0.6472638098, "4": 0.6494823424, "0": 0.635970286, "1": 0.6420123284, "3": 0.6487394918}}