{"TtoA": 1.131236335929376, "GtoC": -1.9607668384481662, "CtoT": -0.22420848490987108, "TtoG": 0.5977326025726862, "GtoA": -0.1898101360468599, "CtoA": 0.45947875376614605, "AtoC": 0.0, "AtoT": 1.1528305502850547, "CtoG": -1.8588548915849579, "GtoT": 0.601469180784978, "AtoG": 0.4324449208777081, "TtoC": 0.40773960370648843}