{"Pos_2_T": 0.0, "Pos_3_G": 0.00853600629917573, "Pos_1_T": -0.04299638714618861, "Pos_0_T": 0.10514399812566788, "Pos_2_C": 0.03396414060890016, "TtoC": 0.0, "Pos_0_G": -0.05883366623839489, "AtoG": 0.0024582517955583747, "AtoT": 0.4466427979476957, "GtoC": -0.5751826894514714, "CtoG": -0.6043388942609241, "Pos_1_C": -0.15253818142976125, "Pos_1_A": 0.0, "Pos_0_A": 0.0, "Pos_0_C": 0.0012615316448743275, "AtoC": -0.08899925026157114, "CtoT": -0.4151778853738973, "TtoG": 0.00946055733572706, "Pos_3_C": 0.0, "Pos_2_G": -0.24884512466938682, "Pos_1_G": 0.2250324761346505, "Pos_3_T": 0.000225804380028745, "GtoT": 0.015953162724009283, "GC_feature": -0.10051982307290681, "Pos_3_A": -0.04725018368762733, "CtoA": -0.038795282732220396, "TtoA": 0.4157978962695157, "GtoA": -0.43551063978632604, "Pos_2_A": -0.0825133247133994}