{"param_C": {"1": 1.0, "3": 100.0, "0": 0.1, "2": 10.0}, "split0_test_score": {"1": 0.7689238234, "3": 0.7688999385, "0": 0.7689955541, "2": 0.768900547}, "rank_test_score": {"1": 2, "3": 4, "0": 1, "2": 3}, "params": {"1": {"C": 1.0, "penalty": "l1"}, "3": {"C": 100.0, "penalty": "l1"}, "0": {"C": 0.1, "penalty": "l1"}, "2": {"C": 10.0, "penalty": "l1"}}, "param_penalty": {"1": "l1", "3": "l1", "0": "l1", "2": "l1"}, "best_c_choice": 0.1}