{"param_alpha": {"0": 0.01, "2": 1.0, "4": 3.0, "1": 0.1, "3": 2.0}, "best_a_choice": 0.01, "split0_test_score": {"0": 0.732468726, "2": 0.732468726, "4": 0.732468726, "1": 0.732468726, "3": 0.732468726}, "rank_test_score": {"0": 1, "2": 1, "4": 1, "1": 1, "3": 1}, "params": {"0": {"alpha": 0.01}, "2": {"alpha": 1.0}, "4": {"alpha": 3.0}, "1": {"alpha": 0.1}, "3": {"alpha": 2.0}}}