{"best_a_choice": 3.0, "split0_test_score": {"1": 0.6501579214, "3": 0.6549303906, "4": 0.6549666504, "2": 0.6541927881, "0": 0.6464164734}, "params": {"1": {"alpha": 0.1}, "3": {"alpha": 2.0}, "4": {"alpha": 3.0}, "2": {"alpha": 1.0}, "0": {"alpha": 0.01}}, "rank_test_score": {"1": 4, "3": 2, "4": 1, "2": 3, "0": 5}, "param_alpha": {"1": 0.1, "3": 2.0, "4": 3.0, "2": 1.0, "0": 0.01}}