{"TtoC": 0.47816524663935694, "CtoG": -1.7824213692303261, "AtoC": 0.18802398396985204, "TtoG": 0.23452992824195915, "AtoT": 1.2032565775451651, "CtoA": 0.38196294703937295, "GtoT": 0.5367370037653642, "GtoA": -0.18367846621551245, "GtoC": -1.9302260801738589, "AtoG": 0.4743094737940172, "TtoA": 1.237504347409926, "CtoT": -0.2517819636357514}