{"param_alpha": {"1": 0.1, "4": 3.0, "3": 2.0, "0": 0.01, "2": 1.0}, "rank_test_score": {"1": 1, "4": 5, "3": 4, "0": 2, "2": 3}, "params": {"1": {"alpha": 0.1}, "4": {"alpha": 3.0}, "3": {"alpha": 2.0}, "0": {"alpha": 0.01}, "2": {"alpha": 1.0}}, "split0_test_score": {"1": 0.7471394433, "4": 0.7457192818, "3": 0.7462223856, "0": 0.7470971503, "2": 0.7468331996}, "best_a_choice": 0.1}