{"Pos_1:Pos_2:Pos_3_AGC": -0.0065117763845542005, "Pos_1:Pos_2_TT": 0.0, "Pos_1:Pos_2:Pos_3_CGA": -0.005121894900032214, "Pos_0:Pos_3_GC": 0.0, "Pos_0:Pos_1:Pos_2_CTG": 0.0, "Pos_0:Pos_2:Pos_3_AGA": -0.026367047796097207, "Pos_0:Pos_1_AT": 0.0, "Pos_3_C": 0.0, "Pos_1:Pos_3_AC": -0.006678867662117959, "Pos_0:Pos_2:Pos_3_TAA": 0.09670200932557335, "Pos_0:Pos_2:Pos_3_CAA": 0.0, "Pos_0:Pos_1:Pos_2_GAA": 0.012625703156816817, "Pos_0:Pos_2:Pos_3_CGA": 0.0, "Pos_0:Pos_1:Pos_3_CAG": 0.0007816925962953657, "Pos_0:Pos_3_TG": 0.0, "Pos_0:Pos_1:Pos_2_GCC": 0.0, "Pos_0:Pos_2:Pos_3_TCT": 0.09969637497696035, "Pos_1:Pos_2:Pos_3_CAA": -0.12489842480933493, "Pos_0:Pos_2:Pos_3_GAA": -0.0642168058768311, "Pos_0:Pos_1:Pos_3_GTA": 0.0, "Pos_1:Pos_2:Pos_3_GAC": 0.0, "Pos_0:Pos_1:Pos_3_CCG": 0.0, "Pos_0:Pos_2:Pos_3_CAT": 0.010677502566419418, "Pos_0:Pos_2:Pos_3_CTG": 0.0, "Pos_0:Pos_1:Pos_2_TCC": 0.0, "Pos_0:Pos_1:Pos_2_CGG": -0.12662151534179264, "Pos_0:Pos_1:Pos_2_CAT": 0.0, "Pos_1:Pos_3_AG": 0.0, "Pos_0:Pos_1:Pos_2_GAG": 0.0, "Pos_0:Pos_1:Pos_2_GTG": 0.0, "Pos_0:Pos_2:Pos_3_TAC": 0.0, "Pos_0:Pos_1:Pos_2_TAT": -0.13676573599228306, "Pos_0:Pos_2_CT": 0.0, "Pos_0:Pos_1:Pos_2_CCC": 0.0, "Pos_0:Pos_1_GA": 0.0, "TtoC": 0.0, "GtoA": -0.37979658902734903, "Pos_1_C": 0.0, "AtoT": 0.42280121061353254, "Pos_2:Pos_3_AC": 0.0, "Pos_1:Pos_2:Pos_3_ACA": 0.0, "Pos_1:Pos_3_GT": 0.0, "Pos_0:Pos_1:Pos_2_CAA": 0.0, "Pos_1:Pos_3_GC": 0.11771987984232647, "Pos_1:Pos_3_AA": 0.0, "Pos_1:Pos_2_CC": 0.0, "Pos_0:Pos_1:Pos_2_CGT": 0.0, "Pos_0:Pos_2_GC": 0.0, "Pos_0:Pos_1:Pos_3_TTC": 0.0, "Pos_0:Pos_1:Pos_2_CTA": 0.0, "Pos_0:Pos_1:Pos_3_ACT": -0.07287901103872924, "Pos_0:Pos_3_AC": 0.0, "Pos_0:Pos_3_AA": 0.0, "Pos_0:Pos_1:Pos_3_CTG": -0.003219899073124927, "Pos_0:Pos_1:Pos_3_GAC": 0.0, "Pos_0:Pos_3_CA": 0.0, "Pos_0:Pos_1:Pos_2_TGG": 0.0, "Pos_0:Pos_2:Pos_3_GTC": 0.01213542469967224, "Pos_1:Pos_2:Pos_3_CCA": 0.02216431234611407, "Pos_0:Pos_1:Pos_3_GCA": 0.0, "Pos_1:Pos_2:Pos_3_ATT": 0.0, "Pos_0:Pos_1:Pos_2_TAG": 0.0, "Pos_0:Pos_3_TT": 0.0, "Pos_1:Pos_2:Pos_3_ACG": -0.010779348641286454, "Pos_0:Pos_2:Pos_3_CGT": 0.0, "Pos_2_G": -0.1848718229461709, "Pos_0:Pos_1:Pos_2_GCT": 0.008869771225994244, "Pos_0:Pos_2:Pos_3_GAT": 0.0, "Pos_1:Pos_2:Pos_3_TCA": -0.021344885755753433, "Pos_1:Pos_2:Pos_3_GAA": 0.053471468292340174, "Pos_1:Pos_2:Pos_3_GCA": 0.1325405785863627, "Pos_0:Pos_2:Pos_3_TGA": -0.014440531622024688, "Pos_0:Pos_1:Pos_3_AGA": 0.0, "Pos_2:Pos_3_CT": 0.0, "AtoG": 0.0, "Pos_1:Pos_2:Pos_3_GGA": -0.0066759869120884205, "Pos_0:Pos_2_AG": 0.0, "Pos_0:Pos_2:Pos_3_TTT": 0.0, "GtoC": -0.35140022392464776, "AtoC": -0.18290650381772516, "Pos_0:Pos_2:Pos_3_GTG": 0.0, "Pos_0:Pos_1:Pos_2_GGG": 0.0, "Pos_0:Pos_1:Pos_3_ATG": 0.02629783845162008, "Pos_0:Pos_2:Pos_3_TCG": -0.027313920962776937, "Pos_0:Pos_3_GA": 0.0, "Pos_0:Pos_1:Pos_2_TCG": 0.0, "TtoG": 0.006741515359229588, "Pos_0:Pos_1:Pos_2_ATG": 0.0, "Pos_0:Pos_2:Pos_3_ATT": 0.0, "Pos_0:Pos_1:Pos_2_ACC": 0.018013750080014337, "Pos_0:Pos_1:Pos_3_TAC": 0.0, "Pos_1:Pos_2:Pos_3_TAT": -0.03815084263954464, "Pos_0:Pos_2:Pos_3_TGT": 0.0, "Pos_1:Pos_3_TT": 0.0, "Pos_0:Pos_2:Pos_3_GTT": 0.0, "Pos_0:Pos_1:Pos_2_CCT": -0.022744331467407456, "Pos_0:Pos_1_AA": -0.015805073333019205, "Pos_2:Pos_3_GT": 0.0, "Pos_1:Pos_2:Pos_3_CGT": 0.0, "Pos_0:Pos_2:Pos_3_TCA": 0.0, "Pos_0:Pos_1:Pos_3_GGT": 0.0, "Pos_0:Pos_2:Pos_3_CCT": 0.0, "Pos_2_A": 0.0, "Pos_0:Pos_1:Pos_3_GTT": 0.0, "Pos_0:Pos_1:Pos_3_GAT": 0.0, "Pos_0:Pos_1_TT": 0.0, "Pos_0:Pos_1:Pos_2_GGT": 0.0, "Pos_0:Pos_2:Pos_3_ACG": -0.05183752063863409, "Pos_0:Pos_3_CG": 0.0, "Pos_0:Pos_2_TT": 0.0, "Pos_0:Pos_3_GG": 0.0, "Pos_0:Pos_1:Pos_2_AGC": 0.0, "Pos_3_A": 0.0, "Pos_0:Pos_1:Pos_3_GGC": 0.0, "Pos_0:Pos_1_GC": 0.0, "Pos_0_C": 0.0, "Pos_1:Pos_2:Pos_3_CAG": 0.0, "Pos_0:Pos_1:Pos_2_CGA": -0.12202398418867481, "Pos_1:Pos_2:Pos_3_CTC": -0.005361723409184957, "Pos_1:Pos_2:Pos_3_GGC": 0.04549440238838165, "Pos_1:Pos_2:Pos_3_GTC": 0.0, "Pos_1:Pos_2:Pos_3_TAC": 0.0, "Pos_0:Pos_1:Pos_2_TAC": 0.017149667144853133, "Pos_0:Pos_3_AG": 0.0, "Pos_0:Pos_1:Pos_3_TCA": 0.0, "Pos_0:Pos_1:Pos_3_TAA": 0.0, "Pos_0:Pos_2_GT": 0.0, "Pos_0:Pos_1:Pos_2_GAC": 0.0, "Pos_1:Pos_2:Pos_3_TAA": -0.08645756193564423, "Pos_1:Pos_2:Pos_3_CGC": 0.0, "Pos_0:Pos_2:Pos_3_AAC": 0.0, "Pos_0_A": 0.0, "Pos_0:Pos_2:Pos_3_TAG": 0.08147802636486919, "Pos_0:Pos_1:Pos_3_CGC": 0.0, "Pos_0:Pos_1:Pos_3_CCT": 0.028999402574306173, "Pos_2:Pos_3_AT": 0.0, "Pos_0:Pos_1:Pos_2_TCT": 0.0, "Pos_0:Pos_2:Pos_3_ATG": 0.05597986434532791, "Pos_1:Pos_2:Pos_3_AAA": 0.0, "Pos_0:Pos_2:Pos_3_GCG": -0.0147439000848174, "Pos_0:Pos_1:Pos_3_GCT": -0.023295594304120672, "GC_feature": -0.06319709214100178, "Pos_1:Pos_2_TC": 0.0, "Pos_0:Pos_3_TC": 0.0, "Pos_1_G": 0.07242064897108369, "Pos_0:Pos_1_CT": 0.0, "Pos_2:Pos_3_TG": 0.0, "Pos_1:Pos_2:Pos_3_CCT": 0.0, "Pos_0:Pos_2:Pos_3_GCT": 0.0, "Pos_1:Pos_2:Pos_3_GGT": 0.0, "Pos_0:Pos_1:Pos_3_TTA": 0.0, "Pos_2_T": 0.0, "Pos_0:Pos_2:Pos_3_AGG": 0.0, "Pos_1_A": 0.0, "Pos_1:Pos_2:Pos_3_AAG": 0.02851096430992706, "Pos_0:Pos_1:Pos_3_GGG": 0.0, "Pos_0:Pos_1:Pos_2_GTT": 0.0, "Pos_0:Pos_1:Pos_2_TCA": 0.0, "Pos_1:Pos_2_AT": 0.0, "Pos_0:Pos_1:Pos_2_GGC": 0.0003060567921433914, "Pos_1:Pos_2:Pos_3_TAG": 0.0, "Pos_1:Pos_2:Pos_3_ACT": 0.07908051453411206, "Pos_1:Pos_2:Pos_3_ATC": 0.016082787263786626, "Pos_1:Pos_2:Pos_3_CTA": 0.0, "Pos_0:Pos_1:Pos_3_TGA": 0.0, "Pos_1_T": 0.0, "Pos_0:Pos_2:Pos_3_AAG": 0.0, "Pos_0:Pos_1:Pos_3_GAA": -0.03655072238811865, "Pos_0:Pos_1:Pos_2_TAA": 0.0, "Pos_0:Pos_2:Pos_3_TAT": 0.0, "Pos_0:Pos_2:Pos_3_CCC": 0.020762877784758958, "Pos_1:Pos_2:Pos_3_ACC": 0.0, "Pos_0_T": 0.0, "Pos_1:Pos_2:Pos_3_CCG": -0.03930139003108039, "Pos_0:Pos_1:Pos_2_ATA": -0.0071804703351708325, "Pos_1:Pos_2:Pos_3_CTT": 0.0, "Pos_0:Pos_1:Pos_3_GCG": 0.00333237500410383, "Pos_1:Pos_2:Pos_3_TGC": 0.0, "Pos_0:Pos_1:Pos_3_TGG": 0.0, "Pos_0:Pos_3_AT": 0.0, "Pos_0:Pos_1:Pos_3_CTA": 0.0, "Pos_1:Pos_2_GT": 0.0392771276234367, "Pos_0:Pos_2:Pos_3_GGA": 0.0, "Pos_0:Pos_2:Pos_3_ACC": 0.0035238621455922574, "Pos_0:Pos_2:Pos_3_TGG": -0.011487636741703515, "Pos_0:Pos_1:Pos_3_CAC": 0.0, "Pos_0:Pos_1:Pos_2_TGA": 0.035585997999866635, "Pos_0:Pos_2:Pos_3_ATA": -0.018851355377904094, "Pos_0:Pos_1:Pos_3_AGT": 0.017667127743103424, "Pos_0:Pos_1:Pos_3_ACC": 0.0, "Pos_0:Pos_1:Pos_2_ACT": 0.0, "Pos_0:Pos_2:Pos_3_AAT": -0.013392492001278641, "Pos_1:Pos_2:Pos_3_TGG": 0.0, "Pos_1:Pos_2:Pos_3_GGG": -0.021887900728910045, "Pos_1:Pos_2:Pos_3_GAT": 0.0, "Pos_2_C": 0.0, "Pos_0:Pos_2:Pos_3_TTA": 0.06463293113446197, "Pos_1:Pos_2_GA": 0.0, "Pos_2:Pos_3_TT": 0.0, "Pos_2:Pos_3_AA": 0.0, "Pos_1:Pos_3_TA": 0.0, "Pos_0:Pos_1:Pos_3_AGC": 0.03751129677724357, "Pos_0:Pos_1:Pos_3_CAT": 0.0, "Pos_0:Pos_1:Pos_2_GTC": 0.0, "Pos_0:Pos_2:Pos_3_CAG": 0.0, "Pos_2:Pos_3_TC": 0.0, "Pos_0:Pos_2_CA": 0.0, "Pos_1:Pos_2_TA": 0.0, "Pos_1:Pos_2:Pos_3_CAT": 0.0, "Pos_1:Pos_2:Pos_3_CTG": 0.0, "Pos_0:Pos_2:Pos_3_AGT": 0.0, "Pos_1:Pos_3_TG": 0.0, "Pos_0:Pos_1:Pos_2_ACA": -0.006910345252536363, "Pos_0:Pos_2:Pos_3_GTA": 0.0, "Pos_3_T": 0.0, "Pos_0:Pos_2:Pos_3_AAA": 0.0, "Pos_0:Pos_2_AA": 0.0, "Pos_0:Pos_1:Pos_3_AAA": 0.0, "Pos_0:Pos_1_TG": 0.07745873654870912, "Pos_0:Pos_1:Pos_2_AGT": 0.02618069780441912, "Pos_0:Pos_2:Pos_3_TTG": 0.0, "TtoA": 0.4875723664708515, "Pos_0:Pos_3_TA": 0.0, "Pos_0:Pos_1:Pos_3_GTG": -0.009558207392732625, "Pos_0:Pos_1:Pos_2_CCG": 0.0, "Pos_1:Pos_2_CT": 0.0, "Pos_1:Pos_2_GC": 0.07547501109774359, "Pos_0:Pos_1_CC": 0.0, "Pos_0:Pos_1:Pos_3_AGG": 0.0, "Pos_0:Pos_1:Pos_3_GAG": 0.0, "Pos_1:Pos_3_CT": 0.0, "Pos_0:Pos_1:Pos_2_GCA": 0.0, "Pos_2:Pos_3_TA": 0.0, "Pos_0:Pos_1:Pos_3_TTT": 0.0, "Pos_1:Pos_2:Pos_3_ATA": -0.06024534878709177, "Pos_0:Pos_2_TC": 0.0, "Pos_2:Pos_3_CA": 0.0, "Pos_0:Pos_2_TG": 0.0, "Pos_1:Pos_2:Pos_3_GTT": 0.00208294842619546, "Pos_1:Pos_2:Pos_3_GTA": -0.016162464944260643, "Pos_0:Pos_1:Pos_2_GTA": -0.05808755679082024, "Pos_0:Pos_1_AC": 0.0, "Pos_0:Pos_1:Pos_2_AAA": 0.0, "Pos_0:Pos_1:Pos_3_TGC": 0.07801048766449929, "Pos_1:Pos_2:Pos_3_GCT": 0.0, "Pos_1:Pos_2_CG": 0.0,