{"GtoC": -1.2519151646467228, "TtoC": 0.5590655052792561, "AtoG": 0.399240687208504, "GtoT": 0.1441820440775764, "CtoG": -1.5177342120346256, "GtoA": -0.438620079211839, "CtoT": -0.2835047271968176, "AtoC": -0.017856059266159314, "TtoA": 1.0332838464456073, "AtoT": 0.961498678608518, "TtoG": 0.472533004789437, "CtoA": 0.353976245622805}