{"param_alpha": {"0": 0.01, "3": 2.0, "4": 3.0, "2": 1.0, "1": 0.1}, "rank_test_score": {"0": 1, "3": 4, "4": 5, "2": 3, "1": 2}, "params": {"0": {"alpha": 0.01}, "3": {"alpha": 2.0}, "4": {"alpha": 3.0}, "2": {"alpha": 1.0}, "1": {"alpha": 0.1}}, "split0_test_score": {"0": 0.771926378, "3": 0.7691455274, "4": 0.7677188632, "2": 0.770762922, "1": 0.7719149342}, "best_a_choice": 0.01}