{"rank_test_score": {"4": 5, "3": 4, "2": 3, "0": 1, "1": 2}, "param_alpha": {"4": 3.0, "3": 2.0, "2": 1.0, "0": 0.01, "1": 0.1}, "best_a_choice": 0.01, "params": {"4": {"alpha": 3.0}, "3": {"alpha": 2.0}, "2": {"alpha": 1.0}, "0": {"alpha": 0.01}, "1": {"alpha": 0.1}}, "split0_test_score": {"4": 0.7266448912, "3": 0.7273972014, "2": 0.7283671587, "0": 0.7298749307, "1": 0.7296738747}}