{"pos0": {"stats": "{\"group\":{\"0\":\"1\",\"1\":\"1\",\"2\":\"1\",\"3\":\"1\",\"4\":\"1\",\"5\":\"1\",\"6\":\"1\",\"7\":\"1\",\"8\":\"2\",\"9\":\"2\",\"10\":\"2\",\"11\":\"2\",\"12\":\"2\",\"13\":\"2\",\"14\":\"2\",\"15\":\"2\"},\"mut\":{\"0\":\"M\",\"1\":\"M\",\"2\":\"M\",\"3\":\"M\",\"4\":\"R\",\"5\":\"R\",\"6\":\"R\",\"7\":\"R\",\"8\":\"M\",\"9\":\"M\",\"10\":\"M\",\"11\":\"M\",\"12\":\"R\",\"13\":\"R\",\"14\":\"R\",\"15\":\"R\"},\"base\":{\"0\":\"A\",\"1\":\"C\",\"2\":\"G\",\"3\":\"T\",\"4\":\"A\",\"5\":\"C\",\"6\":\"G\",\"7\":\"T\",\"8\":\"A\",\"9\":\"C\",\"10\":\"G\",\"11\":\"T\",\"12\":\"A\",\"13\":\"C\",\"14\":\"G\",\"15\":\"T\"},\"count\":{\"0\":2536,\"1\":3481,\"2\":2196,\"3\":2201,\"4\":2624,\"5\":2941,\"6\":2566,\"7\":2283,\"8\":1405,\"9\":2921,\"10\":2275,\"11\":984,\"12\":1777,\"13\":2390,\"14\":2169,\"15\":1249},\"fitted\":{\"0\":2445.2966368725,\"1\":3515.2183139022,\"2\":2321.5756062296,\"3\":2131.9094429971,\"4\":2714.7033631277,\"5\":2906.7816860978,\"6\":2440.4243937726,\"7\":2352.0905570029,\"8\":1495.7033631297,\"9\":2886.7816860978,\"10\":2149.4243937739,\"11\":1053.0905570054,\"12\":1686.2966368734,\"13\":2424.2183139022,\"14\":2294.5756062298,\"15\":1179.9094429987},\"ret\":{\"0\":0.0025658417,\"1\":-0.0009459199,\"2\":-0.0033923114,\"3\":0.0019500581,\"4\":-0.0024771074,\"5\":0.0009561347,\"6\":0.0035766546,\"7\":-0.0018908199,\"8\":-0.002441685,\"9\":0.0009561731,\"10\":0.003588378,\"11\":-0.0018549051,\"12\":0.0025862594,\"13\":-0.0009438211,\"14\":-0.0033911592,\"15\":0.0019744157}}", "df": 3, "formula": "count ~ group * mut * base - group : mut : base", "deviance": 58.76215402237506, "prob": 1.0805875994169962e-12, "rel_entropy": 0.0008161863717758633}, "pos3": {"stats": "{\"group\":{\"0\":\"1\",\"1\":\"1\",\"2\":\"1\",\"3\":\"1\",\"4\":\"1\",\"5\":\"1\",\"6\":\"1\",\"7\":\"1\",\"8\":\"2\",\"9\":\"2\",\"10\":\"2\",\"11\":\"2\",\"12\":\"2\",\"13\":\"2\",\"14\":\"2\",\"15\":\"2\"},\"mut\":{\"0\":\"M\",\"1\":\"M\",\"2\":\"M\",\"3\":\"M\",\"4\":\"R\",\"5\":\"R\",\"6\":\"R\",\"7\":\"R\",\"8\":\"M\",\"9\":\"M\",\"10\":\"M\",\"11\":\"M\",\"12\":\"R\",\"13\":\"R\",\"14\":\"R\",\"15\":\"R\"},\"base\":{\"0\":\"A\",\"1\":\"C\",\"2\":\"G\",\"3\":\"T\",\"4\":\"A\",\"5\":\"C\",\"6\":\"G\",\"7\":\"T\",\"8\":\"A\",\"9\":\"C\",\"10\":\"G\",\"11\":\"T\",\"12\":\"A\",\"13\":\"C\",\"14\":\"G\",\"15\":\"T\"},\"count\":{\"0\":2576,\"1\":2403,\"2\":2828,\"3\":2607,\"4\":2697,\"5\":2655,\"6\":2643,\"7\":2419,\"8\":1758,\"9\":1981,\"10\":1969,\"11\":1877,\"12\":2043,\"13\":1956,\"14\":1789,\"15\":1797},\"fitted\":{\"0\":2517.5756603142,\"1\":2464.2152183596,\"2\":2842.7194887862,\"3\":2589.48963254,\"4\":2755.4243396857,\"5\":2593.7847816404,\"6\":2628.2805112138,\"7\":2436.51036746,\"8\":1816.4243396858,\"9\":1919.7847816404,\"10\":1954.2805112138,\"11\":1894.51036746,\"12\":1984.5756603142,\"13\":2017.2152183596,\"14\":1803.7194887862,\"15\":1779.48963254},\"ret\":{\"0\":0.0016416765,\"1\":-0.0016792183,\"2\":-0.0004078369,\"3\":0.0004880671,\"4\":-0.0016056591,\"5\":0.0017204279,\"6\":0.0004100403,\"7\":-0.000484674,\"8\":-0.0015966028,\"9\":0.0017273453,\"10\":0.0004104334,\"11\":-0.0004841712,\"12\":0.0016466472,\"13\":-0.0016744499,\"14\":-0.0004072244,\"15\":0.0004888116}}", "df": 3, "formula": "count ~ group * mut * base - group : mut : base", "deviance": 13.939331130877893, "prob": 0.0029889074029200145, "rel_entropy": 0.00019361257751649943}, "pos2": {"stats": "{\"group\":{\"0\":\"1\",\"1\":\"1\",\"2\":\"1\",\"3\":\"1\",\"4\":\"1\",\"5\":\"1\",\"6\":\"1\",\"7\":\"1\",\"8\":\"2\",\"9\":\"2\",\"10\":\"2\",\"11\":\"2\",\"12\":\"2\",\"13\":\"2\",\"14\":\"2\",\"15\":\"2\"},\"mut\":{\"0\":\"M\",\"1\":\"M\",\"2\":\"M\",\"3\":\"M\",\"4\":\"R\",\"5\":\"R\",\"6\":\"R\",\"7\":\"R\",\"8\":\"M\",\"9\":\"M\",\"10\":\"M\",\"11\":\"M\",\"12\":\"R\",\"13\":\"R\",\"14\":\"R\",\"15\":\"R\"},\"base\":{\"0\":\"A\",\"1\":\"C\",\"2\":\"G\",\"3\":\"T\",\"4\":\"A\",\"5\":\"C\",\"6\":\"G\",\"7\":\"T\",\"8\":\"A\",\"9\":\"C\",\"10\":\"G\",\"11\":\"T\",\"12\":\"A\",\"13\":\"C\",\"14\":\"G\",\"15\":\"T\"},\"count\":{\"0\":1511,\"1\":2412,\"2\":1736,\"3\":4755,\"4\":2773,\"5\":2553,\"6\":2758,\"7\":2330,\"8\":953,\"9\":3444,\"10\":1928,\"11\":1260,\"12\":1931,\"13\":1927,\"14\":2328,\"15\":1399},\"fitted\":{\"0\":1448.0103931481,\"1\":2772.9493041193,\"2\":1848.2094357253,\"3\":4344.8308670073,\"4\":2835.9896068519,\"5\":2192.0506958807,\"6\":2645.7905642747,\"7\":2740.1691329927,\"8\":1015.9896068519,\"9\":3083.0506958807,\"10\":1815.7905642747,\"11\":1670.169132993,\"12\":1868.0103931481,\"13\":2287.9493041193,\"14\":2440.2094357253,\"15\":988.8308670076},\"ret\":{\"0\":0.0017873274,\"1\":-0.0093440179,\"2\":-0.0030205031,\"3\":0.0119158815,\"4\":-0.0017302307,\"5\":0.0108105445,\"6\":0.0031822858,\"7\":-0.0104953806,\"8\":-0.0016944089,\"9\":0.0105922272,\"10\":0.0032114901,\"11\":-0.0098640092,\"12\":0.0017789843,\"13\":-0.0091907765,\"14\":-0.0030443098,\"15\":0.0134851534}}", "df": 3, "formula": "count ~ group * mut * base - group : mut : base", "deviance": 603.3450215325477, "prob": 1.8977289842262367e-130, "rel_entropy": 0.008380257535592918}, "pos1": {"stats": "{\"group\":{\"0\":\"1\",\"1\":\"1\",\"2\":\"1\",\"3\":\"1\",\"4\":\"1\",\"5\":\"1\",\"6\":\"1\",\"7\":\"1\",\"8\":\"2\",\"9\":\"2\",\"10\":\"2\",\"11\":\"2\",\"12\":\"2\",\"13\":\"2\",\"14\":\"2\",\"15\":\"2\"},\"mut\":{\"0\":\"M\",\"1\":\"M\",\"2\":\"M\",\"3\":\"M\",\"4\":\"R\",\"5\":\"R\",\"6\":\"R\",\"7\":\"R\",\"8\":\"M\",\"9\":\"M\",\"10\":\"M\",\"11\":\"M\",\"12\":\"R\",\"13\":\"R\",\"14\":\"R\",\"15\":\"R\"},\"base\":{\"0\":\"A\",\"1\":\"C\",\"2\":\"G\",\"3\":\"T\",\"4\":\"A\",\"5\":\"C\",\"6\":\"G\",\"7\":\"T\",\"8\":\"A\",\"9\":\"C\",\"10\":\"G\",\"11\":\"T\",\"12\":\"A\",\"13\":\"C\",\"14\":\"G\",\"15\":\"T\"},\"count\":{\"0\":1298,\"1\":2984,\"2\":1471,\"3\":4661,\"4\":3151,\"5\":1011,\"6\":2936,\"7\":3316,\"8\":1355,\"9\":2155,\"10\":1567,\"11\":2508,\"12\":2516,\"13\":757,\"14\":1865,\"15\":2447},\"fitted\":{\"0\":1394.3507465937,\"1\":2955.0989421863,\"2\":1683.1723523917,\"3\":4381.3779588282,\"4\":3054.6492534063,\"5\":1039.9010578137,\"6\":2723.8276476082,\"7\":3595.6220411717,\"8\":1258.6492534063,\"9\":2183.9010578137,\"10\":1354.8276476082,\"11\":2787.6220411717,\"12\":2612.3507465937,\"13\":728.0989421863,\"14\":2077.1723523917,\"15\":2167.3779588282},\"ret\":{\"0\":-0.0025818753,\"1\":0.000806765,\"2\":-0.0055058452,\"3\":0.0080104693,\"4\":0.0027183338,\"5\":-0.0007915905,\"6\":0.0061178218,\"7\":-0.0074575243,\"8\":0.0027764864,\"9\":-0.0007975158,\"10\":0.0063331523,\"11\":-0.0073644053,\"12\":-0.0026265806,\"13\":0.0008185792,\"14\":-0.0055821758,\"15\":0.0082485245}}", "df": 3, "formula": "count ~ group * mut * base - group : mut : base", "deviance": 224.81610535270937, "prob": 1.826315573598262e-48, "rel_entropy": 0.003122619386531326}}