{"TtoA": 0.4237837883165367, "TtoC": 0.010665648387908691, "CtoG": -0.589695417196256, "GtoA": -0.42153123212321586, "AtoC": -0.10630749493387431, "CtoA": -0.06445854769346261, "GtoT": 0.013553248595395032, "TtoG": 0.0, "GC_feature": -0.14874919947461376, "AtoT": 0.375553841065279, "AtoG": 0.06997880878886296, "GtoC": -0.5558186591999386, "CtoT": -0.4395718294898049}