{"best_a_choice": 0.01, "rank_test_score": {"2": 3, "4": 5, "1": 2, "0": 1, "3": 4}, "params": {"2": {"alpha": 1.0}, "4": {"alpha": 3.0}, "1": {"alpha": 0.1}, "0": {"alpha": 0.01}, "3": {"alpha": 2.0}}, "split0_test_score": {"2": 0.6974041048, "4": 0.6965744288, "1": 0.699759928, "0": 0.7015529606, "3": 0.6967803017}, "param_alpha": {"2": 1.0, "4": 3.0, "1": 0.1, "0": 0.01, "3": 2.0}}