{"param_alpha": {"4": 3.0, "0": 0.01, "3": 2.0, "2": 1.0, "1": 0.1}, "rank_test_score": {"4": 1, "0": 5, "3": 2, "2": 3, "1": 4}, "split0_test_score": {"4": 0.670181194, "0": 0.6348712569, "3": 0.6673850849, "2": 0.6627007438, "1": 0.647373641}, "best_a_choice": 3.0, "params": {"4": {"alpha": 3.0}, "0": {"alpha": 0.01}, "3": {"alpha": 2.0}, "2": {"alpha": 1.0}, "1": {"alpha": 0.1}}}