{"AtoG": 0.06990766834780104, "TtoG": 0.0, "GtoC": -0.555840086287935, "CtoA": -0.06450358387362708, "GtoA": -0.42160023291914106, "TtoC": 0.010594556596568883, "AtoT": 0.3754940792759629, "GtoT": 0.013506034134426173, "CtoT": -0.43964324163343627, "AtoC": -0.10634388721151271, "CtoG": -0.5897093675949603, "GC_feature": -0.1487479183832461, "TtoA": 0.42373476775966895}