{"params": {"1": {"C": 1.0, "penalty": "l1"}, "0": {"C": 0.1, "penalty": "l1"}, "3": {"C": 100.0, "penalty": "l1"}, "2": {"C": 10.0, "penalty": "l1"}}, "best_c_choice": 0.1, "param_penalty": {"1": "l1", "0": "l1", "3": "l1", "2": "l1"}, "rank_test_score": {"1": 2, "0": 1, "3": 3, "2": 4}, "param_C": {"1": 1.0, "0": 0.1, "3": 100.0, "2": 10.0}, "split0_test_score": {"1": 0.7430808392, "0": 0.7432880444, "3": 0.7430779487, "2": 0.7430683643}}