{"params": {"3": {"alpha": 2.0}, "2": {"alpha": 1.0}, "0": {"alpha": 0.01}, "1": {"alpha": 0.1}, "4": {"alpha": 3.0}}, "param_alpha": {"3": 2.0, "2": 1.0, "0": 0.01, "1": 0.1, "4": 3.0}, "split0_test_score": {"3": 0.6858458898, "2": 0.6827522411, "0": 0.6541769979, "1": 0.6688174709, "4": 0.6877703605}, "rank_test_score": {"3": 2, "2": 3, "0": 5, "1": 4, "4": 1}, "best_a_choice": 3.0}