{"best_a_choice": 0.01, "param_alpha": {"3": 2.0, "4": 3.0, "0": 0.01, "2": 1.0, "1": 0.1}, "split0_test_score": {"3": 0.6755503903, "4": 0.6754501596, "0": 0.6790839169, "2": 0.6758896464, "1": 0.6774717812}, "params": {"3": {"alpha": 2.0}, "4": {"alpha": 3.0}, "0": {"alpha": 0.01}, "2": {"alpha": 1.0}, "1": {"alpha": 0.1}}, "rank_test_score": {"3": 4, "4": 5, "0": 1, "2": 3, "1": 2}}