{"split0_test_score": {"4": 0.6870532138, "1": 0.6680431051, "0": 0.6540320427, "3": 0.6851192066, "2": 0.6818996758}, "rank_test_score": {"4": 1, "1": 4, "0": 5, "3": 2, "2": 3}, "best_a_choice": 3.0, "param_alpha": {"4": 3.0, "1": 0.1, "0": 0.01, "3": 2.0, "2": 1.0}, "params": {"4": {"alpha": 3.0}, "1": {"alpha": 0.1}, "0": {"alpha": 0.01}, "3": {"alpha": 2.0}, "2": {"alpha": 1.0}}}