{"GtoT": 0.008254429550616216, "AtoC": -0.0920793858595062, "CtoT": -0.43548900157323484, "TtoC": 0.0, "GtoA": -0.45887057182309954, "AtoT": 0.4319613827372678, "CtoA": -0.04587608527109079, "GtoC": -0.8310199719336361, "TtoG": 0.001124992035515391, "TtoA": 0.38519325171875735, "GC_feature": -0.11514478718485988, "CtoG": -0.8756852942776254, "AtoG": 0.02155769485338458}