{"Pos_6_A": 0.04889179928122764, "Pos_54_T": 0.039144856427034, "Pos_3_T": 0.006296959751635563, "Pos_40_A": 0.009816681093897564, "Pos_16_A": -0.0005793800934615482, "Pos_15_G": 0.0, "Pos_5_T": 0.02856631762958796, "Pos_46_T": 0.0, "Pos_52_G": 0.09742132499613024, "Pos_57_G": -0.08623657320332082, "Pos_2_A": -0.004294468782363593, "Pos_30_T": 0.07113488601797598, "Pos_25_T": 0.0865417226479252, "Pos_9_C": 0.0, "AtoT": 0.8935959545755171, "Pos_44_T": 0.0822840629606981, "Pos_55_C": 0.0, "Pos_31_G": 0.0, "Pos_25_A": -0.024525323514403525, "Pos_15_C": -0.051121735845251155, "Pos_55_T": 0.02210798247539964, "Pos_38_C": -0.016637267079933567, "Pos_11_G": 0.05567585676498218, "Pos_58_T": 0.0, "Pos_10_G": -0.01266001653601758, "Pos_32_T": 0.07060910479185335, "Pos_48_A": -0.007327428067398292, "Pos_13_C": 0.07595736588531386, "Pos_44_A": 0.07297262844282167, "Pos_12_A": 0.07204440381716704, "Pos_24_C": 0.0, "Pos_3_G": 0.0, "Pos_39_T": 0.0745087676201675, "Pos_55_G": 0.07672580958934196, "Pos_49_G": 0.03002487103086623, "Pos_27_T": 0.13259108923469937, "Pos_16_G": 0.0, "Pos_45_T": 0.09332454503672018, "Pos_36_C": 0.08910595288323454, "Pos_30_A": 0.0, "Pos_50_A": 0.0035159796374547277, "Pos_56_G": 0.0, "Pos_42_C": 0.13270839022335046, "Pos_59_G": -0.0365049088979276, "Pos_16_C": 0.07582751954112892, "Pos_4_G": 0.0, "Pos_24_G": -0.030375421892011076, "Pos_30_C": 0.13388828618633083, "Pos_5_A": -0.05207132601593141, "Pos_14_C": 0.03200467227662791, "Pos_19_G": 0.0, "Pos_40_G": 0.03602535253441793, "Pos_26_C": -0.07677758499117134, "Pos_30_G": -0.11519251883740593, "Pos_41_G": 0.0, "GtoT": 0.17982371935672475, "Pos_49_C": 0.0, "Pos_50_G": 0.0, "Pos_11_C": 0.0, "Pos_20_C": 0.0, "Pos_4_A": -0.0008621944580671601, "Pos_5_G": 0.06599752539494498, "Pos_27_G": 0.0, "Pos_44_C": -0.008328010303322872, "Pos_25_C": 0.01635160930350413, "Pos_34_A": -0.006584533469194545, "Pos_45_C": 0.0660951801483848, "Pos_55_A": -0.010622821466651215, "Pos_17_T": 0.014055776189625746, "Pos_43_T": 0.0, "Pos_35_T": 0.05772781630359067, "Pos_32_G": -0.023152919160251504, "Pos_21_T": 0.09497251177518147, "Pos_23_A": -0.06816651898350291, "Pos_47_C": -0.029656264549475463, "Pos_9_G": -0.04034200573129371, "Pos_58_C": -0.035226500139499704, "Pos_8_T": 0.0, "Pos_57_C": 0.015189031678762807, "Pos_43_G": 0.05715905291783393, "Pos_3_C": -0.03546034772447901, "Pos_41_T": 0.06123661958822681, "Pos_10_T": 0.09783303826640871, "Pos_0_C": -0.02453539629069917, "Pos_59_A": 0.034278796927142675, "Pos_51_T": 0.0, "Pos_29_C": -0.18728293580682348, "Pos_3_A": 0.0737301111180421, "Pos_36_T": 0.0796724713556164, "Pos_17_C": 0.0, "Pos_49_A": -0.04874651635371989, "Pos_7_T": 0.0, "Pos_31_C": 0.012370180261047442, "Pos_46_G": 0.10436216768233836, "Pos_18_A": 0.019774963722682958, "Pos_4_C": 0.03478499544655979, "Pos_50_T": 0.036123315824852, "Pos_6_C": 0.0, "CtoA": 0.05863458730049531, "Pos_11_T": 0.02574120259341424, "Pos_52_A": 0.0, "Pos_32_A": 0.09852936630331852, "Pos_42_T": 0.1352947425258263, "Pos_12_T": 0.09700125645561332, "Pos_57_T": 0.0, "Pos_15_A": 0.07318284472475849, "Pos_29_T": 0.0, "Pos_10_C": 0.09630420270346522, "Pos_1_C": 0.0686642533454674, "Pos_18_G": -0.033499823549767396, "Pos_56_T": 0.05766770613080681, "Pos_42_G": -0.025416597615472575, "Pos_14_T": 0.0, "Pos_38_T": 0.07179279213336137, "Pos_33_C": 0.016761512016370092, "Pos_33_T": 0.11078677115001342, "Pos_53_G": -0.00409059252329768, "Pos_24_T": 0.08811058023540973, "Pos_29_G": 0.22820196291220557, "Pos_22_G": 0.0, "Pos_13_G": -0.001917937300058293, "Pos_35_A": 0.11780231731283825, "Pos_9_A": 0.05618910112788303, "Pos_27_A": 0.004255460678813265, "Pos_2_G": 0.04387755786353883, "Pos_50_C": -0.043141774589859405, "Pos_10_A": 0.0, "Pos_54_C": 0.043752369532971645, "Pos_34_C": 0.0, "Pos_12_C": 0.0, "Pos_52_T": 0.0017461839798362533, "Pos_2_C": 0.018449002230708188, "Pos_56_C": -0.05489097088183513, "Pos_48_G": 0.0, "Pos_5_C": 0.0, "Pos_28_T": 0.1397272815109276, "Pos_13_A": 0.0, "Pos_40_C": 0.0, "Pos_7_G": 0.0, "Pos_39_G": -0.007277310088815807, "Pos_41_A": 0.07071693732279118, "Pos_9_T": 0.03141559257797482, "Pos_8_A": 0.0, "Pos_53_T": 0.14160090030168354, "Pos_1_G": 0.0, "GtoC": -1.90060452029585, "Pos_8_C": 0.0, "Pos_13_T": 0.1321339991366225, "Pos_17_A": -0.03920400165329396, "Pos_37_T": 0.0, "Pos_21_C": 0.0, "Pos_34_G": 0.08684591601467581, "Pos_8_G": 0.07370188671845958, "Pos_28_C": -0.006512512659764177, "Pos_51_A": 0.0, "AtoC": -0.2033466897498512, "Pos_22_A": -0.0073490081355415526, "Pos_12_G": 0.0, "Pos_39_A": 0.0, "Pos_36_A": -0.03760140458724512, "Pos_34_T": 0.03574495750602511, "Pos_33_A": 0.0, "Pos_1_T": 0.04096005169364959, "Pos_0_G": 0.0, "CtoT": -0.48474180748326695, "Pos_28_G": 0.0, "Pos_22_T": 0.15068468911853206, "Pos_49_T": 0.0, "GtoA": -0.5257633819148764, "TtoC": 0.08618196019866961, "Pos_37_G": 0.14455558510467034, "CtoG": -1.898013730686906, "Pos_54_G": -0.019042753321848526, "Pos_15_T": 0.07679425671977574, "Pos_7_C": 0.05426841510704624, "Pos_27_C": -0.010423153237400102, "Pos_44_G": 0.0, "Pos_52_C": -0.01815365139733727, "Pos_21_A": 0.03972596492463827, "Pos_29_A": 0.011530438243957452, "Pos_31_T": 0.09103643269505438, "Pos_24_A": 0.05772499186223494, "Pos_17_G": 0.03788711932175535, "Pos_1_A": -0.028077351568292715, "Pos_38_G": 0.0, "Pos_46_A": 0.0, "Pos_4_T": 0.010120037757025278, "Pos_11_A": -0.023969389768599345, "Pos_23_G": 0.04459710868118678, "Pos_42_A": 0.0, "Pos_45_A": 0.0, "Pos_25_G": 0.0, "Pos_58_A": 0.0, "Pos_53_A": 0.07441733571172345, "Pos_14_A": -0.030897136761028232, "Pos_20_G": 0.0498095419067969, "Pos_20_A": -0.04676107200567247, "Pos_41_C": -0.016125117306757714, "Pos_59_C": 0.0, "Pos_23_C": 0.0, "Pos_19_C": 0.09916898543721771, "Pos_2_T": 0.0, "TtoG": 0.034898959562395845, "Pos_31_A": -0.014323748877387093, "Pos_7_A": -0.015682835401860686, "Pos_0_A": 0.011617106913281198, "Pos_37_A": -0.025542675274542077, "Pos_26_T": 0.0, "Pos_51_C": 0.05253584575230979, "Pos_39_C": 0.07760801048162042, "Pos_48_T": 0.09013688099765244, "Pos_40_T": -0.019850884239486645, "Pos_18_C": 0.0, "Pos_6_G": -0.004110838144634689, "Pos_23_T": 0.0217425533361045, "Pos_20_T": 0.015457314554629308, "Pos_56_A": 0.056077850991875615, "Pos_47_T": 0.029151060281039812, "TtoA": 0.8974472274663684, "AtoG": 0.0514343846263563, "Pos_37_C": 0.045132228048356246, "Pos_48_C": 0.06820198033280678, "Pos_46_C": -0.0015597844983651884, "Pos_51_G": -0.01079034752936701, "Pos_45_G": -0.02277446606874412, "Pos_35_G": 0.0, "Pos_19_T": 0.11762899386634246, "Pos_53_C": 0.0, "Pos_38_A": 0.02205446992187745, "Pos_43_C": 0.0014736849053303344, "Pos_16_T": 0.06485113135956613, "Pos_26_G": 0.056389955694970344, "Pos_36_G": 0.0, "Pos_28_A": 0.07352796301269207, "Pos_32_C": 0.0, "Pos_59_T": 0.0, "Pos_21_G": -0.0005692223568641635, "Pos_14_G": 0.0863758997248856, "Pos_47_G": 0.0, "Pos_58_G": 0.05491828266184516, "Pos_33_G": -0.07262283752454166, "Pos_18_T": 0.027230604584274717, "Pos_35_C": -0.0434710730485317, "Pos_47_A": 0.010841442882411267, "Pos_26_A": 0.0, "Pos_22_C": 0.07951556396013841, "Pos_43_A": -0.047594543133701483, "Pos_19_A": -0.019959083238769548, "Pos_0_T": 0.018182295643741686, "Pos_57_A": 0.012519687947549245, "Pos_54_A": 0.0, "Pos_6_T": 0.047423894974983394}