{"GC_feature": -0.1447554577775606, "AtoT": 0.5296643066729916, "AtoC": -0.016291934324718208, "GtoT": 0.1282370709660334, "CtoG": -1.0194749085520483, "TtoG": 0.004864850912138307, "AtoG": 0.18831613671803768, "CtoA": 0.07877303342907989, "TtoA": 0.5301127268235781, "GtoC": -1.1833268663656087, "GtoA": -0.29688445387516077, "TtoC": 0.19762413501888088, "CtoT": -0.3520598110908626}