{"params": {"1": {"penalty": "l1", "C": 1.0}, "2": {"penalty": "l1", "C": 10.0}, "3": {"penalty": "l1", "C": 100.0}, "0": {"penalty": "l1", "C": 0.1}}, "param_C": {"1": 1.0, "2": 10.0, "3": 100.0, "0": 0.1}, "rank_test_score": {"1": 3, "2": 2, "3": 1, "0": 4}, "split0_test_score": {"1": 0.7324554624, "2": 0.7325680589, "3": 0.7325737841, "0": 0.7309177568}, "param_penalty": {"1": "l1", "2": "l1", "3": "l1", "0": "l1"}, "best_c_choice": 100.0}