{"params": {"0": {"alpha": 0.01}, "4": {"alpha": 3.0}, "1": {"alpha": 0.1}, "2": {"alpha": 1.0}, "3": {"alpha": 2.0}}, "rank_test_score": {"0": 5, "4": 1, "1": 4, "2": 3, "3": 2}, "param_alpha": {"0": 0.01, "4": 3.0, "1": 0.1, "2": 1.0, "3": 2.0}, "split0_test_score": {"0": 0.6574613771, "4": 0.6787526225, "1": 0.6635628457, "2": 0.6731184436, "3": 0.6766870113}, "best_a_choice": 3.0}