{"split0_test_score": {"2": 0.6820017367, "3": 0.6802574452, "0": 0.6902708995, "4": 0.6791620149, "1": 0.6868596074}, "param_alpha": {"2": 1.0, "3": 2.0, "0": 0.01, "4": 3.0, "1": 0.1}, "best_a_choice": 0.01, "rank_test_score": {"2": 3, "3": 4, "0": 1, "4": 5, "1": 2}, "params": {"2": {"alpha": 1.0}, "3": {"alpha": 2.0}, "0": {"alpha": 0.01}, "4": {"alpha": 3.0}, "1": {"alpha": 0.1}}}