{"Pos_0:Pos_2_GG": 0.0, "Pos_2:Pos_3_TG": 0.0, "TtoA": 0.44805803578074077, "Pos_0:Pos_2_AG": -0.023119833828801253, "Pos_1:Pos_3_GT": 0.05390155365221969, "CtoG": -0.6375435087656421, "Pos_2:Pos_3_GT": -0.0524887782606796, "Pos_1:Pos_3_GA": 0.0, "GtoT": 0.02987857797993836, "Pos_3_T": 0.0, "Pos_0:Pos_2_TT": 0.0019288913315487655, "Pos_2_A": 0.0, "Pos_0_G": -0.02061853341064027, "CtoA": -0.03573620496410482, "Pos_0:Pos_1_AT": 0.0, "Pos_1:Pos_3_AC": 0.0, "Pos_1_T": 0.0, "GtoA": -0.40893730102930764, "Pos_1:Pos_3_GG": 0.0, "Pos_0:Pos_1_AG": 0.0, "TtoG": 0.00792628930344674, "Pos_0:Pos_1_AC": -0.0974684394352489, "Pos_1:Pos_2_AG": -0.012885072070803834, "Pos_0:Pos_2_GC": 0.0, "Pos_2:Pos_3_AT": -0.0006390316888499614, "Pos_0:Pos_1_GT": -0.004671293844898899, "Pos_1:Pos_2_GC": 0.09290338294659063, "Pos_1:Pos_3_GC": 0.06737938231525906, "Pos_1:Pos_3_TC": 0.007137822136107711, "Pos_0:Pos_2_AA": 0.0, "Pos_0:Pos_1_GG": 0.027267228528018748, "Pos_2:Pos_3_TC": 0.01003032210974496, "Pos_0:Pos_1_TA": 0.0009036746985526977, "Pos_1:Pos_2_GG": 0.0, "Pos_0:Pos_3_GA": 0.0, "Pos_0:Pos_2_CG": 0.018960481195298338, "Pos_1_A": 0.0, "Pos_0_A": 0.0, "Pos_1:Pos_3_CA": -0.008658044091977537, "Pos_2:Pos_3_AC": -0.018710660641154436, "GtoC": -0.6052527338618788, "Pos_2:Pos_3_CT": 0.0, "Pos_0:Pos_3_GT": -0.020517526990275658, "Pos_1:Pos_2_TA": -0.07214685962208421, "Pos_2:Pos_3_CG": -0.04479031286520194, "Pos_0:Pos_1_CT": 0.0, "Pos_0:Pos_2_TA": 7.893150643335557e-05, "Pos_0:Pos_1_GC": 0.0, "Pos_1:Pos_2_TG": 0.0, "Pos_0:Pos_3_AT": 0.0, "Pos_2_T": 0.0, "AtoT": 0.39603996288215104, "Pos_0:Pos_3_GC": 0.0, "Pos_0:Pos_3_GG": 0.0, "CtoT": -0.4852135294545564, "Pos_2:Pos_3_GG": 0.0, "AtoG": 0.0, "GC_feature": -0.08827273771775364, "Pos_0:Pos_3_CA": 0.0, "Pos_1:Pos_3_CG": 0.044402290078422946, "Pos_1:Pos_3_AA": 0.0, "Pos_0:Pos_2_CC": 0.03397239371696153, "Pos_0:Pos_3_AC": 0.004229448324174286, "Pos_0:Pos_2_CT": 0.0, "Pos_0:Pos_2_AC": -0.01392524465343703, "Pos_1_C": -0.02936148361728534, "Pos_0:Pos_2_GT": -0.03611542893874488, "Pos_3_A": 0.0, "Pos_1:Pos_2_AC": 0.013887618194865524, "Pos_1:Pos_3_TG": 0.022420487458743865, "Pos_1:Pos_2_AT": -0.034977045156737496, "Pos_0:Pos_3_CG": 0.0004737206710672715, "Pos_0:Pos_1_TC": 0.0, "Pos_1:Pos_2_AA": 0.03266058405796853, "Pos_0:Pos_1_CA": 0.021523315712775562, "Pos_1:Pos_2_GA": 0.0, "Pos_1:Pos_3_TT": -0.0007562587697687332, "Pos_0:Pos_1_CG": -0.12410569745808703, "Pos_1:Pos_2_TC": 0.0, "Pos_1:Pos_3_CT": -0.0546313170374134, "Pos_2:Pos_3_GA": -0.08867892277923096, "Pos_0:Pos_2_CA": -0.06999934553208123, "Pos_0:Pos_3_TT": 0.008905287894667827, "Pos_0:Pos_3_TG": 0.0, "Pos_0:Pos_3_TC": 0.04770351286810334, "Pos_0:Pos_1_GA": -0.050939096578037656, "Pos_1:Pos_3_CC": 0.0, "Pos_0:Pos_2_AT": 0.06991190673035033, "Pos_2:Pos_3_AA": 0.0, "Pos_0_C": 0.0, "Pos_0:Pos_1_TT": 0.02169117723992327, "Pos_0:Pos_3_AA": -0.028353913585504608, "Pos_2_C": 0.0, "Pos_0:Pos_1_AA": 0.0, "Pos_1:Pos_2_CG": -0.08821758872221096, "Pos_3_C": 0.0, "TtoC": 0.008162812225550745, "Pos_1_G": 0.11771510608538358, "Pos_2:Pos_3_CA": 0.03722076565382236, "Pos_0:Pos_3_CT": 0.0, "Pos_0:Pos_3_AG": -0.03762543944421902, "Pos_2:Pos_3_GC": 0.0, "Pos_2:Pos_3_TT": 0.051090559044009116, "Pos_1:Pos_2_CC": 0.0, "AtoC": -0.09105893258858432, "Pos_3_G": 0.0, "Pos_0:Pos_1_CC": 0.00821409514124854, "Pos_0:Pos_1_TG": 0.08200477478896585, "Pos_0:Pos_2_GA": -0.04841025070384713, "Pos_1:Pos_2_CT": 0.0, "Pos_1:Pos_3_TA": 0.0, "Pos_1:Pos_3_AT": 0.03651337321559788, "Pos_1:Pos_2_TT": 0.0, "Pos_0_T": 0.0, "Pos_2:Pos_3_CC": 0.0, "Pos_0:Pos_3_CC": -0.034608204394502975, "Pos_2:Pos_3_AG": 0.11280516776819124, "Pos_1:Pos_2_GT": 0.006623937703016212, "Pos_2_G": -0.1188100866980907, "Pos_1:Pos_3_AG": -0.011391618021503225, "Pos_2:Pos_3_TA": -0.011967750258455246, "Pos_0:Pos_2_TC": 0.0, "Pos_0:Pos_2_TG": -0.011117597462144243, "Pos_1:Pos_2_CA": -0.06262247994035765, "Pos_0:Pos_3_TA": 0.0}