{"AtoT": 0.3441966855168657, "GtoC": -0.751599062888467, "TtoG": -0.03133775366067273, "CtoA": 0.0, "GtoA": -0.5256236787527974, "GtoT": 0.02470062526282291, "AtoC": -0.08392157201024647, "Pos_0_G": 0.29344720387277307, "TtoA": 0.4827332229041126, "Pos_0_T": -0.050842787165878076, "CtoT": -0.40961138212518694, "GC_feature": -0.17145397808014393, "TtoC": 0.016602817488634937, "Pos_1_T": 0.1141157924654831, "Pos_0_A": 0.0, "Pos_1_G": -0.24055674570269725, "Pos_1_C": 0.22487453720066686, "Pos_1_A": -0.0007618532278720231, "CtoG": -0.6930560355960966, "Pos_0_C": -0.10236075623507361, "AtoG": 0.001141824086146813}