{"params": {"2": {"penalty": "l1", "C": 10.0}, "1": {"penalty": "l1", "C": 1.0}, "0": {"penalty": "l1", "C": 0.1}, "3": {"penalty": "l1", "C": 100.0}}, "param_penalty": {"2": "l1", "1": "l1", "0": "l1", "3": "l1"}, "split0_test_score": {"2": 0.7689738699, "1": 0.7692447072, "0": 0.7688594316, "3": 0.7689547969}, "param_C": {"2": 10.0, "1": 1.0, "0": 0.1, "3": 100.0}, "best_c_choice": 1.0, "rank_test_score": {"2": 2, "1": 1, "0": 4, "3": 3}}