{"param_alpha": {"0": 0.01, "2": 1.0, "1": 0.1, "4": 3.0, "3": 2.0}, "rank_test_score": {"0": 1, "2": 3, "1": 2, "4": 5, "3": 4}, "best_a_choice": 0.01, "params": {"0": {"alpha": 0.01}, "2": {"alpha": 1.0}, "1": {"alpha": 0.1}, "4": {"alpha": 3.0}, "3": {"alpha": 2.0}}, "split0_test_score": {"0": 0.7192086109, "2": 0.7151431866, "1": 0.7179243733, "4": 0.7131770472, "3": 0.713951122}}