{"split0_test_score": {"2": 0.6669518907, "3": 0.6669371338, "4": 0.6670156344, "1": 0.6679662374, "0": 0.6693167981}, "best_a_choice": 0.01, "rank_test_score": {"2": 4, "3": 5, "4": 3, "1": 2, "0": 1}, "params": {"2": {"alpha": 1.0}, "3": {"alpha": 2.0}, "4": {"alpha": 3.0}, "1": {"alpha": 0.1}, "0": {"alpha": 0.01}}, "param_alpha": {"2": 1.0, "3": 2.0, "4": 3.0, "1": 0.1, "0": 0.01}}