{"param_alpha": {"2": 1.0, "1": 0.1, "4": 3.0, "0": 0.01, "3": 2.0}, "rank_test_score": {"2": 3, "1": 2, "4": 5, "0": 1, "3": 4}, "best_a_choice": 0.01, "split0_test_score": {"2": 0.6805387042, "1": 0.6830063541, "4": 0.6794874265, "0": 0.6853368147, "3": 0.6798544535}, "params": {"2": {"alpha": 1.0}, "1": {"alpha": 0.1}, "4": {"alpha": 3.0}, "0": {"alpha": 0.01}, "3": {"alpha": 2.0}}}