{"best_a_choice": 3.0, "params": {"3": {"alpha": 2.0}, "1": {"alpha": 0.1}, "2": {"alpha": 1.0}, "4": {"alpha": 3.0}, "0": {"alpha": 0.01}}, "split0_test_score": {"3": 0.5931284899, "1": 0.5787533722, "2": 0.5891602359, "4": 0.5948067633, "0": 0.5737656064}, "param_alpha": {"3": 2.0, "1": 0.1, "2": 1.0, "4": 3.0, "0": 0.01}, "rank_test_score": {"3": 2, "1": 4, "2": 3, "4": 1, "0": 5}}