{"param_alpha": {"0": 0.01, "2": 1.0, "1": 0.1, "3": 2.0, "4": 3.0}, "split0_test_score": {"0": 0.7645868624, "2": 0.7698569546, "1": 0.7645868624, "3": 0.7698569546, "4": 0.7690099755}, "best_a_choice": 1.0, "rank_test_score": {"0": 4, "2": 1, "1": 4, "3": 1, "4": 3}, "params": {"0": {"alpha": 0.01}, "2": {"alpha": 1.0}, "1": {"alpha": 0.1}, "3": {"alpha": 2.0}, "4": {"alpha": 3.0}}}