{"TtoG": 0.0, "GtoT": 0.04159431031922424, "GtoC": -0.2956310297561174, "AtoT": 0.4812861582313081, "CtoT": -0.34322366567681656, "GC_feature": -0.07927284330289458, "AtoC": -0.14559829288239248, "CtoG": -0.22924614111235952, "CtoA": -0.06259408627807429, "TtoC": 0.0, "TtoA": 0.27237295761367775, "GtoA": -0.3657488209134191, "AtoG": 0.05965734928586363}