{"best_a_choice": 0.1, "split0_test_score": {"1": 0.7744038889, "4": 0.7743334212, "3": 0.7743429358, "2": 0.7743499528, "0": 0.7743979423}, "param_alpha": {"1": 0.1, "4": 3.0, "3": 2.0, "2": 1.0, "0": 0.01}, "rank_test_score": {"1": 1, "4": 5, "3": 4, "2": 3, "0": 2}, "params": {"1": {"alpha": 0.1}, "4": {"alpha": 3.0}, "3": {"alpha": 2.0}, "2": {"alpha": 1.0}, "0": {"alpha": 0.01}}}