{"split0_test_score": {"1": 0.734239939, "2": 0.734239939, "0": 0.734239939, "4": 0.734239939, "3": 0.734239939}, "param_alpha": {"1": 0.1, "2": 1.0, "0": 0.01, "4": 3.0, "3": 2.0}, "params": {"1": {"alpha": 0.1}, "2": {"alpha": 1.0}, "0": {"alpha": 0.01}, "4": {"alpha": 3.0}, "3": {"alpha": 2.0}}, "rank_test_score": {"1": 1, "2": 1, "0": 1, "4": 1, "3": 1}, "best_a_choice": 0.01}