{"Pos_0:Pos_1_GA": 0.0, "GC_feature": -0.12347812757215618, "Pos_0:Pos_1_TG": 0.010623394159482456, "Pos_0:Pos_2_TC": 0.013622633627187337, "Pos_2:Pos_3_CC": 0.0, "GtoA": -0.41726144915362107, "Pos_0:Pos_3_TC": 0.05177124266788173, "Pos_1:Pos_3_CT": -0.0956251959323239, "Pos_1:Pos_3_CG": 0.00025923855535371236, "Pos_1:Pos_3_AA": 0.0, "Pos_0:Pos_2_GG": 0.0, "Pos_0:Pos_2_CC": 0.028615485101709984, "Pos_1:Pos_2_CC": 0.0, "Pos_0:Pos_3_AA": -0.008639042848533118, "Pos_1:Pos_3_GT": 0.017299270987461, "Pos_0:Pos_1_AC": -0.025994196408030627, "Pos_3_G": 0.0, "Pos_1:Pos_3_GA": 0.0, "GtoC": -0.5751853912014375, "Pos_0:Pos_1_CG": -0.17222338859428257, "Pos_0:Pos_2_AG": -0.07954963522785632, "Pos_1:Pos_3_TT": 0.0, "Pos_0:Pos_3_CT": 0.0015894461361956869, "Pos_0:Pos_1_TA": -0.008867592440438492, "Pos_1:Pos_2_AG": 0.001452625705392744, "Pos_2:Pos_3_TT": 0.028873288152588654, "Pos_0:Pos_3_TG": 0.0, "Pos_2:Pos_3_CA": 0.04472341959296259, "Pos_2:Pos_3_TC": 0.008932642663318044, "CtoG": -0.6038013164428501, "Pos_0:Pos_2_GA": -0.022985032366621614, "TtoG": 0.0019563815244306726, "Pos_0:Pos_1_GG": 0.0, "Pos_0:Pos_3_GG": 0.0, "Pos_1_C": 0.0, "Pos_1:Pos_2_TC": 0.0, "Pos_1:Pos_2_AT": -0.0166996621771328, "Pos_1:Pos_2_TT": 0.05255171522655563, "Pos_2:Pos_3_AT": -0.022077110618957573, "Pos_3_T": 0.0, "Pos_1:Pos_2_CA": -0.041307613544688294, "Pos_1:Pos_3_AC": -0.022032310802693213, "Pos_2:Pos_3_GT": 0.0, "Pos_0:Pos_2_TA": 0.01001039470191163, "Pos_0:Pos_1_TT": 0.0035454185199583566, "Pos_2_A": 0.0, "Pos_2:Pos_3_AG": 0.09331465240053363, "CtoA": -0.06665092192158005, "Pos_1:Pos_3_GG": 0.004991808756383054, "Pos_0:Pos_2_AA": 0.0, "Pos_1_A": 0.0, "Pos_2_G": -0.12004223223571796, "Pos_0:Pos_2_TG": -0.022773598267214444, "Pos_2:Pos_3_GC": 0.0, "Pos_0:Pos_3_CG": 0.0, "Pos_0:Pos_1_TC": 0.0, "Pos_1:Pos_2_GG": -0.02187553965291029, "TtoC": 0.0, "Pos_0:Pos_2_AT": 0.0, "Pos_1:Pos_3_TG": -0.0037485708881250337, "Pos_1:Pos_2_GA": 0.0, "Pos_1:Pos_3_CA": 0.0, "Pos_0:Pos_1_AA": 0.0, "Pos_0:Pos_1_GC": -0.01327416735882968, "Pos_2:Pos_3_CT": 0.04335795866258625, "Pos_1:Pos_3_TC": 0.009184989113600646, "Pos_0:Pos_3_GT": -0.07841788253373713, "Pos_0_G": -0.03823431639053934, "Pos_2:Pos_3_CG": -0.07214182755477332, "Pos_1:Pos_2_CG": -0.0880174563311379, "Pos_0:Pos_1_AT": -0.006503406146367463, "AtoT": 0.38149017344432773, "Pos_0:Pos_1_CC": 0.0, "AtoG": 0.035210333151782715, "Pos_0:Pos_3_CC": -0.028601563773697995, "Pos_0:Pos_2_GT": -0.002514170515954495, "Pos_0:Pos_1_AG": 0.021460622821402778, "Pos_2:Pos_3_GA": -0.07238994939528094, "Pos_0:Pos_1_CT": 0.0, "Pos_1:Pos_2_TG": -0.015791062167261286, "Pos_0:Pos_1_GT": -0.013593025748546518, "Pos_1:Pos_3_CC": -0.021328435584375496, "Pos_1_G": 0.22596984495806263, "Pos_1:Pos_2_AC": -0.027576274384022766, "Pos_0_C": 0.0, "Pos_1:Pos_3_GC": 0.0, "Pos_0:Pos_2_CT": 0.005533386209903161, "Pos_0:Pos_1_CA": 0.034219477689109004, "Pos_0:Pos_3_TA": 0.0, "Pos_0:Pos_2_CG": 0.0, "Pos_0:Pos_3_CA": 0.01703913412032865, "Pos_1:Pos_3_AG": 0.0, "Pos_2:Pos_3_AA": -0.04753712564105697, "Pos_2:Pos_3_GG": 0.0, "Pos_2_T": 0.0, "Pos_1:Pos_2_AA": 0.0, "GtoT": 0.024417206934273527, "Pos_0:Pos_3_TT": 0.031293719368166856, "Pos_1:Pos_2_GT": 0.032867405861035065, "Pos_0:Pos_2_CA": 0.0, "Pos_0_T": 0.011444859924627926, "Pos_2:Pos_3_AC": 0.0, "Pos_3_C": 0.0, "Pos_0:Pos_3_GC": 0.0, "CtoT": -0.43091640577139906, "Pos_1:Pos_3_TA": -0.0030955769024186763, "Pos_0:Pos_2_AC": -0.01608550479253245, "Pos_3_A": 0.0, "Pos_1:Pos_2_GC": 0.09918753685257295, "Pos_0:Pos_3_AC": -0.005955465466273613, "Pos_0:Pos_2_GC": 0.0, "Pos_2:Pos_3_TA": -0.0252751112485041, "Pos_0:Pos_3_GA": -0.015785585749896604, "Pos_1:Pos_2_TA": -0.09174148460366637, "Pos_2:Pos_3_TG": 0.0, "Pos_0:Pos_3_AT": 0.0, "Pos_1_T": 0.0, "Pos_0_A": 0.0, "Pos_1:Pos_3_AT": 0.037954290396857236, "TtoA": 0.45992897883906475, "AtoC": -0.10682354214390252, "Pos_0:Pos_3_AG": 0.0, "Pos_1:Pos_2_CT": 0.0, "Pos_2_C": 0.0, "Pos_0:Pos_2_TT": 0.03836112254946967}