{"TtoC": 0.03702025081360402, "GtoA": -0.3485891317481859, "TtoG": -0.020415537935241302, "CtoA": -0.008577843454429848, "GtoC": -1.1646634654491514, "CtoT": -0.3909164351357659, "GtoT": 0.04867416487710176, "AtoG": 0.06080355076084454, "AtoC": -0.09761130693107142, "GC_feature": -0.17340481391513035, "AtoT": 0.478389047714913, "TtoA": 0.40517269968364295, "CtoG": -1.0909848178808583}