{"best_a_choice": 1.0, "params": {"2": {"alpha": 1.0}, "0": {"alpha": 0.01}, "4": {"alpha": 3.0}, "3": {"alpha": 2.0}, "1": {"alpha": 0.1}}, "split0_test_score": {"2": 0.7446279566, "0": 0.7441103582, "4": 0.7425261936, "3": 0.742337976, "1": 0.7442201518}, "param_alpha": {"2": 1.0, "0": 0.01, "4": 3.0, "3": 2.0, "1": 0.1}, "rank_test_score": {"2": 1, "0": 3, "4": 4, "3": 5, "1": 2}}