{"AtoT": 0.5709521566480912, "AtoG": 0.15193367310455982, "GtoC": -0.44999384765389633, "AtoC": -0.004889961263806156, "GtoT": -0.027824056959120578, "GtoA": -0.4361150466576048, "TtoA": 0.3773608206279899, "TtoC": 0.07955927389738687, "CtoG": -0.5329543858217561, "GC_feature": -0.15207310819550154, "CtoT": -0.3949869840425796, "CtoA": 0.0, "TtoG": -0.11225072748960022}