{"Pos_2_C": -0.11546548435227497, "Pos_5_A": 0.0, "GtoT": 0.0, "TtoA": 0.6127550864265403, "AtoG": 0.02445741963187755, "Pos_3_G": -0.14337844078518264, "Pos_1_T": 0.03359358261670901, "Pos_2_T": -0.07884869822448518, "Pos_4_T": 0.09588339288151888, "Pos_4_C": 0.0, "Pos_4_A": -0.008383275334587789, "Pos_2_G": 0.13388454520408688, "TtoG": 0.0, "Pos_5_G": 0.0, "CtoA": 0.0, "Pos_1_A": 0.0, "Pos_0_A": 0.0, "GtoA": -0.48466838746488333, "Pos_1_C": -0.047543721518552955, "GtoC": -0.17917756258462358, "Pos_1_G": 0.0, "Pos_0_T": 0.031980084115464165, "Pos_3_T": 0.0, "Pos_0_G": 0.0, "Pos_5_T": 0.0, "Pos_3_A": 0.0, "AtoT": 0.632314799427093, "Pos_0_C": -0.11439184395079942, "CtoT": -0.5716740038938971, "Pos_5_C": 0.0, "Pos_2_A": 0.0, "TtoC": 0.13406656899533984, "Pos_3_C": 0.12070481723485164, "AtoC": 0.0, "CtoG": -0.2024222087715121, "Pos_4_G": 0.0}