{"GtoC": -1.3068629466345498, "TtoG": 0.2692762054662114, "GtoT": 0.3494010112873799, "AtoG": 0.33965452045394173, "AtoC": 0.0, "TtoC": 0.35621634816311176, "CtoA": 0.2534130116009766, "GtoA": -0.3234116270422002, "CtoT": -0.29777192126907254, "CtoG": -1.4248023233636744, "AtoT": 1.039136333993074, "TtoA": 1.0961229059886688}