{"Pos_27_T": 0.13319590153594824, "Pos_30_T": 0.0752056331605315, "Pos_20_T": 0.05186868800144947, "Pos_46_C": -0.007030478209987503, "Pos_16_G": 0.0, "Pos_47_G": 0.0, "Pos_57_T": 0.0, "Pos_58_A": 0.03289706453054352, "Pos_27_A": 0.0, "Pos_58_T": 0.0, "Pos_53_T": 0.13898043904484944, "Pos_7_G": 0.0, "Pos_29_C": -0.20469071782195478, "Pos_11_A": -0.016930976591526772, "Pos_32_T": 0.03687366287517975, "Pos_27_G": 0.013231586592697155, "Pos_10_T": 0.0844833199172428, "Pos_51_T": 0.0051681143464944405, "Pos_2_A": 0.0, "Pos_21_G": 0.0, "CtoA": 0.31061127510502573, "Pos_20_C": 0.0, "Pos_58_C": -0.04003656405695263, "Pos_43_A": -0.06594580913678211, "Pos_59_G": -0.04312061573117458, "Pos_1_C": 0.1040170083380227, "Pos_19_G": -0.03220771431999006, "Pos_56_C": -0.0657780311187403, "Pos_48_A": -0.018335584048339005, "Pos_35_T": 0.06736173988537773, "Pos_41_G": 0.0, "Pos_42_G": -0.061442984424221206, "Pos_17_A": -0.04479453624358609, "Pos_7_C": 0.04320614548497992, "Pos_45_G": -0.03296737955184919, "Pos_1_A": -0.029211666109501, "TtoC": 0.2612598232959698, "Pos_14_C": 0.019459069988094012, "Pos_42_A": 0.0, "Pos_42_C": 0.12260620657549232, "Pos_59_C": 0.0023861892486750492, "Pos_17_G": 0.049605701134943996, "Pos_28_C": -0.008803367745802542, "Pos_21_C": -0.00032845692103629316, "Pos_33_C": 0.0016101800210721, "Pos_41_A": 0.0892913115062733, "Pos_21_A": 0.05663401674798154, "Pos_50_C": -0.027230492604486945, "Pos_59_A": 0.0018721163019708741, "Pos_46_A": 0.04030568980076621, "Pos_9_G": -0.0664344472266102, "Pos_39_G": -0.022039828743460905, "Pos_43_C": 0.0, "Pos_5_A": -0.055306616144596324, "Pos_19_A": -0.0900010435273237, "Pos_24_A": 0.0759872106759732, "Pos_34_G": 0.04146639033643219, "Pos_45_T": 0.10157322106132455, "Pos_8_C": 0.0, "GtoC": -2.6412495005336103, "Pos_45_C": 0.030140789356481214, "Pos_56_T": 0.05675557923617863, "Pos_39_T": 0.07186020816101171, "Pos_37_C": 0.05824254319484391, "Pos_47_A": 0.02372148205045807, "Pos_12_A": 0.052463519602214, "Pos_28_T": 0.12855894593082298, "Pos_11_G": 0.07442153654530059, "Pos_37_T": 0.0, "Pos_22_T": 0.18481973052808934, "Pos_41_T": 0.09261620490932024, "Pos_51_G": 0.0, "Pos_3_A": 0.10786662541618205, "Pos_51_C": 0.040517413976874486, "Pos_3_T": 0.026793514999176735, "Pos_33_A": 0.0, "Pos_4_T": 0.01043343123574563, "Pos_24_G": -0.02472430487269684, "Pos_6_G": 0.0, "Pos_9_A": 0.028014405515071634, "Pos_38_C": -0.060337685153605075, "Pos_9_T": 0.0345660132443292, "Pos_5_G": 0.017923749016379584, "Pos_9_C": 0.0, "Pos_44_T": 0.10319970734730277, "Pos_14_A": -0.06774809795550912, "Pos_38_G": 0.0, "Pos_35_G": 0.0, "Pos_28_G": 0.0, "Pos_54_G": -0.016650225153413065, "Pos_36_T": 0.04879720988686743, "Pos_12_T": 0.1162744854603516, "Pos_35_A": 0.15292538674152414, "Pos_14_G": 0.09443121713276416, "Pos_0_A": 0.005901829626309623, "Pos_15_T": 0.0850477880431354, "Pos_36_A": -0.06273360673312837, "Pos_18_A": 0.001350163062266994, "Pos_25_C": 0.01861190374257972, "Pos_43_G": 0.07207534157425, "Pos_35_C": -0.034263482646767804, "Pos_30_A": 0.0, "Pos_23_G": 0.0664307054340501, "Pos_33_G": -0.0753600384445477, "Pos_18_G": -0.0626723454325778, "Pos_58_G": 0.07526149405111868, "Pos_47_C": -0.03734296044217187, "Pos_0_T": 0.021271534923881945, "Pos_32_C": 0.0, "Pos_56_G": 0.0, "Pos_59_T": 0.0, "Pos_31_G": -0.014897660870598385, "Pos_47_T": 0.031578300097215996, "Pos_5_T": 0.023963688275932725, "Pos_23_C": 0.0, "Pos_48_C": 0.0431756350170657, "Pos_55_G": 0.07439413837993035, "Pos_3_C": -0.012223895419687339, "Pos_40_T": 0.0, "CtoT": -0.3342364045679487, "Pos_2_C": 0.014774341510222716, "AtoG": 0.21755620968067543, "Pos_50_A": 0.0, "AtoT": 1.1109695255502943, "Pos_46_G": 0.12045163116820604, "TtoG": 0.2453076228251202, "Pos_39_C": 0.09267570577970297, "Pos_49_G": 0.07737787807538642, "Pos_8_T": -0.01346016452348218, "Pos_54_C": 0.0759343082252733, "Pos_27_C": -0.012351966597162119, "Pos_57_G": -0.09580791985941965, "Pos_17_C": 0.0, "Pos_52_C": -0.026058690995629376, "Pos_10_G": -0.003450201773194123, "Pos_38_T": 0.0729516513743406, "Pos_6_C": -0.01702949298498864, "Pos_26_A": 0.0006568917336076455, "Pos_12_G": -0.016991871225994465, "Pos_24_C": 0.0, "Pos_25_G": 0.0, "Pos_44_A": 0.10393956280833652, "Pos_22_C": 0.09998265089257422, "Pos_53_A": 0.056350196341253295, "Pos_29_G": 0.21868673087617085, "Pos_13_G": 0.0, "Pos_55_T": 0.013190031563530987, "Pos_6_T": 0.021316833831020815, "Pos_11_C": 0.0, "Pos_7_A": -0.04431938569371184, "Pos_41_C": -0.019144796372785836, "Pos_55_C": 0.0, "Pos_44_G": -0.008979802504029757, "Pos_57_C": 0.00028538794842813075, "Pos_31_T": 0.11630383105610735, "GtoT": 0.44372941545408723, "Pos_36_G": 0.0, "Pos_52_T": 0.02096229067877844, "Pos_21_T": 0.1314314114394364, "Pos_51_A": -0.004958983509274355, "Pos_56_A": 0.02494989892578461, "Pos_43_T": 0.0007201274021212083, "Pos_18_T": 0.012022691172004949, "GtoA": -0.3781376972106485, "Pos_15_C": -0.04429342904766318, "Pos_48_T": 0.06643798586756634, "Pos_31_A": 0.0, "Pos_18_C": 0.0, "Pos_38_A": 0.0316389226909621, "Pos_54_A": 0.0, "Pos_33_T": 0.10971288938082727, "Pos_49_C": 0.0, "Pos_55_A": -0.030613616700317602, "Pos_5_C": 0.0, "AtoC": -0.03777123061872502, "Pos_13_A": -0.01286333406422741, "Pos_4_G": 0.0, "Pos_54_T": 0.0556887375794236, "Pos_40_A": 0.027054552271206355, "Pos_22_G": -0.012430458750848791, "Pos_19_T": 0.048383042006576095, "Pos_31_C": 0.03056342776051866, "Pos_12_C": 0.0, "Pos_15_A": 0.07787323446334228, "Pos_19_C": 0.05872198761710764, "Pos_53_G": 0.0, "Pos_25_T": 0.1176880261437558, "Pos_28_A": 0.07142951389766396, "Pos_49_T": 0.0411226312160785, "Pos_29_T": 0.00812161303609946, "Pos_0_G": 0.0, "Pos_10_A": 0.0, "Pos_50_G": 0.0, "Pos_32_G": -0.05331481191351984, "Pos_16_C": 0.09582996044743602, "Pos_13_T": 0.11925961217332981, "Pos_13_C": 0.06861910012532697, "Pos_42_T": 0.15732746031117584, "Pos_37_G": 0.15800635256684548, "Pos_14_T": 0.0, "Pos_32_A": 0.11042065697692481, "Pos_30_G": -0.1229260268508343, "Pos_57_A": 0.024064973418271157, "Pos_52_G": 0.1169399285692472, "Pos_15_G": 0.0, "Pos_40_C": -0.0059373579306972605, "Pos_20_G": 0.05725984736189089, "Pos_0_C": -0.021965109228354363, "Pos_30_C": 0.14451684368591938, "Pos_26_T": 0.0, "Pos_46_T": 0.0, "CtoG": -2.705174417161065, "Pos_52_A": 0.0, "Pos_24_T": 0.09552564103424412, "Pos_16_A": -0.00435054574431005, "Pos_23_T": 0.00717071904396144, "Pos_1_G": 0.0, "Pos_6_A": 0.03393376559981301, "Pos_7_T": 0.008693756557247688, "Pos_34_T": 0.03626844012114669, "Pos_45_A": 0.0, "Pos_26_G": 0.03839380728037322, "Pos_49_A": -0.03639144486239216, "Pos_3_G": 0.0, "Pos_4_A": -0.021901594801993208, "TtoA": 1.1033521264046562, "Pos_2_T": -0.028312381375074087, "Pos_1_T": 0.0661047025741608, "Pos_53_C": -0.02842868434607047, "Pos_26_C": -0.04383561888953989, "Pos_44_C": 0.0, "Pos_34_A": -0.005411072653172948, "Pos_50_T": 0.04549029914275602, "Pos_17_T": 0.002992250865276621, "Pos_37_A": -0.010911150016529142, "Pos_36_C": 0.09709966448152313, "Pos_34_C": 0.0, "Pos_22_A": 0.0, "Pos_8_G": 0.08845231019281777, "Pos_29_A": 0.0, "Pos_16_T": 0.07289115986532771, "Pos_48_G": 0.0, "Pos_39_A": 0.0, "Pos_10_C": 0.06820120711283194, "Pos_23_A": -0.07904172492871123, "Pos_20_A": -0.05627937214057737, "Pos_2_G": 0.03581412613993613, "Pos_4_C": 0.03851525958979319, "Pos_25_A": -0.005275772296203471, "Pos_8_A": 0.005954287688608232, "Pos_40_G": 0.0557848566206142, "Pos_11_T": 0.048088132348371324}