{"param_alpha": {"4": 3.0, "3": 2.0, "2": 1.0, "0": 0.01, "1": 0.1}, "rank_test_score": {"4": 1, "3": 2, "2": 3, "0": 5, "1": 4}, "split0_test_score": {"4": 0.6384865314, "3": 0.6374559872, "2": 0.6355766753, "0": 0.6199615454, "1": 0.6277536045}, "params": {"4": {"alpha": 3.0}, "3": {"alpha": 2.0}, "2": {"alpha": 1.0}, "0": {"alpha": 0.01}, "1": {"alpha": 0.1}}, "best_a_choice": 3.0}