{"rank_test_score": {"4": 4, "0": 1, "2": 3, "3": 5, "1": 2}, "param_alpha": {"4": 3.0, "0": 0.01, "2": 1.0, "3": 2.0, "1": 0.1}, "best_a_choice": 0.01, "split0_test_score": {"4": 0.6775867478, "0": 0.6795181522, "2": 0.677756376, "3": 0.6775759463, "1": 0.678658905}, "params": {"4": {"alpha": 3.0}, "0": {"alpha": 0.01}, "2": {"alpha": 1.0}, "3": {"alpha": 2.0}, "1": {"alpha": 0.1}}}