{"CtoT": -0.4381520850611198, "Pos_0_A": 0.016180179413380163, "Pos_2_G": -0.25395799854931306, "TtoC": 0.006729095229923836, "TtoG": 0.025213558995951138, "GtoA": -0.44205635153410366, "Pos_2_C": 0.04229939795468351, "Pos_1_C": -0.16382168713174092, "Pos_3_C": 0.0, "Pos_0_C": 0.0, "Pos_1_G": 0.23809038572621066, "AtoT": 0.4030111563002992, "Pos_3_T": 0.0, "Pos_3_G": 0.01709814531493513, "Pos_1_T": -0.03426833665175718, "GC_feature": -0.10667660400490572, "AtoC": -0.1012864700039289, "Pos_2_T": 0.0, "Pos_3_A": -0.06255411586856303, "Pos_0_G": -0.008935710818935572, "Pos_2_A": -0.05798504829867043, "Pos_0_T": 0.145206366975794, "CtoG": -0.6819572176245446, "AtoG": 0.0, "GtoT": 0.015498303906624548, "TtoA": 0.44531478529869317, "GtoC": -0.623858269420635, "CtoA": -0.0346635177796134, "Pos_1_A": 0.0}