{"param_alpha": {"1": 0.1, "3": 2.0, "2": 1.0, "4": 3.0, "0": 0.01}, "best_a_choice": 3.0, "rank_test_score": {"1": 4, "3": 2, "2": 3, "4": 1, "0": 5}, "split0_test_score": {"1": 0.6295799611, "3": 0.6461117385, "2": 0.6413592446, "4": 0.6476959031, "0": 0.6184359119}, "params": {"1": {"alpha": 0.1}, "3": {"alpha": 2.0}, "2": {"alpha": 1.0}, "4": {"alpha": 3.0}, "0": {"alpha": 0.01}}}