{"Pos_0_G": 0.0, "Pos_5_T": 0.058679319717242856, "Pos_0_C": -0.07539310521274475, "Pos_2_C": -0.16618802994629087, "TtoA": 0.4393945251919703, "Pos_3_T": 0.0, "Pos_2_G": 0.1998111289233979, "Pos_0_A": 0.009624602737554867, "Pos_4_C": 0.0, "AtoG": 0.0, "Pos_2_A": 0.0, "Pos_1_A": 0.015863559305099185, "Pos_0_T": 0.08113062258642836, "TtoC": 0.07929062690138196, "GC_feature": -0.013248113724620198, "Pos_3_A": -0.0290346644839649, "AtoC": -0.04019044948894085, "Pos_2_T": 0.046097377478026745, "CtoA": 0.0, "GtoC": -0.3473268480998236, "GtoA": -0.3613156366036455, "Pos_5_C": 0.0, "Pos_5_G": -0.01253254717968351, "CtoG": -0.398497156230742, "TtoG": 0.0, "Pos_1_G": -0.0763593627409562, "AtoT": 0.36579669642290996, "CtoT": -0.3686181110353382, "Pos_3_G": -0.24491109598983563, "Pos_1_T": 0.14502646922325305, "Pos_4_A": -0.02966259650183438, "Pos_1_C": 0.0, "GtoT": 0.03698858335679665, "Pos_4_G": 0.0005283314112968166, "Pos_3_C": 0.04970276325132678, "Pos_5_A": 0.09952953887325433, "Pos_4_T": 0.04762130535149088}