{"Pos_3:Pos_4_CC": 0.0, "Pos_3:Pos_4_GT": -0.016651036665865274, "Pos_1:Pos_4_CT": 0.02337385915830607, "Pos_0:Pos_2_CG": 0.0, "Pos_2:Pos_3_TA": -0.10968988997559218, "Pos_0:Pos_3_AG": 0.0, "Pos_2:Pos_3_TC": 0.0, "Pos_1:Pos_5_TT": 0.08133189118420459, "AtoC": -0.06335731277472663, "Pos_3:Pos_4_TG": -0.0873490531624801, "Pos_0:Pos_1_TG": 0.0, "Pos_3:Pos_4_AG": 0.03581915942576467, "Pos_1:Pos_5_CT": 0.02169600674532099, "Pos_3:Pos_4_CG": -0.0805874861884499, "Pos_0_C": 0.0, "Pos_1:Pos_5_CA": 0.0031663199202623337, "Pos_0:Pos_5_CA": 0.07530355435960281, "Pos_1:Pos_3_CC": 0.0, "Pos_0:Pos_3_CT": 0.0, "Pos_0:Pos_5_TG": 0.0, "Pos_0:Pos_4_TC": 0.0002930175117377596, "Pos_0:Pos_3_GA": 0.019391521365595066, "GC_feature": -0.050698456538132326, "Pos_4_G": 0.0, "Pos_2:Pos_4_CG": 0.0, "Pos_0:Pos_2_TG": 0.0941950150915418, "Pos_2:Pos_3_CC": -0.03907776424413589, "Pos_0:Pos_3_TA": -0.019034942079174423, "Pos_0:Pos_1_GC": 0.0, "Pos_3_A": 0.0, "Pos_4:Pos_5_AA": 0.011494427568327572, "Pos_4:Pos_5_TT": 0.0, "Pos_2:Pos_4_TA": -0.02170596333707358, "Pos_0:Pos_2_GA": -0.034492955455518004, "Pos_1:Pos_3_TA": 0.028162684138965107, "Pos_1:Pos_2_AA": 0.0, "Pos_2:Pos_5_CC": 0.0, "CtoT": -0.3951754627187045, "Pos_3:Pos_4_AA": -0.05531546785340907, "Pos_0:Pos_3_AA": 0.0, "Pos_2:Pos_3_GC": 0.10647591107114414, "Pos_0:Pos_1_TC": 0.013385126199156093, "Pos_0:Pos_1_CC": 0.0, "Pos_1:Pos_5_TC": -0.023265910711025562, "Pos_0:Pos_1_CA": 0.0, "Pos_0:Pos_3_TT": 0.04299814413085897, "Pos_0:Pos_5_GT": 0.0, "Pos_0:Pos_4_GT": -0.06645660341902587, "Pos_1:Pos_5_CG": -0.05593465336440642, "Pos_3:Pos_4_AC": 0.0, "Pos_2:Pos_3_CG": -0.08186904223686876, "Pos_0:Pos_4_AG": 0.0, "Pos_0:Pos_1_AC": 0.0, "Pos_0:Pos_2_GG": 0.0, "Pos_2:Pos_4_TC": 0.0, "Pos_2:Pos_5_AT": 0.0, "Pos_0:Pos_2_TC": 0.0, "Pos_4:Pos_5_GA": 0.0, "Pos_2:Pos_5_AA": 0.0, "Pos_2:Pos_4_TT": 0.0, "Pos_1:Pos_4_TA": -0.009948984960355026, "Pos_3:Pos_5_TC": 0.0, "Pos_0:Pos_4_TT": 0.013868714734611515, "Pos_1:Pos_2_TG": 0.06712559014443444, "Pos_0:Pos_4_AC": 0.0, "Pos_4:Pos_5_CT": 0.0, "Pos_2:Pos_5_AG": 0.0, "Pos_4:Pos_5_AT": 0.0, "Pos_0:Pos_4_CT": 0.0, "Pos_1_T": 0.0, "Pos_2:Pos_5_CG": -0.017629543218745016, "Pos_0:Pos_4_TA": -0.031934699908018636, "Pos_3:Pos_5_GA": 0.0, "Pos_1:Pos_2_GA": 0.0, "Pos_1:Pos_2_GG": 0.0, "Pos_1:Pos_5_CC": 0.0, "Pos_3:Pos_5_AA": 0.0, "Pos_0:Pos_3_AT": 0.0, "Pos_5_A": 0.0, "Pos_3_G": 0.0, "Pos_3:Pos_5_CC": 0.0, "Pos_0:Pos_2_TA": 0.004809844553821767, "TtoC": 0.0, "Pos_1:Pos_5_AA": 0.0, "Pos_1:Pos_3_TG": -0.013836105869325595, "Pos_1:Pos_3_TT": 0.0, "Pos_0:Pos_2_GT": 0.0, "Pos_0:Pos_3_AC": -0.004834711914585962, "Pos_2:Pos_4_GG": 0.0, "Pos_3:Pos_5_CT": 0.0, "Pos_2:Pos_4_AC": -0.016796994262778395, "Pos_4:Pos_5_GT": -0.0023809705526790697, "Pos_2:Pos_4_AT": 0.0, "Pos_0:Pos_5_CG": -0.04621380742060342, "Pos_0:Pos_1_CT": 0.0, "Pos_1:Pos_2_AT": 0.02682916078420939, "Pos_2_T": 0.0, "Pos_2:Pos_3_AC": 0.0, "Pos_1:Pos_3_GC": 0.025141677056396725, "Pos_1:Pos_4_AT": 0.0, "Pos_1:Pos_3_CT": 0.0, "Pos_0:Pos_1_GT": -0.0027603669677611466, "Pos_1_G": 0.0, "CtoA": 0.03484657939117474, "Pos_3:Pos_4_AT": 0.0, "Pos_3:Pos_4_TC": 0.056463903743449465, "Pos_0:Pos_2_AG": 0.0, "Pos_3:Pos_5_GT": 0.0, "Pos_1:Pos_2_CC": 0.016303435695270225, "Pos_3:Pos_4_CT": 0.07521269181161662, "Pos_0:Pos_5_TC": 0.0, "Pos_0:Pos_3_TC": 0.0, "Pos_1:Pos_3_TC": 0.0, "Pos_4:Pos_5_TG": 0.0, "Pos_2_G": 0.05521560019347354, "Pos_2:Pos_5_CT": 0.0, "Pos_0:Pos_3_CA": -0.02100389077062735, "Pos_0:Pos_4_AA": -0.03651108220735702, "Pos_2:Pos_4_GC": 0.0, "Pos_0:Pos_4_CA": 0.0, "Pos_1:Pos_4_GC": 0.0, "Pos_0:Pos_2_AT": 0.011337916546034906, "Pos_0:Pos_2_CC": -0.04329017575409673, "Pos_3:Pos_5_AT": 0.0, "Pos_4:Pos_5_TC": 0.0, "Pos_0:Pos_5_AC": 0.02605950741864303, "Pos_2:Pos_5_GA": 0.009575778734381556, "Pos_1:Pos_4_CA": 0.0, "Pos_0:Pos_1_AG": -0.042919723720007644, "Pos_2:Pos_3_CT": 0.0, "Pos_0:Pos_2_TT": 0.0, "Pos_3:Pos_5_AC": -0.010547787333581946, "Pos_0:Pos_2_AC": 0.0, "Pos_0:Pos_4_AT": 0.014187168812244832, "Pos_5_T": 0.0, "Pos_0:Pos_5_TT": 0.0, "Pos_0:Pos_3_CC": 0.0, "Pos_1:Pos_2_CA": 0.0, "Pos_0:Pos_3_GG": -0.018809665276950924, "Pos_1:Pos_2_TT": 0.0, "Pos_1:Pos_4_CC": -0.02171428083497102, "Pos_3:Pos_5_TG": 0.10108778108068428, "Pos_2:Pos_5_GT": 0.01997983088052865, "Pos_0:Pos_2_AA": -0.002293085660339137, "Pos_0:Pos_4_GC": -0.014851426549243518, "Pos_0:Pos_5_GA": 0.0, "Pos_0:Pos_1_TT": 0.07878061968536929, "AtoG": 0.007994898782712692, "Pos_1:Pos_3_AT": 0.0, "Pos_0:Pos_4_GG": 0.0, "Pos_2:Pos_5_CA": -0.034601788912539885, "Pos_3:Pos_4_TT": 0.0, "Pos_0:Pos_5_GC": -0.011484521710769979, "Pos_1:Pos_2_AG": 0.12383528163687645, "Pos_2_A": 0.0, "Pos_4:Pos_5_CC": 0.0, "Pos_5_C": 0.0, "Pos_1:Pos_4_AC": -0.031615532313317825, "Pos_1:Pos_5_AG": 0.0, "Pos_2:Pos_3_AA": 0.038371255236037384, "Pos_1:Pos_2_GT": -0.028436807500486858, "Pos_2:Pos_4_GA": 0.0, "Pos_5_G": 0.0, "Pos_4:Pos_5_CG": 0.06016372699905136, "Pos_1:Pos_3_AA": 0.0, "Pos_3:Pos_5_CA": 0.0, "Pos_2:Pos_3_TG": 0.0, "GtoT": 0.0, "Pos_1:Pos_3_AG": -0.04073745708340384, "Pos_2:Pos_3_AG": -0.019640119284160713, "AtoT": 0.4694533969697967, "Pos_0:Pos_5_GG": 0.006760591901614617, "Pos_0:Pos_3_TG": 0.027035650555323802, "Pos_1:Pos_4_TG": 0.0, "Pos_1:Pos_4_GT": -0.038820304164782486, "Pos_0:Pos_1_GG": -0.1028660443262204, "Pos_0_G": 0.0, "Pos_3:Pos_5_GG": -0.01173979549520042, "Pos_0_A": 0.0, "Pos_0:Pos_4_GA": 0.02974371156740957, "TtoA": 0.48809926712722856, "Pos_1:Pos_2_CT": 0.0, "Pos_4:Pos_5_GC": 0.014262193455136756, "Pos_4_A": 0.0, "Pos_0:Pos_1_CG": 0.0011731109213843787, "Pos_1:Pos_3_GA": -0.05568824502611674, "Pos_2:Pos_4_AA": 0.0, "TtoG": 0.0, "Pos_3_C": 0.0, "Pos_1:Pos_3_CA": -0.07895092748097655, "Pos_1_A": 0.0, "Pos_1:Pos_4_GG": 0.0, "Pos_3:Pos_5_GC": -0.07339987513981307, "Pos_0:Pos_2_CT": -0.010229108630314161, "Pos_4:Pos_5_TA": 0.01361322610028513, "Pos_3:Pos_5_CG": -0.0012464486307869839, "Pos_0:Pos_3_GC": 0.0, "Pos_1:Pos_3_CG": 0.011936108102766886, "Pos_2:Pos_3_CA": 0.0, "Pos_1:Pos_3_GT": 0.0, "Pos_3:Pos_4_TA": 0.005560096474909794, "Pos_1:Pos_4_AG": 0.0, "Pos_2:Pos_4_CA": 0.00501863534350989, "Pos_0:Pos_1_AT": 0.026147329445548165, "Pos_2:Pos_3_GG": 0.0, "Pos_1:Pos_5_AC": 0.02939971900774137, "Pos_3:Pos_4_GA": -0.11153560836283428, "Pos_1:Pos_4_AA": 0.0, "Pos_3:Pos_5_TT": -0.014105607389099974, "Pos_2:Pos_5_TA": 0.03777040639203152, "Pos_1_C": 0.0, "Pos_1:Pos_5_GC": 0.0, "Pos_2:Pos_5_GG": 0.0, "Pos_4_T": 0.0, "Pos_0:Pos_1_GA": 0.035607556853045695, "Pos_3:Pos_5_TA": 0.04266607943833623, "Pos_1:Pos_2_TA": -0.043526034890369304, "Pos_2:Pos_3_GT": 0.0711485305805225, "Pos_1:Pos_4_GA": 0.0, "Pos_1:Pos_2_GC": -0.02356859790574654, "Pos_2:Pos_5_TC": 0.013977170902747828, "Pos_1:Pos_2_TC": 0.0, "Pos_2:Pos_5_AC": -0.00833564936758842, "Pos_1:Pos_5_GT": 0.0, "Pos_2:Pos_4_GT": 0.02139391379319408, "Pos_1:Pos_4_TC": 0.08237863691910874, "Pos_2:Pos_3_AT": -0.06469398669654076, "Pos_4:Pos_5_CA": 0.0, "Pos_2:Pos_5_TG": -0.09234907907494208, "Pos_1:Pos_3_GG": 0.0, "Pos_2:Pos_4_AG": 0.0, "Pos_1:Pos_4_CG": 0.016810217066717557, "Pos_0:Pos_5_CC": -0.054162395047120906, "Pos_0:Pos_4_CC": -0.07699392140155358, "Pos_2_C": 0.0, "Pos_2:Pos_5_GC": -0.04032991106147934, "Pos_4:Pos_5_AC": 0.0, "Pos_0:Pos_5_CT": 0.0, "Pos_2:Pos_4_CT": -0.03404550877045893, "Pos_0:Pos_1_TA": -0.013350037470963564, "Pos_0:Pos_3_CG": -0.12166535196134205, "Pos_1:Pos_3_AC": 0.0, "Pos_0:Pos_2_GC": -0.026045181682097244, "Pos_4:Pos_5_GG": 0.0, "Pos_2:Pos_4_TG": 0.0, "Pos_0:Pos_5_AA": 0.0, "Pos_3:Pos_5_AG": 0.0, "Pos_1:Pos_5_TA": 0.0, "Pos_0:Pos_4_TG": 0.0, "Pos_3:Pos_4_CA": 0.06015797892213302, "GtoA": -0.45314100122931966, "Pos_1:Pos_5_AT": -0.016147972872510165, "Pos_1:Pos_5_GA": 0.0, "Pos_0:Pos_5_TA": 0.009680076480865999, "Pos_2:Pos_4_CC": -0.05553912093238077, "Pos_0_T": 0.0, "GtoC": -0.5032019442052432, "Pos_1:Pos_5_TG": 0.015343624447791008, "Pos_0:Pos_4_CG": 0.0, "Pos_1:Pos_5_GG": -0.027987581869715984, "Pos_2:Pos_3_GA": -0.015088995103354836, "Pos_3_T": 0.0, "Pos_0:Pos_1_AA": 0.0, "Pos_0:Pos_5_AT": 0.0, "Pos_1:Pos_2_AC": -0.03328859395959519,