{"AtoG": 0.4480736947306294, "AtoC": 0.07198217290727552, "TtoA": 1.201583079733069, "GtoA": -0.31970248176835614, "CtoA": 0.36166483776601516, "TtoG": 0.26527219115911405, "CtoT": -0.1759494931123222, "GtoC": -1.6790598400869923, "TtoC": 0.44767562998781146, "GtoT": 0.43477194578117523, "CtoG": -1.6174358637726773, "AtoT": 1.0670202429464848}