{"Pos_2_T": 0.0, "Pos_5_G": 0.0, "Pos_1_G": -0.011254491188198842, "TtoC": 0.30273906816880725, "Pos_3_C": 0.13154165208825103, "Pos_0_G": -0.04620580870887101, "Pos_2_A": 0.043117798666747, "AtoG": 0.2631589383434446, "CtoG": -1.7787263495365435, "Pos_1_A": 0.05701705102394161, "Pos_0_A": 0.09322443221036118, "Pos_0_C": 0.0, "AtoC": 0.11517769277872919, "Pos_1_T": 0.30059009865614766, "Pos_2_C": -0.1582906865814618, "Pos_3_T": 0.18460165424798697, "Pos_0_T": 0.13728846513569137, "Pos_5_A": 0.2115929071835485, "Pos_4_G": 0.010950722325761192, "TtoG": 0.4451324275047418, "Pos_5_T": 0.10378166330033775, "GtoA": -0.19837255497906547, "Pos_3_A": 0.0, "Pos_4_A": -0.039230722998715724, "GtoT": 0.4484663745697069, "AtoT": 1.07470286352439, "Pos_5_C": -0.05780538070667332, "Pos_4_C": 0.0, "TtoA": 1.1319092615922528, "Pos_1_C": 0.0, "GtoC": -1.9082565074363753, "CtoA": 0.05574188775461224, "Pos_4_T": 0.08869304080499825, "Pos_2_G": 0.38404910726030606, "CtoT": -0.20601223291863494, "Pos_3_G": -0.20408868576174274}