{"Pos_0:Pos_1_TG": 0.043240201339480755, "TtoG": 0.2415654729644424, "Pos_0_C": -0.2297240122580482, "CtoG": -1.9259789523319077, "CtoT": -0.23609755780740113, "Pos_0:Pos_1_GC": 0.24294721473646452, "GtoC": -2.0562125091904693, "Pos_0:Pos_1_CA": 0.0, "GtoA": -0.21886349772546695, "Pos_0:Pos_1_AG": 0.02315742788595251, "Pos_0:Pos_1_AC": 0.08310668332327223, "Pos_1_G": -0.0738201781829781, "Pos_0_T": 0.0, "Pos_1_C": 0.1171723318401186, "Pos_0:Pos_1_CT": 0.1909458884409272, "GtoT": 0.3586703563626536, "TtoA": 1.1006203746569763, "Pos_0:Pos_1_AA": 0.20667439574770047, "AtoT": 1.1769881217810514, "Pos_0_G": 0.1423342276871113, "Pos_0:Pos_1_TC": 0.0, "Pos_0:Pos_1_GT": 0.17135476620864776, "CtoA": 0.24485053523693412, "Pos_0_A": 0.0, "Pos_0:Pos_1_TT": 0.13871269923428275, "Pos_0:Pos_1_CG": 0.0, "Pos_1_T": 0.14996849761610914, "AtoG": 0.33015282238814964, "Pos_0:Pos_1_GG": 0.0, "Pos_0:Pos_1_AT": 0.0, "Pos_0:Pos_1_CC": 0.0, "Pos_1_A": 0.0, "TtoC": 0.30867557487535807, "Pos_0:Pos_1_TA": -0.11129332092410199, "AtoC": 0.025246098490739256, "Pos_0:Pos_1_GA": 0.16624446068252946}