{"params": {"0": {"alpha": 0.01}, "1": {"alpha": 0.1}, "2": {"alpha": 1.0}, "3": {"alpha": 2.0}, "4": {"alpha": 3.0}}, "split0_test_score": {"0": 0.6570741942, "1": 0.663070761, "2": 0.6724299065, "3": 0.6758573336, "4": 0.6779954225}, "param_alpha": {"0": 0.01, "1": 0.1, "2": 1.0, "3": 2.0, "4": 3.0}, "rank_test_score": {"0": 5, "1": 4, "2": 3, "3": 2, "4": 1}, "best_a_choice": 3.0}