{"param_alpha": {"1": 0.1, "2": 1.0, "0": 0.01, "4": 3.0, "3": 2.0}, "split0_test_score": {"1": 0.7455612021, "2": 0.7396009787, "0": 0.7465179748, "4": 0.7334839074, "3": 0.735460192}, "best_a_choice": 0.01, "params": {"1": {"alpha": 0.1}, "2": {"alpha": 1.0}, "0": {"alpha": 0.01}, "4": {"alpha": 3.0}, "3": {"alpha": 2.0}}, "rank_test_score": {"1": 2, "2": 3, "0": 1, "4": 5, "3": 4}}