{"Pos_1:Pos_2_TG": 0.07726377930134788, "Pos_0:Pos_5_CG": 0.0, "Pos_0:Pos_5_GA": 0.004027114737641672, "Pos_0:Pos_1_TG": 0.0, "Pos_1:Pos_2_CT": 0.0, "Pos_1:Pos_2_GA": -0.06618439974956336, "Pos_0:Pos_4_CG": 0.03032603549198128, "Pos_1:Pos_3_TT": 0.0024501390255077687, "Pos_2:Pos_4_CT": 0.0, "Pos_2:Pos_5_CG": 0.0, "Pos_0:Pos_1_CC": 0.0, "Pos_3:Pos_5_CG": 0.0, "Pos_1:Pos_2_GG": 0.0, "Pos_2:Pos_4_GT": 0.0, "Pos_1:Pos_3_AG": 0.0, "Pos_2:Pos_3_GG": 0.031266687819383986, "Pos_2:Pos_4_TT": 0.014152775388835928, "Pos_0:Pos_1_TA": -0.010238862660615236, "Pos_0:Pos_5_AA": -0.0043656191791887535, "Pos_2:Pos_3_TC": 0.0, "Pos_4:Pos_5_TA": 0.0, "Pos_4:Pos_5_CC": -0.0011809955771042123, "Pos_0:Pos_1_AT": 0.04475471751777503, "Pos_3:Pos_5_AG": -0.012926381822176947, "Pos_2:Pos_5_TC": 0.0, "Pos_0:Pos_1_AG": 0.0, "Pos_1:Pos_3_GT": 0.0, "Pos_0:Pos_3_GC": 0.0, "Pos_0:Pos_2_TA": 0.03369780366524587, "Pos_3:Pos_5_GC": 0.0, "Pos_3_C": 0.0, "Pos_0:Pos_3_GT": -0.0376308364651132, "Pos_2_T": 0.0, "Pos_2:Pos_5_CT": -0.024049050832713328, "Pos_3:Pos_5_TA": 0.0, "Pos_4_T": 0.0, "Pos_1:Pos_5_TG": 0.0, "Pos_3:Pos_4_AT": -0.02692882589628782, "Pos_2:Pos_5_GA": 0.0, "Pos_3:Pos_5_AT": -0.031602003287778666, "Pos_1:Pos_3_AA": 0.0, "GC_feature": -0.030761767505875753, "Pos_0:Pos_2_TG": 0.0, "Pos_0:Pos_2_AT": 0.008716685496233818, "Pos_0:Pos_3_CT": 0.0, "Pos_4:Pos_5_TT": 0.0765658760395422, "Pos_2:Pos_3_AA": 0.03311736488380839, "Pos_2:Pos_3_AG": -0.08490362973947788, "CtoA": -0.006352711236013979, "Pos_2:Pos_4_TC": -0.06680817771962572, "Pos_2:Pos_4_GC": 0.03241371969430339, "Pos_3:Pos_5_TC": 0.0, "Pos_2:Pos_3_CA": -0.036731530507435155, "Pos_2:Pos_5_CA": 0.0, "Pos_0:Pos_1_AA": 0.0, "Pos_3_A": 0.0, "Pos_4:Pos_5_AA": 0.057648632220660356, "Pos_3:Pos_5_AC": 0.032431459060123305, "Pos_1:Pos_3_CT": -0.015826636654364113, "Pos_3:Pos_4_GT": -0.003793245551758159, "Pos_4:Pos_5_CG": 0.13374830324863127, "Pos_4:Pos_5_AG": 0.0, "Pos_3:Pos_5_TT": -0.07103940359693285, "Pos_3:Pos_4_AA": 0.0, "Pos_2:Pos_3_CC": 0.0, "Pos_1:Pos_4_AG": 0.0, "Pos_0:Pos_3_AT": 0.0, "Pos_1:Pos_2_GC": 0.0, "Pos_0:Pos_5_AG": -0.01685030243439921, "Pos_1:Pos_5_AA": 0.02921125757285866, "Pos_1:Pos_2_CC": 0.0, "Pos_1:Pos_4_GC": 0.009299982680182272, "Pos_3:Pos_5_GA": 0.0, "TtoG": 0.04380754655470081, "Pos_0_C": 0.0, "Pos_0:Pos_4_GT": 0.0, "Pos_4:Pos_5_AC": 0.0, "Pos_2:Pos_3_GT": 0.0, "Pos_3:Pos_4_CA": 0.027100662045144858, "Pos_1_G": -0.09715953821011418, "Pos_0:Pos_3_CC": -0.002708609242105305, "Pos_1:Pos_5_AC": -0.0009801997494446751, "Pos_0:Pos_3_TT": 0.0, "Pos_0:Pos_3_AC": 0.04179661969112205, "Pos_2:Pos_3_TA": -0.125934763396028, "Pos_0:Pos_5_TG": 0.0, "Pos_0:Pos_3_CA": 0.0, "Pos_0:Pos_2_GG": 0.0016941667423339885, "Pos_2:Pos_5_AG": 0.0, "Pos_1:Pos_3_GC": -0.006027988003996011, "Pos_5_G": 0.0, "Pos_1:Pos_4_CT": 0.0, "Pos_1:Pos_5_AT": 0.0, "Pos_2:Pos_3_AC": 0.0, "Pos_3:Pos_5_TG": 0.00900648081418028, "Pos_2:Pos_4_TG": 0.030021019996877615, "Pos_0:Pos_5_CC": -0.06508907911361152, "Pos_0:Pos_1_GT": 0.003702442376390287, "Pos_4:Pos_5_GC": 0.0, "Pos_1:Pos_3_CG": 0.004408213311010736, "GtoC": -0.423947125784237, "Pos_3:Pos_5_CT": 0.0, "Pos_1:Pos_3_CA": -0.008194301876002336, "Pos_1:Pos_2_AA": 0.0, "Pos_0:Pos_4_GG": -0.010745292777468277, "Pos_3:Pos_4_AC": 0.0, "Pos_0:Pos_2_CC": -0.005980618759846845, "Pos_2:Pos_3_AT": 0.0, "Pos_4_A": 0.0, "Pos_0:Pos_5_CA": 0.0, "Pos_1:Pos_5_CC": 0.0, "Pos_2:Pos_3_GA": 0.0, "Pos_1:Pos_5_GC": 0.0, "Pos_3:Pos_4_TT": 0.06690388786404607, "Pos_0:Pos_4_CT": 0.0, "Pos_0:Pos_4_CA": 0.0, "Pos_0:Pos_4_TG": 0.022220662984018563, "Pos_1:Pos_2_AT": -0.017579329618235676, "Pos_1_T": 0.00441909896338016, "Pos_4:Pos_5_GA": 0.06569412500632488, "Pos_2:Pos_4_AT": 0.0, "Pos_1:Pos_3_AC": 0.0, "Pos_1:Pos_3_TG": -0.06318160131246077, "AtoG": 0.008698822862291903, "Pos_1:Pos_4_GT": -0.012025823559315864, "Pos_0:Pos_4_AG": 0.0, "Pos_0:Pos_5_TA": 0.02408327991233349, "Pos_1:Pos_5_CG": -0.08942446822478509, "GtoT": 0.07063910981984081, "Pos_0:Pos_3_AA": -0.0037907082552797195, "Pos_2:Pos_5_GC": 0.05306992795862309, "Pos_2_C": -0.12794909346456618, "Pos_2:Pos_3_TT": 0.0, "Pos_2:Pos_4_AC": -0.02938974641625285, "Pos_4_C": 0.0, "Pos_4:Pos_5_TG": -0.0001864247758337673, "Pos_1:Pos_4_GA": 0.0, "Pos_0:Pos_2_CG": 0.004482563103144856, "Pos_1:Pos_5_TT": 0.0, "Pos_1:Pos_5_GG": 0.0, "Pos_0:Pos_5_TC": 0.021118303746403312, "Pos_2:Pos_5_TG": -0.006555171442584017, "Pos_1:Pos_4_CC": -0.03244180206307315, "Pos_0:Pos_1_TT": 0.0, "Pos_0:Pos_5_GC": -0.0016573303853032856, "Pos_3:Pos_5_AA": 0.032858494166088756, "Pos_0:Pos_5_GT": 0.0, "Pos_0:Pos_3_AG": -0.00839244948124953, "Pos_5_T": 0.0, "Pos_1:Pos_2_CA": 0.016438826586503648, "Pos_0:Pos_2_GA": -0.013095238418956136, "Pos_1:Pos_5_CT": 0.008932545647029794, "Pos_1:Pos_5_GT": 0.0, "Pos_0:Pos_4_CC": -0.010051445765964487, "Pos_0:Pos_3_TG": 0.0, "Pos_0:Pos_5_AC": 0.0, "Pos_1:Pos_4_CG": 0.0, "Pos_2:Pos_5_GT": 0.0, "Pos_4:Pos_5_GT": 0.0, "Pos_1:Pos_2_GT": 0.0, "Pos_0:Pos_4_GC": 0.0, "Pos_1:Pos_4_TG": 0.0, "Pos_0:Pos_5_TT": 0.0, "Pos_0:Pos_1_AC": -0.005301673714349951, "Pos_4_G": 0.0, "Pos_0:Pos_1_GG": -0.05988623612576364, "Pos_2:Pos_5_AC": -0.05250743925593871, "Pos_1:Pos_5_GA": 0.0, "Pos_1:Pos_4_TA": 0.009284566710619842, "Pos_1:Pos_4_TC": 0.0, "Pos_0_G": 0.0, "Pos_5_A": 0.0, "Pos_1:Pos_4_TT": 0.030364758688505137, "Pos_0:Pos_4_AC": 0.0218169939813871, "Pos_0:Pos_1_CA": 0.0, "Pos_2_G": 0.04451521674660428, "Pos_2:Pos_5_AA": 0.0, "Pos_4:Pos_5_AT": 0.0, "Pos_1_C": 0.0, "Pos_0:Pos_3_GA": 0.0, "Pos_1:Pos_2_AG": 0.05462983561208981, "Pos_3:Pos_4_CG": -0.05529417021578603, "Pos_1:Pos_2_TA": 0.0, "Pos_1:Pos_3_TA": 0.004134382356382645, "Pos_2:Pos_4_TA": -0.004871071784888302, "Pos_1:Pos_4_AA": 0.0, "Pos_3:Pos_4_CC": 0.0, "Pos_4:Pos_5_CT": 0.0, "Pos_1:Pos_3_GA": 0.06038326728229938, "Pos_0:Pos_3_TA": 0.0, "Pos_0:Pos_4_GA": 0.07424856615788125, "Pos_3:Pos_5_GT": 0.02966569955077698, "Pos_1:Pos_3_CC": 0.0, "Pos_0:Pos_1_GC": -0.040964091069824266, "Pos_2:Pos_4_CC": 0.0, "AtoC": -0.08502551747541995, "Pos_2_A": 0.0, "Pos_0:Pos_5_CT": -0.01970770425631293, "Pos_0:Pos_2_TC": 0.0, "Pos_5_C": 0.0, "Pos_0:Pos_3_TC": 0.12021330684131146, "Pos_3:Pos_4_GG": 0.0, "Pos_4:Pos_5_CA": 0.0, "Pos_1:Pos_2_TC": 0.0, "Pos_0:Pos_5_GG": 0.0, "Pos_0:Pos_2_AA": 0.0, "Pos_2:Pos_5_TT": 0.0, "Pos_1:Pos_2_AC": -0.0640741092197759, "Pos_0:Pos_3_GG": 0.017746126968367117, "Pos_0:Pos_1_TC": 0.016900444463096565, "Pos_1:Pos_5_CA": 0.0, "Pos_0:Pos_2_TT": -0.004213690106648566, "Pos_0:Pos_2_CT": -0.02974467355996674, "Pos_0:Pos_4_TA": 0.0, "Pos_2:Pos_5_TA": 0.008772159627657787, "Pos_1:Pos_3_GG": 0.0, "Pos_2:Pos_4_GA": 0.0, "Pos_0:Pos_1_CT": 0.0, "Pos_1:Pos_4_AC": 0.0, "Pos_2:Pos_4_CA": -0.05149879102028527, "Pos_3:Pos_4_TA": 0.0, "Pos_2:Pos_4_CG": -0.03065125313890069, "Pos_1_A": 0.0, "Pos_3:Pos_5_CC": 0.0, "Pos_1:Pos_4_CA": 0.07196127490130783, "Pos_1:Pos_5_AG": 0.03806332853945313, "Pos_2:Pos_3_CG": 0.0, "Pos_1:Pos_5_TC": 0.014410693223212749, "Pos_2:Pos_5_CC": -0.05107791369480861, "Pos_0:Pos_2_GC": 0.0, "Pos_2:Pos_3_CT": 0.050225167012114644, "Pos_3:Pos_4_AG": 0.04544261676093847, "Pos_2:Pos_4_AG": 0.00905956733243878, "Pos_0:Pos_1_GA": 0.009043452671766358, "Pos_2:Pos_4_AA": 0.01640897316649404, "Pos_0:Pos_2_CA": 0.0, "Pos_1:Pos_4_GG": -0.03653711058639419, "Pos_3:Pos_4_GA": -0.16235026732262176, "TtoC": 0.0, "Pos_4:Pos_5_TC": 0.0, "Pos_3:Pos_4_GC": 0.0, "Pos_0:Pos_5_AT": 0.03832530390648845, "Pos_2:Pos_4_GG": 0.0, "Pos_0:Pos_3_CG": -0.0939056207587617, "Pos_0:Pos_4_AT": 0.0, "Pos_4:Pos_5_GG": 0.0, "Pos_3_G": 0.0, "Pos_3_T": 0.0, "Pos_0:Pos_2_GT": 0.0, "Pos_3:Pos_5_CA": 0.0, "Pos_3:Pos_4_CT": 0.01700322187721449, "Pos_2:Pos_5_AT": 0.028300368746498415, "Pos_1:Pos_3_AT": 0.11810647898730223, "Pos_0:Pos_2_AG": -0.01925128366441085, "Pos_0:Pos_4_TT": 0.021819708035896907, "Pos_3:Pos_4_TC": 0.05800305243181509, "Pos_2:Pos_3_GC": 0.09567725352704375, "Pos_3:Pos_5_GG": -0.027347552942729284, "Pos_1:Pos_5_TA": 0.006899227760324829, "GtoA": -0.3979496105896146, "Pos_2:Pos_5_GG": 0.0, "CtoG": -0.500601404162157, "Pos_0_A": 0.0,