{"split0_test_score": {"4": 0.7378445736, "3": 0.7378445736, "0": 0.7376693164, "2": 0.7378445736, "1": 0.7376693164}, "best_a_choice": 1.0, "params": {"4": {"alpha": 3.0}, "3": {"alpha": 2.0}, "0": {"alpha": 0.01}, "2": {"alpha": 1.0}, "1": {"alpha": 0.1}}, "param_alpha": {"4": 3.0, "3": 2.0, "0": 0.01, "2": 1.0, "1": 0.1}, "rank_test_score": {"4": 1, "3": 1, "0": 4, "2": 1, "1": 4}}