{"best_a_choice": 0.01, "param_alpha": {"2": 1.0, "4": 3.0, "1": 0.1, "3": 2.0, "0": 0.01}, "rank_test_score": {"2": 3, "4": 5, "1": 2, "3": 4, "0": 1}, "split0_test_score": {"2": 0.7646499489, "4": 0.7630421092, "1": 0.7650230441, "3": 0.7639247512, "0": 0.7650278152}, "params": {"2": {"alpha": 1.0}, "4": {"alpha": 3.0}, "1": {"alpha": 0.1}, "3": {"alpha": 2.0}, "0": {"alpha": 0.01}}}