{"Pos_0:Pos_1:Pos_2_AGT": 0.12868521210978806, "Pos_1:Pos_2:Pos_3_GCT": 0.033423548491079064, "Pos_1:Pos_2:Pos_3_GTC": 0.0037465277552545077, "TtoG": -0.0010876283182312664, "Pos_0:Pos_2:Pos_3_TCT": 0.0, "Pos_1:Pos_2:Pos_3_CGA": -0.02656958150991477, "Pos_1:Pos_2:Pos_3_CAC": -0.015292805637218961, "Pos_0:Pos_1:Pos_3_CCC": 0.0, "Pos_0:Pos_2:Pos_3_CAA": 0.0, "Pos_0:Pos_1:Pos_3_TGC": 0.0, "Pos_0:Pos_2:Pos_3_GGG": 0.0, "Pos_1:Pos_2:Pos_3_TTA": 0.0, "Pos_0:Pos_2:Pos_3_CAC": -0.09365563007913412, "Pos_1:Pos_2:Pos_3_TAA": 0.0, "Pos_0:Pos_2:Pos_3_CGA": 0.0, "Pos_0:Pos_2:Pos_3_TGT": -0.016514241189214355, "Pos_0:Pos_1_AG": 0.05084107481220539, "Pos_0:Pos_1:Pos_2_CAT": 0.0, "Pos_1:Pos_2:Pos_3_TCT": 0.0, "Pos_0:Pos_2:Pos_3_TAT": 0.00480383899335125, "Pos_0:Pos_1:Pos_2_CTT": -0.03263600983414561, "Pos_2_A": 0.0, "Pos_0:Pos_3_GT": 0.0, "GtoT": 0.004178407507533249, "Pos_1:Pos_2_TC": 0.0, "Pos_0:Pos_1:Pos_2_AGG": 0.0, "Pos_0:Pos_3_GC": 0.0, "Pos_0:Pos_2:Pos_3_AAG": 0.0, "Pos_0:Pos_1:Pos_2_GCA": 0.0, "Pos_0:Pos_1:Pos_3_TAT": 0.0, "Pos_1:Pos_2:Pos_3_AGC": -0.005601592909927812, "Pos_0:Pos_1:Pos_2_GCT": 0.0, "Pos_0:Pos_2:Pos_3_TGA": 0.0599516826132675, "Pos_0:Pos_1:Pos_3_GTT": 0.0, "Pos_0:Pos_1:Pos_3_TGG": 0.0, "Pos_0:Pos_1:Pos_3_ACC": 0.0, "Pos_0:Pos_1_CG": -0.07677427517345681, "Pos_2:Pos_3_CT": 0.0, "Pos_2:Pos_3_AG": 0.0, "Pos_0_T": 0.037072874006642845, "Pos_1:Pos_3_CG": 0.0, "Pos_0:Pos_1:Pos_3_TAG": 0.013254158298147535, "Pos_0:Pos_1:Pos_3_TCA": 0.0, "Pos_1:Pos_2:Pos_3_CCT": -0.015202308127409638, "Pos_0:Pos_2_TG": 0.0, "Pos_0:Pos_2:Pos_3_ATA": 0.0, "Pos_0:Pos_1:Pos_3_AGG": 0.0, "Pos_1:Pos_2:Pos_3_TGA": 0.0, "Pos_0:Pos_2:Pos_3_AGT": 0.0, "Pos_1:Pos_2_CT": 0.0, "Pos_0:Pos_1:Pos_3_CCG": -0.06220564698168745, "Pos_1:Pos_2:Pos_3_GCA": 0.0, "Pos_0:Pos_2:Pos_3_GCC": 0.0, "Pos_0:Pos_1:Pos_3_CAG": 0.05945076940349576, "Pos_0:Pos_2_AT": 0.0, "Pos_0:Pos_1:Pos_2_AAT": 0.0, "Pos_0:Pos_1:Pos_3_ACA": 0.0, "Pos_0:Pos_1:Pos_3_GGA": 0.0, "Pos_1:Pos_2:Pos_3_ATG": 0.0, "Pos_0:Pos_1_AA": 0.0, "Pos_0:Pos_2:Pos_3_ACT": 0.0, "Pos_1:Pos_2:Pos_3_GGT": 0.0, "Pos_0:Pos_1:Pos_3_TTG": 0.0, "Pos_0:Pos_1:Pos_2_TAA": 0.042154951780315045, "Pos_1:Pos_2:Pos_3_TTG": 0.0, "Pos_0:Pos_1:Pos_3_GAC": 0.0, "Pos_0:Pos_1:Pos_3_AAG": 0.0, "Pos_0:Pos_2_TA": 0.0, "Pos_2_G": -0.25012792366531394, "Pos_1:Pos_2:Pos_3_TGC": 0.0, "Pos_0:Pos_1:Pos_2_CCC": -0.027869664992204946, "Pos_0:Pos_1:Pos_2_CGT": 0.0, "Pos_1:Pos_2:Pos_3_GCG": 0.0, "Pos_0:Pos_1:Pos_2_GGG": 0.07358416649512713, "Pos_1:Pos_3_AG": 0.0, "Pos_1:Pos_2_TT": 0.0, "Pos_0:Pos_3_CG": 0.0, "Pos_1:Pos_3_GT": 0.0, "Pos_1:Pos_2:Pos_3_CTT": 0.0, "Pos_1:Pos_2:Pos_3_GGA": 0.0, "Pos_1:Pos_3_AC": 0.0, "Pos_0:Pos_1_TC": 0.0, "Pos_1:Pos_2:Pos_3_CAG": 0.07214594875237008, "Pos_1:Pos_2:Pos_3_ATA": 0.0, "Pos_0:Pos_1:Pos_3_AGA": 0.009718062250224715, "Pos_2:Pos_3_AC": 0.0, "Pos_1:Pos_2:Pos_3_GTA": 0.0, "Pos_1:Pos_2:Pos_3_CGT": 0.0, "Pos_1:Pos_3_TG": 0.0, "Pos_0:Pos_1:Pos_2_GCC": -0.01886300527032258, "Pos_0:Pos_1:Pos_3_CGA": 0.0024081977707750544, "Pos_2:Pos_3_GT": -0.02471487010226916, "Pos_0:Pos_1:Pos_2_AAC": 0.0, "Pos_0:Pos_1:Pos_2_TGA": 0.09451280439196157, "Pos_1:Pos_3_CC": 0.0, "Pos_0:Pos_2:Pos_3_ATT": 0.03724323772090274, "Pos_0:Pos_1:Pos_3_GTA": 0.0, "Pos_0:Pos_2:Pos_3_AAA": 0.0, "Pos_0:Pos_1:Pos_2_GTT": 0.010692155261249432, "Pos_0:Pos_2_AA": 0.0, "Pos_0:Pos_2:Pos_3_CCT": 0.0, "Pos_0:Pos_1:Pos_2_TCA": 0.0, "Pos_0:Pos_1:Pos_2_TCG": -0.04009081364732091, "AtoG": 0.0, "Pos_0:Pos_2:Pos_3_TGG": 0.0, "GtoA": -0.5163811873131395, "Pos_0:Pos_1_CA": 0.0, "Pos_1_T": 0.0, "Pos_1_G": 0.0, "Pos_1:Pos_2:Pos_3_ACC": 0.0, "Pos_1:Pos_2:Pos_3_TGT": 0.0, "Pos_0:Pos_3_TA": 0.0, "Pos_0:Pos_2:Pos_3_GTC": 0.0, "Pos_1_C": 0.0, "Pos_0:Pos_2_AC": 0.0, "Pos_1:Pos_2_CG": 0.0, "Pos_1:Pos_2:Pos_3_ACA": 0.0, "Pos_0:Pos_2:Pos_3_CGC": 0.0, "Pos_0:Pos_1:Pos_2_ATC": 0.0, "CtoA": 0.0, "Pos_0:Pos_1:Pos_3_CAT": 0.0, "Pos_3_T": 0.0, "Pos_1:Pos_2_GA": 0.0, "Pos_0:Pos_1_CC": 0.0, "Pos_0:Pos_2:Pos_3_GAA": 0.0, "Pos_0:Pos_1:Pos_2_GAC": 0.009073051250261529, "Pos_3_A": 0.0, "Pos_1:Pos_2:Pos_3_AGG": 0.0, "Pos_0:Pos_1:Pos_2_GTA": 0.0, "Pos_1:Pos_2:Pos_3_GTT": 0.0, "Pos_1:Pos_2_AA": 0.0, "Pos_0:Pos_2:Pos_3_CGG": 0.0, "Pos_0:Pos_1:Pos_3_AAC": 0.0, "Pos_0:Pos_1:Pos_2_GCG": -0.08145773215850968, "Pos_0:Pos_1:Pos_2_ATG": 0.0, "Pos_0:Pos_1:Pos_2_AAG": 0.0, "Pos_1:Pos_2:Pos_3_AAG": 0.0, "Pos_1:Pos_2:Pos_3_CTG": 0.0, "Pos_0:Pos_1:Pos_2_GGC": 0.04124678653520738, "Pos_0:Pos_2_CC": 0.0, "Pos_0:Pos_1:Pos_2_CAG": -0.01838484921544483, "Pos_1:Pos_2:Pos_3_CCG": 0.0, "CtoG": -0.4252426510958451, "Pos_0:Pos_2:Pos_3_CTC": 0.0, "Pos_2:Pos_3_TA": 0.0, "Pos_0:Pos_1:Pos_3_GCC": 0.0, "Pos_0:Pos_3_AC": 0.0, "Pos_1:Pos_2:Pos_3_CAA": 0.0, "Pos_0:Pos_1:Pos_2_TGG": 0.0, "Pos_1:Pos_2_GG": 0.0, "Pos_1:Pos_2:Pos_3_CAT": 0.0, "Pos_1:Pos_2_AC": 0.021114876678557683, "Pos_0:Pos_1_TA": 0.0471359766294334, "Pos_0:Pos_2:Pos_3_CTG": -0.0688706915329339, "Pos_0:Pos_2:Pos_3_TAC": -0.04945444725002825, "Pos_1:Pos_2:Pos_3_ATT": 0.0, "Pos_0:Pos_1:Pos_3_TGA": 0.07150773063278157, "Pos_0:Pos_2_CT": 0.0, "Pos_2_T": 0.0, "Pos_0:Pos_1:Pos_3_ACG": -0.05773326013339757, "Pos_0:Pos_1:Pos_2_CTG": 0.0, "Pos_0:Pos_2:Pos_3_TAA": 0.0, "Pos_0:Pos_1:Pos_3_AAA": 0.0, "Pos_0:Pos_2:Pos_3_GCA": 0.0, "AtoC": -0.07127529884428362, "Pos_0:Pos_1:Pos_2_TCT": 0.01403772467849444, "Pos_1:Pos_2:Pos_3_AAC": 0.0, "Pos_2:Pos_3_AT": 0.0, "Pos_0:Pos_1:Pos_3_GCG": 0.030954895903386147, "Pos_0:Pos_1_AC": 0.0, "Pos_0:Pos_1:Pos_2_GAT": -0.10962167017036151, "Pos_1:Pos_2:Pos_3_TTT": 0.027808228641150103, "Pos_0:Pos_1:Pos_2_GTC": 0.0, "TtoA": 0.4264917490288712, "Pos_0:Pos_2:Pos_3_AAT": 0.0, "Pos_1:Pos_2:Pos_3_GGG": 0.04417956171517076, "Pos_2:Pos_3_TT": 0.0, "Pos_0:Pos_3_AA": 0.0, "Pos_0:Pos_1:Pos_3_AGT": 0.0, "Pos_1:Pos_2:Pos_3_CTC": 0.0, "Pos_0:Pos_2:Pos_3_AAC": 0.03285656575781479, "Pos_0:Pos_1:Pos_3_CTT": 0.0, "Pos_0:Pos_2:Pos_3_CAT": -0.09363133002554681, "Pos_0:Pos_1:Pos_2_ATT": 0.0, "Pos_0:Pos_2_TT": 0.0, "Pos_0:Pos_2:Pos_3_TAG": 0.0, "Pos_0:Pos_2:Pos_3_GTA": 0.002324183513914372, "Pos_3_C": 0.0, "Pos_1:Pos_2:Pos_3_GAA": 0.0, "Pos_0:Pos_1:Pos_2_AAA": 0.00789763110063319, "Pos_1:Pos_2:Pos_3_ATC": -0.013679922535946095, "Pos_0:Pos_2:Pos_3_TTC": 0.06741534206545303, "Pos_1:Pos_2:Pos_3_TAG": 0.0, "Pos_1:Pos_2_TG": 0.0, "CtoT": -0.47910495288026855, "Pos_0:Pos_1_GG": 0.0, "Pos_0:Pos_1:Pos_2_CCT": 0.0, "Pos_0:Pos_1_GT": 0.0, "Pos_0:Pos_2:Pos_3_CTA": -0.011212666242003693, "Pos_1:Pos_2:Pos_3_CCC": 0.0, "Pos_0:Pos_1:Pos_3_AGC": 0.04297432656392471, "Pos_0:Pos_1:Pos_2_TAT": 0.0, "Pos_0:Pos_2:Pos_3_CTT": 0.0, "Pos_1:Pos_2_CA": 0.0, "Pos_0:Pos_1:Pos_3_CGG": 0.0, "Pos_1:Pos_2_AT": 0.0, "Pos_0:Pos_1:Pos_3_GCT": -0.08750755790327229, "Pos_0:Pos_3_TT": 0.0, "Pos_0:Pos_1:Pos_2_CCA": 0.0, "Pos_0:Pos_1:Pos_3_GAT": 0.0, "Pos_0:Pos_2:Pos_3_ACA": 0.0, "GC_feature": -0.1061540128757551, "Pos_0:Pos_1:Pos_3_GGT": 0.03579178256148566, "Pos_0:Pos_1_AT": 0.0, "Pos_0:Pos_2_CA": 0.0, "Pos_0:Pos_1:Pos_3_CGC": -0.002521913347512252, "AtoT": 0.3291218232926131, "Pos_0:Pos_3_GG": 0.0, "Pos_1:Pos_2_GC": 0.13933799182954867, "Pos_0:Pos_1:Pos_2_AGA": 0.0033980764726110513, "Pos_0:Pos_2_GC": 0.011896864726670349, "Pos_1:Pos_2:Pos_3_GAG": 0.0, "Pos_0:Pos_2_TC": 0.0, "Pos_0:Pos_1:Pos_2_GGT": 0.0, "Pos_0:Pos_1:Pos_3_ACT": -0.02918343895548425, "Pos_2:Pos_3_TC": 0.0, "Pos_0:Pos_1:Pos_2_ACT": 0.0, "Pos_0:Pos_2_AG": 0.0, "Pos_0:Pos_1:Pos_2_GGA": -0.01849939125495883, "Pos_0_C": -0.024214858695027916, "Pos_0:Pos_1:Pos_2_CGG": 0.0, "Pos_0:Pos_2_GG": 0.0, "Pos_0:Pos_2:Pos_3_CAG": 0.0, "Pos_0_G": 0.0, "Pos_0:Pos_1:Pos_3_AAT": 0.057930958652240495, "Pos_0:Pos_2:Pos_3_CGT": 0.0, "Pos_0:Pos_2:Pos_3_GGC": 0.0, "Pos_0:Pos_1:Pos_2_CGA": -0.07496310124840586, "Pos_0:Pos_2:Pos_3_GGT": 0.0, "Pos_3_G": 0.0, "Pos_0:Pos_3_CT": 0.0, "Pos_0_A": 0.0, "Pos_0:Pos_3_CC": 0.0, "Pos_0:Pos_1_GC": 0.0, "Pos_0:Pos_3_CA": 0.0, "Pos_0:Pos_2_CG": 0.0, "Pos_0:Pos_1:Pos_2_CCG": 0.012429359854683499, "Pos_1:Pos_3_AA": 0.0, "Pos_0:Pos_2:Pos_3_ACC": 0.007654686391923243, "Pos_0:Pos_1_CT": 0.0, "Pos_0:Pos_1:Pos_3_TTT": 0.0, "Pos_0:Pos_1_TT": 0.0,