{"AtoC": -0.24345855354523857, "TtoA": 0.9278214040955728, "TtoG": 0.1971477252150679, "AtoT": 1.3103876908441825, "AtoG": 0.40756293681508104, "CtoA": 0.031215771973695065, "CtoG": -1.161126524160264, "CtoT": -0.2166731845775689, "GtoA": -0.28704511818722706, "TtoC": 0.3185429211141015, "GtoT": 0.45628650570937856, "GtoC": -1.3387966784904115}