{"best_a_choice": 3.0, "split0_test_score": {"0": 0.6472645712, "2": 0.652291549, "1": 0.6503780036, "3": 0.6536090721, "4": 0.654314888}, "param_alpha": {"0": 0.01, "2": 1.0, "1": 0.1, "3": 2.0, "4": 3.0}, "params": {"0": {"alpha": 0.01}, "2": {"alpha": 1.0}, "1": {"alpha": 0.1}, "3": {"alpha": 2.0}, "4": {"alpha": 3.0}}, "rank_test_score": {"0": 5, "2": 3, "1": 4, "3": 2, "4": 1}}