{"GtoT": 0.04158042055148077, "GC_feature": -0.07926265029356105, "GtoA": -0.3657633894031112, "CtoT": -0.3432402542854228, "TtoC": 0.0, "AtoG": 0.05961113220101211, "CtoA": -0.0626074638405724, "AtoC": -0.1456077427441095, "TtoA": 0.2723475384424726, "CtoG": -0.22924717725160693, "TtoG": 0.0, "GtoC": -0.2956373281193369, "AtoT": 0.48128402560395034}