{"TtoG": 0.735632480761096, "AtoC": 0.39747059942505497, "Pos_4_G": 0.10940760194836036, "GtoA": 0.0002942204034251242, "AtoG": 0.7580739414656297, "TtoC": 0.6198204311025862, "GtoC": -3.1801039796400987, "Pos_5_A": 0.12761151396958903, "Pos_0_T": 0.22750083676492094, "CtoG": -3.275651678467507, "Pos_1_A": 0.09033281918381739, "Pos_1_G": 0.0, "Pos_4_A": -0.07211957073277146, "Pos_0_C": -0.09750185102204442, "Pos_3_T": 0.2467473934271667, "AtoT": 1.368523969743918, "Pos_3_G": -0.17998110969065773, "Pos_1_T": 0.11367054746746014, "Pos_3_C": 0.3060716283563487, "Pos_4_C": 0.0, "GtoT": 0.8657908031431291, "Pos_2_T": 0.0, "Pos_0_G": 0.04180170693499744, "TtoA": 1.5682824777730962, "Pos_0_A": 0.04173751607775801, "Pos_5_C": 0.0, "Pos_2_A": 0.011507122521683502, "Pos_5_T": 0.2192761668709398, "Pos_4_T": 0.13243219035418385, "Pos_5_G": -0.03218386313840305, "Pos_2_C": -0.1482339966494033, "Pos_3_A": 0.0, "Pos_1_C": -0.0914427281740713, "Pos_2_G": 0.1958308254272017, "CtoA": 0.4821246509879601, "CtoT": 0.10578806779342678}