{"params": {"2": {"penalty": "l1", "C": 10.0}, "3": {"penalty": "l1", "C": 100.0}, "0": {"penalty": "l1", "C": 0.1}, "1": {"penalty": "l1", "C": 1.0}}, "rank_test_score": {"2": 2, "3": 1, "0": 4, "1": 3}, "param_C": {"2": 10.0, "3": 100.0, "0": 0.1, "1": 1.0}, "split0_test_score": {"2": 0.7725481595, "3": 0.7726130078, "0": 0.7596509632, "1": 0.7724566088}, "best_c_choice": 100.0, "param_penalty": {"2": "l1", "3": "l1", "0": "l1", "1": "l1"}}