{"param_alpha": {"4": 3.0, "3": 2.0, "1": 0.1, "2": 1.0, "0": 0.01}, "params": {"4": {"alpha": 3.0}, "3": {"alpha": 2.0}, "1": {"alpha": 0.1}, "2": {"alpha": 1.0}, "0": {"alpha": 0.01}}, "best_a_choice": 0.1, "rank_test_score": {"4": 5, "3": 4, "1": 1, "2": 3, "0": 2}, "split0_test_score": {"4": 0.7524781981, "3": 0.7552230378, "1": 0.7613714788, "2": 0.7572620616, "0": 0.7613244244}}