{"params": {"1": {"alpha": 0.1}, "4": {"alpha": 3.0}, "0": {"alpha": 0.01}, "3": {"alpha": 2.0}, "2": {"alpha": 1.0}}, "best_a_choice": 0.01, "rank_test_score": {"1": 2, "4": 5, "0": 1, "3": 4, "2": 3}, "split0_test_score": {"1": 0.6636294239, "4": 0.6583889159, "0": 0.6675407208, "3": 0.6586045668, "2": 0.6592772832}, "param_alpha": {"1": 0.1, "4": 3.0, "0": 0.01, "3": 2.0, "2": 1.0}}