{"GtoC": -1.6775379520430107, "CtoG": -1.6152945267115586, "TtoC": 0.44722718059258915, "TtoG": 0.26478057334064414, "AtoG": 0.4476290831292393, "AtoT": 1.0665511540842516, "CtoA": 0.3612013441688254, "CtoT": -0.1763902543144208, "GtoT": 0.43430913473753174, "TtoA": 1.2011555905790372, "AtoC": 0.07153043925097557, "GtoA": -0.3201340828815527}