{"params": {"4": {"alpha": 3.0}, "3": {"alpha": 2.0}, "2": {"alpha": 1.0}, "0": {"alpha": 0.01}, "1": {"alpha": 0.1}}, "split0_test_score": {"4": 0.6794664071, "3": 0.6806295862, "2": 0.6824530768, "0": 0.6912537333, "1": 0.6878729759}, "param_alpha": {"4": 3.0, "3": 2.0, "2": 1.0, "0": 0.01, "1": 0.1}, "best_a_choice": 0.01, "rank_test_score": {"4": 5, "3": 4, "2": 3, "0": 1, "1": 2}}