{"AtoC": 0.0, "GtoA": -0.18983938817201146, "CtoT": -0.22424394872591408, "TtoA": 1.131219780589414, "TtoG": 0.5977204964553996, "AtoT": 1.1527989443438704, "CtoA": 0.45940886006908477, "GtoC": -1.9599104381187982, "GtoT": 0.6014140611946175, "TtoC": 0.40770793674391015, "AtoG": 0.4324119202600789, "CtoG": -1.8594580047249452}