{"best_a_choice": 3.0, "params": {"3": {"alpha": 2.0}, "1": {"alpha": 0.1}, "2": {"alpha": 1.0}, "0": {"alpha": 0.01}, "4": {"alpha": 3.0}}, "param_alpha": {"3": 2.0, "1": 0.1, "2": 1.0, "0": 0.01, "4": 3.0}, "split0_test_score": {"3": 0.6380003626, "1": 0.6296410271, "2": 0.6363662821, "0": 0.622593727, "4": 0.6391148771}, "rank_test_score": {"3": 2, "1": 4, "2": 3, "0": 5, "4": 1}}