{"GtoA": -0.3308177785697564, "GC_feature": 0.0, "CtoT": -0.44262761396132705, "AtoT": 0.3996970443048804, "Pos_0_A": 0.0, "Pos_2_G": -0.10011967820512088, "GtoC": -0.37174263060331114, "Pos_3_T": 0.0, "Pos_3_C": 0.0, "Pos_1_C": -0.20212623787209746, "Pos_3_G": -0.005006854444353376, "AtoG": 0.009651065275605292, "Pos_0_C": 0.0, "GtoT": 0.03928481081947023, "Pos_2_T": 0.0, "TtoA": 0.27726595161461254, "Pos_0_G": -0.07309156689234632, "AtoC": 0.0, "Pos_1_A": 0.0, "TtoG": 0.0, "Pos_2_A": -0.04609889812460447, "Pos_0_T": 0.22746019404325565, "TtoC": 0.0, "Pos_1_T": -0.016139371748780988, "CtoA": -0.009138954794758519, "Pos_1_G": 0.16397188470277285, "Pos_2_C": 0.11469271895310518, "CtoG": -0.3633563970990217, "Pos_3_A": 0.0}