{"best_a_choice": 3.0, "params": {"4": {"alpha": 3.0}, "3": {"alpha": 2.0}, "2": {"alpha": 1.0}, "1": {"alpha": 0.1}, "0": {"alpha": 0.01}}, "split0_test_score": {"4": 0.6051116758, "3": 0.6034961415, "2": 0.601206161, "1": 0.5986652237, "0": 0.5976457118}, "rank_test_score": {"4": 1, "3": 2, "2": 3, "1": 4, "0": 5}, "param_alpha": {"4": 3.0, "3": 2.0, "2": 1.0, "1": 0.1, "0": 0.01}}