{"pos0": {"df": 3, "rel_entropy": 2.7270594142165457e-05, "stats": "{\"group\":{\"0\":\"1\",\"1\":\"1\",\"2\":\"1\",\"3\":\"1\",\"4\":\"1\",\"5\":\"1\",\"6\":\"1\",\"7\":\"1\",\"8\":\"2\",\"9\":\"2\",\"10\":\"2\",\"11\":\"2\",\"12\":\"2\",\"13\":\"2\",\"14\":\"2\",\"15\":\"2\"},\"mut\":{\"0\":\"M\",\"1\":\"M\",\"2\":\"M\",\"3\":\"M\",\"4\":\"R\",\"5\":\"R\",\"6\":\"R\",\"7\":\"R\",\"8\":\"M\",\"9\":\"M\",\"10\":\"M\",\"11\":\"M\",\"12\":\"R\",\"13\":\"R\",\"14\":\"R\",\"15\":\"R\"},\"base\":{\"0\":\"A\",\"1\":\"C\",\"2\":\"G\",\"3\":\"T\",\"4\":\"A\",\"5\":\"C\",\"6\":\"G\",\"7\":\"T\",\"8\":\"A\",\"9\":\"C\",\"10\":\"G\",\"11\":\"T\",\"12\":\"A\",\"13\":\"C\",\"14\":\"G\",\"15\":\"T\"},\"count\":{\"0\":10273,\"1\":6144,\"2\":8563,\"3\":6625,\"4\":8766,\"5\":6987,\"6\":7876,\"7\":7975,\"8\":42,\"9\":16,\"10\":28,\"11\":22,\"12\":29,\"13\":26,\"14\":20,\"15\":33},\"fitted\":{\"0\":10276.6506157181,\"1\":6140.3445629714,\"2\":8565.9708034742,\"3\":6622.0340178365,\"4\":8762.349384282,\"5\":6990.6554370286,\"6\":7873.0291965259,\"7\":7977.9659821636,\"8\":38.349384282,\"9\":19.6554370286,\"10\":25.0291965259,\"11\":24.9659821635,\"12\":32.650615718,\"13\":22.3445629714,\"14\":22.9708034741,\"15\":30.0340178365},\"ret\":{\"0\":-0.0000575478,\"1\":0.0000576512,\"2\":-0.0000468315,\"3\":0.0000467741,\"4\":0.00005757,\"5\":-0.0000576189,\"6\":0.0000468485,\"7\":-0.0000467549,\"8\":0.0000602146,\"9\":-0.0000519077,\"10\":0.0000495155,\"11\":-0.0000438688,\"12\":-0.0000542131,\"13\":0.0000621104,\"14\":-0.000043671,\"15\":0.0000490002}}", "prob": 0.3260825721700631, "formula": "count ~ group * mut * base - group : mut : base", "deviance": 3.459274866933688}, "pos3": {"df": 3, "rel_entropy": 2.1450338280543832e-05, "stats": "{\"group\":{\"0\":\"1\",\"1\":\"1\",\"2\":\"1\",\"3\":\"1\",\"4\":\"1\",\"5\":\"1\",\"6\":\"1\",\"7\":\"1\",\"8\":\"2\",\"9\":\"2\",\"10\":\"2\",\"11\":\"2\",\"12\":\"2\",\"13\":\"2\",\"14\":\"2\",\"15\":\"2\"},\"mut\":{\"0\":\"M\",\"1\":\"M\",\"2\":\"M\",\"3\":\"M\",\"4\":\"R\",\"5\":\"R\",\"6\":\"R\",\"7\":\"R\",\"8\":\"M\",\"9\":\"M\",\"10\":\"M\",\"11\":\"M\",\"12\":\"R\",\"13\":\"R\",\"14\":\"R\",\"15\":\"R\"},\"base\":{\"0\":\"A\",\"1\":\"C\",\"2\":\"G\",\"3\":\"T\",\"4\":\"A\",\"5\":\"C\",\"6\":\"G\",\"7\":\"T\",\"8\":\"A\",\"9\":\"C\",\"10\":\"G\",\"11\":\"T\",\"12\":\"A\",\"13\":\"C\",\"14\":\"G\",\"15\":\"T\"},\"count\":{\"0\":9757,\"1\":8439,\"2\":7324,\"3\":6085,\"4\":8783,\"5\":7715,\"6\":8188,\"7\":6918,\"8\":32,\"9\":31,\"10\":23,\"11\":22,\"12\":39,\"13\":22,\"14\":22,\"15\":25},\"fitted\":{\"0\":9751.750617545,\"1\":8442.3725825648,\"2\":7325.8084707256,\"3\":6085.0683291645,\"4\":8788.2493824549,\"5\":7711.6274174352,\"6\":8186.1915292744,\"7\":6917.9316708355,\"8\":37.249382455,\"9\":27.6274174352,\"10\":21.1915292744,\"11\":21.9316708355,\"12\":33.750617545,\"13\":25.3725825648,\"14\":23.8084707256,\"15\":25.0683291645},\"ret\":{\"0\":0.0000827875,\"1\":-0.0000531637,\"2\":-0.00002851,\"3\":-0.0000010773,\"4\":-0.0000827405,\"5\":0.000053186,\"6\":0.0000285167,\"7\":0.0000010773,\"8\":-0.0000766383,\"9\":0.0000562954,\"10\":0.000029697,\"11\":0.000001079,\"12\":0.0000888917,\"13\":-0.0000494724,\"14\":-0.0000274021,\"15\":-0.0000010759}}", "prob": 0.43667450395276475, "formula": "count ~ group * mut * base - group : mut : base", "deviance": 2.720975410886985}, "pos1": {"df": 3, "rel_entropy": 2.2781243990523712e-05, "stats": "{\"group\":{\"0\":\"1\",\"1\":\"1\",\"2\":\"1\",\"3\":\"1\",\"4\":\"1\",\"5\":\"1\",\"6\":\"1\",\"7\":\"1\",\"8\":\"2\",\"9\":\"2\",\"10\":\"2\",\"11\":\"2\",\"12\":\"2\",\"13\":\"2\",\"14\":\"2\",\"15\":\"2\"},\"mut\":{\"0\":\"M\",\"1\":\"M\",\"2\":\"M\",\"3\":\"M\",\"4\":\"R\",\"5\":\"R\",\"6\":\"R\",\"7\":\"R\",\"8\":\"M\",\"9\":\"M\",\"10\":\"M\",\"11\":\"M\",\"12\":\"R\",\"13\":\"R\",\"14\":\"R\",\"15\":\"R\"},\"base\":{\"0\":\"A\",\"1\":\"C\",\"2\":\"G\",\"3\":\"T\",\"4\":\"A\",\"5\":\"C\",\"6\":\"G\",\"7\":\"T\",\"8\":\"A\",\"9\":\"C\",\"10\":\"G\",\"11\":\"T\",\"12\":\"A\",\"13\":\"C\",\"14\":\"G\",\"15\":\"T\"},\"count\":{\"0\":4294,\"1\":14580,\"2\":8352,\"3\":4379,\"4\":7999,\"5\":10415,\"6\":8352,\"7\":4838,\"8\":19,\"9\":49,\"10\":30,\"11\":10,\"12\":28,\"13\":35,\"14\":26,\"15\":19},\"fitted\":{\"0\":4296.4088933384,\"1\":14579.6890929538,\"2\":8353.7788957894,\"3\":4375.1231179185,\"4\":7996.5911066616,\"5\":10415.3109070463,\"6\":8350.2211042106,\"7\":4841.8768820815,\"8\":16.5911066616,\"9\":49.3109070463,\"10\":28.2211042106,\"11\":13.8768820815,\"12\":30.4088933384,\"13\":34.6890929537,\"14\":27.7788957894,\"15\":15.1231179185},\"ret\":{\"0\":-0.0000379695,\"1\":0.000004902,\"2\":-0.0000280442,\"3\":0.0000611525,\"4\":0.0000379859,\"5\":-0.0000049019,\"6\":0.0000280502,\"7\":-0.000061101,\"8\":0.0000406129,\"9\":-0.0000048865,\"10\":0.0000289132,\"11\":-0.0000516577,\"12\":-0.0000364345,\"13\":0.0000049239,\"14\":-0.0000271294,\"15\":0.0000683654}}", "prob": 0.40892963838368246, "formula": "count ~ group * mut * base - group : mut : base", "deviance": 2.889800800197933}, "pos2": {"df": 3, "rel_entropy": 1.0677709408115354e-05, "stats": "{\"group\":{\"0\":\"1\",\"1\":\"1\",\"2\":\"1\",\"3\":\"1\",\"4\":\"1\",\"5\":\"1\",\"6\":\"1\",\"7\":\"1\",\"8\":\"2\",\"9\":\"2\",\"10\":\"2\",\"11\":\"2\",\"12\":\"2\",\"13\":\"2\",\"14\":\"2\",\"15\":\"2\"},\"mut\":{\"0\":\"M\",\"1\":\"M\",\"2\":\"M\",\"3\":\"M\",\"4\":\"R\",\"5\":\"R\",\"6\":\"R\",\"7\":\"R\",\"8\":\"M\",\"9\":\"M\",\"10\":\"M\",\"11\":\"M\",\"12\":\"R\",\"13\":\"R\",\"14\":\"R\",\"15\":\"R\"},\"base\":{\"0\":\"A\",\"1\":\"C\",\"2\":\"G\",\"3\":\"T\",\"4\":\"A\",\"5\":\"C\",\"6\":\"G\",\"7\":\"T\",\"8\":\"A\",\"9\":\"C\",\"10\":\"G\",\"11\":\"T\",\"12\":\"A\",\"13\":\"C\",\"14\":\"G\",\"15\":\"T\"},\"count\":{\"0\":3012,\"1\":8351,\"2\":4223,\"3\":16019,\"4\":8426,\"5\":6846,\"6\":9244,\"7\":7088,\"8\":13,\"9\":19,\"10\":11,\"11\":65,\"12\":28,\"13\":20,\"14\":29,\"15\":31},\"fitted\":{\"0\":3014.7507083577,\"1\":8349.2631285569,\"2\":4222.0644106895,\"3\":16018.9217523959,\"4\":8423.2492916422,\"5\":6847.7368714431,\"6\":9244.9355893105,\"7\":7088.0782476041,\"8\":10.2492916422,\"9\":20.7368714431,\"10\":11.9355893105,\"11\":65.0782476041,\"12\":30.7507083578,\"13\":18.2631285569,\"14\":28.0644106895,\"15\":30.9217523959},\"ret\":{\"0\":-0.0000433497,\"1\":0.0000273875,\"2\":0.0000147527,\"3\":0.0000012337,\"4\":0.0000433765,\"5\":-0.0000273812,\"6\":-0.0000147504,\"7\":-0.0000012337,\"8\":0.0000487289,\"9\":-0.0000262044,\"10\":-0.0000141572,\"11\":-0.000001233,\"12\":-0.0000413692,\"13\":0.0000286474,\"14\":0.0000149943,\"15\":0.0000012353}}", "prob": 0.7162416444561173, "formula": "count ~ group * mut * base - group : mut : base", "deviance": 1.3544674384194326}}