{"TtoA": 0.3728669012561549, "GtoC": -0.23063412905752395, "Pos_0_A": 0.0, "AtoG": 0.09874704174888727, "Pos_1_A": 0.0, "GC_feature": -0.10555860065393328, "CtoG": -0.29117153214064057, "Pos_1_T": 0.0, "CtoT": -0.342621094927623, "CtoA": 0.0, "TtoC": 0.053951797859522484, "Pos_0_T": 0.0, "Pos_0_C": -0.08942656369672758, "Pos_1_C": 0.010575990784467077, "Pos_1_G": -0.2681560318625418, "TtoG": -0.06596963299396832, "AtoT": 0.4833481720880731, "AtoC": 0.0, "GtoA": -0.38398713462204564, "GtoT": 0.0, "Pos_0_G": 0.24216354164862458}