{"split0_test_score": {"0": 0.7678179309, "1": 0.7619675011, "2": 0.7614028484, "3": 0.7613714788}, "param_C": {"0": 0.1, "1": 1.0, "2": 10.0, "3": 100.0}, "param_penalty": {"0": "l1", "1": "l1", "2": "l1", "3": "l1"}, "rank_test_score": {"0": 1, "1": 2, "2": 3, "3": 4}, "best_c_choice": 0.1, "params": {"0": {"C": 0.1, "penalty": "l1"}, "1": {"C": 1.0, "penalty": "l1"}, "2": {"C": 10.0, "penalty": "l1"}, "3": {"C": 100.0, "penalty": "l1"}}}