{"param_alpha": {"3": 2.0, "1": 0.1, "4": 3.0, "0": 0.01, "2": 1.0}, "params": {"3": {"alpha": 2.0}, "1": {"alpha": 0.1}, "4": {"alpha": 3.0}, "0": {"alpha": 0.01}, "2": {"alpha": 1.0}}, "best_a_choice": 0.01, "rank_test_score": {"3": 4, "1": 2, "4": 5, "0": 1, "2": 3}, "split0_test_score": {"3": 0.7214965233, "1": 0.725085205, "4": 0.7205794316, "0": 0.7257650256, "2": 0.72278867}}