{"Pos_0:Pos_1:Pos_3_GCT": -0.03781209975656089, "Pos_0:Pos_3_AA": 0.0, "Pos_0:Pos_2:Pos_3_ACA": 0.0, "Pos_0:Pos_3_CT": 0.0, "Pos_1:Pos_2_CT": 0.0, "Pos_0:Pos_1_GC": 0.0, "Pos_2:Pos_3_GT": 0.0, "Pos_0:Pos_1_AG": 0.02884009991604648, "Pos_0:Pos_2:Pos_3_ATA": 0.0, "Pos_1:Pos_2:Pos_3_ACG": 0.0, "CtoT": -0.46434391992337587, "CtoG": -0.6726782519097891, "Pos_0:Pos_2:Pos_3_AGG": 0.0, "Pos_0:Pos_1_CG": -0.09378157646333002, "Pos_0:Pos_2_TG": 0.0, "Pos_0:Pos_1:Pos_2_CTT": -0.016907133986734383, "Pos_1_T": 0.0, "Pos_0:Pos_1:Pos_3_ACT": -0.0564153936957299, "Pos_0:Pos_3_AT": 0.0, "AtoC": -0.10025186979323272, "Pos_0:Pos_1:Pos_2_TAC": 0.0, "Pos_0:Pos_2_CT": 0.0, "Pos_0:Pos_1:Pos_2_CCG": -0.0024149139467385147, "Pos_1:Pos_2:Pos_3_TAG": 0.0, "Pos_1:Pos_2:Pos_3_GCG": 0.0, "Pos_0:Pos_1_CC": 0.0, "Pos_1:Pos_2_TG": 0.0, "Pos_1:Pos_2_TC": 0.0, "Pos_0:Pos_1:Pos_2_GCG": -0.016995749831026932, "Pos_1:Pos_2:Pos_3_ATG": 0.0, "Pos_0:Pos_1:Pos_3_CGG": 0.0, "Pos_1:Pos_2:Pos_3_TGA": -0.02296537462604558, "Pos_0:Pos_1:Pos_2_TGC": 0.019510584593738892, "Pos_1:Pos_3_AC": 0.0, "Pos_0:Pos_1:Pos_2_CAG": 0.010669523454282754, "Pos_2:Pos_3_TT": 0.01683678371048449, "Pos_0:Pos_2:Pos_3_TAC": 0.0, "Pos_0:Pos_1:Pos_3_TTC": 0.04614355467933616, "Pos_0:Pos_1:Pos_2_ATC": -0.014159706247895417, "Pos_1:Pos_2:Pos_3_ACA": 0.01764181747650161, "Pos_1:Pos_2:Pos_3_GGT": 0.0, "Pos_0:Pos_2:Pos_3_TAG": 0.012482048422869159, "Pos_0_C": 0.0, "Pos_0:Pos_1:Pos_2_GGC": 0.006862990618606716, "Pos_1:Pos_2:Pos_3_TTA": 0.015045598430245518, "Pos_0:Pos_2:Pos_3_GCA": 0.009786189555907661, "Pos_0:Pos_1:Pos_3_GAC": -0.016618579271985248, "Pos_0:Pos_1_CT": 0.0, "Pos_0:Pos_1:Pos_3_GCG": -0.02825971649746771, "Pos_0:Pos_1:Pos_2_CAA": 0.032490407737835236, "Pos_1:Pos_2_AC": 0.0, "Pos_0:Pos_1:Pos_2_GCA": 0.0, "Pos_1:Pos_2:Pos_3_AAA": -0.011808792463503432, "Pos_0:Pos_3_TA": 0.0, "Pos_0:Pos_2:Pos_3_TCC": 0.0, "Pos_1:Pos_3_TC": 0.0, "Pos_0:Pos_2:Pos_3_ATG": 0.035787612329668435, "Pos_0:Pos_1:Pos_2_GAA": -0.028558809450582333, "GtoC": -0.6570809072508574, "Pos_0:Pos_1:Pos_2_TTG": 0.0, "Pos_1:Pos_2:Pos_3_ACC": -0.01116132779688153, "Pos_0:Pos_2:Pos_3_CCA": 0.0, "Pos_0:Pos_1:Pos_2_AGA": 0.005817399740629796, "Pos_0:Pos_1:Pos_3_CCA": -0.02391863798504355, "Pos_1:Pos_3_GT": 0.0, "Pos_0:Pos_1_AA": 0.0, "Pos_0:Pos_1:Pos_3_ACC": 0.052869846419902736, "Pos_0:Pos_1:Pos_3_AGT": 0.0, "Pos_0:Pos_1:Pos_2_GAG": 0.0, "Pos_0:Pos_2:Pos_3_GAC": -0.008579293901708215, "Pos_0:Pos_1:Pos_2_AGG": 0.0, "Pos_0:Pos_1:Pos_2_GCC": -0.015059620666562175, "Pos_0:Pos_1:Pos_3_TCT": 0.0, "Pos_1:Pos_2:Pos_3_TAT": -0.024367292519826993, "Pos_0:Pos_2_CG": 0.0, "Pos_0:Pos_2:Pos_3_ACG": -0.010239266718461532, "Pos_0:Pos_1:Pos_3_GGC": 0.0, "Pos_0:Pos_1:Pos_3_CGA": 0.0, "Pos_0:Pos_2:Pos_3_TCG": -0.013085351831475897, "Pos_0:Pos_2:Pos_3_AGA": -0.012536928007038657, "Pos_0:Pos_1:Pos_2_GCT": 0.0, "Pos_0:Pos_1:Pos_2_CTG": 0.0, "Pos_1:Pos_2:Pos_3_AAT": -0.020894996456569403, "Pos_3_T": 0.0, "Pos_0:Pos_3_AG": 0.0, "Pos_2:Pos_3_GC": 0.0, "Pos_0:Pos_1:Pos_2_ATG": 0.0, "Pos_0:Pos_1:Pos_3_TCG": 0.007997292851707525, "Pos_0:Pos_3_TC": 0.0, "Pos_0:Pos_2_TT": 0.0, "Pos_0:Pos_2:Pos_3_CAC": -0.03224628744055411, "Pos_0:Pos_1:Pos_3_TCC": 0.0, "Pos_1:Pos_2:Pos_3_AGG": -0.021961583272956057, "Pos_0:Pos_3_GC": 0.0, "Pos_0:Pos_1:Pos_2_GTA": 0.0, "Pos_0:Pos_2_GA": 0.0, "Pos_1_C": 0.0, "Pos_0:Pos_2:Pos_3_GCC": 0.0, "Pos_0:Pos_2:Pos_3_GGT": 0.0, "Pos_0:Pos_1:Pos_3_TGG": -0.019844805772268326, "Pos_1:Pos_2:Pos_3_GTT": 0.0, "Pos_1:Pos_2:Pos_3_ATT": 0.0, "Pos_1_G": 0.18718446714461598, "Pos_0:Pos_1:Pos_3_TGT": 0.012986768173325513, "Pos_1:Pos_2:Pos_3_CAG": 0.0, "Pos_0:Pos_1:Pos_3_ATA": -0.0004593473109114186, "AtoT": 0.40754872948396137, "Pos_0:Pos_3_GT": 0.0, "Pos_0:Pos_2:Pos_3_GAG": 0.011715569580374466, "Pos_0:Pos_2:Pos_3_CTC": 0.0, "Pos_1:Pos_3_CC": 0.0, "Pos_1:Pos_2:Pos_3_CCC": 0.0, "Pos_0:Pos_1:Pos_3_GTA": -0.019260120222735204, "Pos_0:Pos_2_CA": 0.0, "Pos_0:Pos_2:Pos_3_AAG": -0.011510771134370346, "Pos_0:Pos_1:Pos_2_CGC": 0.0, "Pos_1:Pos_2:Pos_3_CTC": 0.0, "Pos_0:Pos_1:Pos_3_ACG": -0.04003844002566527, "Pos_0:Pos_2:Pos_3_TAA": -0.001662798183159076, "Pos_0:Pos_2:Pos_3_GAA": 0.0, "Pos_2_T": 0.0, "Pos_0:Pos_1:Pos_2_TGA": 0.0, "Pos_0:Pos_1:Pos_3_TCA": 0.008373139532470021, "Pos_0:Pos_2:Pos_3_ATT": 0.05464577575790085, "Pos_0:Pos_1:Pos_3_CCT": 0.0, "Pos_0:Pos_2_TA": 0.0, "Pos_0:Pos_1:Pos_2_ATT": 0.006715527521450531, "Pos_0:Pos_2:Pos_3_CAG": 0.0, "Pos_1:Pos_2:Pos_3_CCT": -0.035922178045786235, "Pos_0:Pos_1:Pos_3_CTT": 0.0, "Pos_0:Pos_1:Pos_2_ACG": -0.006479618722410084, "Pos_0:Pos_3_AC": 0.0, "Pos_1:Pos_2:Pos_3_TCA": 0.0, "Pos_0:Pos_2:Pos_3_GGC": -0.03268589671395109, "Pos_0:Pos_2:Pos_3_TTA": 0.0, "Pos_0:Pos_1:Pos_2_ACC": -0.04443328951809232, "Pos_0:Pos_2:Pos_3_CAT": -0.051320698029137066, "Pos_0:Pos_1:Pos_3_GAG": 0.0, "Pos_0:Pos_2:Pos_3_TGC": 0.00305021569015963, "Pos_0:Pos_1:Pos_3_GCA": 0.0, "Pos_0:Pos_2_GG": 0.0, "Pos_0:Pos_1:Pos_3_TTA": -0.0018661638200952275, "Pos_1:Pos_2_CC": 0.0, "Pos_1:Pos_2:Pos_3_GAC": 0.0, "Pos_0:Pos_2:Pos_3_AGT": 0.0, "Pos_0:Pos_1:Pos_2_GGG": 0.0, "Pos_0:Pos_2:Pos_3_TGA": 0.009225131267081748, "Pos_2:Pos_3_TC": 0.0, "Pos_1:Pos_2_GG": 0.0, "Pos_2:Pos_3_AA": -0.0288695160959551, "Pos_1:Pos_2:Pos_3_TGC": 0.0, "Pos_0:Pos_3_GG": 0.0, "Pos_0:Pos_1:Pos_3_GCC": 0.0, "Pos_1:Pos_2:Pos_3_TTC": 0.0, "Pos_1:Pos_2_TT": 0.0, "Pos_0:Pos_1:Pos_3_GGT": 0.0071610629680140935, "GtoA": -0.4591682731899219, "Pos_0:Pos_1:Pos_3_ACA": -0.030383443840856946, "Pos_0:Pos_1:Pos_3_CTC": -0.006844392772555052, "Pos_0:Pos_1:Pos_2_AGC": 0.0, "Pos_1:Pos_3_TG": 0.0, "Pos_1:Pos_2:Pos_3_TGT": -0.026409341213801153, "Pos_0:Pos_1:Pos_2_GTC": 0.0, "Pos_2:Pos_3_CA": 0.0, "Pos_1:Pos_2:Pos_3_CTG": 0.014093865670506583, "Pos_1:Pos_2:Pos_3_GAA": 0.0, "Pos_0:Pos_1_GT": 0.0, "Pos_1:Pos_2:Pos_3_AAG": 0.01982637263251947, "Pos_0:Pos_1:Pos_2_AAA": 0.0, "Pos_1:Pos_2:Pos_3_CGT": -0.01437654903084532, "Pos_0:Pos_1:Pos_2_CTA": -0.03255530635908563, "Pos_1:Pos_2:Pos_3_CGG": 0.0, "Pos_0:Pos_1:Pos_2_GTT": 0.0, "Pos_2:Pos_3_CG": 0.0, "Pos_0:Pos_2:Pos_3_CGT": 0.02634601665399148, "Pos_0:Pos_1:Pos_2_GAT": -0.03582793809372989, "Pos_0:Pos_1_TA": 0.0, "Pos_0:Pos_2:Pos_3_ACC": -0.007433522147822524, "Pos_0:Pos_1:Pos_3_GGA": 0.0, "Pos_0:Pos_1:Pos_3_AAA": 0.0, "Pos_2:Pos_3_AC": 0.0, "GtoT": 0.02423066404616399, "Pos_1:Pos_2:Pos_3_CAT": 0.0, "Pos_0_T": 0.02285773873741889, "Pos_0:Pos_2:Pos_3_CGA": 0.0, "Pos_0:Pos_1:Pos_3_AAC": 0.0, "Pos_1:Pos_2:Pos_3_TCG": -0.08371606259174522, "Pos_0:Pos_1:Pos_2_TTC": 0.0, "Pos_0:Pos_2:Pos_3_CGG": 0.0, "Pos_1:Pos_2:Pos_3_GCC": 0.0, "Pos_1:Pos_2:Pos_3_AGT": 0.0018214294131310947, "Pos_2:Pos_3_CT": 0.027216111283598177, "Pos_0:Pos_2:Pos_3_CCT": 0.0, "Pos_0:Pos_1:Pos_3_GGG": 0.0, "Pos_0:Pos_2:Pos_3_GAT": 0.0, "Pos_0:Pos_1:Pos_2_GAC": 0.0, "Pos_0:Pos_3_TT": 0.048018011620560345, "CtoA": -0.04910372428974948, "Pos_0:Pos_1:Pos_2_CCT": 0.0, "Pos_0:Pos_1:Pos_3_ATT": 0.0, "Pos_0:Pos_1:Pos_3_AGG": 0.0, "Pos_1:Pos_2:Pos_3_GTC": 0.05920441472928196, "Pos_1:Pos_2:Pos_3_AAC": 0.02621502877010153, "Pos_0:Pos_1:Pos_2_TTT": 0.03709165716555519, "Pos_0:Pos_2:Pos_3_TCT": 0.017071302924980297, "Pos_0:Pos_1:Pos_3_GTT": -0.007834570937405042, "Pos_0:Pos_1:Pos_2_ACA": 0.0, "Pos_0:Pos_1:Pos_3_GTC": 0.01086815192329885, "Pos_1:Pos_2:Pos_3_TCT": 0.0, "Pos_2:Pos_3_TA": 0.01580010250354612, "Pos_0:Pos_2:Pos_3_CTA": 0.013771206390057019, "Pos_2:Pos_3_AG": 0.04138822411476796, "Pos_0:Pos_2:Pos_3_GGG": 0.002261470034747089, "Pos_0:Pos_1:Pos_3_CAA": 0.0, "GC_feature": -0.12757325332194328, "Pos_1:Pos_2:Pos_3_TAC": -0.0023948151944005345, "Pos_1:Pos_2:Pos_3_TCC": 0.0072506764118604895, "Pos_0:Pos_2_AA": 0.0, "Pos_1:Pos_3_GC": 0.0, "Pos_1:Pos_2_AG": 0.0, "Pos_0:Pos_1:Pos_3_TAC": -0.01370407743628794, "Pos_1:Pos_2:Pos_3_TTT": 0.021617263856612407, "Pos_0:Pos_1_TT": 0.0, "Pos_0:Pos_1:Pos_3_GTG": 0.0, "Pos_0:Pos_1:Pos_2_ACT": 0.0, "Pos_0:Pos_1_TC": 0.0, "Pos_1:Pos_3_TA": 0.0, "Pos_1:Pos_3_AA": 0.0, "Pos_1:Pos_3_CT": 0.0, "Pos_2:Pos_3_TG": 0.0, "Pos_1:Pos_2:Pos_3_CAA": -0.03191971266243089, "Pos_1:Pos_2:Pos_3_TAA": 0.0,