{"params": {"4": {"alpha": 3.0}, "2": {"alpha": 1.0}, "1": {"alpha": 0.1}, "3": {"alpha": 2.0}, "0": {"alpha": 0.01}}, "best_a_choice": 0.01, "split0_test_score": {"4": 0.7173991467, "2": 0.7172422988, "1": 0.7181206475, "3": 0.7173991467, "0": 0.7181206475}, "rank_test_score": {"4": 3, "2": 5, "1": 1, "3": 3, "0": 1}, "param_alpha": {"4": 3.0, "2": 1.0, "1": 0.1, "3": 2.0, "0": 0.01}}