{"AtoG": 0.35982560033245714, "GtoA": -0.16225948047150002, "TtoC": 0.4108142111199787, "CtoA": 0.141876628142574, "AtoC": 0.18602684687336807, "GtoT": 0.4150400842690058, "AtoT": 1.1177215858669813, "TtoA": 1.1356446276934586, "TtoG": 0.4530612231639937, "CtoT": -0.14430929210446666, "CtoG": -1.6651547245653198, "GtoC": -1.7487225180792232}