{"rank_test_score": {"3": 5, "0": 1, "1": 2, "4": 4, "2": 3}, "split0_test_score": {"3": 0.6764775616, "0": 0.6794729167, "1": 0.6779026752, "4": 0.6765268592, "2": 0.6765944131}, "param_alpha": {"3": 2.0, "0": 0.01, "1": 0.1, "4": 3.0, "2": 1.0}, "best_a_choice": 0.01, "params": {"3": {"alpha": 2.0}, "0": {"alpha": 0.01}, "1": {"alpha": 0.1}, "4": {"alpha": 3.0}, "2": {"alpha": 1.0}}}