{"CtoA": 0.26774086125351704, "AtoG": 0.3284965013861675, "CtoG": -1.664125749895619, "TtoA": 1.1464938556170658, "GtoC": -1.5007807692911355, "TtoC": 0.45180586565277325, "TtoG": 0.35305061375739116, "AtoT": 1.0219436266355373, "AtoC": 0.04063048362504111, "CtoT": -0.20691313406597972, "GtoA": -0.20909645732431448, "GtoT": 0.4460955979558986}