{"param_penalty": {"3": "l1", "0": "l1", "2": "l1", "1": "l1"}, "best_c_choice": 1.0, "params": {"3": {"C": 100.0, "penalty": "l1"}, "0": {"C": 0.1, "penalty": "l1"}, "2": {"C": 10.0, "penalty": "l1"}, "1": {"C": 1.0, "penalty": "l1"}}, "rank_test_score": {"3": 2, "0": 4, "2": 2, "1": 1}, "split0_test_score": {"3": 0.7184188442, "0": 0.7154320046, "2": 0.7184188442, "1": 0.7193610528}, "param_C": {"3": 100.0, "0": 0.1, "2": 10.0, "1": 1.0}}