{"param_alpha": {"0": 0.01, "4": 3.0, "1": 0.1, "2": 1.0, "3": 2.0}, "rank_test_score": {"0": 1, "4": 5, "1": 2, "2": 3, "3": 4}, "split0_test_score": {"0": 0.7112234292, "4": 0.7036005012, "1": 0.7095055434, "2": 0.7060092229, "3": 0.7045426608}, "best_a_choice": 0.01, "params": {"0": {"alpha": 0.01}, "4": {"alpha": 3.0}, "1": {"alpha": 0.1}, "2": {"alpha": 1.0}, "3": {"alpha": 2.0}}}