{"param_alpha": {"2": 1.0, "3": 2.0, "4": 3.0, "0": 0.01, "1": 0.1}, "best_a_choice": 0.01, "split0_test_score": {"2": 0.7603655831, "3": 0.7601691654, "4": 0.7600335224, "0": 0.7603837799, "1": 0.7603837799}, "rank_test_score": {"2": 3, "3": 4, "4": 5, "0": 1, "1": 1}, "params": {"2": {"alpha": 1.0}, "3": {"alpha": 2.0}, "4": {"alpha": 3.0}, "0": {"alpha": 0.01}, "1": {"alpha": 0.1}}}