{"AtoT": 1.1172540862727265, "TtoC": 0.30781224620629855, "CtoG": -1.4260957104645082, "CtoA": 0.15072314046165522, "GtoA": -0.24470700414150579, "TtoA": 0.9087250435678192, "CtoT": -0.37020826613858876, "AtoG": 0.3346275555109765, "AtoC": 0.3407426879250029, "GtoC": -1.3644793921729053, "TtoG": 0.12389552462396002, "GtoT": 0.44807378208154514}