{"GtoC": -0.5356184496728589, "AtoT": 0.3812453729503342, "GtoA": -0.4499904393721714, "TtoG": 0.0, "CtoA": -0.005966576059621814, "AtoG": 0.023838092876298324, "TtoA": 0.4096649091550344, "GC_feature": -0.15051149620208834, "GtoT": 0.025285736521230586, "TtoC": 0.04123912938303236, "CtoG": -0.6079638624822906, "CtoT": -0.45065996409517467, "AtoC": -0.11271307540172473}