{"Pos_5_G": -0.10830239124896113, "Pos_3_T": 0.0, "Pos_4_G": 0.010637867789270592, "Pos_5_A": 0.1382546294732571, "Pos_4_A": -0.07485618883183717, "Pos_3_C": 0.08591581832841579, "AtoG": 0.0, "Pos_5_C": 0.0, "Pos_0_G": 0.0, "TtoG": 0.007715909612150664, "AtoC": -0.18432318550443705, "GtoT": 0.06686007439445266, "Pos_1_G": 0.0, "GtoC": -0.330825843556864, "Pos_1_C": -0.011275930920034124, "TtoC": 0.007744214647375075, "GC_feature": -0.036134390461389505, "Pos_2_A": 0.0, "Pos_4_T": 0.0, "Pos_3_A": -0.0520138924727278, "Pos_2_C": -0.10526023719579905, "CtoG": -0.3775215885031416, "Pos_2_G": 0.1851223823662459, "CtoA": 0.0, "Pos_2_T": 0.0, "AtoT": 0.4011955899532699, "Pos_0_C": -0.05692822923641707, "Pos_3_G": -0.27866430503958906, "GtoA": -0.3803162078510398, "Pos_1_A": 0.0, "Pos_1_T": 0.11689292220608583, "Pos_0_T": 0.022007820146770073, "Pos_0_A": 0.0, "CtoT": -0.42933126553992235, "TtoA": 0.4798899677548199, "Pos_4_C": 0.0, "Pos_5_T": 0.1140075408944731}