{"Pos_0:Pos_1_CC": 0.0, "Pos_0:Pos_1_TT": 0.35534601213474587, "Pos_0:Pos_1_CT": -0.012908530632748594, "Pos_0:Pos_1_TC": -0.048462667662129005, "AtoC": -0.1047137679391765, "TtoG": 0.5617146290779215, "AtoG": 0.5160586347132085, "TtoA": 1.4998071723099737, "Pos_1_T": 0.0, "Pos_0:Pos_1_AG": 0.0, "Pos_1_G": -0.1963448286636027, "Pos_0_C": -0.0739640315835179, "Pos_1_A": 0.000130606987741213, "Pos_0:Pos_1_GT": 0.3424760377730035, "GtoC": -2.606803997284367, "Pos_0:Pos_1_TG": 0.012547291211931011, "Pos_0:Pos_1_GA": 0.0, "Pos_0_A": 0.00018094555037331152, "TtoC": 0.5396740825176913, "CtoA": 0.4981798621201807, "Pos_1_C": 0.1157546545352989, "AtoT": 1.3644290338404188, "Pos_0:Pos_1_AA": 0.13897190422764275, "Pos_0:Pos_1_CA": 0.027990042961363492, "Pos_0:Pos_1_AT": -0.11482132505379529, "CtoG": -2.6196217803234623, "CtoT": -0.08689906112016565, "Pos_0:Pos_1_CG": -0.1264745010036472, "Pos_0:Pos_1_AC": 0.0, "Pos_0:Pos_1_GG": -0.0174518361713957, "GtoT": 0.7081833597988144, "Pos_0:Pos_1_GC": 0.3507782818525876, "GtoA": -0.11009122435963424, "Pos_0_G": 0.08611888026238616, "Pos_0_T": 0.0, "Pos_0:Pos_1_TA": -0.14268666301010732}