{"best_c_choice": 10.0, "param_penalty": {"3": "l1", "1": "l1", "2": "l1", "0": "l1"}, "params": {"3": {"C": 100.0, "penalty": "l1"}, "1": {"C": 1.0, "penalty": "l1"}, "2": {"C": 10.0, "penalty": "l1"}, "0": {"C": 0.1, "penalty": "l1"}}, "param_C": {"3": 100.0, "1": 1.0, "2": 10.0, "0": 0.1}, "split0_test_score": {"3": 0.7602422277, "1": 0.7599523174, "2": 0.7604329582, "0": 0.7415163075}, "rank_test_score": {"3": 2, "1": 3, "2": 1, "0": 4}}