{"best_a_choice": 0.01, "param_alpha": {"1": 0.1, "3": 2.0, "4": 3.0, "2": 1.0, "0": 0.01}, "split0_test_score": {"1": 0.7453494573, "3": 0.7438280319, "4": 0.7430124224, "2": 0.7448632286, "0": 0.7453651421}, "rank_test_score": {"1": 2, "3": 4, "4": 5, "2": 3, "0": 1}, "params": {"1": {"alpha": 0.1}, "3": {"alpha": 2.0}, "4": {"alpha": 3.0}, "2": {"alpha": 1.0}, "0": {"alpha": 0.01}}}