{"rank_test_score": {"4": 1, "1": 4, "3": 2, "0": 5, "2": 3}, "best_a_choice": 3.0, "params": {"4": {"alpha": 3.0}, "1": {"alpha": 0.1}, "3": {"alpha": 2.0}, "0": {"alpha": 0.01}, "2": {"alpha": 1.0}}, "param_alpha": {"4": 3.0, "1": 0.1, "3": 2.0, "0": 0.01, "2": 1.0}, "split0_test_score": {"4": 0.6475547399, "1": 0.6343246126, "3": 0.6465509129, "0": 0.6269998118, "2": 0.6435551164}}