{"Pos_1_G": -0.22380821628870395, "GtoC": -1.445970501526148, "AtoT": 1.3854950381860367, "Pos_0_A": 0.1810585925052362, "Pos_0_C": -0.13534993746449853, "CtoT": -0.2224866226645438, "CtoA": 0.003136633435079498, "CtoG": -1.2285131222933938, "AtoC": -0.23662491650081188, "AtoG": 0.3915191041035108, "Pos_1_C": 0.0020423981252152405, "Pos_0_T": 0.0, "Pos_1_A": 0.015909519388415387, "TtoA": 0.9426813558549934, "Pos_0_G": 0.3596156249429001, "TtoG": 0.21683273661170302, "Pos_1_T": 0.0, "TtoC": 0.3054698488790838, "GtoA": -0.24107450742616768, "GtoT": 0.424550569486874}