{"Pos_1_A": 0.0015676798184149573, "Pos_0_C": -0.10739389706263733, "AtoG": 0.023124549441331316, "CtoG": -0.26314984149201587, "CtoA": 0.0, "AtoC": -0.0045712892865181175, "Pos_0_G": 0.1259570923256962, "AtoT": 0.37561693795174783, "Pos_0_A": 0.0, "TtoA": 0.3806743350862185, "GtoA": -0.3848589141848611, "Pos_0_T": -0.04102489236216186, "CtoT": -0.4353096133408196, "GtoC": -0.25412779388440304, "Pos_1_T": 0.0, "Pos_1_C": 0.10937737110590735, "TtoC": 0.105633843300846, "TtoG": 0.0, "GC_feature": 0.0, "Pos_1_G": -0.15179426581410047, "GtoT": 0.0}