{"CtoG": -0.6008476403457774, "Pos_3_A": -0.03311446344839063, "Pos_1_G": 0.2343501398454887, "Pos_1_C": -0.1259861670174966, "Pos_0_G": -0.046477063203818586, "Pos_3_C": 0.0, "TtoC": 0.0, "CtoT": -0.4311586406863761, "Pos_2_G": -0.299356785171123, "Pos_3_T": 0.0, "AtoT": 0.3830775385342134, "CtoA": -0.07183352283423233, "Pos_1_A": 0.0, "Pos_0_T": 0.12156582114058234, "Pos_3_G": 0.027990979374022763, "GtoA": -0.4141850900546372, "AtoG": 0.03543456579213722, "Pos_1_T": -0.025177912620922942, "Pos_2_T": 0.0, "Pos_0_C": 0.01858506911111304, "Pos_2_C": 0.011603612910610281, "AtoC": -0.10620738140960002, "GtoC": -0.5698613028262468, "TtoG": 0.0025902337504615284, "Pos_2_A": -0.08453650777391886, "GC_feature": -0.12471776607692675, "TtoA": 0.46015455724968146, "Pos_0_A": 0.0, "GtoT": 0.013459395975429313}