{"param_alpha": {"0": 0.01, "2": 1.0, "4": 3.0, "1": 0.1, "3": 2.0}, "split0_test_score": {"0": 0.7311155029, "2": 0.7267864985, "4": 0.7241357676, "1": 0.7307704373, "3": 0.7255944539}, "params": {"0": {"alpha": 0.01}, "2": {"alpha": 1.0}, "4": {"alpha": 3.0}, "1": {"alpha": 0.1}, "3": {"alpha": 2.0}}, "best_a_choice": 0.01, "rank_test_score": {"0": 1, "2": 3, "4": 5, "1": 2, "3": 4}}