{"Pos_5_C": 0.0, "Pos_5_A": 0.14918112862080415, "CtoA": 0.26343562165933054, "Pos_3_C": 0.13669973100411012, "TtoC": 0.3790071484920428, "GtoC": -1.6401424329284229, "Pos_4_A": -0.02165324741196508, "Pos_2_T": 0.09959043636716583, "GtoT": 0.3906913069297715, "Pos_4_G": 0.05140289791376555, "AtoT": 0.9811766491134711, "Pos_0_A": 0.04764406403885262, "Pos_2_A": 0.0, "Pos_4_T": 0.10621485111552634, "Pos_1_C": 0.0, "Pos_1_T": 0.21477572609568177, "Pos_5_T": 0.10631616542452824, "GtoA": -0.2623417174840157, "Pos_3_T": 0.07513502097903388, "Pos_3_A": 0.0, "Pos_1_A": 0.05747011590175654, "Pos_0_T": 0.13849377739472352, "TtoG": 0.2609954079535049, "AtoG": 0.24674027913719906, "Pos_3_G": -0.22940197463538148, "Pos_0_C": -0.0951187524649788, "AtoC": 0.0500067662898029, "CtoG": -1.6714586154543452, "Pos_1_G": -0.09247496255070245, "CtoT": -0.2533492449823563, "Pos_2_G": 0.2524884890830444, "TtoA": 1.1806913205991014, "Pos_2_C": -0.19277343176650083, "Pos_4_C": 0.0, "Pos_0_G": 0.0, "Pos_5_G": -0.021563135533948483}