{"split0_test_score": {"4": 0.7173991467, "3": 0.7173991467, "2": 0.7172422988, "1": 0.7181206475, "0": 0.7181206475}, "best_a_choice": 0.01, "rank_test_score": {"4": 3, "3": 3, "2": 5, "1": 1, "0": 1}, "params": {"4": {"alpha": 3.0}, "3": {"alpha": 2.0}, "2": {"alpha": 1.0}, "1": {"alpha": 0.1}, "0": {"alpha": 0.01}}, "param_alpha": {"4": 3.0, "3": 2.0, "2": 1.0, "1": 0.1, "0": 0.01}}