{"GtoT": 0.40396106326156134, "Pos_5_G": -0.06398683881522367, "Pos_4_C": 0.0, "AtoC": -0.298826778410512, "Pos_5_T": 0.07146932270678533, "Pos_3_A": 0.0, "CtoG": -1.2704811997011052, "Pos_0_C": 0.0, "AtoT": 1.3638277977102253, "Pos_1_C": -0.11586274400781353, "Pos_3_G": -0.19702397699229096, "Pos_1_A": 0.0, "Pos_0_G": -0.02963952254888444, "AtoG": 0.33935481309981974, "Pos_3_C": 0.0, "CtoA": 0.009657180654521907, "GtoC": -1.4044092585328503, "Pos_1_G": 0.046278332341968965, "Pos_5_C": 0.0, "Pos_3_T": 0.009933459697181369, "CtoT": -0.2582190789514523, "Pos_4_T": 0.15674641180117985, "Pos_2_T": 0.0, "Pos_2_A": 0.17253246170736738, "Pos_1_T": 0.08338692366076252, "TtoC": 0.24092395870152686, "Pos_4_G": -0.08697461045713932, "Pos_2_G": 0.3181992478833593, "Pos_0_A": 0.10316115139109362, "Pos_2_C": -0.1500934680250931, "TtoA": 0.8801216249127679, "Pos_0_T": 0.2276717330238393, "Pos_4_A": 0.03682695191083545, "Pos_5_A": 0.291854417563473, "TtoG": 0.1463533679105569, "GtoA": -0.3106660831857421}