{"best_a_choice": 0.01, "param_alpha": {"2": 1.0, "4": 3.0, "1": 0.1, "3": 2.0, "0": 0.01}, "params": {"2": {"alpha": 1.0}, "4": {"alpha": 3.0}, "1": {"alpha": 0.1}, "3": {"alpha": 2.0}, "0": {"alpha": 0.01}}, "rank_test_score": {"2": 3, "4": 5, "1": 2, "3": 4, "0": 1}, "split0_test_score": {"2": 0.7375328009, "4": 0.7336739854, "1": 0.739257054, "3": 0.7352369775, "0": 0.7393324364}}