{"AtoC": 0.08041079692005214, "Pos_3_T": 0.04050663655552303, "TtoC": 0.32757696281848614, "TtoA": 1.1516429738702267, "GtoA": -0.29460949964674465, "GtoC": -1.5784285031688052, "CtoA": 0.24629908971875392, "Pos_1_G": 0.26620028904438225, "AtoT": 1.1219776063099285, "Pos_1_T": 0.0, "Pos_2_T": 0.11723185052987599, "Pos_3_C": 0.0, "Pos_2_G": -0.16716231756034014, "Pos_2_A": 0.0, "GtoT": 0.348186609922697, "CtoT": -0.2976991277594067, "CtoG": -1.5385072046316086, "Pos_1_C": -0.15966010870849498, "Pos_3_G": 0.020221843010820254, "Pos_1_A": 0.030136540964905784, "Pos_3_A": -0.049270987375973616, "Pos_2_C": 0.1565221388322089, "Pos_0_G": -0.049219648941878205, "AtoG": 0.3373264879131022, "TtoG": 0.2640146889571487, "Pos_0_A": 0.024474606100549547, "Pos_0_C": 0.0, "Pos_0_T": 0.15957608254711692}