{"best_a_choice": 3.0, "params": {"1": {"alpha": 0.1}, "2": {"alpha": 1.0}, "3": {"alpha": 2.0}, "0": {"alpha": 0.01}, "4": {"alpha": 3.0}}, "param_alpha": {"1": 0.1, "2": 1.0, "3": 2.0, "0": 0.01, "4": 3.0}, "rank_test_score": {"1": 4, "2": 3, "3": 2, "0": 5, "4": 1}, "split0_test_score": {"1": 0.6791588785, "2": 0.6828781232, "3": 0.6849132176, "0": 0.6756227351, "4": 0.686347511}}