{"best_a_choice": 0.01, "params": {"1": {"alpha": 0.1}, "0": {"alpha": 0.01}, "3": {"alpha": 2.0}, "4": {"alpha": 3.0}, "2": {"alpha": 1.0}}, "rank_test_score": {"1": 1, "0": 1, "3": 1, "4": 1, "2": 1}, "param_alpha": {"1": 0.1, "0": 0.01, "3": 2.0, "4": 3.0, "2": 1.0}, "split0_test_score": {"1": 0.7368237348, "0": 0.7368237348, "3": 0.7368237348, "4": 0.7368237348, "2": 0.7368237348}}