{"params": {"4": {"alpha": 3.0}, "1": {"alpha": 0.1}, "3": {"alpha": 2.0}, "0": {"alpha": 0.01}, "2": {"alpha": 1.0}}, "split0_test_score": {"4": 0.6645353341, "1": 0.6612412744, "3": 0.6639999781, "0": 0.6585376429, "2": 0.6633181941}, "best_a_choice": 3.0, "rank_test_score": {"4": 1, "1": 4, "3": 2, "0": 5, "2": 3}, "param_alpha": {"4": 3.0, "1": 0.1, "3": 2.0, "0": 0.01, "2": 1.0}}