{"rank_test_score": {"3": 2, "2": 3, "4": 1, "1": 4, "0": 5}, "best_a_choice": 3.0, "split0_test_score": {"3": 0.6498035476, "2": 0.646704177, "4": 0.6516669846, "1": 0.6369692924, "0": 0.6279954225}, "param_alpha": {"3": 2.0, "2": 1.0, "4": 3.0, "1": 0.1, "0": 0.01}, "params": {"3": {"alpha": 2.0}, "2": {"alpha": 1.0}, "4": {"alpha": 3.0}, "1": {"alpha": 0.1}, "0": {"alpha": 0.01}}}