{"AtoC": -0.025313327713092176, "GC_feature": 0.0, "CtoT": -0.4487478308806465, "GtoT": 0.0, "AtoG": 0.044343398323756784, "CtoG": -0.2780951052640281, "AtoT": 0.3724341458453437, "TtoC": 0.1030961833882655, "GtoC": -0.2466070466685422, "TtoA": 0.3562280438159183, "TtoG": 0.0, "CtoA": 0.0, "GtoA": -0.4104576854846161}