{"pos0": {"prob": 0.6154660376507644, "deviance": 1.7975600615744054, "stats": "{\"group\":{\"0\":\"1\",\"1\":\"1\",\"2\":\"1\",\"3\":\"1\",\"4\":\"1\",\"5\":\"1\",\"6\":\"1\",\"7\":\"1\",\"8\":\"2\",\"9\":\"2\",\"10\":\"2\",\"11\":\"2\",\"12\":\"2\",\"13\":\"2\",\"14\":\"2\",\"15\":\"2\"},\"mut\":{\"0\":\"M\",\"1\":\"M\",\"2\":\"M\",\"3\":\"M\",\"4\":\"R\",\"5\":\"R\",\"6\":\"R\",\"7\":\"R\",\"8\":\"M\",\"9\":\"M\",\"10\":\"M\",\"11\":\"M\",\"12\":\"R\",\"13\":\"R\",\"14\":\"R\",\"15\":\"R\"},\"base\":{\"0\":\"A\",\"1\":\"C\",\"2\":\"G\",\"3\":\"T\",\"4\":\"A\",\"5\":\"C\",\"6\":\"G\",\"7\":\"T\",\"8\":\"A\",\"9\":\"C\",\"10\":\"G\",\"11\":\"T\",\"12\":\"A\",\"13\":\"C\",\"14\":\"G\",\"15\":\"T\"},\"count\":{\"0\":9748,\"1\":8609,\"2\":10613,\"3\":8899,\"4\":8652,\"5\":8781,\"6\":9975,\"7\":10447,\"8\":272,\"9\":173,\"10\":227,\"11\":194,\"12\":222,\"13\":189,\"14\":229,\"15\":226},\"fitted\":{\"0\":9758.9184320645,\"1\":8603.5824810407,\"2\":10605.9461225808,\"3\":8900.5529643142,\"4\":8641.0815679356,\"5\":8786.4175189594,\"6\":9982.0538774192,\"7\":10445.4470356859,\"8\":261.0815679356,\"9\":178.4175189593,\"10\":234.0538774192,\"11\":192.4470356859,\"12\":232.9184320645,\"13\":183.5824810407,\"14\":221.9461225808,\"15\":227.5529643141},\"ret\":{\"0\":-0.0001408841,\"1\":0.0000699652,\"2\":0.0000910998,\"3\":-0.0000200479,\"4\":0.000141052,\"5\":-0.0000699216,\"6\":-0.0000910373,\"7\":0.0000200511,\"8\":0.0001438703,\"9\":-0.0000688704,\"10\":-0.0000896832,\"11\":0.0000201303,\"12\":-0.0001376062,\"13\":0.0000709652,\"14\":0.0000925016,\"15\":-0.0000199811}}", "df": 3, "formula": "count ~ group * mut * base - group : mut : base", "rel_entropy": 1.1603749622846555e-05}, "pos2": {"prob": 0.06591594792154291, "deviance": 7.195665651226381, "stats": "{\"group\":{\"0\":\"1\",\"1\":\"1\",\"2\":\"1\",\"3\":\"1\",\"4\":\"1\",\"5\":\"1\",\"6\":\"1\",\"7\":\"1\",\"8\":\"2\",\"9\":\"2\",\"10\":\"2\",\"11\":\"2\",\"12\":\"2\",\"13\":\"2\",\"14\":\"2\",\"15\":\"2\"},\"mut\":{\"0\":\"M\",\"1\":\"M\",\"2\":\"M\",\"3\":\"M\",\"4\":\"R\",\"5\":\"R\",\"6\":\"R\",\"7\":\"R\",\"8\":\"M\",\"9\":\"M\",\"10\":\"M\",\"11\":\"M\",\"12\":\"R\",\"13\":\"R\",\"14\":\"R\",\"15\":\"R\"},\"base\":{\"0\":\"A\",\"1\":\"C\",\"2\":\"G\",\"3\":\"T\",\"4\":\"A\",\"5\":\"C\",\"6\":\"G\",\"7\":\"T\",\"8\":\"A\",\"9\":\"C\",\"10\":\"G\",\"11\":\"T\",\"12\":\"A\",\"13\":\"C\",\"14\":\"G\",\"15\":\"T\"},\"count\":{\"0\":4265,\"1\":6644,\"2\":21250,\"3\":5710,\"4\":5744,\"5\":9378,\"6\":14728,\"7\":8005,\"8\":119,\"9\":160,\"10\":445,\"11\":142,\"12\":190,\"13\":200,\"14\":318,\"15\":158},\"fitted\":{\"0\":4251.0339013473,\"1\":6652.5235034654,\"2\":21240.3419890973,\"3\":5725.1006060898,\"4\":5757.9660986526,\"5\":9369.4764965346,\"6\":14737.6580109027,\"7\":7989.8993939101,\"8\":132.9660986526,\"9\":151.4764965346,\"10\":454.6580109027,\"11\":126.8993939101,\"12\":176.0339013474,\"13\":208.5235034654,\"14\":308.3419890973,\"15\":173.1006060899},\"ret\":{\"0\":0.000180606,\"1\":-0.0001099726,\"2\":0.0001247186,\"3\":-0.0001946999,\"4\":-0.0001800912,\"5\":0.0001100932,\"6\":-0.0001246494,\"7\":0.0001951413,\"8\":-0.0001704905,\"9\":0.0001130827,\"10\":-0.0001233565,\"11\":0.0002061223,\"12\":0.0001872808,\"13\":-0.0001077628,\"14\":0.000126623,\"15\":-0.0001861949}}", "df": 3, "formula": "count ~ group * mut * base - group : mut : base", "rel_entropy": 4.6450020987569597e-05}, "pos1": {"prob": 0.47640338037461316, "deviance": 2.493850944780979, "stats": "{\"group\":{\"0\":\"1\",\"1\":\"1\",\"2\":\"1\",\"3\":\"1\",\"4\":\"1\",\"5\":\"1\",\"6\":\"1\",\"7\":\"1\",\"8\":\"2\",\"9\":\"2\",\"10\":\"2\",\"11\":\"2\",\"12\":\"2\",\"13\":\"2\",\"14\":\"2\",\"15\":\"2\"},\"mut\":{\"0\":\"M\",\"1\":\"M\",\"2\":\"M\",\"3\":\"M\",\"4\":\"R\",\"5\":\"R\",\"6\":\"R\",\"7\":\"R\",\"8\":\"M\",\"9\":\"M\",\"10\":\"M\",\"11\":\"M\",\"12\":\"R\",\"13\":\"R\",\"14\":\"R\",\"15\":\"R\"},\"base\":{\"0\":\"A\",\"1\":\"C\",\"2\":\"G\",\"3\":\"T\",\"4\":\"A\",\"5\":\"C\",\"6\":\"G\",\"7\":\"T\",\"8\":\"A\",\"9\":\"C\",\"10\":\"G\",\"11\":\"T\",\"12\":\"A\",\"13\":\"C\",\"14\":\"G\",\"15\":\"T\"},\"count\":{\"0\":13270,\"1\":9362,\"2\":8323,\"3\":6914,\"4\":8225,\"5\":12051,\"6\":7946,\"7\":9633,\"8\":308,\"9\":190,\"10\":188,\"11\":180,\"12\":203,\"13\":246,\"14\":195,\"15\":222},\"fitted\":{\"0\":13263.8285109317,\"1\":9362.3873277017,\"2\":8316.1338820652,\"3\":6926.6502793012,\"4\":8231.1714890682,\"5\":12050.6126722982,\"6\":7952.8661179348,\"7\":9620.3497206988,\"8\":314.1714890682,\"9\":189.6126722982,\"10\":194.8661179348,\"11\":167.3497206991,\"12\":196.8285109318,\"13\":246.3873277018,\"14\":188.1338820652,\"15\":234.6502793017},\"ret\":{\"0\":0.0000796959,\"1\":-0.0000050005,\"2\":0.000088682,\"3\":-0.0001631729,\"4\":-0.0000796475,\"5\":0.0000050007,\"6\":-0.0000886071,\"7\":0.0001634295,\"8\":-0.0000788896,\"9\":0.0000050057,\"10\":-0.000087065,\"11\":0.0001693451,\"12\":0.0000809136,\"13\":-0.0000049967,\"14\":0.0000902437,\"15\":-0.0001588384}}", "df": 3, "formula": "count ~ group * mut * base - group : mut : base", "rel_entropy": 1.609850072803255e-05}, "pos3": {"prob": 0.39150702298176204, "deviance": 3.000766429696065, "stats": "{\"group\":{\"0\":\"1\",\"1\":\"1\",\"2\":\"1\",\"3\":\"1\",\"4\":\"1\",\"5\":\"1\",\"6\":\"1\",\"7\":\"1\",\"8\":\"2\",\"9\":\"2\",\"10\":\"2\",\"11\":\"2\",\"12\":\"2\",\"13\":\"2\",\"14\":\"2\",\"15\":\"2\"},\"mut\":{\"0\":\"M\",\"1\":\"M\",\"2\":\"M\",\"3\":\"M\",\"4\":\"R\",\"5\":\"R\",\"6\":\"R\",\"7\":\"R\",\"8\":\"M\",\"9\":\"M\",\"10\":\"M\",\"11\":\"M\",\"12\":\"R\",\"13\":\"R\",\"14\":\"R\",\"15\":\"R\"},\"base\":{\"0\":\"A\",\"1\":\"C\",\"2\":\"G\",\"3\":\"T\",\"4\":\"A\",\"5\":\"C\",\"6\":\"G\",\"7\":\"T\",\"8\":\"A\",\"9\":\"C\",\"10\":\"G\",\"11\":\"T\",\"12\":\"A\",\"13\":\"C\",\"14\":\"G\",\"15\":\"T\"},\"count\":{\"0\":10485,\"1\":9472,\"2\":9143,\"3\":8769,\"4\":9966,\"5\":9674,\"6\":7359,\"7\":10856,\"8\":245,\"9\":213,\"10\":215,\"11\":193,\"12\":250,\"13\":213,\"14\":149,\"15\":254},\"fitted\":{\"0\":10476.4037385923,\"1\":9474.1786868583,\"2\":9156.0201609942,\"3\":8762.3974135551,\"4\":9974.5962614076,\"5\":9671.8213131417,\"6\":7345.9798390058,\"7\":10862.6025864449,\"8\":253.5962614076,\"9\":210.8213131417,\"10\":201.9798390069,\"11\":199.6025864449,\"12\":241.4037385924,\"13\":215.1786868583,\"14\":162.0201609952,\"15\":247.3974135551},\"ret\":{\"0\":0.000111028,\"1\":-0.0000281248,\"2\":-0.0001679779,\"3\":0.0000852752,\"4\":-0.0001109347,\"5\":0.0000281312,\"6\":0.0001682464,\"7\":-0.0000852171,\"8\":-0.0001090799,\"9\":0.0000282729,\"10\":0.0001734027,\"11\":-0.0000838174,\"12\":0.0001129355,\"13\":-0.0000279852,\"14\":-0.0001611547,\"15\":0.0000863706}}", "df": 3, "formula": "count ~ group * mut * base - group : mut : base", "rel_entropy": 1.937078102210329e-05}}