{"best_a_choice": 3.0, "rank_test_score": {"3": 2, "4": 1, "0": 5, "2": 3, "1": 4}, "split0_test_score": {"3": 0.6504909398, "4": 0.6509313066, "0": 0.6459012013, "2": 0.6496340614, "1": 0.6475882403}, "params": {"3": {"alpha": 2.0}, "4": {"alpha": 3.0}, "0": {"alpha": 0.01}, "2": {"alpha": 1.0}, "1": {"alpha": 0.1}}, "param_alpha": {"3": 2.0, "4": 3.0, "0": 0.01, "2": 1.0, "1": 0.1}}