{"params": {"0": {"alpha": 0.01}, "2": {"alpha": 1.0}, "4": {"alpha": 3.0}, "1": {"alpha": 0.1}, "3": {"alpha": 2.0}}, "best_a_choice": 0.01, "split0_test_score": {"0": 0.6858420751, "2": 0.6765573145, "4": 0.6763246233, "1": 0.6810585543, "3": 0.6760766737}, "param_alpha": {"0": 0.01, "2": 1.0, "4": 3.0, "1": 0.1, "3": 2.0}, "rank_test_score": {"0": 1, "2": 3, "4": 4, "1": 2, "3": 5}}