{"rank_test_score": {"0": 1, "2": 3, "3": 4, "4": 5, "1": 2}, "split0_test_score": {"0": 0.7701201602, "2": 0.7678504673, "3": 0.765672325, "4": 0.7640740034, "1": 0.770043868}, "param_alpha": {"0": 0.01, "2": 1.0, "3": 2.0, "4": 3.0, "1": 0.1}, "params": {"0": {"alpha": 0.01}, "2": {"alpha": 1.0}, "3": {"alpha": 2.0}, "4": {"alpha": 3.0}, "1": {"alpha": 0.1}}, "best_a_choice": 0.01}