{"best_a_choice": 0.01, "params": {"3": {"alpha": 2.0}, "2": {"alpha": 1.0}, "0": {"alpha": 0.01}, "1": {"alpha": 0.1}, "4": {"alpha": 3.0}}, "param_alpha": {"3": 2.0, "2": 1.0, "0": 0.01, "1": 0.1, "4": 3.0}, "rank_test_score": {"3": 4, "2": 3, "0": 1, "1": 2, "4": 5}, "split0_test_score": {"3": 0.7235650664, "2": 0.7249366975, "0": 0.7274827953, "1": 0.7270773608, "4": 0.7226273186}}