{"split0_test_score": {"4": 0.7746584053, "3": 0.7747106169, "0": 0.7747695482, "1": 0.7747698455, "2": 0.774743145}, "best_a_choice": 0.1, "params": {"4": {"alpha": 3.0}, "3": {"alpha": 2.0}, "0": {"alpha": 0.01}, "1": {"alpha": 0.1}, "2": {"alpha": 1.0}}, "rank_test_score": {"4": 5, "3": 4, "0": 2, "1": 1, "2": 3}, "param_alpha": {"4": 3.0, "3": 2.0, "0": 0.01, "1": 0.1, "2": 1.0}}