{"Pos_1_G": -0.18717241910113075, "Pos_0_A": 0.03140723112486892, "AtoC": 0.04675475087770219, "GtoA": -0.2795865399794868, "TtoC": 0.3369113199680452, "Pos_0_T": 0.0, "Pos_1_C": 0.1486685431680631, "CtoT": -0.263653159686251, "Pos_0_G": 0.2828077432825148, "Pos_1_T": 0.13915750559941772, "GtoT": 0.35049739770667965, "AtoG": 0.33758231098886143, "AtoT": 1.0696346683222107, "CtoG": -1.5810221503429278, "TtoA": 1.2093231427853273, "Pos_1_A": 0.0, "Pos_0_C": -0.13255655678967407, "TtoG": 0.34200645346968145, "GtoC": -1.541438066698116, "CtoA": 0.22062655622690286}