{"TtoA": 0.41838424905892496, "Pos_1:Pos_5_TA": 0.004697969379248948, "Pos_1:Pos_2_CA": 0.0, "Pos_1_T": 0.005183483835137006, "Pos_2:Pos_5_AC": 0.0, "Pos_1:Pos_3_TA": 0.0, "Pos_3:Pos_5_CC": 0.0, "Pos_0:Pos_5_CT": 0.0, "Pos_1:Pos_2_CC": 0.0, "Pos_0:Pos_4_CG": 0.0, "AtoT": 0.3182692960511105, "Pos_0:Pos_2_TC": 0.0, "Pos_2:Pos_5_AT": 0.0, "Pos_0:Pos_3_CG": -0.17798740510557087, "Pos_2:Pos_3_GT": 0.02153683791218456, "Pos_0:Pos_1_TT": 0.05753952841875384, "Pos_4:Pos_5_CC": 0.0, "Pos_0:Pos_3_GG": 0.0, "Pos_0:Pos_5_CC": -0.12271179170507425, "GC_feature": -0.03805936685271544, "Pos_0:Pos_4_CC": 0.0, "Pos_1_C": 0.0, "Pos_2:Pos_5_GA": 0.0, "Pos_2:Pos_3_TT": 0.0, "Pos_1:Pos_5_AC": 0.0, "Pos_3_A": 0.0, "Pos_2:Pos_4_CT": -0.05527859841256082, "Pos_0:Pos_2_TG": 0.028712172356994255, "Pos_4:Pos_5_GC": 0.0, "Pos_1:Pos_3_AG": -0.01240518561088496, "Pos_0:Pos_2_CT": -0.01717378338053716, "Pos_2:Pos_3_TG": 0.0, "Pos_3:Pos_5_CA": 0.0, "Pos_2:Pos_5_GG": 0.0, "Pos_0:Pos_4_TA": 0.08338806287363774, "Pos_3:Pos_4_CC": 0.0, "Pos_1:Pos_5_GA": 0.0, "Pos_1:Pos_2_CT": 0.0, "Pos_3:Pos_5_AA": -0.013342921668193, "Pos_1:Pos_2_GG": 0.0, "Pos_3:Pos_5_TC": 0.0, "Pos_3:Pos_5_TA": 0.007587723276370624, "Pos_2:Pos_5_TC": 0.0, "Pos_5_A": 0.0, "Pos_0:Pos_2_AT": 0.0, "Pos_2:Pos_4_CC": 0.0, "Pos_1:Pos_2_TC": 0.0, "Pos_1:Pos_4_CT": 0.0, "Pos_5_T": 0.0, "Pos_1:Pos_2_AC": -0.06211870849248179, "Pos_0:Pos_3_AA": -0.005272399766785769, "Pos_3:Pos_4_CT": 0.03783311702192333, "Pos_3:Pos_4_GA": -0.09783090421971066, "Pos_0:Pos_1_TA": 0.0, "Pos_2:Pos_4_GT": 0.014822673786070058, "Pos_4:Pos_5_CT": 0.0, "Pos_0:Pos_3_AT": 0.0, "Pos_0:Pos_1_TG": 0.0, "Pos_1:Pos_5_CC": 0.0, "Pos_0:Pos_1_AC": 0.0, "Pos_0:Pos_2_GC": -0.04328918340470371, "Pos_0:Pos_5_TT": -0.02960479009529443, "Pos_0:Pos_5_GC": -0.011377475388137607, "Pos_2:Pos_5_GC": 0.006161131659019522, "Pos_0_G": 0.0, "Pos_1:Pos_3_TC": 0.0, "Pos_4:Pos_5_AG": 0.0, "Pos_4:Pos_5_AA": 0.0, "Pos_0:Pos_5_TG": 0.0, "Pos_0:Pos_4_AA": -0.0274389811445425, "Pos_2:Pos_3_TC": 0.0, "Pos_1:Pos_5_AA": 0.0, "Pos_1:Pos_3_CT": -0.04522467311337958, "Pos_2:Pos_3_CT": 0.028511458695258077, "Pos_3:Pos_4_TC": 0.0, "Pos_0:Pos_5_GT": 0.03983007748173633, "Pos_4:Pos_5_GT": 0.03497327241453274, "Pos_1:Pos_4_GC": 0.0, "Pos_4:Pos_5_AC": -0.07190250465881354, "Pos_3:Pos_4_CA": 0.0, "Pos_2:Pos_3_AG": -0.092019770275959, "Pos_0:Pos_5_AT": 0.019042888910722675, "Pos_1:Pos_3_AA": 0.0, "Pos_2:Pos_4_TT": 0.0, "Pos_2:Pos_5_AG": -0.07865715942005917, "Pos_0:Pos_1_AT": 0.007984935139953948, "Pos_2:Pos_3_CG": -0.09606371689251647, "Pos_0:Pos_3_AC": 0.0, "Pos_1:Pos_2_TA": 0.11119174329019044, "Pos_1:Pos_2_TG": 0.1824962996053378, "Pos_2:Pos_4_AA": 0.0, "Pos_5_C": 0.0, "Pos_2:Pos_3_AT": -0.04155050660106831, "Pos_2:Pos_3_GC": 0.11739264546069804, "GtoA": -0.5150780192264319, "Pos_0:Pos_3_GC": 0.0, "Pos_2:Pos_4_CG": 0.0, "Pos_0:Pos_2_AG": 0.0, "Pos_0:Pos_4_GT": 0.0, "Pos_3:Pos_5_CT": 0.0743854043134993, "Pos_0:Pos_2_TT": -0.05683365806975677, "Pos_1:Pos_5_TC": 0.0, "Pos_3:Pos_4_AC": -0.10055501382552037, "Pos_0:Pos_4_CA": 0.0, "Pos_1:Pos_2_TT": 0.0, "Pos_3:Pos_4_AT": -0.002135046760594104, "Pos_3:Pos_4_AA": 0.0, "Pos_0:Pos_2_AC": 0.0, "Pos_0:Pos_1_CA": 0.0, "Pos_0:Pos_2_CC": 0.0, "Pos_1:Pos_2_GT": 0.028688572193111446, "Pos_2:Pos_3_TA": -0.0721372102764088, "Pos_4:Pos_5_GG": -0.06869438645382613, "Pos_1:Pos_3_CG": 0.0, "Pos_1:Pos_5_CA": -0.010719370880700187, "Pos_3:Pos_4_GC": 0.0, "Pos_2:Pos_4_TG": -0.01762931013054452, "Pos_1:Pos_2_GA": -0.038011781627440816, "Pos_3:Pos_5_AG": 0.0037638261456507138, "Pos_0:Pos_4_AT": 0.04945322027373133, "Pos_1:Pos_3_TT": 0.037649775334932876, "Pos_0:Pos_4_GG": -0.06701589748370745, "Pos_0:Pos_4_GC": -0.0009233930736150943, "Pos_0:Pos_5_AG": 0.0, "Pos_0:Pos_1_CT": 0.0, "Pos_1:Pos_5_AG": 0.0, "Pos_2_A": 0.0, "Pos_3:Pos_5_TT": 0.0, "Pos_2:Pos_5_CG": 0.0, "Pos_3:Pos_4_TG": 0.0, "Pos_0:Pos_4_AG": 0.0, "Pos_0:Pos_1_GC": 0.0, "Pos_1:Pos_4_GG": 0.04522565717459428, "CtoA": 0.0, "Pos_1:Pos_2_CG": -0.16763822459266126, "Pos_4:Pos_5_GA": 0.0, "Pos_1_G": 0.0, "Pos_1:Pos_5_CG": 0.0, "Pos_0:Pos_2_TA": 0.028017798795314828, "Pos_1:Pos_4_AT": 0.0, "Pos_1:Pos_3_CC": 0.0, "Pos_3:Pos_4_TA": 0.026783745861390994, "Pos_2:Pos_3_GG": 0.0, "Pos_0:Pos_1_AG": 0.0, "Pos_0:Pos_2_CA": 0.0, "Pos_0:Pos_3_CT": 0.0, "Pos_2:Pos_3_AA": 9.368266328732723e-05, "Pos_0:Pos_3_TG": 0.0, "Pos_3_G": -0.044635367929302526, "Pos_2:Pos_5_TA": 0.07326297257623632, "Pos_0:Pos_4_AC": 0.0019906493970305987, "Pos_2:Pos_4_TA": -0.038658970979243264, "Pos_0_A": 0.0, "Pos_0:Pos_1_AA": 0.0, "Pos_2:Pos_4_GC": 0.0, "Pos_1:Pos_4_CC": 0.0, "Pos_2:Pos_4_CA": 0.0, "Pos_3:Pos_4_CG": -0.007348231059453959, "Pos_1:Pos_4_TG": 0.0, "Pos_1:Pos_4_TC": 0.0, "CtoT": -0.4467679219111842, "Pos_1:Pos_4_GT": 0.0, "Pos_0:Pos_5_GA": 0.0, "Pos_0:Pos_4_TT": 0.0, "Pos_5_G": 0.0, "Pos_1:Pos_4_CG": 0.0, "Pos_1:Pos_3_GT": 0.0, "Pos_0:Pos_3_TA": 0.0, "Pos_0:Pos_3_TC": 0.0, "Pos_0:Pos_2_AA": 0.0, "Pos_0:Pos_5_AC": 0.0, "Pos_0:Pos_3_GA": 0.0, "Pos_0:Pos_5_TA": 0.005718605342997085, "Pos_0:Pos_1_GT": 0.0, "Pos_3:Pos_4_GT": -0.01564590263045034, "Pos_0:Pos_5_GG": 0.0, "GtoT": 0.003888322916831866, "Pos_3_T": 0.0, "Pos_0:Pos_5_CG": 0.0, "Pos_1:Pos_4_TT": 0.026566027290714098, "Pos_2:Pos_4_AC": -0.04940288947848884, "Pos_4:Pos_5_TC": 0.02151822338547108, "Pos_2:Pos_3_CC": -0.03741007164920188, "Pos_4:Pos_5_TA": -0.0026939021448424165, "Pos_0:Pos_3_AG": 0.0, "Pos_1:Pos_4_TA": 0.0789952215654383, "Pos_4_C": 0.0, "Pos_4_A": 0.0, "Pos_2:Pos_3_AC": 0.0, "Pos_2:Pos_4_GG": 0.0, "Pos_2:Pos_5_CC": -0.03728871674286797, "Pos_0:Pos_1_GG": -0.11098925268996193, "Pos_1:Pos_3_CA": -0.09622071655085054, "Pos_3:Pos_5_GT": 0.02648120386131753, "Pos_2:Pos_3_GA": 0.0, "Pos_1:Pos_2_GC": -0.031385736776137874, "Pos_1:Pos_3_GC": 0.09032650990429439, "Pos_4:Pos_5_CA": 0.0, "Pos_2:Pos_3_CA": 0.0, "Pos_1:Pos_4_AA": 0.0, "Pos_2:Pos_5_TG": -0.06124503894634573, "Pos_0:Pos_3_TT": 0.0, "Pos_2_T": 0.0, "Pos_0:Pos_1_CG": 0.01047400754700776, "Pos_0:Pos_1_GA": 0.0, "Pos_0:Pos_3_CA": -0.010851618963132024, "Pos_1:Pos_4_GA": 0.0, "Pos_4_G": 0.0, "Pos_0:Pos_3_GT": -0.054082570804281443, "Pos_1:Pos_5_TT": 0.0, "AtoC": -0.08649352807808165, "Pos_0:Pos_5_CA": 0.0, "Pos_2:Pos_4_AG": 0.0, "Pos_2:Pos_4_AT": 0.0, "Pos_2_G": 0.02456314199103827, "Pos_3_C": 0.0, "Pos_1:Pos_5_AT": 0.02609217305539922, "Pos_2_C": 0.0, "Pos_4:Pos_5_TT": 0.0, "Pos_1:Pos_2_AG": 0.07841145545384985, "AtoG": 0.0, "CtoG": -0.42266866928028834, "Pos_0:Pos_2_CG": 0.04039428994273918, "Pos_0:Pos_2_GG": 0.0, "Pos_0:Pos_5_TC": 0.02903681360440408, "TtoC": 0.005729013826456257, "Pos_0:Pos_5_AA": -0.040078770210692734, "Pos_1:Pos_5_GG": -0.058209758384731754, "Pos_4_T": 0.0, "Pos_4:Pos_5_CG": 0.07720425145625186, "Pos_3:Pos_5_TG": 0.0, "Pos_3:Pos_5_GA": 0.0, "Pos_2:Pos_4_TC": 0.031079561420089035, "Pos_1:Pos_3_GG": 0.0, "Pos_0:Pos_3_CC": 0.0, "Pos_1:Pos_4_AC": 0.05065712736441818, "Pos_0:Pos_2_GA": 0.0, "Pos_1:Pos_3_AC": 0.0, "Pos_0_T": 0.0, "Pos_0:Pos_4_TG": 0.0, "Pos_0_C": 0.0, "Pos_0:Pos_4_GA": 0.0, "Pos_1:Pos_2_AT": 0.0, "Pos_1:Pos_3_TG": 0.0, "Pos_2:Pos_5_AA": 0.05314163323400497, "Pos_3:Pos_5_AC": 0.0, "Pos_3:Pos_4_GG": 0.0, "Pos_1:Pos_5_GT": -0.07366321692333395, "Pos_1:Pos_2_AA": 0.04063490571877652, "Pos_1:Pos_5_GC": 0.035221167110378454, "GtoC": -0.4680598812261548, "Pos_4:Pos_5_AT": 0.025798800972857486, "Pos_1:Pos_5_CT": 0.0, "Pos_3:Pos_5_GG": -0.09991453362662449, "Pos_2:Pos_5_CA": -0.011251235495619879, "Pos_2:Pos_4_GA": 0.011480720321372727, "Pos_2:Pos_5_GT": 0.014594944750273793, "Pos_0:Pos_2_GT": 0.0187836684355539, "Pos_3:Pos_4_TT": 0.028651306136361698, "Pos_1:Pos_3_GA": -0.016413656575448868, "Pos_2:Pos_5_CT": 0.0, "Pos_4:Pos_5_TG": 0.0, "Pos_3:Pos_4_AG": 0.06549794669525065, "Pos_1:Pos_3_AT": 0.04587009470088805, "Pos_1_A": 0.0, "Pos_1:Pos_4_AG": -0.0026411718295427013, "Pos_2:Pos_5_TT": -0.057168323935759116, "Pos_1:Pos_4_CA": 0.0, "Pos_0:Pos_4_TC": 0.0, "Pos_3:Pos_5_CG": -0.04745200403840097, "Pos_3:Pos_5_GC": -0.055056802796528755, "Pos_1:Pos_5_TG": 0.0, "Pos_3:Pos_5_AT": 0.0, "TtoG": 0.0,