{"Pos_0_C": -0.19968872614426111, "CtoT": -0.3368649573863419, "TtoC": 0.0, "GtoC": -0.31294320537978315, "Pos_0_T": -0.07540258813351117, "Pos_1_C": 0.0, "GC_feature": -0.066221922502209, "Pos_1_T": 0.0, "TtoA": 0.28133408464828014, "Pos_0_A": 0.0, "GtoT": 0.031048704162706647, "Pos_0_G": 0.1648945060713377, "GtoA": -0.33433610118203905, "CtoA": -0.06718724558465144, "AtoC": -0.13837135568576822, "TtoG": 0.0, "Pos_1_G": -0.15763282330109554, "AtoT": 0.5134763948640817, "AtoG": 0.05529959293096536, "Pos_1_A": 0.0, "CtoG": -0.23641968791650592}