{"best_c_choice": 0.1, "param_penalty": {"3": "l1", "1": "l1", "0": "l1", "2": "l1"}, "split0_test_score": {"3": 0.7447063806, "1": 0.7451612397, "0": 0.7484628898, "2": 0.7447691198}, "params": {"3": {"penalty": "l1", "C": 100.0}, "1": {"penalty": "l1", "C": 1.0}, "0": {"penalty": "l1", "C": 0.1}, "2": {"penalty": "l1", "C": 10.0}}, "param_C": {"3": 100.0, "1": 1.0, "0": 0.1, "2": 10.0}, "rank_test_score": {"3": 4, "1": 2, "0": 1, "2": 3}}