{"TtoA": 1.2371661274689723, "TtoC": 0.3857954362946919, "AtoT": 1.193826034798066, "CtoA": 0.27415852002898183, "TtoG": 0.40624206880480956, "CtoT": -0.2507966580133835, "AtoG": 0.3725584387715935, "GtoC": -1.5234678300430289, "CtoG": -1.6657587527836129, "AtoC": -0.23115093948880688, "GtoT": 0.5234269862456327, "GtoA": -0.22827266382626302}