{"GtoC": -0.9405429417388876, "AtoC": 0.0, "AtoT": 1.0482353142191427, "CtoG": -1.0112906643256685, "GtoT": 0.06448373146091459, "GtoA": -0.4218381314089676, "CtoA": 0.22339692258721777, "TtoA": 1.029433390899311, "TtoC": 0.2015192956342378, "AtoG": 0.24693888392737995, "CtoT": -0.35065186345208305, "TtoG": 0.07918095599631515}