{"CtoG": -1.5238702542300566, "AtoT": 1.102378136439102, "AtoC": 0.03308794311889194, "CtoT": -0.2476367715027362, "GtoA": -0.27590738486873445, "GtoC": -1.5032726591679038, "TtoA": 1.1634481652090396, "CtoA": 0.20786780909060507, "TtoC": 0.3986936063056392, "TtoG": 0.3057800413891142, "AtoG": 0.4092171182053816, "GtoT": 0.37277781014412764}