{"best_c_choice": 0.1, "params": {"3": {"penalty": "l1", "C": 100.0}, "2": {"penalty": "l1", "C": 10.0}, "1": {"penalty": "l1", "C": 1.0}, "0": {"penalty": "l1", "C": 0.1}}, "param_C": {"3": 100.0, "2": 10.0, "1": 1.0, "0": 0.1}, "rank_test_score": {"3": 1, "2": 1, "1": 1, "0": 1}, "split0_test_score": {"3": 0.7358320127, "2": 0.7358320127, "1": 0.7358320127, "0": 0.7358320127}, "param_penalty": {"3": "l1", "2": "l1", "1": "l1", "0": "l1"}}