{"Pos_2:Pos_5_GT": 0.09381538416203523, "Pos_1:Pos_4_TA": 0.0, "Pos_1:Pos_2_AT": 0.0, "Pos_4:Pos_5_AA": 0.03159812361755526, "Pos_2:Pos_3_CT": 0.05288104854283689, "Pos_1:Pos_3_TG": 0.0, "Pos_0:Pos_3_AA": 0.0033038118039192986, "Pos_1:Pos_3_CT": -0.013398997084991742, "Pos_3:Pos_5_AG": -0.05336429455688549, "Pos_4_T": 0.0, "Pos_5_A": 0.08610000656936967, "Pos_1:Pos_3_CG": 0.07743482694274778, "Pos_2:Pos_3_AT": -0.10338819763446404, "Pos_0:Pos_3_GA": 0.0, "Pos_0:Pos_1_GG": 0.0, "Pos_1:Pos_3_CC": 0.0, "Pos_0:Pos_4_CT": 0.0, "Pos_1:Pos_3_GA": -0.06591221873841063, "Pos_0:Pos_5_CA": 0.0, "Pos_2:Pos_5_TC": 0.0, "Pos_0:Pos_2_GG": 0.0, "Pos_0:Pos_3_AT": 0.0, "Pos_0:Pos_4_TT": 0.0826243614770322, "TtoA": 0.9437049563372449, "Pos_0:Pos_2_AT": 0.0, "Pos_1_C": 0.0, "Pos_4:Pos_5_TC": 0.0, "Pos_2:Pos_3_TC": 0.0, "Pos_1:Pos_5_GA": 0.0, "Pos_0:Pos_5_GT": 0.0, "Pos_3:Pos_4_TC": 0.0, "Pos_2:Pos_5_TT": 0.0, "Pos_2:Pos_5_TG": -0.004673494796045785, "Pos_2:Pos_4_GG": 0.0, "Pos_3:Pos_4_AA": 0.0, "Pos_1:Pos_5_CG": -0.07781583235643004, "Pos_2:Pos_3_GC": 0.0, "Pos_1:Pos_3_AA": 0.06191944537472838, "Pos_0:Pos_2_AC": -0.0898827551450926, "AtoT": 0.8545871042958141, "Pos_0:Pos_5_TT": 0.0, "AtoG": 0.1069375994436166, "Pos_3:Pos_5_CG": 0.0, "Pos_2:Pos_3_CG": -0.1919473314142986, "Pos_3_T": 0.0866812325831411, "Pos_0:Pos_5_AT": 0.010931116558597624, "Pos_1:Pos_2_GC": 0.0, "Pos_3:Pos_5_CC": 0.0, "Pos_4_C": 0.0, "Pos_4:Pos_5_TG": 0.0, "Pos_0:Pos_5_TG": 0.0, "Pos_0:Pos_4_GA": 0.0, "Pos_0_G": 0.0, "Pos_0:Pos_2_CT": 0.0, "Pos_0:Pos_1_GA": 0.0, "TtoC": 0.1226156504834056, "Pos_1:Pos_5_GT": 0.0, "Pos_1_G": -0.025442147487410645, "Pos_0:Pos_3_TC": 0.051155307274319495, "Pos_1:Pos_4_TT": 0.022714855898671595, "Pos_2:Pos_4_TC": 0.0, "Pos_3:Pos_4_GG": 0.0, "Pos_3:Pos_4_CG": -0.1123177403408108, "Pos_3:Pos_4_AT": -0.0817887547315758, "Pos_0:Pos_5_CC": -0.036685181299301046, "Pos_0_T": 0.12339483683365508, "Pos_3:Pos_5_GA": 0.0, "Pos_0:Pos_2_AG": 0.0, "Pos_0:Pos_4_AC": 0.0, "Pos_0:Pos_1_AT": 0.0, "Pos_1_A": 0.0, "Pos_1:Pos_4_CC": 0.0, "Pos_0:Pos_5_TC": 0.0, "Pos_2:Pos_4_AC": -0.004367431291311147, "Pos_3:Pos_5_GT": 0.0, "Pos_0:Pos_1_GT": 0.0, "Pos_0:Pos_4_CG": 0.0, "Pos_4:Pos_5_GG": 0.0, "Pos_2:Pos_5_TA": 0.0, "Pos_0:Pos_5_GG": 0.0, "Pos_0:Pos_2_TG": 0.0, "Pos_3:Pos_5_TT": 0.0, "Pos_4_G": 0.0, "Pos_4:Pos_5_TA": 0.049670004569071176, "Pos_3:Pos_5_TA": 0.030870153103700476, "Pos_4:Pos_5_GA": 0.0, "Pos_0:Pos_4_AG": 0.0, "Pos_2:Pos_5_CA": 0.0, "Pos_1:Pos_4_GA": 0.0, "Pos_1:Pos_5_CA": 0.0, "Pos_3:Pos_4_GC": 0.0, "Pos_1:Pos_4_GG": 0.1497381034780043, "Pos_2:Pos_5_GG": 0.0, "Pos_3:Pos_5_TC": 0.0, "Pos_2:Pos_4_CG": 0.0, "Pos_1:Pos_2_TA": 0.0, "Pos_0:Pos_1_AG": 0.015097558053349572, "Pos_2_T": 0.0, "Pos_1:Pos_2_TG": 0.000275025767138181, "Pos_1:Pos_5_GG": 0.0, "Pos_0:Pos_2_TT": -0.019469818831280464, "Pos_0:Pos_4_GC": 0.11159308138075628, "Pos_0:Pos_5_TA": 0.0, "Pos_2:Pos_5_GA": 0.0, "Pos_0:Pos_2_CG": 0.0, "Pos_1:Pos_2_CG": -0.23136884326960633, "Pos_0:Pos_2_CC": -0.06147491933105551, "Pos_2:Pos_3_TT": 0.045737148024134526, "Pos_1:Pos_4_AG": 0.0, "Pos_1:Pos_4_CA": 0.0, "Pos_1:Pos_3_TC": 0.0, "Pos_0:Pos_3_CA": 0.0, "Pos_2:Pos_5_AC": 0.0, "Pos_1:Pos_4_AT": 0.0, "Pos_4:Pos_5_CC": 0.0, "Pos_0:Pos_3_AC": 0.0, "Pos_1:Pos_2_TT": 0.0, "Pos_0:Pos_4_CC": -0.012404616773411176, "Pos_0:Pos_5_CT": 0.0, "Pos_1:Pos_3_GG": 0.0, "Pos_0:Pos_5_AA": 0.0, "Pos_2:Pos_5_GC": 0.0, "Pos_0:Pos_3_GG": -0.01666550071088765, "Pos_3_A": 0.0, "Pos_0:Pos_1_CC": 0.0, "Pos_1:Pos_3_CA": -0.004933286264209439, "Pos_2:Pos_3_TA": -0.08774381628464993, "Pos_3:Pos_5_GC": -0.018854981244695417, "Pos_0:Pos_2_TC": 0.06579971769439305, "Pos_3_G": -0.028250986261168013, "Pos_2:Pos_4_TA": 0.0, "Pos_0:Pos_1_TT": 0.14151851890949052, "Pos_3:Pos_4_CC": 0.0, "Pos_2:Pos_3_AA": 0.07116415718204933, "Pos_2:Pos_5_CT": 0.0, "CtoT": -0.5357729023573341, "Pos_4:Pos_5_GT": 0.0, "Pos_3:Pos_4_GA": -0.09498071578645689, "Pos_0:Pos_4_GG": 0.0, "Pos_3:Pos_4_CA": 0.0842750036072728, "Pos_1:Pos_5_AC": 0.0, "Pos_1:Pos_2_CC": 0.0, "Pos_4:Pos_5_AC": 0.0, "Pos_1:Pos_2_CT": -0.023782927714808656, "GtoT": 0.20208766851470983, "TtoG": 0.0, "Pos_4_A": 0.0, "Pos_1:Pos_5_TG": 0.0, "Pos_1:Pos_4_GC": 0.0, "Pos_1:Pos_5_GC": 0.0, "Pos_3_C": 0.13920856175268415, "Pos_2:Pos_4_AA": 0.0, "Pos_1:Pos_5_TA": 0.0, "Pos_2:Pos_3_AG": 0.0, "Pos_2:Pos_4_TT": 0.0, "Pos_0:Pos_3_CC": 0.013379966024036658, "Pos_0:Pos_4_TC": 0.0, "Pos_1:Pos_2_CA": 0.024197168125532763, "Pos_1:Pos_5_CT": 0.0, "Pos_1:Pos_4_GT": -0.07553686628833824, "Pos_4:Pos_5_AG": 0.0, "Pos_3:Pos_4_GT": 0.0, "Pos_1:Pos_3_AT": 0.0632462116004033, "Pos_2:Pos_5_CG": 0.0, "Pos_1:Pos_2_AG": 0.017239920429147213, "Pos_3:Pos_4_AG": 0.19960483489366254, "Pos_0:Pos_5_GC": 0.0, "Pos_2:Pos_4_GC": 0.05119866556578363, "Pos_0:Pos_1_TA": 0.0, "Pos_0:Pos_2_GA": -0.018689411923806545, "Pos_0:Pos_1_TC": 0.037457591454944664, "Pos_1:Pos_4_CG": 0.0, "Pos_0:Pos_3_TG": 0.0, "Pos_1:Pos_5_AG": 0.0, "CtoA": 0.022820584658709814, "Pos_1:Pos_2_AC": -0.09889239487232522, "Pos_4:Pos_5_CG": 0.08319095380001518, "Pos_2_A": 0.0, "GtoC": -1.1650854301357303, "Pos_4:Pos_5_TT": 0.0, "Pos_2:Pos_3_TG": 0.0, "Pos_5_T": 0.0, "Pos_2:Pos_3_GG": 0.0, "Pos_2:Pos_3_GA": 0.0, "Pos_1:Pos_2_AA": 0.0, "Pos_1:Pos_5_TT": 0.0, "Pos_0:Pos_5_CG": 0.0, "Pos_3:Pos_5_CA": 0.0, "Pos_1:Pos_3_TT": 0.0, "Pos_0:Pos_3_AG": 0.045507074495871866, "Pos_1:Pos_5_AT": 0.0, "Pos_3:Pos_5_GG": 0.0, "Pos_2:Pos_3_GT": 0.0, "Pos_0:Pos_1_CG": 0.0, "Pos_1:Pos_4_CT": 0.0, "Pos_0:Pos_5_GA": 0.033309764983140165, "Pos_3:Pos_4_TA": 0.005452758948300496, "Pos_0:Pos_1_AC": 0.0, "Pos_2:Pos_5_AT": 0.0, "Pos_2:Pos_4_CT": 0.0, "Pos_1:Pos_3_GT": 0.0, "Pos_2_G": 0.2538294204121679, "Pos_2:Pos_4_GT": 0.043721014589188305, "Pos_2:Pos_5_CC": -0.054522927928610666, "Pos_0_A": 0.002578063748157071, "Pos_0:Pos_4_GT": 0.0, "Pos_0:Pos_2_CA": 0.0, "Pos_1:Pos_4_AA": 0.0, "Pos_4:Pos_5_GC": 0.0, "Pos_2:Pos_4_GA": 0.0, "Pos_0:Pos_4_AA": 0.0, "Pos_1:Pos_5_TC": 0.0, "Pos_0_C": -0.0006867774443530247, "Pos_1:Pos_2_GA": 0.0, "GtoA": -0.4691476971152318, "Pos_2:Pos_4_AT": 0.18718921990649112, "Pos_2:Pos_3_CC": 0.0, "AtoC": 0.0, "Pos_2:Pos_5_AG": 0.0, "Pos_0:Pos_5_AG": 0.0, "Pos_1:Pos_2_GT": 0.0, "Pos_3:Pos_5_AA": 0.0, "Pos_4:Pos_5_CT": -0.008306142098981362, "Pos_1:Pos_3_AC": 0.0, "Pos_2_C": 0.0, "Pos_4:Pos_5_CA": 0.0, "Pos_1_T": 0.08679365403926537, "Pos_2:Pos_4_AG": 0.0, "Pos_0:Pos_3_GC": 0.0, "Pos_0:Pos_4_TG": 0.0, "Pos_3:Pos_5_TG": 0.0387620790245604, "Pos_0:Pos_2_GT": 0.0, "CtoG": -1.0774064548352513, "Pos_0:Pos_1_CA": 0.0, "Pos_1:Pos_3_TA": 0.0, "Pos_2:Pos_4_CC": 0.0, "Pos_0:Pos_3_TA": -0.06046176323767003, "Pos_0:Pos_2_AA": 0.020420762560752034, "Pos_2:Pos_4_CA": 0.0, "Pos_2:Pos_4_TG": 0.0, "Pos_1:Pos_3_GC": 0.0, "Pos_4:Pos_5_AT": 0.0381223027776288, "Pos_0:Pos_1_TG": -0.0817092218238461, "Pos_5_G": -0.030754188304040656, "Pos_1:Pos_2_GG": 0.0, "Pos_3:Pos_5_CT": 0.014697548928732117, "Pos_3:Pos_4_AC": 0.0, "Pos_0:Pos_1_AA": 0.0, "Pos_1:Pos_4_TC": 0.0, "Pos_0:Pos_5_AC": 0.07497734217557467, "Pos_3:Pos_4_TT": 0.14021771546474102, "Pos_1:Pos_5_CC": 0.0, "Pos_0:Pos_4_AT": 0.054201043458428654, "Pos_2:Pos_5_AA": 0.06299141376641804, "Pos_1:Pos_5_AA": 0.0, "Pos_2:Pos_3_CA": 0.0, "Pos_0:Pos_4_TA": 0.019021983365286255, "Pos_0:Pos_3_GT": 0.0, "Pos_0:Pos_3_CG": -0.206210800120495, "Pos_0:Pos_4_CA": 0.0, "Pos_0:Pos_3_CT": 0.0, "Pos_1:Pos_4_TG": 0.0, "Pos_5_C": 0.0, "Pos_3:Pos_4_CT": 0.09540429191928498, "Pos_0:Pos_2_GC": 0.0, "Pos_0:Pos_2_TA": 0.020932174023126, "Pos_1:Pos_4_AC": 0.08812336512541706, "Pos_3:Pos_5_AT": 0.0, "Pos_3:Pos_5_AC": 0.02473326452729197, "Pos_0:Pos_1_GC": 0.0, "Pos_2:Pos_3_AC": 0.0, "Pos_1:Pos_3_AG": 0.0, "Pos_3:Pos_4_TG": 0.0, "Pos_0:Pos_1_CT": 0.0, "Pos_1:Pos_2_TC": 0.0, "Pos_0:Pos_3_TT": 0.0}