{"best_c_choice": 0.1, "params": {"1": {"penalty": "l1", "C": 1.0}, "3": {"penalty": "l1", "C": 100.0}, "2": {"penalty": "l1", "C": 10.0}, "0": {"penalty": "l1", "C": 0.1}}, "split0_test_score": {"1": 0.7452804893, "3": 0.7426859989, "2": 0.7429111919, "0": 0.7512724358}, "param_C": {"1": 1.0, "3": 100.0, "2": 10.0, "0": 0.1}, "rank_test_score": {"1": 2, "3": 4, "2": 3, "0": 1}, "param_penalty": {"1": "l1", "3": "l1", "2": "l1", "0": "l1"}}