{"param_alpha": {"4": 3.0, "3": 2.0, "1": 0.1, "0": 0.01, "2": 1.0}, "split0_test_score": {"4": 0.6760899436, "3": 0.6771891907, "1": 0.6840499432, "0": 0.6878324221, "2": 0.678937299}, "best_a_choice": 0.01, "rank_test_score": {"4": 5, "3": 4, "1": 2, "0": 1, "2": 3}, "params": {"4": {"alpha": 3.0}, "3": {"alpha": 2.0}, "1": {"alpha": 0.1}, "0": {"alpha": 0.01}, "2": {"alpha": 1.0}}}