{"params": {"1": {"alpha": 0.1}, "4": {"alpha": 3.0}, "0": {"alpha": 0.01}, "2": {"alpha": 1.0}, "3": {"alpha": 2.0}}, "param_alpha": {"1": 0.1, "4": 3.0, "0": 0.01, "2": 1.0, "3": 2.0}, "split0_test_score": {"1": 0.7333698338, "4": 0.729995945, "0": 0.7336569379, "2": 0.7318304852, "3": 0.7307730526}, "rank_test_score": {"1": 2, "4": 5, "0": 1, "2": 3, "3": 4}, "best_a_choice": 0.01}