{"params": {"1": {"alpha": 0.1}, "3": {"alpha": 2.0}, "0": {"alpha": 0.01}, "4": {"alpha": 3.0}, "2": {"alpha": 1.0}}, "param_alpha": {"1": 0.1, "3": 2.0, "0": 0.01, "4": 3.0, "2": 1.0}, "split0_test_score": {"1": 0.6533415983, "3": 0.6722162884, "0": 0.6358821286, "4": 0.6748979592, "2": 0.6670036239}, "best_a_choice": 3.0, "rank_test_score": {"1": 4, "3": 2, "0": 5, "4": 1, "2": 3}}