{"param_C": {"0": 0.1, "1": 1.0, "2": 10.0, "3": 100.0}, "params": {"0": {"penalty": "l1", "C": 0.1}, "1": {"penalty": "l1", "C": 1.0}, "2": {"penalty": "l1", "C": 10.0}, "3": {"penalty": "l1", "C": 100.0}}, "split0_test_score": {"0": 0.7340072478, "1": 0.6981632653, "2": 0.6880125882, "3": 0.6860328056}, "param_penalty": {"0": "l1", "1": "l1", "2": "l1", "3": "l1"}, "best_c_choice": 0.1, "rank_test_score": {"0": 1, "1": 2, "2": 3, "3": 4}}