{"param_alpha": {"2": 1.0, "3": 2.0, "1": 0.1, "0": 0.01, "4": 3.0}, "best_a_choice": 0.01, "rank_test_score": {"2": 1, "3": 1, "1": 1, "0": 1, "4": 1}, "params": {"2": {"alpha": 1.0}, "3": {"alpha": 2.0}, "1": {"alpha": 0.1}, "0": {"alpha": 0.01}, "4": {"alpha": 3.0}}, "split0_test_score": {"2": 0.7288328996, "3": 0.7288328996, "1": 0.7288328996, "0": 0.7288328996, "4": 0.7288328996}}