{"param_alpha": {"4": 3.0, "1": 0.1, "0": 0.01, "2": 1.0, "3": 2.0}, "params": {"4": {"alpha": 3.0}, "1": {"alpha": 0.1}, "0": {"alpha": 0.01}, "2": {"alpha": 1.0}, "3": {"alpha": 2.0}}, "best_a_choice": 0.01, "rank_test_score": {"4": 5, "1": 2, "0": 1, "2": 3, "3": 4}, "split0_test_score": {"4": 0.6974314891, "1": 0.7012582151, "0": 0.7030392354, "2": 0.6985234717, "3": 0.6977467803}}