{"Pos_0_C": 0.0, "Pos_3_C": 0.0, "Pos_2_T": 0.0, "Pos_1_G": 0.2302951104729843, "CtoG": -0.6800817533903982, "GC_feature": -0.10321397170902138, "CtoA": -0.021228831976416986, "AtoG": 0.0006902222303861027, "CtoT": -0.45746203879897457, "Pos_2_G": -0.25072603375914876, "Pos_2_A": -0.07386187339520157, "GtoC": -0.6289699941700492, "Pos_0_G": -0.05132419142991992, "GtoT": 0.01924328026770397, "TtoA": 0.44580349903732097, "Pos_1_A": 0.0, "AtoC": -0.09719645728829951, "Pos_1_C": -0.15527572829144032, "Pos_3_T": 0.03127746398152865, "TtoC": 0.010343545758682623, "AtoT": 0.38268541449178195, "Pos_3_G": 0.012613856596850083, "GtoA": -0.45046329269443197, "Pos_1_T": -0.05507932611815787, "TtoG": 0.0, "Pos_3_A": -0.05015087101701648, "Pos_0_T": 0.10828077150457804, "Pos_0_A": 0.0, "Pos_2_C": 0.06811831985398384}