{"split0_test_score": {"0": 0.7466905076, "2": 0.6430296756, "3": 0.6151970011, "1": 0.685966811}, "params": {"0": {"C": 0.1, "penalty": "l1"}, "2": {"C": 10.0, "penalty": "l1"}, "3": {"C": 100.0, "penalty": "l1"}, "1": {"C": 1.0, "penalty": "l1"}}, "param_penalty": {"0": "l1", "2": "l1", "3": "l1", "1": "l1"}, "rank_test_score": {"0": 1, "2": 3, "3": 4, "1": 2}, "param_C": {"0": 0.1, "2": 10.0, "3": 100.0, "1": 1.0}, "best_c_choice": 0.1}