{"pos0": {"df": 3, "stats": "{\"group\":{\"0\":\"1\",\"1\":\"1\",\"2\":\"1\",\"3\":\"1\",\"4\":\"1\",\"5\":\"1\",\"6\":\"1\",\"7\":\"1\",\"8\":\"2\",\"9\":\"2\",\"10\":\"2\",\"11\":\"2\",\"12\":\"2\",\"13\":\"2\",\"14\":\"2\",\"15\":\"2\"},\"mut\":{\"0\":\"M\",\"1\":\"M\",\"2\":\"M\",\"3\":\"M\",\"4\":\"R\",\"5\":\"R\",\"6\":\"R\",\"7\":\"R\",\"8\":\"M\",\"9\":\"M\",\"10\":\"M\",\"11\":\"M\",\"12\":\"R\",\"13\":\"R\",\"14\":\"R\",\"15\":\"R\"},\"base\":{\"0\":\"A\",\"1\":\"C\",\"2\":\"G\",\"3\":\"T\",\"4\":\"A\",\"5\":\"C\",\"6\":\"G\",\"7\":\"T\",\"8\":\"A\",\"9\":\"C\",\"10\":\"G\",\"11\":\"T\",\"12\":\"A\",\"13\":\"C\",\"14\":\"G\",\"15\":\"T\"},\"count\":{\"0\":42,\"1\":16,\"2\":28,\"3\":22,\"4\":29,\"5\":26,\"6\":20,\"7\":33,\"8\":28,\"9\":29,\"10\":36,\"11\":21,\"12\":34,\"13\":30,\"14\":30,\"15\":20},\"fitted\":{\"0\":37.4712253662,\"1\":18.7883901041,\"2\":27.0326069612,\"3\":24.7077775685,\"4\":33.5287746338,\"5\":23.2116098959,\"6\":20.9673930388,\"7\":30.2922224315,\"8\":32.5287746338,\"9\":26.2116098959,\"10\":36.9673930388,\"11\":18.2922224315,\"12\":29.4712253662,\"13\":32.7883901041,\"14\":29.0326069612,\"15\":22.7077775685},\"ret\":{\"0\":0.0107928936,\"1\":-0.0057892039,\"2\":0.0022173419,\"3\":-0.0057514948,\"4\":-0.0094777868,\"5\":0.0066431147,\"6\":-0.0021277588,\"7\":0.0063633935,\"8\":-0.0094544498,\"9\":0.0066029467,\"10\":-0.0021500527,\"11\":0.006529225,\"12\":0.0109463267,\"13\":-0.0060052102,\"14\":0.0022147166,\"15\":-0.0057196043}}", "formula": "count ~ group * mut * base - group : mut : base", "deviance": 5.180944874198901, "rel_entropy": 0.0058343973808546185, "prob": 0.15901694729766988}, "pos3": {"df": 3, "stats": "{\"group\":{\"0\":\"1\",\"1\":\"1\",\"2\":\"1\",\"3\":\"1\",\"4\":\"1\",\"5\":\"1\",\"6\":\"1\",\"7\":\"1\",\"8\":\"2\",\"9\":\"2\",\"10\":\"2\",\"11\":\"2\",\"12\":\"2\",\"13\":\"2\",\"14\":\"2\",\"15\":\"2\"},\"mut\":{\"0\":\"M\",\"1\":\"M\",\"2\":\"M\",\"3\":\"M\",\"4\":\"R\",\"5\":\"R\",\"6\":\"R\",\"7\":\"R\",\"8\":\"M\",\"9\":\"M\",\"10\":\"M\",\"11\":\"M\",\"12\":\"R\",\"13\":\"R\",\"14\":\"R\",\"15\":\"R\"},\"base\":{\"0\":\"A\",\"1\":\"C\",\"2\":\"G\",\"3\":\"T\",\"4\":\"A\",\"5\":\"C\",\"6\":\"G\",\"7\":\"T\",\"8\":\"A\",\"9\":\"C\",\"10\":\"G\",\"11\":\"T\",\"12\":\"A\",\"13\":\"C\",\"14\":\"G\",\"15\":\"T\"},\"count\":{\"0\":32,\"1\":31,\"2\":23,\"3\":22,\"4\":39,\"5\":22,\"6\":22,\"7\":25,\"8\":27,\"9\":31,\"10\":26,\"11\":30,\"12\":32,\"13\":25,\"14\":32,\"15\":25},\"fitted\":{\"0\":32.2995526153,\"1\":30.2107354553,\"2\":21.4682846158,\"3\":24.0214273143,\"4\":38.7004473847,\"5\":22.7892645447,\"6\":23.5317153844,\"7\":22.9785726868,\"8\":26.7004473847,\"9\":31.7892645447,\"10\":27.5317153843,\"11\":27.9785726864,\"12\":32.2995526153,\"13\":24.2107354553,\"14\":30.4682846157,\"15\":27.021427314},\"ret\":{\"0\":-0.0006715298,\"1\":0.0018006437,\"2\":0.0035700509,\"3\":-0.0043555929,\"4\":0.0006772724,\"5\":-0.0017464788,\"6\":-0.0033350141,\"7\":0.0047473911,\"8\":0.0006784385,\"9\":-0.0017553705,\"10\":-0.0033520142,\"11\":0.0047134071,\"12\":-0.0006715298,\"13\":0.0018062881,\"14\":0.0035351069,\"15\":-0.0043780592}}", "formula": "count ~ group * mut * base - group : mut : base", "deviance": 1.1215523484438283, "rel_entropy": 0.0012630094014007076, "prob": 0.7718739730642117}, "pos1": {"df": 3, "stats": "{\"group\":{\"0\":\"1\",\"1\":\"1\",\"2\":\"1\",\"3\":\"1\",\"4\":\"1\",\"5\":\"1\",\"6\":\"1\",\"7\":\"1\",\"8\":\"2\",\"9\":\"2\",\"10\":\"2\",\"11\":\"2\",\"12\":\"2\",\"13\":\"2\",\"14\":\"2\",\"15\":\"2\"},\"mut\":{\"0\":\"M\",\"1\":\"M\",\"2\":\"M\",\"3\":\"M\",\"4\":\"R\",\"5\":\"R\",\"6\":\"R\",\"7\":\"R\",\"8\":\"M\",\"9\":\"M\",\"10\":\"M\",\"11\":\"M\",\"12\":\"R\",\"13\":\"R\",\"14\":\"R\",\"15\":\"R\"},\"base\":{\"0\":\"A\",\"1\":\"C\",\"2\":\"G\",\"3\":\"T\",\"4\":\"A\",\"5\":\"C\",\"6\":\"G\",\"7\":\"T\",\"8\":\"A\",\"9\":\"C\",\"10\":\"G\",\"11\":\"T\",\"12\":\"A\",\"13\":\"C\",\"14\":\"G\",\"15\":\"T\"},\"count\":{\"0\":19,\"1\":49,\"2\":30,\"3\":10,\"4\":28,\"5\":35,\"6\":26,\"7\":19,\"8\":29,\"9\":48,\"10\":18,\"11\":19,\"12\":31,\"13\":32,\"14\":26,\"15\":25},\"fitted\":{\"0\":20.799638871,\"1\":49.2508008749,\"2\":26.6115273201,\"3\":11.338032934,\"4\":26.200361129,\"5\":34.7491991251,\"6\":29.3884726799,\"7\":17.661967066,\"8\":27.200361129,\"9\":47.7491991251,\"10\":21.3884726799,\"11\":17.661967066,\"12\":32.799638871,\"13\":32.2508008749,\"14\":22.6115273201,\"15\":26.338032934},\"ret\":{\"0\":-0.0038726042,\"1\":-0.0005634261,\"2\":0.008098169,\"3\":-0.0028283272,\"4\":0.0041893623,\"5\":0.0005669004,\"6\":-0.0071737732,\"7\":0.003124961,\"8\":0.0041844636,\"9\":0.0005663477,\"10\":-0.006992447,\"11\":0.003124961,\"12\":-0.0039399534,\"13\":-0.0005626648,\"14\":0.0081769241,\"15\":-0.0029357088}}", "formula": "count ~ group * mut * base - group : mut : base", "deviance": 2.8089076538756643, "rel_entropy": 0.0031631842949050274, "prob": 0.42203565707585367}, "pos2": {"df": 3, "stats": "{\"group\":{\"0\":\"1\",\"1\":\"1\",\"2\":\"1\",\"3\":\"1\",\"4\":\"1\",\"5\":\"1\",\"6\":\"1\",\"7\":\"1\",\"8\":\"2\",\"9\":\"2\",\"10\":\"2\",\"11\":\"2\",\"12\":\"2\",\"13\":\"2\",\"14\":\"2\",\"15\":\"2\"},\"mut\":{\"0\":\"M\",\"1\":\"M\",\"2\":\"M\",\"3\":\"M\",\"4\":\"R\",\"5\":\"R\",\"6\":\"R\",\"7\":\"R\",\"8\":\"M\",\"9\":\"M\",\"10\":\"M\",\"11\":\"M\",\"12\":\"R\",\"13\":\"R\",\"14\":\"R\",\"15\":\"R\"},\"base\":{\"0\":\"A\",\"1\":\"C\",\"2\":\"G\",\"3\":\"T\",\"4\":\"A\",\"5\":\"C\",\"6\":\"G\",\"7\":\"T\",\"8\":\"A\",\"9\":\"C\",\"10\":\"G\",\"11\":\"T\",\"12\":\"A\",\"13\":\"C\",\"14\":\"G\",\"15\":\"T\"},\"count\":{\"0\":13,\"1\":19,\"2\":11,\"3\":65,\"4\":28,\"5\":20,\"6\":29,\"7\":31,\"8\":18,\"9\":19,\"10\":52,\"11\":25,\"12\":29,\"13\":28,\"14\":41,\"15\":16},\"fitted\":{\"0\":13.239809429,\"1\":15.964843501,\"2\":17.2685526323,\"3\":61.5267944378,\"4\":27.760190571,\"5\":23.035156499,\"6\":22.7314473677,\"7\":34.4732055622,\"8\":17.760190571,\"9\":22.035156499,\"10\":45.7314473677,\"11\":28.4732055622,\"12\":29.239809429,\"13\":24.964843501,\"14\":47.2685526323,\"15\":12.5267944378},\"ret\":{\"0\":-0.0005351901,\"1\":0.0074480837,\"2\":-0.0111732205,\"3\":0.0080392861,\"4\":0.0005424375,\"5\":-0.0063643837,\"6\":0.0159073176,\"7\":-0.0074145275,\"8\":0.0005437415,\"9\":-0.0063419014,\"10\":0.0150445757,\"11\":-0.0073247559,\"12\":-0.0005378904,\"13\":0.0072355995,\"14\":-0.0131378367,\"15\":0.0088186961}}", "formula": "count ~ group * mut * base - group : mut : base", "deviance": 9.546028120746746, "rel_entropy": 0.010750031667507596, "prob": 0.022846706477921}}