{"split0_test_score": {"2": 0.7719800956, "0": 0.7719957948, "4": 0.7719239593, "3": 0.7719570821, "1": 0.7719956758}, "best_a_choice": 0.01, "params": {"2": {"alpha": 1.0}, "0": {"alpha": 0.01}, "4": {"alpha": 3.0}, "3": {"alpha": 2.0}, "1": {"alpha": 0.1}}, "rank_test_score": {"2": 3, "0": 1, "4": 5, "3": 4, "1": 2}, "param_alpha": {"2": 1.0, "0": 0.01, "4": 3.0, "3": 2.0, "1": 0.1}}