{"param_alpha": {"2": 1.0, "3": 2.0, "0": 0.01, "4": 3.0, "1": 0.1}, "params": {"2": {"alpha": 1.0}, "3": {"alpha": 2.0}, "0": {"alpha": 0.01}, "4": {"alpha": 3.0}, "1": {"alpha": 0.1}}, "rank_test_score": {"2": 3, "3": 4, "0": 1, "4": 5, "1": 2}, "split0_test_score": {"2": 0.7209231356, "3": 0.7195422468, "0": 0.7271714667, "4": 0.7184855998, "1": 0.7250314705}, "best_a_choice": 0.01}