{"split0_test_score": {"3": 0.7735188484, "2": 0.7735707257, "1": 0.7734605814, "4": 0.7734345667, "0": 0.7734605814}, "rank_test_score": {"3": 2, "2": 1, "1": 3, "4": 5, "0": 3}, "params": {"3": {"alpha": 2.0}, "2": {"alpha": 1.0}, "1": {"alpha": 0.1}, "4": {"alpha": 3.0}, "0": {"alpha": 0.01}}, "best_a_choice": 1.0, "param_alpha": {"3": 2.0, "2": 1.0, "1": 0.1, "4": 3.0, "0": 0.01}}