{"rank_test_score": {"3": 2, "1": 4, "0": 5, "4": 1, "2": 3}, "params": {"3": {"alpha": 2.0}, "1": {"alpha": 0.1}, "0": {"alpha": 0.01}, "4": {"alpha": 3.0}, "2": {"alpha": 1.0}}, "param_alpha": {"3": 2.0, "1": 0.1, "0": 0.01, "4": 3.0, "2": 1.0}, "split0_test_score": {"3": 0.6496164086, "1": 0.6386287083, "0": 0.6318538345, "4": 0.6515529728, "2": 0.6465600817}, "best_a_choice": 3.0}