{"GtoA": -0.39066084536024337, "Pos_1_G": -0.16002658067780148, "CtoG": -1.224474117444454, "AtoT": 0.4193837497497953, "CtoA": -0.01963968212976527, "Pos_1_C": 0.12841669345100612, "TtoC": 0.00972644469452669, "Pos_0_G": 0.3034919520005546, "Pos_1_T": 0.08854012875383178, "TtoA": 0.47453385242369683, "Pos_0_T": 0.022237874023491307, "Pos_0_A": 0.05921769568312947, "AtoC": -0.09279520001582392, "CtoT": -0.3647579118350296, "GtoC": -1.0672792711808132, "TtoG": 0.05488689963229663, "Pos_0_C": -0.09737994963890097, "GtoT": 0.07237891347397778, "GC_feature": -0.10692745488241691, "Pos_1_A": 0.0066427117849374336, "AtoG": 0.03125007092875964}