{"best_a_choice": 0.01, "split0_test_score": {"2": 0.7716378662, "3": 0.7716064679, "1": 0.7716639125, "0": 0.7716675994, "4": 0.7715173871}, "param_alpha": {"2": 1.0, "3": 2.0, "1": 0.1, "0": 0.01, "4": 3.0}, "rank_test_score": {"2": 3, "3": 4, "1": 2, "0": 1, "4": 5}, "params": {"2": {"alpha": 1.0}, "3": {"alpha": 2.0}, "1": {"alpha": 0.1}, "0": {"alpha": 0.01}, "4": {"alpha": 3.0}}}