{"AtoT": 0.34433728386187873, "TtoC": 0.04943532799441061, "CtoT": -0.4062026244771065, "AtoG": 0.040877451267022996, "AtoC": -0.09398595585730786, "GtoA": -0.5012893943676076, "GC_feature": -0.1584831058631128, "CtoA": 0.0, "GtoC": -0.7326070292587672, "TtoA": 0.4222112362125971, "GtoT": 0.02739404630065601, "CtoG": -0.6855838143351767, "TtoG": -0.03265391013280582}