{"best_c_choice": 1.0, "split0_test_score": {"1": 0.7411062369, "3": 0.7410680908, "0": 0.7409994278, "2": 0.7409994278}, "rank_test_score": {"1": 1, "3": 2, "0": 3, "2": 3}, "param_penalty": {"1": "l1", "3": "l1", "0": "l1", "2": "l1"}, "params": {"1": {"penalty": "l1", "C": 1.0}, "3": {"penalty": "l1", "C": 100.0}, "0": {"penalty": "l1", "C": 0.1}, "2": {"penalty": "l1", "C": 10.0}}, "param_C": {"1": 1.0, "3": 100.0, "0": 0.1, "2": 10.0}}