{"Pos_1:Pos_2:Pos_3_GTA": 0.0, "Pos_1_T": 0.0, "Pos_0:Pos_1:Pos_2_ATC": 0.0, "Pos_1:Pos_2:Pos_3_GTG": 0.0, "Pos_1:Pos_2:Pos_3_TAA": -0.060042058885734294, "Pos_1:Pos_2:Pos_3_TGC": 0.008280048851432324, "Pos_0:Pos_1:Pos_2_GAT": -0.052178201836128035, "Pos_0:Pos_1_CT": 0.0, "Pos_0:Pos_1:Pos_3_GTG": 0.0, "Pos_0:Pos_2:Pos_3_TAA": 0.0, "Pos_0:Pos_1:Pos_2_CAT": 0.009472659414436731, "Pos_0:Pos_1_AA": 0.0, "Pos_0:Pos_3_CA": 0.0, "Pos_1:Pos_2_GC": 0.0, "Pos_0:Pos_1:Pos_3_GAC": 0.0, "Pos_0:Pos_1:Pos_3_TCT": 0.0, "Pos_0:Pos_2_AA": 0.0, "Pos_0:Pos_1:Pos_2_CTT": -0.012333055732446698, "Pos_1:Pos_2_CG": -0.06828844612868355, "Pos_0:Pos_1:Pos_3_TGT": 0.008712408068553421, "Pos_1:Pos_2:Pos_3_CCC": -0.023057358172811827, "Pos_1:Pos_3_AA": 0.0, "Pos_0:Pos_2:Pos_3_ACT": 0.0, "Pos_0:Pos_2:Pos_3_TAT": 0.0, "Pos_0:Pos_2:Pos_3_AAG": 0.011777316336728821, "Pos_1:Pos_3_CC": 0.0, "Pos_0:Pos_1_CA": 0.0, "Pos_0:Pos_1:Pos_2_GCA": -0.000267153774927785, "Pos_0:Pos_2:Pos_3_TGA": -0.026583322668306476, "Pos_0:Pos_1:Pos_3_ACG": -0.00668499651393722, "Pos_0:Pos_1_TC": 0.0, "Pos_1:Pos_2_TT": 0.0, "Pos_1:Pos_2_TC": 0.0, "Pos_0:Pos_3_TA": 0.0, "Pos_2:Pos_3_GC": 0.0, "Pos_1:Pos_3_AG": 0.0, "Pos_0:Pos_1:Pos_2_TTT": 0.0553432488777096, "Pos_2:Pos_3_TA": 0.0, "Pos_0:Pos_2:Pos_3_GCT": 0.0, "Pos_0:Pos_1:Pos_3_CGC": -0.008896713696047007, "Pos_1:Pos_3_TT": 0.0, "Pos_0:Pos_1:Pos_2_AGC": 0.0, "Pos_2:Pos_3_GG": 0.0, "Pos_0:Pos_2:Pos_3_ATT": 0.021003977479003934, "Pos_0:Pos_2:Pos_3_ACG": -0.028664695485153685, "Pos_0:Pos_3_GT": 0.0, "Pos_0:Pos_1:Pos_2_GAC": 0.0, "Pos_0:Pos_2_GT": 0.0, "Pos_0:Pos_1:Pos_3_TAG": 0.035175746471449866, "Pos_1:Pos_2:Pos_3_CGT": 0.0, "CtoT": -0.4592344642510217, "GtoT": 0.036788243436152106, "Pos_0:Pos_1:Pos_2_TTC": -0.01595850207921611, "Pos_1:Pos_2:Pos_3_GCA": 0.09382773406712057, "Pos_0:Pos_2:Pos_3_AAA": 0.0, "Pos_0:Pos_2_AG": -0.1019006577892441, "Pos_2:Pos_3_AA": 0.0, "Pos_0:Pos_1:Pos_2_GGT": 0.0029215463174788172, "Pos_1:Pos_2_CC": 0.0, "Pos_0:Pos_2_AC": 0.0, "Pos_1:Pos_2:Pos_3_ATT": 0.0, "Pos_0:Pos_1:Pos_3_GGG": 0.0, "Pos_0:Pos_1:Pos_2_CTG": 0.0, "Pos_0:Pos_1:Pos_2_TCG": 0.0, "Pos_0:Pos_1:Pos_3_TGA": -0.015522197609179791, "Pos_0:Pos_1:Pos_3_GAT": -0.041809564017786, "Pos_0:Pos_1:Pos_3_ATT": 0.04784924277224903, "Pos_0:Pos_3_GA": 0.0, "Pos_0:Pos_1:Pos_2_CGA": -0.0643794960895185, "Pos_0:Pos_2:Pos_3_CCG": 0.05383903897551436, "Pos_0:Pos_1:Pos_3_CTC": 0.0, "Pos_0:Pos_1:Pos_2_GTC": 0.0, "Pos_0:Pos_1:Pos_2_CAG": 0.0, "Pos_1:Pos_2_AC": 0.0, "Pos_0:Pos_2:Pos_3_CGC": 0.017538930327904823, "Pos_0:Pos_1_CC": 0.0, "Pos_1:Pos_2_GA": 0.0, "Pos_0:Pos_1:Pos_3_AGT": -0.006008271189855658, "Pos_2:Pos_3_GA": -0.04640473371268939, "Pos_1_G": 0.1453139813547094, "Pos_0:Pos_1:Pos_3_ACC": 0.029858018178465454, "Pos_1:Pos_2:Pos_3_CTT": 0.0, "Pos_1:Pos_2:Pos_3_GCT": 0.027267308412551716, "Pos_0:Pos_1:Pos_3_TGG": 0.0, "Pos_1:Pos_2:Pos_3_CAG": -0.0075749810279826454, "Pos_0:Pos_2:Pos_3_CTT": 0.0, "Pos_1:Pos_2:Pos_3_GAG": 0.005608531318978442, "Pos_1:Pos_2:Pos_3_TTT": 0.042872326473634446, "Pos_0:Pos_1:Pos_3_CCA": 0.0, "Pos_0:Pos_1:Pos_3_GCG": 0.0, "Pos_0:Pos_1:Pos_2_ATG": -0.0221998794563451, "Pos_1:Pos_3_GA": 0.0, "Pos_0_C": 0.0, "Pos_0:Pos_1:Pos_3_GGC": -0.00042433226056858274, "Pos_0:Pos_1:Pos_3_TTT": 0.0, "Pos_1:Pos_2:Pos_3_TGT": -0.019545769768359894, "Pos_0:Pos_2:Pos_3_GGG": 0.0, "Pos_1:Pos_2_CT": 0.0, "Pos_0:Pos_1:Pos_3_GAA": -0.01764648623460282, "Pos_0:Pos_1:Pos_3_TTA": 0.0, "Pos_0:Pos_1:Pos_3_GTC": 0.0, "Pos_0:Pos_1:Pos_3_CAG": -0.009926628261507737, "Pos_0:Pos_1:Pos_2_CAC": 0.0, "Pos_0:Pos_1:Pos_2_CCA": -0.02461686432724166, "Pos_0:Pos_1:Pos_3_AAG": -0.014344176162929921, "Pos_0:Pos_1:Pos_3_CTA": 0.0, "Pos_0:Pos_2:Pos_3_GAC": 0.0, "Pos_0:Pos_1_GT": 0.0, "Pos_0:Pos_1:Pos_3_GCC": 0.0, "Pos_0:Pos_1:Pos_2_GCG": -0.04860312598556092, "Pos_2:Pos_3_CC": 0.0, "Pos_0:Pos_2:Pos_3_CAG": -0.003054927894911867, "Pos_0:Pos_2:Pos_3_AAC": 0.0, "Pos_0:Pos_1:Pos_2_TAG": -0.06724740438680052, "Pos_0:Pos_2:Pos_3_AGC": 0.03243049129770566, "Pos_0:Pos_1:Pos_2_TAA": 0.02524164989316492, "Pos_0:Pos_1:Pos_2_AAA": 0.0, "Pos_0:Pos_2:Pos_3_TCC": 0.0, "Pos_1:Pos_2:Pos_3_GGG": 0.0, "Pos_0:Pos_1:Pos_2_GAA": 0.0, "Pos_1:Pos_2:Pos_3_GGT": 0.0, "Pos_1_A": 0.0, "Pos_0:Pos_3_CT": 0.0, "Pos_1:Pos_2:Pos_3_TTC": 0.0, "Pos_0:Pos_3_GC": 0.0, "Pos_0:Pos_1:Pos_3_CTT": -0.05470345379080284, "Pos_0:Pos_1:Pos_2_TCC": 0.0, "Pos_0:Pos_2:Pos_3_GAA": -0.03582668344160081, "Pos_0:Pos_1:Pos_2_CTA": -0.012868124505640332, "Pos_0:Pos_2:Pos_3_TCT": 0.0006444321153687242, "Pos_0:Pos_1:Pos_2_GGG": 0.0, "Pos_0:Pos_1:Pos_3_ATA": -0.018753249756046465, "Pos_0:Pos_1:Pos_2_TGA": 0.03319957270488795, "Pos_0:Pos_2:Pos_3_ACC": 0.0, "Pos_0:Pos_1:Pos_3_TCA": 0.0, "Pos_0:Pos_1:Pos_3_TAC": -0.011153317182353009, "Pos_0:Pos_2_TT": 0.0, "Pos_2_G": -0.08182881516327684, "Pos_0:Pos_3_AG": 0.0, "Pos_0:Pos_3_AT": 0.0, "Pos_0:Pos_3_AA": 0.0, "Pos_0:Pos_1:Pos_3_AAT": 0.061149217778178576, "Pos_2_T": 0.0, "Pos_2:Pos_3_AG": 0.0, "Pos_0:Pos_2:Pos_3_TTG": -0.015197226640262245, "Pos_0:Pos_2:Pos_3_GCG": 0.0, "Pos_0:Pos_2:Pos_3_TGC": 0.008328475830107887, "Pos_1:Pos_3_CT": -0.06034348269750299, "Pos_1:Pos_2:Pos_3_AAA": 0.0, "Pos_1:Pos_2:Pos_3_GGA": 0.0, "Pos_0:Pos_1:Pos_3_CAC": 0.012166311968632357, "Pos_0:Pos_3_AC": 0.0, "Pos_0:Pos_1:Pos_3_CTG": 0.0, "CtoG": -0.6154064643457623, "Pos_0:Pos_2:Pos_3_TCA": 0.0, "Pos_0:Pos_1:Pos_3_CGG": -0.032792008676214755, "Pos_0:Pos_1:Pos_3_TAT": 0.0, "Pos_0:Pos_1:Pos_2_GTA": -0.007797695570468402, "Pos_0:Pos_1:Pos_3_CAT": 0.010795027292764364, "Pos_0:Pos_1:Pos_2_GCC": 0.0, "GC_feature": -0.13800261064432406, "Pos_0:Pos_1:Pos_3_CGA": -0.04775421422947236, "Pos_1:Pos_2:Pos_3_ATG": 0.0, "TtoA": 0.44692786432375975, "Pos_1:Pos_2:Pos_3_AGC": -0.03187723228079434, "Pos_0:Pos_2:Pos_3_GCC": -0.010283331025926946, "Pos_1:Pos_2:Pos_3_CTG": 0.0, "Pos_0_T": 0.07286602558813927, "Pos_0:Pos_2:Pos_3_CTC": -0.008116883170302515, "Pos_0:Pos_2:Pos_3_TAC": 0.0, "Pos_0:Pos_2_AT": 0.0, "Pos_0:Pos_2:Pos_3_CAA": 0.0, "Pos_1:Pos_2:Pos_3_AGA": 0.0, "Pos_0:Pos_1:Pos_2_ATT": 0.011554182130457622, "Pos_0:Pos_1:Pos_3_GGT": 0.0, "Pos_0:Pos_2:Pos_3_GAT": -0.04054275250185231, "Pos_0:Pos_2:Pos_3_GCA": -0.008384506027775115, "Pos_0:Pos_1:Pos_3_AAA": 0.0, "Pos_0:Pos_1_GA": 0.0, "Pos_0:Pos_1:Pos_3_CCT": 0.0, "Pos_1:Pos_2:Pos_3_GAT": 0.0, "Pos_0:Pos_1:Pos_2_CGG": -0.016291815126529073, "Pos_1:Pos_2:Pos_3_CTC": 0.0, "Pos_0:Pos_1_TG": 0.003457059962849992, "Pos_0:Pos_2:Pos_3_TTA": 0.005654754129129699, "Pos_1_C": -0.005475278883857611, "Pos_0:Pos_1:Pos_3_AGA": 0.0, "Pos_0:Pos_1_GC": -0.003460515849211032, "Pos_3_A": 0.0, "Pos_1:Pos_2:Pos_3_GAA": 0.0, "Pos_0:Pos_1:Pos_2_ACG": -0.014441284816393023, "Pos_1:Pos_3_CG": 0.0, "Pos_0:Pos_2:Pos_3_GTC": 0.0018955358947425613, "Pos_0:Pos_1:Pos_2_AAG": -0.019392582437346515, "Pos_1:Pos_2:Pos_3_CCT": -0.001850600485294056, "Pos_0:Pos_1:Pos_2_GGA": 0.010405345145795402, "Pos_1:Pos_2:Pos_3_CGA": -0.04037548188634733, "Pos_0:Pos_1_AT": 0.0, "Pos_2:Pos_3_TT": 0.0, "Pos_1:Pos_2:Pos_3_AGT": 0.0, "Pos_0:Pos_2_TG": 0.0, "Pos_1:Pos_2:Pos_3_GTT": 0.011125524992345264, "Pos_0:Pos_2:Pos_3_CGA": -0.01660452991056109, "Pos_0:Pos_1:Pos_2_TGG": 0.0, "CtoA": 0.0, "Pos_0:Pos_1:Pos_2_TTA": 0.0, "Pos_0:Pos_1_GG": 0.0, "Pos_1:Pos_2:Pos_3_CAC": 0.0, "Pos_0:Pos_1:Pos_3_CAA": 0.0, "Pos_1:Pos_2:Pos_3_TAT": -0.06988357654670643, "GtoA": -0.45696657187052975, "Pos_0:Pos_2:Pos_3_TAG": 0.04704891955896814, "Pos_1:Pos_2:Pos_3_AGG": 0.0, "Pos_1:Pos_2:Pos_3_TCC": 0.04664044838361008, "Pos_0:Pos_1:Pos_2_TAC": 0.017318105712499476, "Pos_0:Pos_1:Pos_2_GCT": 0.0, "Pos_0:Pos_2_CT": 0.0, "Pos_0:Pos_1:Pos_3_AGC": 0.014416557776899356, "Pos_0:Pos_1:Pos_2_GTT": 0.0, "Pos_1:Pos_2:Pos_3_ACA": -0.007226827443694276, "Pos_2:Pos_3_CA": 0.0, "TtoG": 0.004304800157288437, "Pos_0:Pos_1_AC": 0.0, "Pos_0:Pos_2:Pos_3_TTC": 0.0, "Pos_0:Pos_3_CG": 0.0, "Pos_1:Pos_3_AC": 0.0, "Pos_1:Pos_2:Pos_3_ACG": -0.05954812398675795, "Pos_0:Pos_1:Pos_3_ATC": 0.0, "Pos_0:Pos_1:Pos_3_TCG": 0.0, "Pos_0:Pos_2_CG": 0.0, "Pos_0:Pos_1:Pos_2_GGC": 0.0,