{"params": {"0": {"alpha": 0.01}, "3": {"alpha": 2.0}, "1": {"alpha": 0.1}, "2": {"alpha": 1.0}, "4": {"alpha": 3.0}}, "rank_test_score": {"0": 2, "3": 4, "1": 2, "2": 5, "4": 1}, "best_a_choice": 3.0, "param_alpha": {"0": 0.01, "3": 2.0, "1": 0.1, "2": 1.0, "4": 3.0}, "split0_test_score": {"0": 0.7233044733, "3": 0.7224888638, "1": 0.7233044733, "2": 0.7223477006, "4": 0.7235397453}}