{"Pos_1:Pos_3_CG": 0.0, "Pos_0:Pos_1:Pos_3_CGG": -0.051974139318186695, "Pos_0:Pos_1:Pos_2_CCC": 0.0, "Pos_0:Pos_1:Pos_3_ACC": 0.0, "Pos_1:Pos_2_AA": 0.0, "Pos_0:Pos_1:Pos_2_GCG": -0.0393657643176576, "Pos_1:Pos_3_GT": 0.0, "CtoT": -0.39572764394171567, "Pos_0:Pos_1:Pos_2_GCT": 0.0, "Pos_0:Pos_1:Pos_2_CGA": -0.02727759412343714, "Pos_1:Pos_2:Pos_3_CAT": 0.0, "Pos_0:Pos_2:Pos_3_ATG": 0.0, "Pos_1:Pos_2_AT": -0.01239133911686899, "Pos_0:Pos_1:Pos_2_CCT": 0.0, "Pos_0:Pos_2:Pos_3_TTT": 0.0, "Pos_0:Pos_1:Pos_2_TTG": 0.0, "Pos_0:Pos_3_TC": 0.0, "Pos_1:Pos_2:Pos_3_TTG": 0.0, "Pos_1:Pos_2:Pos_3_GAG": 0.0, "Pos_0:Pos_2:Pos_3_ATT": 0.06553278151270327, "AtoC": -0.06059317042926157, "Pos_2_T": 0.0, "Pos_0:Pos_1:Pos_2_ATG": -0.0431942270355107, "Pos_0:Pos_2:Pos_3_GCG": -0.01962127307646512, "Pos_1:Pos_2:Pos_3_GTG": 0.0, "Pos_2:Pos_3_GT": 0.0, "Pos_0:Pos_1_CT": 0.0, "Pos_0:Pos_1:Pos_3_GAG": 0.0, "Pos_0:Pos_1:Pos_3_GAA": 0.0, "Pos_0:Pos_1:Pos_2_TTA": 0.0, "Pos_0:Pos_1_AC": -0.03850206549426815, "Pos_0:Pos_2:Pos_3_CTA": -0.004720993570484875, "Pos_0:Pos_1:Pos_3_CGT": 0.0, "Pos_0:Pos_2:Pos_3_GAG": 0.0, "Pos_0:Pos_1:Pos_3_CCT": 0.0034055050096856434, "Pos_0:Pos_1:Pos_3_CAG": 0.0, "Pos_0:Pos_1_TC": 0.0, "Pos_1:Pos_2:Pos_3_CTT": 0.04012452124020512, "Pos_0:Pos_1_AG": 0.0, "Pos_0:Pos_2:Pos_3_GGT": 0.0, "Pos_0:Pos_1:Pos_3_CAC": 0.0, "Pos_1_G": 0.14474039040531214, "Pos_0:Pos_1:Pos_2_TAA": 0.028880749518552826, "Pos_1:Pos_2:Pos_3_CGT": -0.04415073116286766, "Pos_0:Pos_1:Pos_3_CTA": 0.0, "Pos_0:Pos_1:Pos_2_ACC": 0.0, "Pos_0:Pos_2_TA": 0.0, "Pos_1:Pos_2:Pos_3_TTC": 0.025029624746424634, "Pos_2:Pos_3_CA": 0.0234497146666458, "Pos_0:Pos_1:Pos_3_TCT": 0.0, "Pos_0:Pos_3_AT": 0.0, "Pos_1:Pos_2_AG": 0.0, "Pos_0:Pos_2_GT": 0.0, "Pos_0:Pos_2:Pos_3_GCA": 0.0, "Pos_1:Pos_2:Pos_3_AGT": 0.03520754161423352, "Pos_0:Pos_1:Pos_2_GGA": -0.030196425470687932, "Pos_1:Pos_2:Pos_3_CCA": 0.0, "Pos_0:Pos_1:Pos_3_TAG": 0.0027529018983907163, "Pos_0:Pos_2:Pos_3_TAC": 0.04948834931369033, "Pos_0:Pos_2:Pos_3_GGA": 0.0, "Pos_1:Pos_2:Pos_3_CGA": 0.0, "Pos_0:Pos_3_GT": 0.0, "Pos_1:Pos_3_CA": 0.0, "Pos_0:Pos_2:Pos_3_CAA": 0.0, "Pos_1:Pos_2:Pos_3_AAT": -0.004276335565727919, "Pos_1:Pos_2:Pos_3_TCA": 0.0, "Pos_0:Pos_2:Pos_3_ATA": 0.02271451156995241, "Pos_0:Pos_1:Pos_3_TAA": -0.0017558284452419504, "Pos_0:Pos_1:Pos_2_CAC": 0.0, "GtoA": -0.4538292725631445, "Pos_0:Pos_2:Pos_3_TGA": 0.0, "Pos_1_A": 0.0, "Pos_0:Pos_2:Pos_3_TCA": 0.0, "Pos_0:Pos_1:Pos_3_GTT": 0.0, "Pos_0:Pos_2_CC": 0.0, "Pos_1:Pos_3_GA": 0.0010518704308364823, "Pos_1:Pos_3_CT": 0.0, "Pos_0:Pos_1_GT": -0.0025385542976749465, "Pos_2:Pos_3_TT": 0.0, "Pos_1:Pos_2:Pos_3_TCG": -0.04362893480296675, "Pos_0:Pos_1:Pos_2_GGG": 0.0, "Pos_0:Pos_1:Pos_2_GAA": 0.0, "Pos_0:Pos_2_AG": 0.0, "Pos_0_C": 0.0, "Pos_1:Pos_2:Pos_3_CTC": 0.0, "Pos_0:Pos_2:Pos_3_AAG": 0.04689933528698335, "Pos_0:Pos_1:Pos_2_AAG": -0.0013130612757921859, "Pos_0:Pos_3_CT": 0.0, "Pos_0:Pos_1_TT": 0.0, "Pos_1:Pos_2:Pos_3_GGC": 0.0, "Pos_1:Pos_2:Pos_3_ATA": -0.016548614588161044, "Pos_1:Pos_2:Pos_3_CTA": 0.0, "Pos_2:Pos_3_AA": 0.0, "Pos_0:Pos_1:Pos_3_GTG": -0.022327552084872113, "Pos_0:Pos_2:Pos_3_CGA": -0.006091370177254469, "Pos_0:Pos_1:Pos_3_CAA": 0.008625080871864664, "Pos_2:Pos_3_AT": 0.0, "Pos_0:Pos_1:Pos_3_GTC": 0.0, "Pos_1:Pos_2:Pos_3_TGG": 0.042255189884946816, "Pos_2:Pos_3_GC": 0.0, "Pos_0:Pos_2:Pos_3_TCG": -0.07542041448591537, "Pos_1:Pos_3_TC": 0.0, "Pos_2:Pos_3_AG": 0.029840124593867538, "Pos_0:Pos_2:Pos_3_GAA": -0.03732211733002099, "Pos_0:Pos_2_CT": 0.0, "Pos_0:Pos_2:Pos_3_ACT": 0.043639777506542, "Pos_0:Pos_1:Pos_3_AGT": 0.0, "Pos_0:Pos_1:Pos_2_TTC": -0.04099287530188096, "Pos_0:Pos_2:Pos_3_TCT": 0.060120450862537436, "Pos_1:Pos_2:Pos_3_ACG": -0.055496986823392304, "Pos_0:Pos_2:Pos_3_GAT": 0.0, "Pos_0:Pos_2:Pos_3_GTT": -0.01046133194913507, "Pos_0:Pos_1:Pos_3_GCG": -0.007286835393610558, "Pos_0:Pos_1_TA": 0.0, "Pos_0:Pos_1:Pos_2_TAG": -0.03215109175308525, "Pos_0:Pos_1:Pos_3_TCC": 0.0, "CtoA": 0.04617706590528847, "Pos_1:Pos_2_CA": 0.0, "Pos_1:Pos_2:Pos_3_ATT": -0.062123921856507856, "Pos_0:Pos_1:Pos_3_AGA": 0.04313578410256505, "Pos_0:Pos_2:Pos_3_TAA": -0.06265256830177347, "Pos_0_G": -0.016806856972146813, "GtoC": -0.5014899566670147, "GC_feature": -0.10200725641305883, "Pos_0:Pos_3_CG": 0.0, "Pos_0:Pos_1:Pos_3_AAT": 0.0, "Pos_1:Pos_2:Pos_3_GGG": 0.0, "Pos_0:Pos_3_CC": 0.0, "Pos_0:Pos_1:Pos_3_AGG": 0.026101325365337144, "Pos_0_A": 0.0, "TtoG": 0.0, "Pos_1:Pos_2:Pos_3_CCG": 0.0, "Pos_0:Pos_2:Pos_3_CCC": -0.028592247343815977, "Pos_0:Pos_1:Pos_3_GGC": 0.0, "Pos_2:Pos_3_AC": 0.0, "Pos_1:Pos_2_GC": 0.08024421823828473, "Pos_1:Pos_2:Pos_3_CTG": 0.0, "Pos_0:Pos_2:Pos_3_GCC": 0.0, "Pos_1:Pos_3_AT": 0.0, "Pos_1:Pos_2:Pos_3_GCT": 0.03379483517497726, "Pos_1:Pos_2:Pos_3_CAA": 0.0, "Pos_0:Pos_2:Pos_3_GTC": 0.017760062362267178, "Pos_1:Pos_2:Pos_3_GGT": -0.0005418148103787724, "Pos_0:Pos_2:Pos_3_TTA": 0.0, "Pos_1:Pos_2:Pos_3_TCC": 0.009491382416003238, "Pos_1:Pos_2:Pos_3_CGC": 0.0, "Pos_1:Pos_2:Pos_3_TAG": 0.0, "Pos_0:Pos_1:Pos_2_ACA": -0.041041531114490486, "TtoC": 0.0, "Pos_0:Pos_1:Pos_3_CCA": -0.024516935288680364, "Pos_0:Pos_2:Pos_3_ACC": 0.0, "Pos_0:Pos_1:Pos_2_AGG": 0.0335152725180154, "Pos_0:Pos_1:Pos_2_CGT": 0.0, "Pos_0:Pos_1:Pos_2_CAT": 0.023279075274703003, "Pos_0:Pos_2:Pos_3_TGC": -0.06905499488529704, "Pos_0:Pos_1:Pos_2_GCC": 0.0, "Pos_0:Pos_2:Pos_3_CCA": 0.021737023293652465, "Pos_0:Pos_1:Pos_3_TTT": 0.0, "Pos_1:Pos_2:Pos_3_AGC": -0.03839514689898075, "Pos_0:Pos_1:Pos_2_TGC": 0.032696603537043484, "Pos_0:Pos_1:Pos_3_CGA": -0.11951067984943832, "Pos_0:Pos_2:Pos_3_TGG": 0.0, "Pos_1:Pos_2:Pos_3_GGA": 0.0, "Pos_1:Pos_2:Pos_3_TTA": 0.015663336524846423, "Pos_0:Pos_1:Pos_2_AAA": 0.00767357160583038, "Pos_0:Pos_2:Pos_3_TAT": 0.02585860141059935, "Pos_0:Pos_1:Pos_2_GGT": 0.0, "Pos_0:Pos_1:Pos_2_CTA": -0.08936995924318196, "Pos_0:Pos_1:Pos_2_TCA": 0.0, "Pos_1:Pos_2_CG": -0.02081191942493683, "Pos_1:Pos_2:Pos_3_TGC": 0.0, "Pos_0:Pos_1:Pos_2_GTA": -0.032860609984586245, "TtoA": 0.5032119969342937, "Pos_0:Pos_2:Pos_3_CGT": 0.0, "Pos_0:Pos_1:Pos_3_AGC": 0.0, "Pos_1:Pos_3_AC": 0.0, "Pos_0:Pos_1:Pos_2_AAC": 0.0, "Pos_0:Pos_2:Pos_3_AGG": 0.0, "Pos_0:Pos_1:Pos_3_AAC": -0.02165311852562227, "Pos_0:Pos_2:Pos_3_GTG": 0.0, "Pos_0:Pos_1:Pos_3_TTC": 0.1013584167576297, "AtoT": 0.4699042393913513, "Pos_2:Pos_3_CC": 0.0, "Pos_0:Pos_1:Pos_2_AGA": 0.0, "Pos_0:Pos_2_AT": 0.0, "Pos_1:Pos_2_TG": 0.0, "Pos_0:Pos_3_TA": 0.0, "Pos_0:Pos_2:Pos_3_CCT": 0.0, "Pos_0:Pos_3_AA": 0.0, "Pos_0:Pos_3_AC": 0.0, "Pos_0:Pos_1:Pos_2_TCT": 0.0, "Pos_0:Pos_2:Pos_3_CAC": -0.10880666317375315, "Pos_1:Pos_3_GG": 0.0, "Pos_1:Pos_2_GA": 0.0, "Pos_1:Pos_2:Pos_3_ACA": 0.0, "Pos_1:Pos_2_GG": 0.0, "Pos_2_A": 0.0, "Pos_1:Pos_2:Pos_3_AAC": 0.015022367507520944, "Pos_0:Pos_2:Pos_3_AGC": 0.0, "Pos_1:Pos_2_CC": 0.0, "Pos_0:Pos_2:Pos_3_GCT": 0.0, "Pos_0:Pos_1:Pos_2_GAC": 0.0, "Pos_0:Pos_1:Pos_3_TCA": 0.0147340696117024, "Pos_0:Pos_1_AT": 0.0, "Pos_1:Pos_2:Pos_3_CAC": 0.0, "Pos_0:Pos_1:Pos_3_TGC": 0.08419135374585798, "Pos_2:Pos_3_TA": 0.008010985606375044, "Pos_1:Pos_2:Pos_3_AGG": 0.0, "Pos_0:Pos_2_TT": 0.025648392566095513, "Pos_0:Pos_1:Pos_2_ATA": 0.0, "Pos_0:Pos_1:Pos_3_GCC": 0.0, "Pos_0:Pos_2:Pos_3_TAG": 0.01368226098905435, "CtoG": -0.535852270027234, "Pos_0:Pos_1:Pos_2_ACG": 0.0, "Pos_0:Pos_1:Pos_3_CTT": 0.0, "Pos_0:Pos_1:Pos_3_TAT": 0.0, "Pos_1:Pos_3_AG": 0.0, "Pos_1_C": -0.03851417311353762, "Pos_0:Pos_1:Pos_2_TCG": 0.0, "Pos_0:Pos_2:Pos_3_AGT": -0.05133126287514478, "Pos_2:Pos_3_CT": 0.0, "Pos_0:Pos_1:Pos_2_TAC": 0.0, "Pos_1:Pos_2_TT": 0.010287107345006553, "Pos_0:Pos_1_GA": 0.0, "Pos_0:Pos_2:Pos_3_TGT": -0.02705307748328752, "Pos_0:Pos_1:Pos_3_TGT": 0.0, "Pos_2_G": -0.09969013077591111, "Pos_0:Pos_1_GG": 0.0, "Pos_0:Pos_1:Pos_2_CCG": 0.0, "Pos_1:Pos_2:Pos_3_GAT": 0.0, "Pos_3_C": 0.0, "Pos_0:Pos_2:Pos_3_CTG": 0.0, "Pos_0:Pos_2:Pos_3_TCC": 0.0, "Pos_0:Pos_1:Pos_3_GCA": 0.0, "Pos_0:Pos_1:Pos_3_GAT": 0.0, "Pos_0:Pos_1:Pos_2_GGC": 0.0, "Pos_0:Pos_1:Pos_3_TGA": 0.0, "Pos_0:Pos_1:Pos_3_ATG": 0.0, "Pos_0:Pos_2_CG": 0.0,