{"params": {"0": {"alpha": 0.01}, "2": {"alpha": 1.0}, "1": {"alpha": 0.1}, "3": {"alpha": 2.0}, "4": {"alpha": 3.0}}, "best_a_choice": 0.01, "split0_test_score": {"0": 0.762921416, "2": 0.7626223225, "1": 0.7629139615, "3": 0.7622672441, "4": 0.7616987231}, "rank_test_score": {"0": 1, "2": 3, "1": 2, "3": 4, "4": 5}, "param_alpha": {"0": 0.01, "2": 1.0, "1": 0.1, "3": 2.0, "4": 3.0}}