{"Pos_0:Pos_2_AA": 0.0, "Pos_3_A": 0.0, "Pos_1_A": 0.0, "Pos_0:Pos_1_AT": 0.010704828063897274, "Pos_2:Pos_3_CT": 0.05610748557019013, "GtoT": 0.0, "Pos_1:Pos_2_GG": 0.0, "CtoA": 0.04331466001627898, "Pos_2:Pos_3_TG": -0.016496693800290178, "Pos_2:Pos_3_AC": 0.0, "Pos_0:Pos_1_GA": 0.0, "Pos_0:Pos_2_TC": 0.0, "Pos_1:Pos_3_TA": -0.01949351900994058, "Pos_2_C": 0.0, "Pos_0:Pos_3_AA": 0.01490575380211268, "Pos_0:Pos_3_GT": -0.03185033975848704, "Pos_1:Pos_3_CA": 0.0, "Pos_2_G": -0.06242711903996127, "Pos_2:Pos_3_GC": 0.0, "Pos_2_A": 0.0, "GtoA": -0.4432015679352118, "Pos_0_T": 0.0, "CtoT": -0.3899751829601605, "Pos_1:Pos_3_AA": 0.0, "AtoG": 0.015089878098594176, "Pos_0:Pos_1_AC": -0.0727789862942358, "Pos_0:Pos_1_AG": 0.08896476583890728, "Pos_2:Pos_3_AT": 0.0, "Pos_0:Pos_2_GA": -0.08254539765020034, "Pos_2:Pos_3_GT": -0.02325106954452702, "Pos_0:Pos_3_TC": 0.0801842383278911, "Pos_0:Pos_2_TA": 0.02252388324945997, "Pos_2:Pos_3_CC": -0.004931481915666342, "GtoC": -0.4945199835850074, "Pos_0:Pos_2_CG": 0.0, "Pos_2:Pos_3_TC": 0.07609685972633871, "Pos_0_A": 0.0, "Pos_0:Pos_3_GC": 0.0, "Pos_0:Pos_2_GT": 0.0, "Pos_1:Pos_3_TC": 0.016501138930509338, "Pos_0:Pos_2_GG": 0.0, "Pos_0:Pos_1_CA": 0.017801600416883067, "Pos_2:Pos_3_CA": 0.019761608974909466, "Pos_1:Pos_2_AG": -0.028643287704721205, "Pos_0:Pos_2_AC": 0.0, "Pos_1:Pos_2_AC": 0.0, "Pos_0:Pos_1_CG": -0.11870650081170107, "Pos_0:Pos_1_TA": -0.009638291439596762, "Pos_0:Pos_3_CG": 0.002515760317412011, "Pos_1:Pos_3_GG": 0.0, "Pos_0:Pos_2_CC": 0.0, "Pos_1_C": 0.0, "Pos_1_T": 0.0, "Pos_0:Pos_3_TT": 0.013218621386769925, "Pos_0:Pos_1_TC": 0.0, "Pos_1:Pos_2_TT": 0.046904033765834054, "Pos_1:Pos_3_CG": 0.0, "Pos_1:Pos_3_GT": 0.025995988136714828, "Pos_0:Pos_3_GG": -0.014977166725030952, "Pos_1:Pos_2_CC": -0.02602788923564533, "Pos_0:Pos_3_GA": 0.0, "Pos_1:Pos_3_TT": 0.0, "Pos_1:Pos_3_CC": -0.046414332580690956, "Pos_1:Pos_3_AT": 0.0, "Pos_2:Pos_3_TT": 0.02817238672352501, "Pos_0:Pos_3_CA": -0.005832053592631641, "Pos_0:Pos_2_CT": 0.0, "Pos_1:Pos_2_TG": 0.0, "GC_feature": -0.09850566585596651, "Pos_1:Pos_2_GT": 0.06067592967260966, "Pos_1:Pos_3_CT": -0.0338358827018281, "Pos_1_G": 0.0951088612481644, "Pos_0:Pos_2_TT": 0.013674981259620486, "Pos_0:Pos_3_AG": 4.439514381664842e-05, "Pos_2:Pos_3_GA": -0.11942085539506221, "TtoG": 0.0, "Pos_1:Pos_3_GA": 0.0, "Pos_2_T": 0.001677817519796622, "Pos_1:Pos_2_TA": -0.11318386847245548, "Pos_1:Pos_2_AT": -0.08111376076704833, "Pos_2:Pos_3_CG": -0.0729074901314736, "Pos_3_G": 0.0, "Pos_0:Pos_1_GC": -0.05282029713150794, "Pos_0:Pos_2_TG": -0.04597179798189467, "Pos_2:Pos_3_AG": 0.0585526167331816, "Pos_0:Pos_1_AA": 0.0, "Pos_1:Pos_3_TG": 0.0, "Pos_0:Pos_3_AC": -0.03613311657471504, "Pos_1:Pos_3_AC": -0.016101005941964328, "Pos_2:Pos_3_GG": 0.010069694160818599, "Pos_1:Pos_2_GA": 0.0, "AtoC": -0.053359904952404745, "Pos_1:Pos_2_CT": 0.0, "Pos_3_T": 0.0, "Pos_1:Pos_3_GC": 0.0, "Pos_0:Pos_3_CC": -0.025080924161864283, "TtoA": 0.4880838578264792, "Pos_1:Pos_3_AG": 0.0, "Pos_1:Pos_2_GC": 0.1298642834329287, "Pos_0_C": 0.0, "Pos_0:Pos_1_CT": -0.0031880431414320494, "Pos_0:Pos_3_TG": 0.0, "Pos_0:Pos_3_TA": 0.0, "TtoC": 0.0, "Pos_0:Pos_1_GG": 0.0, "Pos_0:Pos_2_CA": -0.09132619779089605, "CtoG": -0.5327224969193249, "Pos_1:Pos_2_CG": -0.08547429227715131, "Pos_0:Pos_1_TG": 0.08253871930722605, "Pos_0:Pos_2_AG": -0.0481099337581607, "Pos_0:Pos_3_CT": 0.008264046705238753, "Pos_0:Pos_2_GC": 0.0, "Pos_3_C": 0.0, "Pos_1:Pos_2_CA": 0.0, "Pos_0:Pos_3_AT": 0.0, "AtoT": 0.4710282095980095, "Pos_0:Pos_1_TT": 0.01536197063315729, "Pos_0:Pos_1_CC": 0.0, "Pos_1:Pos_2_AA": 0.03236980810901958, "Pos_2:Pos_3_TA": 0.026074689635451176, "Pos_0_G": -0.027925999699916427, "Pos_1:Pos_2_TC": 0.0, "Pos_0:Pos_1_GT": -0.05214420723045224, "Pos_0:Pos_2_AT": 0.014792342929371488, "Pos_2:Pos_3_AA": -0.06899239189710885}