{"split0_test_score": {"0": 0.635322379, "1": 0.643247073, "3": 0.652325881, "2": 0.6504117406, "4": 0.6533077606}, "param_alpha": {"0": 0.01, "1": 0.1, "3": 2.0, "2": 1.0, "4": 3.0}, "params": {"0": {"alpha": 0.01}, "1": {"alpha": 0.1}, "3": {"alpha": 2.0}, "2": {"alpha": 1.0}, "4": {"alpha": 3.0}}, "best_a_choice": 3.0, "rank_test_score": {"0": 5, "1": 4, "3": 2, "2": 3, "4": 1}}