{"split0_test_score": {"0": 0.7539674764, "1": 0.7539982073, "3": 0.7531534127, "2": 0.7535749733, "4": 0.7527460006}, "rank_test_score": {"0": 2, "1": 1, "3": 4, "2": 3, "4": 5}, "params": {"0": {"alpha": 0.01}, "1": {"alpha": 0.1}, "3": {"alpha": 2.0}, "2": {"alpha": 1.0}, "4": {"alpha": 3.0}}, "best_a_choice": 0.1, "param_alpha": {"0": 0.01, "1": 0.1, "3": 2.0, "2": 1.0, "4": 3.0}}