{"params": {"1": {"alpha": 0.1}, "0": {"alpha": 0.01}, "4": {"alpha": 3.0}, "2": {"alpha": 1.0}, "3": {"alpha": 2.0}}, "split0_test_score": {"1": 0.7475455623, "0": 0.7475455623, "4": 0.7463726169, "2": 0.7470912932, "3": 0.7468729823}, "rank_test_score": {"1": 1, "0": 1, "4": 5, "2": 3, "3": 4}, "param_alpha": {"1": 0.1, "0": 0.01, "4": 3.0, "2": 1.0, "3": 2.0}, "best_a_choice": 0.01}