{"params": {"4": {"alpha": 3.0}, "0": {"alpha": 0.01}, "1": {"alpha": 0.1}, "2": {"alpha": 1.0}, "3": {"alpha": 2.0}}, "best_a_choice": 0.01, "rank_test_score": {"4": 5, "0": 1, "1": 2, "2": 3, "3": 4}, "param_alpha": {"4": 3.0, "0": 0.01, "1": 0.1, "2": 1.0, "3": 2.0}, "split0_test_score": {"4": 0.7264908731, "0": 0.7300395934, "1": 0.729720318, "2": 0.7282206334, "3": 0.7272177911}}