{"Pos_3_T": 0.06109331327312992, "Pos_0_C": -0.06447120503610239, "Pos_0_T": 0.19144849164724795, "Pos_0_A": 0.07857553848138246, "Pos_2_T": -0.010885630268901126, "AtoC": 0.4533078197043164, "Pos_5_T": 0.011284737407400896, "GtoT": 0.8296713193621938, "TtoC": 0.7890627297707656, "GtoC": -3.3843845540283084, "Pos_3_G": -0.2677317207734801, "Pos_2_G": 0.28712521834051874, "AtoG": 0.7842111065774922, "Pos_5_C": -0.08042536791126761, "Pos_1_T": 0.16433320010380784, "Pos_3_A": -0.08929857711405699, "Pos_5_A": 0.058178631732967674, "Pos_4_T": 0.11123965618700021, "CtoG": -3.40323760540431, "CtoA": 0.6347030546528284, "Pos_4_A": 0.011331235699363604, "Pos_1_C": -0.07056722455516856, "Pos_1_A": 0.0281131374444926, "Pos_2_A": 0.05921998722195202, "AtoT": 1.5317531200306647, "Pos_0_G": 0.0018941450812751629, "CtoT": 0.1737623959885223, "Pos_2_C": -0.13273220204635608, "Pos_4_G": 0.07312360704812679, "TtoA": 1.6336164287221058, "Pos_4_C": 0.04610930278234778, "GtoA": 0.1526409162244388, "Pos_3_C": 0.07814281029693344, "Pos_1_G": -0.1070655616436318, "Pos_5_G": -0.11336527317782359, "TtoG": 0.7760292104325377}