{"param_penalty": {"3": "l1", "2": "l1", "1": "l1", "0": "l1"}, "param_C": {"3": 100.0, "2": 10.0, "1": 1.0, "0": 0.1}, "params": {"3": {"penalty": "l1", "C": 100.0}, "2": {"penalty": "l1", "C": 10.0}, "1": {"penalty": "l1", "C": 1.0}, "0": {"penalty": "l1", "C": 0.1}}, "rank_test_score": {"3": 1, "2": 2, "1": 3, "0": 4}, "best_c_choice": 100.0, "split0_test_score": {"3": 0.7794360296, "2": 0.7794353755, "1": 0.7793974954, "0": 0.7790892807}}