{"best_a_choice": 0.01, "param_alpha": {"4": 3.0, "2": 1.0, "1": 0.1, "3": 2.0, "0": 0.01}, "rank_test_score": {"4": 5, "2": 3, "1": 2, "3": 4, "0": 1}, "split0_test_score": {"4": 0.6987385376, "2": 0.7028650083, "1": 0.7088617258, "3": 0.7004017214, "0": 0.7114533536}, "params": {"4": {"alpha": 3.0}, "2": {"alpha": 1.0}, "1": {"alpha": 0.1}, "3": {"alpha": 2.0}, "0": {"alpha": 0.01}}}