{"GtoC": -2.3139379093966634, "Pos_1_C": 0.11026486392018604, "Pos_0:Pos_1_AG": 0.013694879871934951, "Pos_0:Pos_1_GC": 0.12375488463434124, "AtoT": 1.3171904202476545, "CtoA": 0.3661006881545023, "Pos_0:Pos_1_AT": 0.0, "Pos_0:Pos_1_TC": 0.0, "Pos_0:Pos_1_CA": 0.0, "Pos_0:Pos_1_GA": 0.028700506283317082, "Pos_0:Pos_1_CT": 0.09715684752453518, "Pos_0:Pos_1_CG": -0.005500868953361631, "CtoT": -0.07517635574868002, "Pos_1_A": 0.0, "Pos_0_C": -0.15256237481785506, "TtoC": 0.4916003387639843, "Pos_1_G": -0.1776872543229027, "TtoG": 0.5280207847931846, "Pos_0:Pos_1_AA": 0.15407052047988987, "Pos_0_A": 0.002377325255264717, "Pos_0:Pos_1_AC": 0.025007045001438712, "Pos_1_T": 0.09838727741850646, "Pos_0:Pos_1_TA": -0.23215299722013477, "GtoA": -0.14822949589908366, "Pos_0:Pos_1_TT": 0.09075929127972501, "GtoT": 0.5120334737261043, "AtoG": 0.48883688782834067, "Pos_0:Pos_1_GT": 0.011148117769058542, "Pos_0:Pos_1_GG": 0.0, "Pos_0:Pos_1_CC": 0.0, "AtoC": 0.21076791506253456, "Pos_0:Pos_1_TG": 0.05657065847941111, "CtoG": -2.3444691363750905, "Pos_0_G": 0.25851316516649675, "TtoA": 1.304536267133379, "Pos_0_T": 0.0}