{"best_c_choice": 1.0, "params": {"3": {"penalty": "l1", "C": 100.0}, "0": {"penalty": "l1", "C": 0.1}, "2": {"penalty": "l1", "C": 10.0}, "1": {"penalty": "l1", "C": 1.0}}, "param_penalty": {"3": "l1", "0": "l1", "2": "l1", "1": "l1"}, "rank_test_score": {"3": 3, "0": 4, "2": 2, "1": 1}, "split0_test_score": {"3": 0.7660698084, "0": 0.7653941857, "2": 0.7660739159, "1": 0.7661950138}, "param_C": {"3": 100.0, "0": 0.1, "2": 10.0, "1": 1.0}}