{"Pos_1_G": -0.11396413027204579, "TtoG": 0.0, "TtoA": 0.28221560883116914, "Pos_2_C": -0.1931449141977683, "Pos_4_T": 0.0, "Pos_3_T": 0.0, "GC_feature": 0.0, "Pos_4_A": 0.0, "Pos_0_A": 0.0, "CtoT": -0.4463735315004616, "Pos_0_T": 0.0189582276565037, "Pos_2_A": 0.0, "Pos_4_C": 0.0, "Pos_2_T": -0.02141609889416167, "GtoA": -0.33856774874737633, "Pos_1_A": 0.0, "GtoC": -0.3718755779016978, "Pos_3_C": 0.10972142277148487, "Pos_5_C": -0.07215033532557882, "Pos_0_C": -0.1530640927637434, "Pos_0_G": 0.0, "Pos_5_T": 0.0, "Pos_5_G": 0.0, "AtoC": 0.0, "CtoG": -0.34497457524515945, "AtoT": 0.397951865354598, "Pos_5_A": 0.0, "CtoA": -0.006881817092098173, "Pos_1_T": 0.2243025929252842, "Pos_3_A": -0.04641867312965442, "Pos_4_G": -0.003974545639333698, "GtoT": 0.04389474326671796, "Pos_2_G": 0.16372341994184172, "TtoC": 0.0, "Pos_1_C": 0.0, "Pos_3_G": -0.09903921446614258, "AtoG": 0.004712660801308409}