{"Pos_0:Pos_1_GA": 0.14610117843679934, "AtoT": 1.44181720698965, "AtoG": 0.6759073539874242, "Pos_1_T": 0.08158864674137549, "CtoA": 0.5734493446097506, "Pos_1_A": -0.007960152694094306, "AtoC": 0.3958202728389281, "Pos_0:Pos_1_TG": 0.05234811664551331, "TtoC": 0.6929588759893546, "GtoA": 0.03990208681279881, "Pos_0:Pos_1_AG": 0.015692999093386718, "Pos_0:Pos_1_AC": 0.01175575974317332, "GtoC": -3.215271765542543, "Pos_0:Pos_1_TT": 0.0657831590038746, "Pos_0_A": 0.0, "Pos_0:Pos_1_AT": -0.022420460875552002, "Pos_0:Pos_1_CG": -0.028453006709056945, "Pos_1_C": 0.12557753476733585, "TtoA": 1.5480522534186054, "Pos_0:Pos_1_GT": 0.09049687162670468, "TtoG": 0.7727434671753507, "Pos_0:Pos_1_TA": -0.17181464752241335, "Pos_0:Pos_1_GG": 0.0, "Pos_0:Pos_1_CT": 0.15271912278951605, "Pos_0:Pos_1_TC": 0.05318852294224414, "CtoT": 0.08993534694126301, "Pos_0_C": -0.16890098629821432, "Pos_0:Pos_1_CC": 0.0, "Pos_0:Pos_1_CA": 0.0, "Pos_0:Pos_1_AA": 0.2072942323435334, "CtoG": -3.2901446424383303, "Pos_0_T": 0.0, "GtoT": 0.6996770618624173, "Pos_1_G": -0.16165859391940027, "Pos_0_G": 0.23958764024837573, "Pos_0:Pos_1_GC": 0.13441998408288988}