{"param_C": {"0": 0.1, "2": 10.0, "1": 1.0, "3": 100.0}, "best_c_choice": 10.0, "split0_test_score": {"0": 0.7745961737, "2": 0.7748812856, "1": 0.7747644935, "3": 0.7748810478}, "param_penalty": {"0": "l1", "2": "l1", "1": "l1", "3": "l1"}, "params": {"0": {"penalty": "l1", "C": 0.1}, "2": {"penalty": "l1", "C": 10.0}, "1": {"penalty": "l1", "C": 1.0}, "3": {"penalty": "l1", "C": 100.0}}, "rank_test_score": {"0": 4, "2": 1, "1": 3, "3": 2}}