{"pos1": {"df": 3, "deviance": 2.633400648082949, "prob": 0.4516640476358392, "rel_entropy": 0.00012425217741261437, "stats": "{\"group\":{\"0\":\"1\",\"1\":\"1\",\"2\":\"1\",\"3\":\"1\",\"4\":\"1\",\"5\":\"1\",\"6\":\"1\",\"7\":\"1\",\"8\":\"2\",\"9\":\"2\",\"10\":\"2\",\"11\":\"2\",\"12\":\"2\",\"13\":\"2\",\"14\":\"2\",\"15\":\"2\"},\"mut\":{\"0\":\"M\",\"1\":\"M\",\"2\":\"M\",\"3\":\"M\",\"4\":\"R\",\"5\":\"R\",\"6\":\"R\",\"7\":\"R\",\"8\":\"M\",\"9\":\"M\",\"10\":\"M\",\"11\":\"M\",\"12\":\"R\",\"13\":\"R\",\"14\":\"R\",\"15\":\"R\"},\"base\":{\"0\":\"A\",\"1\":\"C\",\"2\":\"G\",\"3\":\"T\",\"4\":\"A\",\"5\":\"C\",\"6\":\"G\",\"7\":\"T\",\"8\":\"A\",\"9\":\"C\",\"10\":\"G\",\"11\":\"T\",\"12\":\"A\",\"13\":\"C\",\"14\":\"G\",\"15\":\"T\"},\"count\":{\"0\":670,\"1\":2445,\"2\":965,\"3\":1058,\"4\":1038,\"5\":1682,\"6\":1101,\"7\":1316,\"8\":24,\"9\":64,\"10\":37,\"11\":36,\"12\":45,\"13\":42,\"14\":29,\"15\":45},\"fitted\":{\"0\":666.1947675047,\"1\":2444.8297498216,\"2\":970.1191557853,\"3\":1056.8563268884,\"4\":1041.8052324953,\"5\":1682.1702501784,\"6\":1095.8808442147,\"7\":1317.1436731116,\"8\":27.8052324953,\"9\":64.1702501784,\"10\":31.8808442147,\"11\":37.1436731116,\"12\":41.1947675047,\"13\":41.8297498216,\"14\":34.1191557853,\"15\":43.8563268884},\"ret\":{\"0\":0.0003601094,\"1\":0.0000160664,\"2\":-0.0004817991,\"3\":0.0001079826,\"4\":-0.0003584292,\"5\":-0.0000160651,\"6\":0.0004842025,\"7\":-0.0001078774,\"8\":-0.0003333103,\"9\":-0.0000160446,\"10\":0.0005199363,\"11\":-0.0001062454,\"12\":0.0003751822,\"13\":0.0000160985,\"14\":-0.0004448741,\"15\":0.0001093194}}", "formula": "count ~ group * mut * base - group : mut : base"}, "pos2": {"df": 3, "deviance": 5.950907853952231, "prob": 0.11402324635856893, "rel_entropy": 0.0002807826674507988, "stats": "{\"group\":{\"0\":\"1\",\"1\":\"1\",\"2\":\"1\",\"3\":\"1\",\"4\":\"1\",\"5\":\"1\",\"6\":\"1\",\"7\":\"1\",\"8\":\"2\",\"9\":\"2\",\"10\":\"2\",\"11\":\"2\",\"12\":\"2\",\"13\":\"2\",\"14\":\"2\",\"15\":\"2\"},\"mut\":{\"0\":\"M\",\"1\":\"M\",\"2\":\"M\",\"3\":\"M\",\"4\":\"R\",\"5\":\"R\",\"6\":\"R\",\"7\":\"R\",\"8\":\"M\",\"9\":\"M\",\"10\":\"M\",\"11\":\"M\",\"12\":\"R\",\"13\":\"R\",\"14\":\"R\",\"15\":\"R\"},\"base\":{\"0\":\"A\",\"1\":\"C\",\"2\":\"G\",\"3\":\"T\",\"4\":\"A\",\"5\":\"C\",\"6\":\"G\",\"7\":\"T\",\"8\":\"A\",\"9\":\"C\",\"10\":\"G\",\"11\":\"T\",\"12\":\"A\",\"13\":\"C\",\"14\":\"G\",\"15\":\"T\"},\"count\":{\"0\":669,\"1\":1642,\"2\":1736,\"3\":1091,\"4\":756,\"5\":1363,\"6\":1855,\"7\":1163,\"8\":27,\"9\":43,\"10\":47,\"11\":44,\"12\":23,\"13\":28,\"14\":71,\"15\":39},\"fitted\":{\"0\":672.1777634362,\"1\":1645.7805284181,\"2\":1725.7322647178,\"3\":1094.309443428,\"4\":752.8222365638,\"5\":1359.2194715819,\"6\":1865.2677352822,\"7\":1159.690556572,\"8\":23.8222365638,\"9\":39.2194715819,\"10\":57.2677352822,\"11\":40.690556572,\"12\":26.1777634362,\"13\":31.7805284181,\"14\":60.7322647178,\"15\":42.309443428},\"ret\":{\"0\":-0.0002991639,\"1\":-0.0003563445,\"2\":0.0009718053,\"3\":-0.0003118273,\"4\":0.0003005059,\"5\":0.0003572503,\"6\":-0.0009662568,\"7\":0.0003127452,\"8\":0.0003190403,\"9\":0.0003734218,\"10\":-0.0008763536,\"11\":0.0003246691,\"12\":-0.000280888,\"13\":-0.00033464,\"14\":0.0010465735,\"15\":-0.0002997544}}", "formula": "count ~ group * mut * base - group : mut : base"}, "pos0": {"df": 3, "deviance": 7.416411851457607, "prob": 0.05974553706945769, "rel_entropy": 0.00034992978444171023, "stats": "{\"group\":{\"0\":\"1\",\"1\":\"1\",\"2\":\"1\",\"3\":\"1\",\"4\":\"1\",\"5\":\"1\",\"6\":\"1\",\"7\":\"1\",\"8\":\"2\",\"9\":\"2\",\"10\":\"2\",\"11\":\"2\",\"12\":\"2\",\"13\":\"2\",\"14\":\"2\",\"15\":\"2\"},\"mut\":{\"0\":\"M\",\"1\":\"M\",\"2\":\"M\",\"3\":\"M\",\"4\":\"R\",\"5\":\"R\",\"6\":\"R\",\"7\":\"R\",\"8\":\"M\",\"9\":\"M\",\"10\":\"M\",\"11\":\"M\",\"12\":\"R\",\"13\":\"R\",\"14\":\"R\",\"15\":\"R\"},\"base\":{\"0\":\"A\",\"1\":\"C\",\"2\":\"G\",\"3\":\"T\",\"4\":\"A\",\"5\":\"C\",\"6\":\"G\",\"7\":\"T\",\"8\":\"A\",\"9\":\"C\",\"10\":\"G\",\"11\":\"T\",\"12\":\"A\",\"13\":\"C\",\"14\":\"G\",\"15\":\"T\"},\"count\":{\"0\":1199,\"1\":1495,\"2\":1561,\"3\":883,\"4\":1204,\"5\":1173,\"6\":1308,\"7\":1452,\"8\":29,\"9\":40,\"10\":59,\"11\":33,\"12\":44,\"13\":36,\"14\":32,\"15\":49},\"fitted\":{\"0\":1191.4704492873,\"1\":1492.1522087255,\"2\":1569.7960459821,\"3\":884.5812960051,\"4\":1211.5295507127,\"5\":1175.8477912745,\"6\":1299.2039540179,\"7\":1450.4187039949,\"8\":36.5295507127,\"9\":42.8477912745,\"10\":50.2039540179,\"11\":31.4187039949,\"12\":36.4704492873,\"13\":33.1522087255,\"14\":40.7960459821,\"15\":50.5812960051},\"ret\":{\"0\":0.0007127765,\"1\":0.0002689919,\"2\":-0.0008277207,\"3\":-0.0001490876,\"4\":-0.0007083235,\"5\":-0.0002684099,\"6\":0.0008328541,\"7\":0.0001493024,\"8\":-0.0006316831,\"9\":-0.0002596004,\"10\":0.0008988559,\"11\":0.0001529148,\"12\":0.0007793,\"13\":0.0002799609,\"14\":-0.0007333374,\"15\":-0.0001468639}}", "formula": "count ~ group * mut * base - group : mut : base"}, "pos3": {"df": 3, "deviance": 4.990587611169529, "prob": 0.172487664517549, "rel_entropy": 0.00023547171893788474, "stats": "{\"group\":{\"0\":\"1\",\"1\":\"1\",\"2\":\"1\",\"3\":\"1\",\"4\":\"1\",\"5\":\"1\",\"6\":\"1\",\"7\":\"1\",\"8\":\"2\",\"9\":\"2\",\"10\":\"2\",\"11\":\"2\",\"12\":\"2\",\"13\":\"2\",\"14\":\"2\",\"15\":\"2\"},\"mut\":{\"0\":\"M\",\"1\":\"M\",\"2\":\"M\",\"3\":\"M\",\"4\":\"R\",\"5\":\"R\",\"6\":\"R\",\"7\":\"R\",\"8\":\"M\",\"9\":\"M\",\"10\":\"M\",\"11\":\"M\",\"12\":\"R\",\"13\":\"R\",\"14\":\"R\",\"15\":\"R\"},\"base\":{\"0\":\"A\",\"1\":\"C\",\"2\":\"G\",\"3\":\"T\",\"4\":\"A\",\"5\":\"C\",\"6\":\"G\",\"7\":\"T\",\"8\":\"A\",\"9\":\"C\",\"10\":\"G\",\"11\":\"T\",\"12\":\"A\",\"13\":\"C\",\"14\":\"G\",\"15\":\"T\"},\"count\":{\"0\":1457,\"1\":1409,\"2\":987,\"3\":1285,\"4\":1307,\"5\":1415,\"6\":971,\"7\":1444,\"8\":56,\"9\":43,\"10\":24,\"11\":38,\"12\":46,\"13\":34,\"14\":39,\"15\":42},\"fitted\":{\"0\":1459.3359009035,\"1\":1413.6000954367,\"2\":979.5983403123,\"3\":1285.4656633475,\"4\":1304.6640990965,\"5\":1410.3999045633,\"6\":978.4016596877,\"7\":1443.5343366525,\"8\":53.6640990965,\"9\":38.3999045633,\"10\":31.4016596877,\"11\":37.5343366525,\"12\":48.3359009035,\"13\":38.6000954367,\"14\":31.5983403123,\"15\":42.4656633475},\"ret\":{\"0\":-0.0002202539,\"1\":-0.000433387,\"2\":0.0007010996,\"3\":-0.000043935,\"4\":0.0002206276,\"5\":0.0004348013,\"6\":-0.0006958188,\"7\":0.00004395,\"8\":0.0002251597,\"9\":0.0004591149,\"10\":-0.0006087917,\"11\":0.0000442144,\"12\":-0.0002150162,\"13\":-0.0004071344,\"14\":0.0007745423,\"15\":-0.0000437011}}", "formula": "count ~ group * mut * base - group : mut : base"}}