{"best_a_choice": 3.0, "split0_test_score": {"1": 0.6774623855, "2": 0.6796038024, "4": 0.6803420784, "0": 0.6743106336, "3": 0.6801365921}, "rank_test_score": {"1": 4, "2": 3, "4": 1, "0": 5, "3": 2}, "param_alpha": {"1": 0.1, "2": 1.0, "4": 3.0, "0": 0.01, "3": 2.0}, "params": {"1": {"alpha": 0.1}, "2": {"alpha": 1.0}, "4": {"alpha": 3.0}, "0": {"alpha": 0.01}, "3": {"alpha": 2.0}}}