{"AtoC": -0.13055974635375744, "Pos_3_A": 0.0, "Pos_3_C": -0.03998529034776428, "Pos_3_G": 0.033295942495323826, "Pos_1_C": -0.13129091084314334, "Pos_0_A": 0.03540399826097466, "Pos_2_A": -0.06556615854062134, "AtoT": 0.3812220988448746, "Pos_1_G": 0.22894815471310062, "CtoA": 0.04302207757217078, "GtoT": 0.08236846042477548, "Pos_0_G": -0.020366474907165328, "CtoT": -0.4496341414473213, "TtoC": 0.0, "GC_feature": -0.06053871874432746, "Pos_1_A": 0.0, "Pos_1_T": 0.0, "GtoA": -0.39430413297995953, "CtoG": -0.4430233846595826, "TtoG": 0.05639163863772425, "Pos_2_G": -0.22916276995540724, "Pos_0_C": 0.0, "TtoA": 0.39506088067223133, "Pos_2_T": 0.0, "Pos_2_C": 0.10750831067134872, "Pos_3_T": 0.023285911227377692, "GtoC": -0.5013700586417572, "Pos_0_T": 0.10404636223396092, "AtoG": 0.0}