{"params": {"1": {"alpha": 0.1}, "3": {"alpha": 2.0}, "4": {"alpha": 3.0}, "2": {"alpha": 1.0}, "0": {"alpha": 0.01}}, "param_alpha": {"1": 0.1, "3": 2.0, "4": 3.0, "2": 1.0, "0": 0.01}, "split0_test_score": {"1": 0.7376693164, "3": 0.7378445736, "4": 0.7378445736, "2": 0.7378445736, "0": 0.7376693164}, "best_a_choice": 1.0, "rank_test_score": {"1": 4, "3": 1, "4": 1, "2": 1, "0": 4}}