{"Pos_0:Pos_1_GG": 0.0, "Pos_1_G": -0.21337701918974483, "Pos_0_A": 0.0, "Pos_0:Pos_1_AT": -0.01048223632316545, "Pos_0:Pos_1_CT": 0.04457700542446773, "Pos_0:Pos_1_GA": 0.0, "GtoA": -0.5009706242955511, "AtoT": 0.31869050043478603, "Pos_0:Pos_1_CC": -0.03352646642408872, "Pos_1_A": 0.0, "AtoG": 0.0, "Pos_0:Pos_1_AA": 0.015471001694009442, "GC_feature": -0.1576619530194418, "Pos_0:Pos_1_CG": -0.07464353131132806, "TtoG": -0.009798386290726472, "Pos_1_T": 0.0, "Pos_0_C": -0.0639562020865986, "CtoA": 0.0, "Pos_0:Pos_1_TG": 0.0, "CtoG": -0.4069906904590345, "AtoC": -0.06079703639779512, "Pos_0:Pos_1_TT": 0.0, "Pos_0:Pos_1_GC": 0.14930710057393357, "Pos_0:Pos_1_TA": -0.10706586776645671, "TtoA": 0.4445556925872388, "CtoT": -0.3952676273348108, "Pos_0:Pos_1_AG": -0.040395320750572956, "GtoT": 0.0, "Pos_0_G": 0.17711412910490462, "TtoC": 0.010524508967949613, "Pos_0:Pos_1_GT": 0.05881382755545301, "Pos_0:Pos_1_TC": 0.0, "GtoC": -0.44657141019159863, "Pos_1_C": 0.08803770479987447, "Pos_0_T": 0.0, "Pos_0:Pos_1_CA": 0.0, "Pos_0:Pos_1_AC": 0.025598495967565908}