{"rank_test_score": {"3": 4, "4": 5, "1": 2, "0": 1, "2": 3}, "best_a_choice": 0.01, "param_alpha": {"3": 2.0, "4": 3.0, "1": 0.1, "0": 0.01, "2": 1.0}, "params": {"3": {"alpha": 2.0}, "4": {"alpha": 3.0}, "1": {"alpha": 0.1}, "0": {"alpha": 0.01}, "2": {"alpha": 1.0}}, "split0_test_score": {"3": 0.6745639626, "4": 0.6738424619, "1": 0.6807280883, "0": 0.684257168, "2": 0.6759599097}}