{"split0_test_score": {"0": 0.6962169462, "2": 0.6915337249, "4": 0.6904980571, "1": 0.6939726227, "3": 0.6908747771}, "best_a_choice": 0.01, "rank_test_score": {"0": 1, "2": 3, "4": 5, "1": 2, "3": 4}, "param_alpha": {"0": 0.01, "2": 1.0, "4": 3.0, "1": 0.1, "3": 2.0}, "params": {"0": {"alpha": 0.01}, "2": {"alpha": 1.0}, "4": {"alpha": 3.0}, "1": {"alpha": 0.1}, "3": {"alpha": 2.0}}}