{"params": {"2": {"alpha": 1.0}, "3": {"alpha": 2.0}, "1": {"alpha": 0.1}, "4": {"alpha": 3.0}, "0": {"alpha": 0.01}}, "split0_test_score": {"2": 0.6656586841, "3": 0.6655742503, "1": 0.666824099, "4": 0.6657162665, "0": 0.6682569636}, "best_a_choice": 0.01, "rank_test_score": {"2": 4, "3": 5, "1": 2, "4": 3, "0": 1}, "param_alpha": {"2": 1.0, "3": 2.0, "1": 0.1, "4": 3.0, "0": 0.01}}