{"best_a_choice": 3.0, "rank_test_score": {"0": 5, "2": 3, "4": 1, "3": 2, "1": 4}, "params": {"0": {"alpha": 0.01}, "2": {"alpha": 1.0}, "4": {"alpha": 3.0}, "3": {"alpha": 2.0}, "1": {"alpha": 0.1}}, "param_alpha": {"0": 0.01, "2": 1.0, "4": 3.0, "3": 2.0, "1": 0.1}, "split0_test_score": {"0": 0.5737891336, "2": 0.5893484535, "4": 0.5951518288, "3": 0.5934892402, "1": 0.5788553234}}