{"Pos_0:Pos_3_TT": 0.0, "Pos_0:Pos_2_GA": -0.058085094436026434, "Pos_0:Pos_1_GT": 0.05670022437767648, "Pos_1:Pos_3_AT": 0.0, "Pos_1:Pos_5_TG": 0.0, "Pos_2:Pos_4_TT": 0.0, "Pos_0:Pos_2_CC": 0.0, "Pos_1:Pos_4_GC": 0.0, "Pos_2:Pos_3_CT": 0.03801209122212786, "Pos_0:Pos_4_CG": -0.02172044997852345, "Pos_3:Pos_5_GG": -0.17770040358562655, "Pos_2:Pos_3_AA": 0.07585947371376564, "Pos_1:Pos_5_GT": 0.0, "Pos_2:Pos_5_TT": 0.0, "Pos_0:Pos_3_TG": 0.0, "Pos_3:Pos_4_AA": 0.0, "Pos_1:Pos_2_CT": 0.0, "Pos_2:Pos_4_GC": 0.0, "Pos_1:Pos_5_CA": 0.0, "Pos_3:Pos_5_TA": 0.0, "Pos_4:Pos_5_CA": 0.0, "Pos_1:Pos_2_TG": 0.03909970715308495, "Pos_1:Pos_2_GC": 0.0, "Pos_0:Pos_4_GA": 0.0, "Pos_3:Pos_4_AT": 0.0, "Pos_0:Pos_1_GG": 0.0, "Pos_4:Pos_5_TC": 0.0, "Pos_1:Pos_4_GA": 0.0, "Pos_0:Pos_5_GT": 0.0, "AtoG": 0.1276276341443104, "Pos_2:Pos_4_AT": 0.0, "Pos_1_T": 0.036622171354634046, "Pos_1:Pos_4_AT": 0.0, "Pos_1:Pos_2_GT": 0.0, "Pos_2:Pos_5_AA": 0.0, "Pos_0:Pos_5_CG": -0.11251132114097266, "Pos_3_T": 0.14607133516599863, "Pos_0:Pos_3_AA": 0.0, "Pos_1:Pos_3_CA": -0.008734766793950877, "CtoG": -1.0082694324821015, "Pos_0:Pos_1_AG": 0.0, "Pos_1:Pos_3_GC": 0.0, "Pos_0:Pos_5_TG": 0.08813264397503467, "Pos_2:Pos_3_AC": 0.0272307960245325, "Pos_1:Pos_4_TG": 0.0, "Pos_2:Pos_5_TG": 0.0, "Pos_5_C": 0.0, "Pos_2:Pos_5_GC": 0.023220637053439352, "Pos_4:Pos_5_CG": 0.3536827914738387, "Pos_4_T": 0.0, "Pos_0:Pos_5_AT": 0.07762101465591463, "Pos_3_A": 0.0, "Pos_2:Pos_5_TC": -0.00629530829330117, "Pos_0:Pos_5_TA": 0.0, "Pos_1:Pos_2_TA": 0.0, "Pos_2:Pos_5_CG": 0.0, "Pos_0:Pos_4_TC": -0.050592727467161445, "Pos_1:Pos_4_CA": 0.0, "TtoC": 0.10788404313089978, "Pos_1:Pos_5_AG": 0.0, "Pos_0:Pos_2_AC": 0.0, "Pos_2:Pos_3_AG": 0.0, "Pos_4:Pos_5_GA": 0.0, "Pos_1:Pos_5_GA": 0.0, "Pos_0:Pos_5_GA": 0.0, "Pos_0:Pos_5_TT": 0.0, "Pos_4_G": 0.0, "Pos_4:Pos_5_TG": 0.0, "Pos_1:Pos_5_CC": 0.0, "Pos_4:Pos_5_AC": 0.0, "Pos_3:Pos_4_GG": 0.04538094391766844, "Pos_0:Pos_1_CT": -0.06867000968685769, "Pos_1_A": 0.0, "Pos_3:Pos_4_TT": 0.05840891101487744, "Pos_5_A": 0.09665155464876471, "Pos_3:Pos_5_CT": 0.13879899150786054, "Pos_0:Pos_3_AG": 0.0245736413954891, "CtoA": 0.04325739833057624, "Pos_0:Pos_2_AG": 0.029022536640221416, "Pos_4:Pos_5_CT": 0.0, "Pos_2:Pos_4_TC": 0.0, "Pos_2_C": -0.24851902486647376, "Pos_1:Pos_2_AG": 0.04189470557425106, "Pos_2:Pos_5_AG": 0.0, "Pos_4:Pos_5_TT": 0.0, "Pos_4:Pos_5_AG": 0.0, "Pos_0:Pos_2_TC": 0.0, "Pos_0:Pos_5_CA": 0.023883734572732723, "Pos_3:Pos_5_GC": 0.0, "Pos_2:Pos_3_CG": 0.0, "Pos_2:Pos_4_TG": 0.0, "Pos_0:Pos_3_TC": 0.023000635132917786, "Pos_1_C": 0.0, "Pos_0:Pos_2_TG": 0.0, "Pos_2:Pos_3_TG": 0.0, "Pos_1:Pos_2_GG": 0.0, "Pos_1:Pos_5_AT": 0.010453849233311647, "GtoC": -1.1072037154006127, "Pos_0:Pos_5_GG": 0.0, "Pos_1:Pos_3_TA": 0.0, "Pos_0_G": -0.027917496499622885, "Pos_1:Pos_4_GT": -0.010422675964163549, "Pos_4:Pos_5_GG": -0.1290278294868424, "Pos_1:Pos_4_GG": 0.0, "Pos_0:Pos_3_AC": 0.0, "Pos_3:Pos_4_GT": 0.0, "Pos_1:Pos_2_CG": -0.5228180589091813, "Pos_1:Pos_3_CC": 0.0, "Pos_2:Pos_5_AC": 0.0, "Pos_3:Pos_5_CC": 0.0, "Pos_1:Pos_3_CG": 0.03200865141834559, "Pos_1:Pos_5_TA": 0.0, "Pos_0:Pos_4_TG": 0.0, "Pos_2:Pos_4_GT": 0.047876530968210186, "Pos_1:Pos_3_CT": 0.0, "Pos_0:Pos_2_CG": 0.0, "Pos_4:Pos_5_CC": -0.05717125129757482, "Pos_3:Pos_4_TC": 0.14540953563211353, "Pos_3_G": 0.0, "Pos_1:Pos_5_AA": 0.01659562939361737, "Pos_3:Pos_4_CC": 0.10323837555093837, "Pos_1:Pos_2_GA": 0.0, "Pos_3:Pos_5_AG": 0.0, "Pos_1:Pos_2_AC": 0.0, "CtoT": -0.4009866044844667, "Pos_1:Pos_4_TC": 0.01377129182583154, "Pos_3:Pos_5_TC": 0.0, "Pos_0:Pos_1_TT": 0.0, "Pos_1:Pos_5_CG": 0.0, "Pos_2:Pos_4_CC": 0.0, "Pos_2_G": 0.16723481059701287, "Pos_0:Pos_4_AA": -0.05598135067618487, "Pos_1:Pos_4_CC": 0.0, "Pos_1:Pos_5_TT": 0.0, "Pos_2:Pos_5_GT": 0.0, "Pos_1:Pos_4_AA": 0.0, "Pos_2:Pos_5_CT": 0.0, "Pos_3:Pos_5_AA": 0.0, "Pos_2:Pos_3_TC": 0.0, "Pos_0:Pos_3_GG": 0.0, "AtoC": -0.06940847818603017, "Pos_1:Pos_2_AA": 0.0, "Pos_3:Pos_4_GA": -0.09231499705230514, "Pos_0:Pos_5_TC": 0.06186985341193093, "Pos_0:Pos_1_GC": 0.0, "Pos_0:Pos_4_GG": 0.0, "Pos_3:Pos_5_CG": 0.0, "Pos_2:Pos_5_CC": -0.04337460958559242, "Pos_0:Pos_5_AA": 0.0, "Pos_1:Pos_5_GC": 0.0, "Pos_1:Pos_4_AC": 0.04475843372114241, "Pos_4_A": 0.0, "Pos_3:Pos_5_AC": 0.0, "Pos_5_T": 0.03977526983760144, "Pos_3:Pos_5_CA": 0.0, "Pos_0:Pos_3_CG": -0.10204689212622782, "Pos_2:Pos_5_TA": 0.0, "Pos_0:Pos_1_AT": 0.05154722194803491, "Pos_1:Pos_2_TC": 0.0, "Pos_3:Pos_5_GT": 0.0, "Pos_2:Pos_4_AG": 0.0, "Pos_2:Pos_3_AT": -0.009375822758973596, "Pos_1:Pos_3_AC": 0.0, "Pos_0:Pos_4_AC": 0.0, "Pos_0_T": 0.1445163562554854, "Pos_1:Pos_2_CA": 0.0, "Pos_1:Pos_3_TC": 0.0, "Pos_0:Pos_1_CA": 0.0, "Pos_0_C": 0.0, "Pos_3:Pos_4_CT": 0.0, "TtoG": 0.0, "Pos_4_C": 0.0, "Pos_0:Pos_2_TT": 0.0, "Pos_3_C": 0.0, "Pos_2:Pos_4_AA": 0.0, "Pos_0:Pos_5_AG": 0.0, "Pos_2_A": 0.0, "Pos_0:Pos_5_GC": -0.04789532713375667, "Pos_5_G": -0.024917785672794856, "Pos_0:Pos_1_TA": 0.0, "Pos_0:Pos_2_GG": 0.06963357262436212, "Pos_0:Pos_4_GC": 0.0, "Pos_0:Pos_1_AC": 0.0, "Pos_2:Pos_4_AC": 0.0, "Pos_0:Pos_4_AT": 0.06018509587566248, "Pos_0:Pos_4_TA": 0.0724103345713539, "Pos_1:Pos_2_TT": 0.0, "Pos_0:Pos_1_AA": 0.0, "Pos_2:Pos_3_CC": 0.0, "Pos_2_T": 0.0, "Pos_3:Pos_5_AT": 0.0, "Pos_0:Pos_3_GA": 0.0, "Pos_2:Pos_3_GA": 0.0, "Pos_0:Pos_1_CG": 0.0, "Pos_0:Pos_3_CT": 0.11382651719302604, "Pos_3:Pos_4_CA": 0.18583495515078702, "Pos_4:Pos_5_AA": 0.06740744619475439, "Pos_0:Pos_1_TC": 0.0, "Pos_0:Pos_3_CA": 0.0, "Pos_1:Pos_3_GA": 0.0, "Pos_1:Pos_3_TG": 0.0, "Pos_4:Pos_5_TA": 0.0, "Pos_3:Pos_4_TA": 0.0, "Pos_0:Pos_5_CT": 0.0, "Pos_2:Pos_3_TT": 0.0, "Pos_0:Pos_2_GC": 0.0, "Pos_1:Pos_3_GG": 0.0, "Pos_1:Pos_3_AG": -0.03501326455695361, "Pos_0:Pos_3_TA": 0.0, "Pos_2:Pos_3_GC": 0.14083258574813645, "GtoT": 0.13508321348341365, "Pos_2:Pos_4_CA": 0.0, "Pos_2:Pos_3_CA": 0.0, "Pos_0:Pos_4_CC": 0.0, "Pos_1:Pos_5_CT": 0.0, "Pos_2:Pos_3_TA": -0.04593474764341102, "Pos_1:Pos_3_GT": -0.01550331294616852, "Pos_4:Pos_5_AT": -0.01333390373881932, "Pos_3:Pos_4_AG": 0.19743465010003067, "Pos_0:Pos_3_CC": 0.0, "Pos_2:Pos_3_GG": 0.0, "Pos_3:Pos_4_CG": 0.0, "GtoA": -0.3717449251192037, "AtoT": 0.9606221167411475, "Pos_1:Pos_2_CC": 0.0, "Pos_1:Pos_2_AT": 0.0, "Pos_0:Pos_3_GT": -0.05079425228501485, "Pos_4:Pos_5_GT": 0.0062508929717530375, "Pos_0:Pos_2_AA": 0.0, "Pos_0:Pos_4_CA": 0.0, "Pos_1:Pos_5_TC": 0.06527162510754565, "Pos_0:Pos_3_AT": 0.0, "Pos_0:Pos_1_CC": 0.0, "Pos_2:Pos_5_GA": 0.0, "Pos_2:Pos_3_GT": 0.0, "Pos_3:Pos_5_TT": 0.0, "TtoA": 0.8668546984765967, "Pos_2:Pos_5_GG": 0.0, "Pos_1:Pos_3_TT": 0.0, "Pos_0:Pos_1_GA": 0.0, "Pos_0:Pos_2_CA": 0.008216903550186347, "Pos_2:Pos_5_AT": 0.0, "Pos_0_A": 0.0, "Pos_2:Pos_4_TA": 0.0, "Pos_0:Pos_5_AC": 0.0, "Pos_2:Pos_4_CT": 0.0, "Pos_1:Pos_4_CG": 0.0, "Pos_0:Pos_2_GT": 0.0, "Pos_0:Pos_4_TT": 0.00011996874828006447, "Pos_3:Pos_4_GC": 0.0, "Pos_3:Pos_4_TG": 0.0, "Pos_3:Pos_5_TG": 0.0, "Pos_2:Pos_5_CA": 0.0, "Pos_1:Pos_5_AC": -0.03587577271772858, "Pos_1:Pos_4_CT": 0.0, "Pos_2:Pos_4_CG": 0.06419401859784528, "Pos_0:Pos_2_CT": -0.13975159427517633, "Pos_1_G": -0.12188577757785087, "Pos_0:Pos_2_TA": 0.007196414686284565, "Pos_4:Pos_5_GC": 0.0, "Pos_0:Pos_3_GC": 0.0, "Pos_0:Pos_1_TG": 0.0, "Pos_1:Pos_4_TT": 0.0, "Pos_0:Pos_4_GT": -0.01744844132841684, "Pos_0:Pos_2_AT": 0.0, "Pos_2:Pos_4_GA": 0.0, "Pos_3:Pos_4_AC": -0.014269723509170525, "Pos_1:Pos_5_GG": -0.003772473276222377, "Pos_3:Pos_5_GA": 0.0, "Pos_2:Pos_4_GG": 0.0, "Pos_0:Pos_4_CT": 0.0, "Pos_1:Pos_3_AA": 0.0, "Pos_0:Pos_4_AG": 0.0, "Pos_1:Pos_4_AG": 0.0, "Pos_0:Pos_5_CC": -0.056290585415041165, "Pos_1:Pos_4_TA": 0.0}