{"param_alpha": {"0": 0.01, "2": 1.0, "3": 2.0, "1": 0.1, "4": 3.0}, "params": {"0": {"alpha": 0.01}, "2": {"alpha": 1.0}, "3": {"alpha": 2.0}, "1": {"alpha": 0.1}, "4": {"alpha": 3.0}}, "rank_test_score": {"0": 5, "2": 3, "3": 2, "1": 4, "4": 1}, "best_a_choice": 3.0, "split0_test_score": {"0": 0.6752736983, "2": 0.6857028419, "3": 0.6876254053, "1": 0.6797291627, "4": 0.6890406256}}