{"rank_test_score": {"4": 1, "0": 5, "2": 3, "1": 4, "3": 2}, "split0_test_score": {"4": 0.6757754523, "0": 0.6722455104, "2": 0.6750935162, "1": 0.6739352516, "3": 0.6755526535}, "params": {"4": {"alpha": 3.0}, "0": {"alpha": 0.01}, "2": {"alpha": 1.0}, "1": {"alpha": 0.1}, "3": {"alpha": 2.0}}, "best_a_choice": 3.0, "param_alpha": {"4": 3.0, "0": 0.01, "2": 1.0, "1": 0.1, "3": 2.0}}