{"Pos_2_G": -0.2259448138112804, "Pos_0_T": 0.14646270099672123, "Pos_3_C": 0.0, "TtoA": 1.091250972257598, "Pos_0_A": 0.0, "CtoG": -1.3696488932456288, "Pos_3_A": -0.0507856754587295, "Pos_1_G": 0.29793332861837923, "Pos_1_C": -0.12524693654863775, "Pos_3_G": 0.01562821766468372, "TtoC": 0.30828844251936954, "Pos_1_A": 0.07199227412748446, "AtoG": 0.2866555702233573, "CtoA": 0.1354023670376678, "AtoT": 1.045042546589242, "AtoC": 0.0, "GtoT": 0.3322459745834635, "Pos_0_G": -0.04933410046576121, "Pos_1_T": 0.0, "Pos_2_T": 0.05440233682065814, "Pos_2_C": 0.09027410024400316, "Pos_0_C": 0.030219909938366252, "Pos_2_A": 0.0, "CtoT": -0.26707397209263556, "GtoA": -0.3305054783344618, "GtoC": -1.3604293649243013, "Pos_3_T": 0.01600969586881188, "TtoG": 0.28712480102723964}