{"params": {"0": {"alpha": 0.01}, "4": {"alpha": 3.0}, "3": {"alpha": 2.0}, "2": {"alpha": 1.0}, "1": {"alpha": 0.1}}, "param_alpha": {"0": 0.01, "4": 3.0, "3": 2.0, "2": 1.0, "1": 0.1}, "best_a_choice": 0.1, "rank_test_score": {"0": 2, "4": 5, "3": 4, "2": 3, "1": 1}, "split0_test_score": {"0": 0.7564874834, "4": 0.7553635248, "3": 0.7556779837, "2": 0.7562172952, "1": 0.7564923517}}