{"param_alpha": {"4": 3.0, "0": 0.01, "1": 0.1, "2": 1.0, "3": 2.0}, "params": {"4": {"alpha": 3.0}, "0": {"alpha": 0.01}, "1": {"alpha": 0.1}, "2": {"alpha": 1.0}, "3": {"alpha": 2.0}}, "best_a_choice": 3.0, "rank_test_score": {"4": 1, "0": 5, "1": 4, "2": 3, "3": 2}, "split0_test_score": {"4": 0.6803768068, "0": 0.6792224142, "1": 0.6797579691, "2": 0.6800060929, "3": 0.6802097953}}