{"AtoC": -0.02531555105971018, "TtoG": 0.0, "CtoT": -0.4487692230066953, "GtoC": -0.24661189945205625, "GtoT": 0.0, "GC_feature": 0.0, "CtoG": -0.2780973556448424, "AtoT": 0.3724289881554237, "TtoA": 0.3562149486721859, "AtoG": 0.04430841628797173, "GtoA": -0.4104702267952603, "CtoA": 0.0, "TtoC": 0.10308146313076075}