{"Pos_1:Pos_2_CC": 0.0, "Pos_0:Pos_2_GC": 0.0, "Pos_2_C": 0.0, "Pos_0:Pos_2_GG": 0.0, "Pos_1:Pos_2_AG": 0.0, "Pos_0:Pos_3_CA": 0.0, "Pos_1:Pos_3_GG": 0.0, "Pos_1:Pos_3_GA": 0.0, "Pos_2:Pos_3_TA": 0.0, "Pos_0:Pos_1_TC": 0.0, "Pos_2:Pos_3_GC": 0.0, "Pos_1:Pos_2_AC": 0.02132356577824428, "Pos_1:Pos_2_CA": -0.06778842828794458, "Pos_2:Pos_3_TC": 0.08407932792376231, "Pos_1:Pos_3_CT": -0.050213609239042827, "Pos_2:Pos_3_TT": 0.04436754261813218, "TtoG": 0.0, "Pos_0:Pos_1_CT": 0.0, "Pos_0:Pos_2_CC": 0.0, "Pos_2_T": 0.055130359539225286, "Pos_0:Pos_2_GT": -0.021606998096717622, "Pos_1:Pos_3_TT": 0.0, "Pos_2:Pos_3_GG": 0.0, "Pos_0:Pos_2_CA": -0.02808888308525734, "Pos_1:Pos_3_AG": 0.0, "Pos_0:Pos_3_AG": -0.00032933633329707934, "Pos_1:Pos_3_TG": -0.01093415325108541, "Pos_0:Pos_3_AA": -0.020656127923784764, "AtoT": 0.4715023069183228, "Pos_1:Pos_3_GT": 0.012328565665724404, "Pos_0:Pos_3_GG": 0.0, "Pos_0:Pos_1_CG": -0.21545057684339755, "Pos_1_T": 0.0, "Pos_0:Pos_1_TA": 0.010899788471982726, "Pos_0:Pos_2_AC": 0.0, "Pos_2:Pos_3_AT": 0.0, "Pos_1:Pos_3_AT": 0.0, "CtoA": 0.0, "Pos_0:Pos_1_CC": 0.007225307831684352, "Pos_1:Pos_2_GC": 0.13000053572192777, "Pos_2:Pos_3_TG": -0.035110041190381525, "Pos_2_A": 0.0, "Pos_0:Pos_3_GC": -0.033671488375828354, "Pos_3_C": 0.0, "Pos_0:Pos_1_AG": 0.012961395472175547, "CtoG": -0.4331572612491344, "Pos_1:Pos_3_AC": 0.0, "Pos_2:Pos_3_AA": -0.006231537760304054, "Pos_0:Pos_3_AT": 0.0, "Pos_0:Pos_2_TC": 0.009734317024222037, "Pos_1:Pos_3_GC": 0.0, "Pos_0:Pos_1_GC": -0.006750067713067194, "Pos_1:Pos_2_TC": 0.0, "CtoT": -0.3904002242469498, "Pos_0:Pos_2_TT": 0.01566685904072274, "Pos_1:Pos_3_AA": 0.0, "GtoT": 0.03280788486940323, "Pos_1:Pos_2_GA": 0.0, "Pos_0:Pos_2_AA": 0.0, "Pos_0:Pos_2_CG": 0.0, "Pos_1:Pos_3_CC": 0.0, "Pos_0_G": -0.053067608340779567, "GtoC": -0.48388685759183103, "AtoC": -0.08418940747019853, "Pos_0_A": 0.0, "Pos_0:Pos_2_TA": 0.0, "Pos_3_G": 0.0, "Pos_3_A": 0.0, "Pos_0:Pos_1_AC": -0.01292834521381163, "Pos_0_C": 0.0, "AtoG": 0.020534536683506785, "Pos_1:Pos_2_CT": 0.006846841044015298, "Pos_2:Pos_3_CA": 0.04408301082533247, "Pos_0:Pos_3_GA": 0.0, "Pos_0_T": 0.004996505047777853, "Pos_0:Pos_1_AA": 0.0, "Pos_0:Pos_3_CT": 0.0, "Pos_0:Pos_2_AT": 0.0, "Pos_0:Pos_1_AT": -0.025747582039826727, "TtoA": 0.41214768381845945, "Pos_1:Pos_2_GG": 0.0, "GtoA": -0.3505269122606319, "Pos_1_C": -0.15669424794341547, "Pos_1_A": 0.0, "Pos_0:Pos_3_GT": -0.044955385972322265, "Pos_2:Pos_3_GT": 0.0, "Pos_0:Pos_2_AG": -0.07517887379621364, "Pos_1:Pos_3_CG": 0.02634640757761595, "Pos_0:Pos_3_TT": 0.0, "Pos_0:Pos_3_TC": 0.01759458942464974, "Pos_1:Pos_2_CG": -0.035285522820621, "Pos_2:Pos_3_GA": -0.07749492226151503, "Pos_1:Pos_2_GT": 0.01986713331963325, "Pos_0:Pos_3_TG": 0.0, "Pos_0:Pos_1_GG": 0.0, "Pos_2_G": -0.06987370193194975, "Pos_0:Pos_3_TA": 0.0, "Pos_1:Pos_3_CA": -0.016309191075448398, "Pos_0:Pos_3_CG": 0.007444968114730963, "Pos_2:Pos_3_CG": -0.049015722253143316, "Pos_1_G": 0.15901313348539411, "Pos_0:Pos_2_GA": 0.0, "TtoC": 0.0, "Pos_1:Pos_2_TA": -0.07543071898665316, "Pos_1:Pos_2_TG": 0.0, "Pos_0:Pos_2_TG": -0.02999859719109326, "Pos_0:Pos_1_TT": 0.0, "Pos_1:Pos_2_TT": 0.0, "Pos_1:Pos_2_AT": -0.04196225920319781, "Pos_2:Pos_3_AC": -0.02611587576147186, "Pos_2:Pos_3_AG": 0.07365813236418295, "Pos_0:Pos_3_CC": 0.0, "Pos_0:Pos_3_AC": 0.03592437431840948, "Pos_1:Pos_3_TA": 0.0, "Pos_2:Pos_3_CT": -0.04530301164905932, "Pos_3_T": 0.0, "Pos_0:Pos_1_GT": 0.0, "Pos_2:Pos_3_CC": 0.031325591073761434, "GC_feature": -0.13584841909002837, "Pos_0:Pos_1_TG": 0.025185936246405034, "Pos_1:Pos_2_AA": 0.0, "Pos_0:Pos_2_CT": 0.008549630499880438, "Pos_1:Pos_3_TC": 0.0, "Pos_0:Pos_1_CA": 0.01185850645434422, "Pos_0:Pos_1_GA": -0.016139108328190113}