{"Pos_0:Pos_1_CC": -0.05654612622702637, "Pos_0:Pos_1_AC": 0.014433010453296726, "CtoT": -0.3776976547019143, "TtoC": 0.02518462675714501, "AtoT": 0.48946761753567786, "Pos_0:Pos_1_AT": -0.06226855068887643, "Pos_0:Pos_1_GC": 0.1148370865896846, "Pos_0:Pos_1_GG": 0.0, "Pos_0_C": -0.1360996329992676, "Pos_0_G": 0.1121881882120534, "Pos_1_T": 0.07365611022616135, "Pos_0:Pos_1_AA": 0.0, "GtoC": -0.7452026062546628, "Pos_0:Pos_1_AG": 0.0, "Pos_0:Pos_1_CT": 0.0, "CtoG": -0.6777950896416702, "Pos_0:Pos_1_GT": 0.040264904983250444, "GC_feature": -0.15341106892256756, "Pos_0_A": 0.0, "Pos_0:Pos_1_TA": -0.10675756225895561, "AtoC": -0.08304441187166942, "CtoA": 0.0, "Pos_0_T": 0.0, "Pos_0:Pos_1_TT": 0.0, "Pos_0:Pos_1_CG": -0.04964814422486062, "Pos_0:Pos_1_TC": -0.03089205603224022, "Pos_0:Pos_1_TG": 0.005211395452717845, "TtoA": 0.43965713852425264, "Pos_0:Pos_1_CA": -0.10099651723101487, "AtoG": 0.03846659099758896, "Pos_1_C": 0.0, "TtoG": -0.010349793477946777, "Pos_0:Pos_1_GA": 0.0, "GtoA": -0.3471507888501713, "Pos_1_G": -0.20439004395126356, "Pos_1_A": 0.0, "GtoT": 0.04200628761235085}