{"split0_test_score": {"1": 0.7272021457, "0": 0.7275942656, "2": 0.7232652613, "3": 0.7218065751, "4": 0.7211007591}, "params": {"1": {"alpha": 0.1}, "0": {"alpha": 0.01}, "2": {"alpha": 1.0}, "3": {"alpha": 2.0}, "4": {"alpha": 3.0}}, "best_a_choice": 0.01, "param_alpha": {"1": 0.1, "0": 0.01, "2": 1.0, "3": 2.0, "4": 3.0}, "rank_test_score": {"1": 2, "0": 1, "2": 3, "3": 4, "4": 5}}