{"rank_test_score": {"0": 1, "4": 5, "3": 4, "1": 2, "2": 3}, "param_alpha": {"0": 0.01, "4": 3.0, "3": 2.0, "1": 0.1, "2": 1.0}, "split0_test_score": {"0": 0.7352813275, "4": 0.7309364867, "3": 0.7323860385, "1": 0.7352279229, "2": 0.7343047873}, "best_a_choice": 0.01, "params": {"0": {"alpha": 0.01}, "4": {"alpha": 3.0}, "3": {"alpha": 2.0}, "1": {"alpha": 0.1}, "2": {"alpha": 1.0}}}