{"best_c_choice": 0.1, "params": {"2": {"C": 10.0, "penalty": "l1"}, "0": {"C": 0.1, "penalty": "l1"}, "1": {"C": 1.0, "penalty": "l1"}, "3": {"C": 100.0, "penalty": "l1"}}, "rank_test_score": {"2": 3, "0": 1, "1": 2, "3": 4}, "param_C": {"2": 10.0, "0": 0.1, "1": 1.0, "3": 100.0}, "split0_test_score": {"2": 0.6613024657, "0": 0.760806826, "1": 0.680563398, "3": 0.656142167}, "param_penalty": {"2": "l1", "0": "l1", "1": "l1", "3": "l1"}}