{"GtoA": -0.28734340883982074, "CtoT": -0.2796316049687624, "GtoC": -1.5025384278038696, "AtoC": 0.11751350953529245, "AtoG": 0.389797275572277, "CtoA": 0.26714428385420635, "TtoA": 1.1221387816688333, "GtoT": 0.3488817063298824, "AtoT": 1.127050903417136, "TtoG": 0.2625188864418456, "TtoC": 0.37337162899280385, "CtoG": -1.5133633502338204}