{"split0_test_score": {"1": 0.7131241656, "3": 0.7073679191, "4": 0.7062273508, "2": 0.709305741, "0": 0.7146271219}, "param_alpha": {"1": 0.1, "3": 2.0, "4": 3.0, "2": 1.0, "0": 0.01}, "rank_test_score": {"1": 2, "3": 4, "4": 5, "2": 3, "0": 1}, "best_a_choice": 0.01, "params": {"1": {"alpha": 0.1}, "3": {"alpha": 2.0}, "4": {"alpha": 3.0}, "2": {"alpha": 1.0}, "0": {"alpha": 0.01}}}