{"params": {"1": {"alpha": 0.1}, "0": {"alpha": 0.01}, "2": {"alpha": 1.0}, "3": {"alpha": 2.0}, "4": {"alpha": 3.0}}, "split0_test_score": {"1": 0.7047930574, "0": 0.7085161167, "2": 0.6990635133, "3": 0.6977970628, "4": 0.6974651917}, "rank_test_score": {"1": 2, "0": 1, "2": 3, "3": 4, "4": 5}, "param_alpha": {"1": 0.1, "0": 0.01, "2": 1.0, "3": 2.0, "4": 3.0}, "best_a_choice": 0.01}