{"split0_test_score": {"4": 0.6655825416, "3": 0.6650920648, "1": 0.6605643586, "0": 0.6558235142, "2": 0.6642352518}, "rank_test_score": {"4": 1, "3": 2, "1": 4, "0": 5, "2": 3}, "param_alpha": {"4": 3.0, "3": 2.0, "1": 0.1, "0": 0.01, "2": 1.0}, "params": {"4": {"alpha": 3.0}, "3": {"alpha": 2.0}, "1": {"alpha": 0.1}, "0": {"alpha": 0.01}, "2": {"alpha": 1.0}}, "best_a_choice": 3.0}