{"best_a_choice": 0.1, "split0_test_score": {"0": 0.7540704704, "2": 0.753770312, "4": 0.7529083265, "1": 0.7540753387, "3": 0.7531524999}, "params": {"0": {"alpha": 0.01}, "2": {"alpha": 1.0}, "4": {"alpha": 3.0}, "1": {"alpha": 0.1}, "3": {"alpha": 2.0}}, "param_alpha": {"0": 0.01, "2": 1.0, "4": 3.0, "1": 0.1, "3": 2.0}, "rank_test_score": {"0": 2, "2": 3, "4": 5, "1": 1, "3": 4}}