{"param_penalty": {"1": "l1", "0": "l1", "2": "l1", "3": "l1"}, "rank_test_score": {"1": 2, "0": 1, "2": 3, "3": 4}, "param_C": {"1": 1.0, "0": 0.1, "2": 10.0, "3": 100.0}, "params": {"1": {"penalty": "l1", "C": 1.0}, "0": {"penalty": "l1", "C": 0.1}, "2": {"penalty": "l1", "C": 10.0}, "3": {"penalty": "l1", "C": 100.0}}, "best_c_choice": 0.1, "split0_test_score": {"1": 0.7111330698, "0": 0.7564935065, "2": 0.6848924023, "3": 0.6673254282}}