{"Pos_1_G": -0.1742369152166782, "Pos_1_C": 0.20858960205246055, "GtoC": -2.0047124903994136, "TtoA": 1.2833880328172638, "CtoA": 0.36806680204649217, "AtoG": 0.38940068236516084, "CtoG": -1.8427576279618996, "TtoG": 0.25852553705659076, "Pos_0_G": 0.3201508195151729, "CtoT": -0.26770169471382627, "Pos_0_T": 0.0, "GtoA": -0.2169319832746139, "Pos_1_T": 0.16473707553000275, "Pos_1_A": 0.0, "Pos_0_C": -0.056418201587490856, "Pos_0_A": 0.10753903394016273, "AtoC": 0.1672543992705256, "TtoC": 0.41475860790811936, "AtoT": 1.1684123300702585, "GtoT": 0.5275740467981616}