{"best_c_choice": 1.0, "param_C": {"1": 1.0, "0": 0.1, "3": 100.0, "2": 10.0}, "params": {"1": {"penalty": "l1", "C": 1.0}, "0": {"penalty": "l1", "C": 0.1}, "3": {"penalty": "l1", "C": 100.0}, "2": {"penalty": "l1", "C": 10.0}}, "split0_test_score": {"1": 0.754923234, "0": 0.7486059027, "3": 0.7546398343, "2": 0.7546417428}, "rank_test_score": {"1": 1, "0": 4, "3": 3, "2": 2}, "param_penalty": {"1": "l1", "0": "l1", "3": "l1", "2": "l1"}}