{"rank_test_score": {"0": 4, "1": 4, "3": 1, "4": 1, "2": 1}, "param_alpha": {"0": 0.01, "1": 0.1, "3": 2.0, "4": 3.0, "2": 1.0}, "split0_test_score": {"0": 0.7356189205, "1": 0.7356189205, "3": 0.7367213427, "4": 0.7367213427, "2": 0.7367213427}, "best_a_choice": 1.0, "params": {"0": {"alpha": 0.01}, "1": {"alpha": 0.1}, "3": {"alpha": 2.0}, "4": {"alpha": 3.0}, "2": {"alpha": 1.0}}}