{"split0_test_score": {"0": 0.7596013733, "3": 0.7546309365, "4": 0.7527121877, "1": 0.7595708564, "2": 0.7573164219}, "params": {"0": {"alpha": 0.01}, "3": {"alpha": 2.0}, "4": {"alpha": 3.0}, "1": {"alpha": 0.1}, "2": {"alpha": 1.0}}, "rank_test_score": {"0": 1, "3": 4, "4": 5, "1": 2, "2": 3}, "best_a_choice": 0.01, "param_alpha": {"0": 0.01, "3": 2.0, "4": 3.0, "1": 0.1, "2": 1.0}}