{"TtoC": 0.026522042500064964, "CtoA": -0.042734093697912666, "Pos_1_C": 0.032351823306570444, "Pos_1_A": -0.047482730917890834, "CtoG": -0.6003132626548178, "AtoC": -0.08161347785089948, "GtoC": -0.5768103001242358, "AtoG": 0.0, "GtoA": -0.4488932195120838, "Pos_0_A": 0.0, "Pos_0_G": 0.23106486533321047, "GC_feature": -0.10710997425933212, "TtoG": 0.004257523756850089, "Pos_0_T": -0.032011185785342886, "GtoT": 0.028120337469102214, "Pos_1_T": 0.0, "CtoT": -0.40179870459816797, "TtoA": 0.4323770192701449, "AtoT": 0.3915585099340987, "Pos_0_C": -0.14184226140327033, "Pos_1_G": -0.2546625158546259}