{"param_C": {"3": 100.0, "0": 0.1, "2": 10.0, "1": 1.0}, "param_penalty": {"3": "l1", "0": "l1", "2": "l1", "1": "l1"}, "rank_test_score": {"3": 4, "0": 1, "2": 3, "1": 2}, "best_c_choice": 0.1, "split0_test_score": {"3": 0.6140831496, "0": 0.707276787, "2": 0.631902022, "1": 0.6604099276}, "params": {"3": {"penalty": "l1", "C": 100.0}, "0": {"penalty": "l1", "C": 0.1}, "2": {"penalty": "l1", "C": 10.0}, "1": {"penalty": "l1", "C": 1.0}}}