{"GtoA": -0.22832078416306567, "CtoA": 0.27411707957938347, "CtoG": -1.665644203864237, "TtoA": 1.2371706592127534, "GtoC": -1.5232445218332777, "AtoG": 0.37251176497587113, "AtoC": -0.2312180088045573, "TtoC": 0.3857480306863815, "GtoT": 0.5234164605653623, "AtoT": 1.193745728842748, "CtoT": -0.2508579574734131, "TtoG": 0.40620984563591966}