{"best_c_choice": 1.0, "param_penalty": {"2": "l1", "0": "l1", "1": "l1", "3": "l1"}, "split0_test_score": {"2": 0.7143848941, "0": 0.6975338547, "1": 0.7143848941, "3": 0.7143848941}, "param_C": {"2": 10.0, "0": 0.1, "1": 1.0, "3": 100.0}, "params": {"2": {"C": 10.0, "penalty": "l1"}, "0": {"C": 0.1, "penalty": "l1"}, "1": {"C": 1.0, "penalty": "l1"}, "3": {"C": 100.0, "penalty": "l1"}}, "rank_test_score": {"2": 1, "0": 4, "1": 1, "3": 1}}