{"param_alpha": {"1": 0.1, "2": 1.0, "0": 0.01, "3": 2.0, "4": 3.0}, "rank_test_score": {"1": 2, "2": 3, "0": 1, "3": 4, "4": 5}, "params": {"1": {"alpha": 0.1}, "2": {"alpha": 1.0}, "0": {"alpha": 0.01}, "3": {"alpha": 2.0}, "4": {"alpha": 3.0}}, "split0_test_score": {"1": 0.7748054956, "2": 0.7747802224, "0": 0.774807577, "3": 0.7747187341, "4": 0.774615976}, "best_a_choice": 0.01}