{"CtoT": -0.10161302265411273, "CtoA": 0.42668252655782246, "Pos_1_G": -0.21713992162610316, "Pos_0_A": 0.0070017032499436966, "AtoG": 0.5172099021726035, "GtoA": -0.06007903431797487, "TtoC": 0.5416136220416349, "Pos_1_A": 0.0, "Pos_1_T": 0.10871970951958315, "CtoG": -2.366613822536674, "Pos_1_C": 0.11845302390814673, "Pos_0_T": 0.0, "AtoT": 1.2736464282665962, "AtoC": 0.25503052892971384, "Pos_0_G": 0.26247498766916505, "TtoG": 0.5505067013556351, "Pos_0_C": -0.15274783428968636, "GtoT": 0.5779228150656385, "GtoC": -2.321517470413353, "TtoA": 1.4039968584019407}