{"AtoT": 0.38089303398089175, "Pos_0:Pos_1_GT": 0.039279084208541926, "Pos_0_C": -0.11230348325784882, "Pos_0:Pos_1_AA": 0.0, "Pos_0:Pos_1_AC": 0.012583884214721714, "Pos_1_T": 0.0, "Pos_0_T": 0.0, "Pos_0:Pos_1_AT": -0.038120889600578245, "Pos_0:Pos_1_AG": -0.006840290735135388, "Pos_0:Pos_1_GG": 0.0, "TtoA": 0.45275081939075884, "Pos_0:Pos_1_GC": 0.07706483332615403, "AtoG": 0.0, "Pos_0_G": 0.18839621603277268, "GtoC": -0.6329894426466165, "Pos_0:Pos_1_GA": -0.024869184223984046, "Pos_0:Pos_1_TG": 0.0, "GC_feature": -0.1306530280566885, "CtoG": -0.6631022586309039, "Pos_0:Pos_1_TT": 0.0, "Pos_0:Pos_1_CA": -0.05254901423433252, "TtoC": 0.0004962506783126888, "Pos_0_A": 0.0, "CtoT": -0.44878042111891875, "Pos_1_C": 0.005096898491932936, "Pos_0:Pos_1_TA": -0.08496601146966479, "Pos_0:Pos_1_CC": 0.0, "Pos_1_G": -0.23427947951054343, "Pos_0:Pos_1_CT": 0.03540208547366855, "CtoA": -0.0338380484046111, "Pos_0:Pos_1_CG": -0.04746972775734893, "AtoC": -0.09056814552238374, "GtoA": -0.44206642353618913, "Pos_0:Pos_1_TC": 0.0, "Pos_1_A": -0.020528332663346086, "GtoT": 0.01228321765919304, "TtoG": 0.0014933701150165182}