{"TtoA": 0.3979789959623496, "Pos_0_T": 0.0, "Pos_0_G": 0.23965953120422703, "Pos_0_C": -0.12794879074069548, "CtoT": -0.4405306438404877, "GtoA": -0.3987827469117693, "Pos_1_C": 0.09914326805427777, "Pos_1_G": -0.23502676863620645, "TtoG": 0.05761010441722239, "CtoA": 0.04630298345069897, "AtoT": 0.37872879136456244, "GtoT": 0.08375928844558769, "Pos_1_T": 0.0, "Pos_0_A": 0.0, "CtoG": -0.44513775195563576, "Pos_1_A": -0.07020653488729335, "TtoC": 0.0, "GC_feature": -0.07130199226459669, "AtoG": 0.0, "AtoC": -0.12938047156400823, "GtoC": -0.5024647171269769}