{"best_a_choice": 0.01, "params": {"2": {"alpha": 1.0}, "1": {"alpha": 0.1}, "4": {"alpha": 3.0}, "3": {"alpha": 2.0}, "0": {"alpha": 0.01}}, "param_alpha": {"2": 1.0, "1": 0.1, "4": 3.0, "3": 2.0, "0": 0.01}, "split0_test_score": {"2": 0.7750620934, "1": 0.7750676832, "4": 0.7750240943, "3": 0.7750591201, "0": 0.775073392}, "rank_test_score": {"2": 3, "1": 2, "4": 5, "3": 4, "0": 1}}