{"param_alpha": {"2": 1.0, "1": 0.1, "0": 0.01, "3": 2.0, "4": 3.0}, "split0_test_score": {"2": 0.6887293772, "1": 0.6928296072, "0": 0.6961731505, "3": 0.6879144839, "4": 0.6877560855}, "params": {"2": {"alpha": 1.0}, "1": {"alpha": 0.1}, "0": {"alpha": 0.01}, "3": {"alpha": 2.0}, "4": {"alpha": 3.0}}, "best_a_choice": 0.01, "rank_test_score": {"2": 3, "1": 2, "0": 1, "3": 4, "4": 5}}