{"Pos_2:Pos_3_CT": 0.004202460128302133, "Pos_1:Pos_4_CA": 0.0, "Pos_0:Pos_4_CG": 0.0, "Pos_3:Pos_4_AA": 0.0, "Pos_2:Pos_5_CA": 0.0, "Pos_5_A": 0.0, "Pos_0:Pos_2_AG": 0.0, "Pos_1:Pos_2_TT": 0.011736898180628876, "Pos_0:Pos_4_CT": 0.0, "Pos_4:Pos_5_TG": 0.0, "Pos_2:Pos_4_GC": 0.011100350538804513, "Pos_2:Pos_5_GG": 0.0, "GC_feature": -0.014908982904652758, "Pos_2_G": 0.14974819187166113, "Pos_0:Pos_5_AA": -0.05468802290876183, "Pos_1:Pos_3_CC": 0.0, "Pos_0:Pos_2_TT": -0.016179496477915778, "Pos_0:Pos_1_TG": -0.0067470326858691315, "Pos_3:Pos_4_CT": 0.05372851363478984, "Pos_0:Pos_4_CC": 0.0, "Pos_4:Pos_5_AT": 0.0, "Pos_2:Pos_4_TT": 0.05120122490943904, "Pos_2:Pos_4_AA": 0.0, "Pos_1:Pos_4_TC": 0.02122830038425669, "Pos_0:Pos_1_AC": 0.039538811848735936, "Pos_0:Pos_4_AG": -0.011456368191300682, "CtoT": -0.461377501433887, "Pos_0_T": 0.0, "Pos_0:Pos_4_AC": 0.05840139601180334, "Pos_1:Pos_3_AG": 0.0, "CtoG": -0.4517521087219161, "Pos_0_C": 0.0, "Pos_2:Pos_3_TG": 0.01904176768323667, "Pos_2:Pos_5_AA": 0.0, "Pos_0:Pos_4_GC": 0.0, "Pos_1:Pos_2_TA": 0.0, "Pos_0:Pos_5_GT": -0.013706718699923822, "Pos_3:Pos_4_CG": -0.04715303746308903, "GtoT": 0.09727371067892983, "Pos_0:Pos_3_GA": -0.04285985329717855, "Pos_0:Pos_3_TC": 0.06879087746404429, "Pos_0_A": 0.0, "Pos_2:Pos_5_AT": 0.0, "Pos_5_G": 0.0, "Pos_1:Pos_2_AG": 0.051182005007991985, "Pos_3:Pos_5_AG": 0.0, "Pos_3:Pos_5_CG": -0.02211707901971725, "Pos_2:Pos_4_GG": -0.028119310209580778, "Pos_1:Pos_5_GA": 0.0, "AtoC": -0.1273499760388979, "Pos_0:Pos_5_TG": 0.0, "Pos_0:Pos_1_GC": -0.04244356197061419, "Pos_1:Pos_5_TC": 0.0, "Pos_1:Pos_5_AA": 0.0, "Pos_0:Pos_5_GC": 0.0, "Pos_3:Pos_4_AG": 0.0891082293790892, "Pos_2:Pos_4_TG": -0.0163558073363569, "Pos_0:Pos_2_GG": -0.016177973784975493, "Pos_3:Pos_5_CA": 0.016863959228997548, "Pos_3:Pos_4_GC": 0.0, "Pos_0:Pos_5_TA": 0.026714801735463194, "Pos_1:Pos_5_GC": 0.0, "Pos_0:Pos_3_AA": 0.0, "Pos_0:Pos_4_AT": 0.03321794161585461, "Pos_3:Pos_4_GT": 0.0, "Pos_1:Pos_5_GT": 0.0, "Pos_0:Pos_2_GT": 0.0, "Pos_1:Pos_2_CC": 0.0, "Pos_0:Pos_1_CA": 0.02286083954356864, "Pos_3:Pos_5_GT": 0.0, "Pos_2:Pos_3_CA": -0.07392433946291838, "Pos_1:Pos_5_TG": 0.0, "Pos_3:Pos_4_TC": 0.008432011794440149, "Pos_0:Pos_2_TA": 0.0, "Pos_0:Pos_4_AA": -0.06368442560956575, "Pos_0:Pos_4_GA": 0.0, "Pos_0:Pos_1_CC": 0.0, "Pos_1:Pos_4_GC": -0.04870662845493552, "Pos_2:Pos_5_TT": -0.009349969138406635, "Pos_1:Pos_5_AT": -0.0238277974394767, "Pos_3:Pos_4_AC": -0.01905407937129398, "Pos_2:Pos_3_GG": 0.0, "Pos_1:Pos_3_CA": -0.0007293630627737892, "Pos_2:Pos_3_AC": 0.0, "Pos_2:Pos_5_CG": 0.015468332402896733, "Pos_2:Pos_5_GC": 0.0, "Pos_1_G": -0.03930591801241217, "Pos_0:Pos_3_CA": 0.0, "Pos_0:Pos_1_GG": 0.0, "Pos_0_G": 0.0, "Pos_1:Pos_3_TT": 0.006140318230061824, "Pos_2:Pos_5_TA": 0.03196411365458419, "Pos_0:Pos_4_TC": -0.022090785018862028, "Pos_1:Pos_5_GG": -0.01574907022491056, "Pos_1:Pos_5_CG": -0.037148155100811944, "Pos_2:Pos_3_AG": 0.0, "AtoG": 0.0, "Pos_2:Pos_4_AT": 0.0, "Pos_4:Pos_5_GA": 0.07481145583590376, "Pos_1_A": 0.0, "Pos_1:Pos_4_GG": 0.0, "Pos_0:Pos_3_AC": 0.0, "Pos_1:Pos_4_AA": 0.0, "Pos_0:Pos_2_CT": -0.013478103066928756, "Pos_1:Pos_2_AT": 0.0, "Pos_3:Pos_5_GG": -0.112280489571761, "Pos_0:Pos_3_GG": 0.0, "Pos_4:Pos_5_CG": 0.11444468395730414, "Pos_4_T": 0.0, "Pos_1:Pos_2_GC": 0.0, "Pos_1:Pos_5_TA": 0.0, "Pos_3_T": 0.0, "Pos_1_C": 0.0, "Pos_4:Pos_5_CA": 0.0, "Pos_0:Pos_5_GA": 0.033279341535456114, "Pos_1:Pos_2_CA": 0.044026134936012505, "Pos_5_T": 0.0, "Pos_1:Pos_3_TA": 0.0, "Pos_1:Pos_5_CA": 0.0, "Pos_4:Pos_5_AA": 0.0, "Pos_0:Pos_5_CG": -0.008846210161179984, "Pos_1:Pos_5_AG": 0.0, "Pos_0:Pos_3_GT": 0.0, "Pos_3:Pos_5_AA": -0.0477318001359583, "Pos_1:Pos_5_CC": -0.0034225926952923483, "Pos_0:Pos_1_GT": 0.006173470479583053, "Pos_0:Pos_3_AT": 0.0007255241180361415, "Pos_2:Pos_5_AG": -0.01084188553703504, "Pos_2:Pos_4_CT": -0.069779192917019, "Pos_1:Pos_4_TT": 0.0, "Pos_2_A": 0.0, "Pos_2:Pos_3_GA": 0.0, "Pos_2:Pos_4_CG": 0.0, "Pos_2:Pos_3_GT": 0.0, "Pos_2:Pos_5_AC": 0.0, "Pos_2:Pos_3_TC": 0.0, "Pos_3:Pos_4_TA": 0.0, "Pos_2:Pos_4_CA": 0.0, "Pos_0:Pos_2_CC": -0.06798153024225152, "Pos_3:Pos_4_CA": 0.09039033291000922, "Pos_3:Pos_5_AC": 0.021285321693599906, "Pos_0:Pos_5_CT": 0.01668492040065968, "Pos_3_A": 0.0, "Pos_0:Pos_3_CT": 0.0, "Pos_0:Pos_2_TC": 0.01941433320081417, "Pos_0:Pos_4_CA": 0.0, "Pos_4:Pos_5_GG": -0.024713020773361287, "Pos_0:Pos_2_AA": 0.0, "Pos_1:Pos_4_AG": 0.0, "TtoA": 0.40821115054675, "Pos_0:Pos_1_TA": 0.020699872856276936, "Pos_0:Pos_2_AT": 0.0, "Pos_3:Pos_4_GA": -0.12272838583877141, "Pos_2:Pos_5_CC": -0.06684533919787757, "Pos_2:Pos_3_AA": 0.0, "Pos_3:Pos_5_TC": -0.02938361178560672, "Pos_2:Pos_4_TA": 0.0, "Pos_0:Pos_1_TC": 0.0, "Pos_0:Pos_3_AG": 0.0, "Pos_0:Pos_1_AT": 0.030603420544724865, "Pos_0:Pos_5_GG": 0.0, "Pos_1:Pos_5_CT": 0.010518616073319786, "Pos_3_C": 0.0, "GtoC": -0.50836227792351, "Pos_3:Pos_5_TA": 0.0, "Pos_4:Pos_5_TC": 0.0, "Pos_3:Pos_5_CC": 0.019905601582094947, "Pos_0:Pos_2_GC": 0.0, "Pos_0:Pos_5_CC": 0.0, "Pos_2:Pos_4_AG": 0.0, "Pos_2:Pos_5_TG": 0.0, "Pos_1:Pos_2_GA": -0.03715388754568279, "Pos_0:Pos_1_TT": 0.01570323456342914, "Pos_0:Pos_2_CA": 0.0, "Pos_0:Pos_5_TC": 0.03767576978553152, "Pos_4:Pos_5_CT": 0.0, "TtoC": 0.0, "Pos_0:Pos_4_TA": 0.031021272160391078, "Pos_3:Pos_5_TT": 0.005018207541348814, "Pos_0:Pos_4_TT": 0.0, "Pos_2:Pos_5_GA": 0.025099663649485224, "Pos_2:Pos_5_CT": 0.0, "Pos_0:Pos_5_CA": 0.0, "Pos_1:Pos_3_GT": 0.0, "Pos_2:Pos_5_TC": 0.0, "Pos_0:Pos_1_AG": 0.0, "Pos_0:Pos_3_TA": 0.06167602284355033, "Pos_2:Pos_4_GT": 0.09638292696950626, "Pos_3:Pos_4_TT": 0.0, "Pos_3:Pos_4_CC": 0.0, "Pos_1:Pos_2_AC": -0.08850538549263194, "Pos_0:Pos_2_GA": 0.0, "Pos_3:Pos_5_AT": 0.0, "Pos_3:Pos_5_CT": 0.0, "Pos_3_G": 0.0, "Pos_1:Pos_5_TT": 0.025146986194877277, "Pos_1:Pos_4_CT": 0.0, "Pos_1:Pos_4_GT": -0.02613949323555698, "Pos_4:Pos_5_TA": 0.0022816213762590497, "Pos_4_G": 0.0, "Pos_2:Pos_3_CC": 0.0, "Pos_0:Pos_5_TT": -0.016741082637029475, "Pos_5_C": 0.0, "Pos_4:Pos_5_AC": 0.05063941382756712, "Pos_0:Pos_4_GT": -0.04677903053310751, "Pos_2:Pos_4_TC": 0.0, "Pos_0:Pos_2_CG": 0.011171597931691597, "Pos_3:Pos_4_AT": -0.08915543848329649, "Pos_1:Pos_3_CG": 0.0, "Pos_0:Pos_1_CT": 0.0, "Pos_0:Pos_2_AC": -0.017362524112001353, "Pos_3:Pos_5_TG": 0.060971501736181474, "Pos_1_T": 0.009027642235438832, "Pos_1:Pos_3_CT": 0.0, "Pos_1:Pos_3_TC": 0.0, "Pos_2:Pos_3_AT": 0.011788539629998592, "Pos_1:Pos_4_TG": 0.0, "Pos_2:Pos_4_AC": -0.0403671722526518, "Pos_1:Pos_3_AA": -0.015949978292686934, "Pos_1:Pos_2_TC": 0.0, "Pos_3:Pos_4_TG": 0.0, "Pos_1:Pos_2_GG": 0.0, "Pos_0:Pos_1_AA": 0.0, "Pos_1:Pos_3_GC": 0.0, "Pos_1:Pos_2_CG": -0.10118339119568548, "Pos_0:Pos_3_TG": -0.004768426261265667, "Pos_1:Pos_2_CT": -0.012220895292210291, "Pos_1:Pos_4_TA": 0.0, "Pos_3:Pos_5_GA": 0.04790453117247654, "Pos_4:Pos_5_TT": 0.029615504523290467, "Pos_1:Pos_3_TG": 0.0, "Pos_0:Pos_3_GC": 0.0, "Pos_0:Pos_5_AC": 0.0, "Pos_1:Pos_3_AC": 0.0, "Pos_0:Pos_2_TG": 0.0, "Pos_1:Pos_4_AC": 0.0, "Pos_1:Pos_4_CC": -0.08258041001616331, "Pos_2:Pos_5_GT": 0.009730183214469112, "Pos_1:Pos_2_TG": 0.020087501736834927, "Pos_0:Pos_1_GA": -0.02607570911476816, "Pos_1:Pos_4_GA": 0.0, "Pos_0:Pos_5_AG": 0.0, "TtoG": 0.051495359893234505, "GtoA": -0.39579908623522586, "Pos_0:Pos_5_AT": 0.006284306801743998, "Pos_2:Pos_4_GA": 0.0, "Pos_4:Pos_5_CC": -0.04884131090754021, "Pos_0:Pos_4_TG": 0.03455390965957756, "Pos_3:Pos_5_GC": -0.08930221699617094, "Pos_4:Pos_5_GC": 0.0, "Pos_4_C": 0.0, "Pos_0:Pos_1_CG": 0.04003399824517371, "Pos_0:Pos_3_CG": -0.1837723902444907, "Pos_1:Pos_3_GG": 0.0, "Pos_2_T": 0.0, "Pos_1:Pos_4_CG": 0.0, "CtoA": 0.05124825041024184, "Pos_4_A": 0.0, "Pos_0:Pos_3_CC": 0.03484813183722891, "AtoT": 0.3820760538328469, "Pos_1:Pos_4_AT": 0.07744014710395639, "Pos_1:Pos_5_AC": 0.015964234102960245, "Pos_2:Pos_3_TA": -0.04371270407734905, "Pos_1:Pos_2_AA": 0.0, "Pos_4:Pos_5_GT": -0.04883288724709862, "Pos_4:Pos_5_AG": -0.00643095529767917, "Pos_0:Pos_4_GG": 0.0, "Pos_2:Pos_3_GC": 0.030213918820383573,