{"Pos_1_C": 0.0, "Pos_4_C": 0.0, "GtoC": -3.1488907384103, "Pos_3_G": -0.187508302396162, "Pos_3_T": 0.11039654848986895, "Pos_5_A": 0.1337723802234098, "Pos_0_A": 0.0648864642110238, "Pos_0_G": 0.004687233088332951, "Pos_1_G": -0.07949650010378335, "TtoA": 1.5577934142622798, "AtoT": 1.43148909131532, "TtoC": 0.705620599984089, "Pos_1_T": 0.15661823049540657, "Pos_2_A": 0.07725883147857836, "AtoC": 0.3922009339565372, "TtoG": 0.6839841004769011, "Pos_2_G": 0.3282034864620419, "AtoG": 0.6948365490781461, "Pos_5_C": 0.0, "Pos_3_A": 0.0, "CtoG": -3.212136046763338, "Pos_4_T": 0.0857508002847629, "Pos_0_T": 0.16147830781755274, "GtoT": 0.7507793199389011, "Pos_5_G": -0.02683101349421915, "Pos_0_C": -0.05884838533239634, "CtoA": 0.6285684407838972, "Pos_1_A": 0.04076489195600479, "Pos_5_T": 0.0717819853683438, "CtoT": 0.07589625076967067, "Pos_4_A": -0.028030806872012523, "Pos_4_G": 0.03284399996136485, "GtoA": 0.06607743166094895, "Pos_3_C": 0.1732055030490384, "Pos_2_T": 0.0, "Pos_2_C": -0.11637703993266998}