{"Pos_2_C": -0.04357333405600089, "TtoG": 0.0, "Pos_1_A": -0.014596040942605039, "Pos_5_G": -0.047107481727305736, "Pos_4_A": 0.0, "Pos_2_T": 0.0059623423469820774, "AtoC": 0.0, "Pos_4_T": 0.0, "Pos_2_G": 0.25449899827590294, "Pos_3_G": -0.1352735734976136, "Pos_3_C": 0.04552461798865168, "TtoA": 0.6737804843921853, "CtoA": 0.011738192205146332, "Pos_0_C": 0.0, "GtoC": -0.2155238464740758, "CtoG": -0.5260740488627237, "Pos_0_T": 0.0, "Pos_3_T": 0.09397789637014521, "TtoC": 0.2475017072724433, "Pos_4_C": 0.0, "Pos_0_G": -0.01754864202969503, "Pos_3_A": 0.0, "GtoA": -0.5678563106367325, "Pos_1_G": 0.0, "AtoT": 0.5394874936858062, "Pos_5_T": 0.06931847388452302, "GtoT": 0.0, "Pos_5_C": 0.0, "Pos_2_A": 0.0, "Pos_0_A": 0.0, "Pos_1_T": 0.016384329680554546, "Pos_1_C": 0.010940908611617133, "AtoG": 0.09831428505588798, "Pos_5_A": 0.014631311320697884, "Pos_4_G": 0.0, "CtoT": -0.43890195951945543}