{"pos0": {"df": 3, "rel_entropy": 5.819517706788146e-05, "prob": 0.7298327265302593, "formula": "count ~ group * mut * base - group : mut : base", "stats": "{\"group\":{\"0\":\"1\",\"1\":\"1\",\"2\":\"1\",\"3\":\"1\",\"4\":\"1\",\"5\":\"1\",\"6\":\"1\",\"7\":\"1\",\"8\":\"2\",\"9\":\"2\",\"10\":\"2\",\"11\":\"2\",\"12\":\"2\",\"13\":\"2\",\"14\":\"2\",\"15\":\"2\"},\"mut\":{\"0\":\"M\",\"1\":\"M\",\"2\":\"M\",\"3\":\"M\",\"4\":\"R\",\"5\":\"R\",\"6\":\"R\",\"7\":\"R\",\"8\":\"M\",\"9\":\"M\",\"10\":\"M\",\"11\":\"M\",\"12\":\"R\",\"13\":\"R\",\"14\":\"R\",\"15\":\"R\"},\"base\":{\"0\":\"A\",\"1\":\"C\",\"2\":\"G\",\"3\":\"T\",\"4\":\"A\",\"5\":\"C\",\"6\":\"G\",\"7\":\"T\",\"8\":\"A\",\"9\":\"C\",\"10\":\"G\",\"11\":\"T\",\"12\":\"A\",\"13\":\"C\",\"14\":\"G\",\"15\":\"T\"},\"count\":{\"0\":1649,\"1\":812,\"2\":1298,\"3\":1791,\"4\":1556,\"5\":1237,\"6\":1396,\"7\":1361,\"8\":5,\"9\":8,\"10\":4,\"11\":5,\"12\":7,\"13\":8,\"14\":3,\"15\":4},\"fitted\":{\"0\":1647.556001868,\"1\":813.2936724488,\"2\":1298.4651261373,\"3\":1790.6851995459,\"4\":1557.443998132,\"5\":1235.7063275512,\"6\":1395.5348738627,\"7\":1361.3148004541,\"8\":6.443998132,\"9\":6.7063275512,\"10\":3.5348738627,\"11\":5.3148004541,\"12\":5.556001868,\"13\":9.2936724488,\"14\":3.4651261373,\"15\":3.6851995459},\"ret\":{\"0\":0.0001296331,\"1\":-0.0001159945,\"2\":-0.0000417303,\"3\":0.0000282509,\"4\":-0.0001295162,\"5\":0.0001161476,\"6\":0.0000417448,\"7\":-0.0000282452,\"8\":-0.0001138331,\"9\":0.000126626,\"10\":0.0000443707,\"11\":-0.0000273948,\"12\":0.0001451202,\"13\":-0.0001076039,\"14\":-0.0000388021,\"15\":0.000029422}}", "deviance": 1.297054106488942}, "pos1": {"df": 3, "rel_entropy": 0.00010651979146193775, "prob": 0.49847164933266475, "formula": "count ~ group * mut * base - group : mut : base", "stats": "{\"group\":{\"0\":\"1\",\"1\":\"1\",\"2\":\"1\",\"3\":\"1\",\"4\":\"1\",\"5\":\"1\",\"6\":\"1\",\"7\":\"1\",\"8\":\"2\",\"9\":\"2\",\"10\":\"2\",\"11\":\"2\",\"12\":\"2\",\"13\":\"2\",\"14\":\"2\",\"15\":\"2\"},\"mut\":{\"0\":\"M\",\"1\":\"M\",\"2\":\"M\",\"3\":\"M\",\"4\":\"R\",\"5\":\"R\",\"6\":\"R\",\"7\":\"R\",\"8\":\"M\",\"9\":\"M\",\"10\":\"M\",\"11\":\"M\",\"12\":\"R\",\"13\":\"R\",\"14\":\"R\",\"15\":\"R\"},\"base\":{\"0\":\"A\",\"1\":\"C\",\"2\":\"G\",\"3\":\"T\",\"4\":\"A\",\"5\":\"C\",\"6\":\"G\",\"7\":\"T\",\"8\":\"A\",\"9\":\"C\",\"10\":\"G\",\"11\":\"T\",\"12\":\"A\",\"13\":\"C\",\"14\":\"G\",\"15\":\"T\"},\"count\":{\"0\":1087,\"1\":1789,\"2\":2097,\"3\":577,\"4\":1440,\"5\":1802,\"6\":1483,\"7\":825,\"8\":4,\"9\":9,\"10\":6,\"11\":3,\"12\":4,\"13\":5,\"14\":7,\"15\":6},\"fitted\":{\"0\":1087.5085498171,\"1\":1790.9312166872,\"2\":2095.3134157264,\"3\":576.2468177693,\"4\":1439.4914501829,\"5\":1800.0687833128,\"6\":1484.6865842736,\"7\":825.7531822307,\"8\":3.4914501829,\"9\":7.0687833128,\"10\":7.6865842736,\"11\":3.7531822307,\"12\":4.5085498171,\"13\":6.9312166872,\"14\":5.3134157264,\"15\":5.2468177693},\"ret\":{\"0\":-0.0000456237,\"1\":-0.0001732031,\"2\":0.0001514055,\"3\":0.0000676305,\"4\":0.0000456425,\"5\":0.0001733895,\"6\":-0.0001512586,\"7\":-0.0000675555,\"8\":0.0000488073,\"9\":0.0001950669,\"10\":-0.0001333724,\"11\":-0.0000602993,\"12\":-0.0000429581,\"13\":-0.0001465351,\"14\":0.0001731629,\"15\":0.0000722206}}", "deviance": 2.3741131121036685}, "pos3": {"df": 3, "rel_entropy": 0.00025971523373858945, "prob": 0.12236425862771691, "formula": "count ~ group * mut * base - group : mut : base", "stats": "{\"group\":{\"0\":\"1\",\"1\":\"1\",\"2\":\"1\",\"3\":\"1\",\"4\":\"1\",\"5\":\"1\",\"6\":\"1\",\"7\":\"1\",\"8\":\"2\",\"9\":\"2\",\"10\":\"2\",\"11\":\"2\",\"12\":\"2\",\"13\":\"2\",\"14\":\"2\",\"15\":\"2\"},\"mut\":{\"0\":\"M\",\"1\":\"M\",\"2\":\"M\",\"3\":\"M\",\"4\":\"R\",\"5\":\"R\",\"6\":\"R\",\"7\":\"R\",\"8\":\"M\",\"9\":\"M\",\"10\":\"M\",\"11\":\"M\",\"12\":\"R\",\"13\":\"R\",\"14\":\"R\",\"15\":\"R\"},\"base\":{\"0\":\"A\",\"1\":\"C\",\"2\":\"G\",\"3\":\"T\",\"4\":\"A\",\"5\":\"C\",\"6\":\"G\",\"7\":\"T\",\"8\":\"A\",\"9\":\"C\",\"10\":\"G\",\"11\":\"T\",\"12\":\"A\",\"13\":\"C\",\"14\":\"G\",\"15\":\"T\"},\"count\":{\"0\":1176,\"1\":1641,\"2\":1208,\"3\":1525,\"4\":1584,\"5\":1324,\"6\":1449,\"7\":1193,\"8\":4,\"9\":10,\"10\":4,\"11\":4,\"12\":9,\"13\":5,\"14\":1,\"15\":7},\"fitted\":{\"0\":1174.550558782,\"1\":1642.7860684518,\"2\":1209.7558125259,\"3\":1522.9075602403,\"4\":1585.449441218,\"5\":1322.2139315482,\"6\":1447.2441874741,\"7\":1195.0924397597,\"8\":5.449441218,\"9\":8.2139315482,\"10\":2.2441874741,\"11\":6.0924397597,\"12\":7.550558782,\"13\":6.7860684518,\"14\":2.7558125259,\"15\":4.9075602403},\"ret\":{\"0\":0.0001301449,\"1\":-0.0001601846,\"2\":-0.0001574424,\"3\":0.0001878927,\"4\":-0.0001300052,\"5\":0.00016038,\"6\":0.0001576523,\"7\":-0.0001875993,\"8\":-0.0001109902,\"9\":0.0001765555,\"10\":0.0002074483,\"11\":-0.0001510245,\"12\":0.0001418187,\"13\":-0.0001370396,\"14\":-0.0000909649,\"15\":0.0002230736}}", "deviance": 5.788533129565682}, "pos2": {"df": 3, "rel_entropy": 9.489300219507435e-06, "prob": 0.9757122044683402, "formula": "count ~ group * mut * base - group : mut : base", "stats": "{\"group\":{\"0\":\"1\",\"1\":\"1\",\"2\":\"1\",\"3\":\"1\",\"4\":\"1\",\"5\":\"1\",\"6\":\"1\",\"7\":\"1\",\"8\":\"2\",\"9\":\"2\",\"10\":\"2\",\"11\":\"2\",\"12\":\"2\",\"13\":\"2\",\"14\":\"2\",\"15\":\"2\"},\"mut\":{\"0\":\"M\",\"1\":\"M\",\"2\":\"M\",\"3\":\"M\",\"4\":\"R\",\"5\":\"R\",\"6\":\"R\",\"7\":\"R\",\"8\":\"M\",\"9\":\"M\",\"10\":\"M\",\"11\":\"M\",\"12\":\"R\",\"13\":\"R\",\"14\":\"R\",\"15\":\"R\"},\"base\":{\"0\":\"A\",\"1\":\"C\",\"2\":\"G\",\"3\":\"T\",\"4\":\"A\",\"5\":\"C\",\"6\":\"G\",\"7\":\"T\",\"8\":\"A\",\"9\":\"C\",\"10\":\"G\",\"11\":\"T\",\"12\":\"A\",\"13\":\"C\",\"14\":\"G\",\"15\":\"T\"},\"count\":{\"0\":546,\"1\":1881,\"2\":1146,\"3\":1977,\"4\":1448,\"5\":1206,\"6\":1680,\"7\":1216,\"8\":3,\"9\":8,\"10\":3,\"11\":8,\"12\":8,\"13\":6,\"14\":4,\"15\":4},\"fitted\":{\"0\":545.9468000973,\"1\":1880.4092842038,\"2\":1146.1291306809,\"3\":1977.514785018,\"4\":1448.0531999027,\"5\":1206.5907157961,\"6\":1679.8708693191,\"7\":1215.485214982,\"8\":3.0531999027,\"9\":8.5907157963,\"10\":2.8708693191,\"11\":7.4852149821,\"12\":7.9468000973,\"13\":5.4092842042,\"14\":4.1291306809,\"15\":4.5147850182},\"ret\":{\"0\":0.0000047741,\"1\":0.0000530158,\"2\":-0.0000115868,\"3\":-0.0000461879,\"4\":-0.0000047738,\"5\":-0.0000529945,\"6\":0.0000115879,\"7\":0.0000462037,\"8\":-0.000004732,\"9\":-0.0000511418,\"10\":0.0000118442,\"11\":0.0000477472,\"12\":0.0000047898,\"13\":0.0000558019,\"14\":-0.0000114044,\"15\":-0.0000434541}}", "deviance": 0.21149752329238172}}