{"params": {"3": {"alpha": 2.0}, "0": {"alpha": 0.01}, "1": {"alpha": 0.1}, "2": {"alpha": 1.0}, "4": {"alpha": 3.0}}, "best_a_choice": 0.01, "param_alpha": {"3": 2.0, "0": 0.01, "1": 0.1, "2": 1.0, "4": 3.0}, "rank_test_score": {"3": 4, "0": 1, "1": 1, "2": 1, "4": 4}, "split0_test_score": {"3": 0.7258954797, "0": 0.7267346939, "1": 0.7267346939, "2": 0.7267346939, "4": 0.7258954797}}