{"params": {"1": {"alpha": 0.1}, "3": {"alpha": 2.0}, "2": {"alpha": 1.0}, "0": {"alpha": 0.01}, "4": {"alpha": 3.0}}, "param_alpha": {"1": 0.1, "3": 2.0, "2": 1.0, "0": 0.01, "4": 3.0}, "split0_test_score": {"1": 0.7641840432, "3": 0.7638995557, "2": 0.7640602935, "0": 0.7641840432, "4": 0.7638163026}, "rank_test_score": {"1": 1, "3": 4, "2": 3, "0": 1, "4": 5}, "best_a_choice": 0.01}