{"param_alpha": {"0": 0.01, "4": 3.0, "1": 0.1, "2": 1.0, "3": 2.0}, "params": {"0": {"alpha": 0.01}, "4": {"alpha": 3.0}, "1": {"alpha": 0.1}, "2": {"alpha": 1.0}, "3": {"alpha": 2.0}}, "best_a_choice": 0.01, "split0_test_score": {"0": 0.7123558312, "4": 0.703316545, "1": 0.7101400141, "2": 0.7058334332, "3": 0.7042045452}, "rank_test_score": {"0": 1, "4": 5, "1": 2, "2": 3, "3": 4}}