{"param_alpha": {"4": 3.0, "3": 2.0, "2": 1.0, "0": 0.01, "1": 0.1}, "best_a_choice": 0.01, "split0_test_score": {"4": 0.7731778393, "3": 0.7731811694, "2": 0.7731415052, "0": 0.7732946314, "1": 0.7732742344}, "rank_test_score": {"4": 4, "3": 3, "2": 5, "0": 1, "1": 2}, "params": {"4": {"alpha": 3.0}, "3": {"alpha": 2.0}, "2": {"alpha": 1.0}, "0": {"alpha": 0.01}, "1": {"alpha": 0.1}}}