{"param_alpha": {"2": 1.0, "3": 2.0, "1": 0.1, "0": 0.01, "4": 3.0}, "params": {"2": {"alpha": 1.0}, "3": {"alpha": 2.0}, "1": {"alpha": 0.1}, "0": {"alpha": 0.01}, "4": {"alpha": 3.0}}, "rank_test_score": {"2": 3, "3": 4, "1": 2, "0": 1, "4": 5}, "split0_test_score": {"2": 0.7110413885, "3": 0.7097291627, "1": 0.7148750715, "0": 0.7173850849, "4": 0.709012016}, "best_a_choice": 0.01}