{"rank_test_score": {"4": 1, "0": 1, "1": 1, "3": 1, "2": 1}, "split0_test_score": {"4": 0.7247884045, "0": 0.7247884045, "1": 0.7247884045, "3": 0.7247884045, "2": 0.7247884045}, "best_a_choice": 0.01, "param_alpha": {"4": 3.0, "0": 0.01, "1": 0.1, "3": 2.0, "2": 1.0}, "params": {"4": {"alpha": 3.0}, "0": {"alpha": 0.01}, "1": {"alpha": 0.1}, "3": {"alpha": 2.0}, "2": {"alpha": 1.0}}}