{"CtoA": -0.0519100000212705, "TtoA": 0.4905528565243948, "GC_feature": -0.1814298488659067, "TtoG": 0.03047533225688445, "CtoT": -0.34662536233800006, "TtoC": 0.044480717673763916, "CtoG": -1.2736582732920814, "GtoC": -1.0287875264669224, "AtoG": 0.1992372613330794, "AtoT": 0.4507540760706089, "AtoC": -0.02907317244646198, "GtoT": 0.1222970075244033, "GtoA": -0.3912355432167338}