{"CtoT": -0.42096609876029856, "TtoA": 0.4574738360831624, "TtoC": 0.019011031542686945, "GtoA": -0.4441076742016995, "Pos_0_C": -0.14465978094800783, "GtoT": 0.015681189835260782, "TtoG": 0.026297205298978353, "CtoG": -0.6824873405416784, "AtoG": 0.0, "GC_feature": -0.1098954878089606, "Pos_1_C": 0.025307247974705148, "CtoA": -0.029438384111228635, "Pos_1_A": -0.06685901398040532, "Pos_0_A": 0.0, "Pos_0_T": -0.01545760554585522, "Pos_1_G": -0.26926292836903604, "AtoT": 0.4012714343648036, "GtoC": -0.6223656504065909, "Pos_0_G": 0.26291967176575254, "AtoC": -0.09680592604418845, "Pos_1_T": 0.0}