{"TtoC": 0.37134693868701774, "GtoT": 0.34290969309022445, "GtoA": -0.2588630682743116, "GtoC": -1.4949932856153443, "TtoG": 0.32625396154717484, "AtoT": 1.0840513154284608, "CtoA": 0.2284574059639232, "TtoA": 1.1614083811589897, "AtoC": 0.07279898791135335, "CtoG": -1.5343425723360675, "CtoT": -0.26699491465767317, "AtoG": 0.39128380409313473}