{"TtoA": 0.27233667104174647, "CtoT": -0.34324753870362185, "GC_feature": -0.07926731895016524, "AtoG": 0.059599968502981514, "GtoT": 0.041570553969697874, "AtoT": 0.4812687558559791, "TtoG": 0.0, "AtoC": -0.14562088200637902, "GtoA": -0.365783569889068, "GtoC": -0.29563611550897845, "CtoG": -0.2292524935040234, "CtoA": -0.06261333035610712, "TtoC": 0.0}