{"Pos_2_T": 0.030525099692229916, "CtoG": -0.6911846109589743, "AtoG": 0.0, "TtoC": 0.006676677291114421, "Pos_3_G": 0.005613323657312644, "GC_feature": -0.13619132506627746, "Pos_0_T": 0.27051900645958415, "Pos_1_C": -0.1209331824995319, "CtoA": 0.0, "GtoA": -0.5260842553888773, "GtoC": -0.7520959858304562, "Pos_3_C": 0.009821908909447655, "Pos_2_A": -0.07302062674005141, "CtoT": -0.4464141077922581, "Pos_1_A": 0.0, "AtoT": 0.3401319881904058, "Pos_0_G": 0.0, "TtoG": -0.03366583486264289, "Pos_2_G": -0.31998545979497955, "Pos_0_C": -0.10027566027741863, "Pos_0_A": 0.11818712212913496, "TtoA": 0.47699677706473287, "Pos_2_C": 0.1596010748821706, "AtoC": -0.10035750562949497, "Pos_3_T": 0.0, "GtoT": 0.03513573135654969, "Pos_1_G": 0.23171253817727502, "Pos_1_T": -0.06899917913362952, "Pos_3_A": -0.02243495564317458}