{"param_penalty": {"1": "l1", "0": "l1", "2": "l1", "3": "l1"}, "params": {"1": {"penalty": "l1", "C": 1.0}, "0": {"penalty": "l1", "C": 0.1}, "2": {"penalty": "l1", "C": 10.0}, "3": {"penalty": "l1", "C": 100.0}}, "param_C": {"1": 1.0, "0": 0.1, "2": 10.0, "3": 100.0}, "split0_test_score": {"1": 0.7764447835, "0": 0.7760633225, "2": 0.7763189014, "3": 0.776322716}, "rank_test_score": {"1": 1, "0": 4, "2": 3, "3": 2}, "best_c_choice": 1.0}