{"param_alpha": {"0": 0.01, "2": 1.0, "1": 0.1, "4": 3.0, "3": 2.0}, "rank_test_score": {"0": 1, "2": 3, "1": 2, "4": 5, "3": 4}, "params": {"0": {"alpha": 0.01}, "2": {"alpha": 1.0}, "1": {"alpha": 0.1}, "4": {"alpha": 3.0}, "3": {"alpha": 2.0}}, "best_a_choice": 0.01, "split0_test_score": {"0": 0.6946752387, "2": 0.6893390217, "1": 0.6926938585, "4": 0.6877667272, "3": 0.6883300757}}