{"params": {"1": {"alpha": 0.1}, "0": {"alpha": 0.01}, "3": {"alpha": 2.0}, "4": {"alpha": 3.0}, "2": {"alpha": 1.0}}, "rank_test_score": {"1": 4, "0": 5, "3": 2, "4": 1, "2": 3}, "param_alpha": {"1": 0.1, "0": 0.01, "3": 2.0, "4": 3.0, "2": 1.0}, "split0_test_score": {"1": 0.6207494197, "0": 0.6092054081, "3": 0.6427002949, "4": 0.6453588682, "2": 0.6371714035}, "best_a_choice": 3.0}