{"TtoA": 1.1318901254906635, "CtoT": -0.2236263446241343, "AtoC": 0.0, "CtoG": -1.8638717256651982, "GtoA": -0.18922689014162888, "AtoG": 0.43302215216451667, "GtoC": -1.9602215533827387, "AtoT": 1.1534633182307645, "TtoC": 0.4083185793313814, "TtoG": 0.5984677925223197, "GtoT": 0.6021067442705818, "CtoA": 0.46009172675359894}