{"rank_test_score": {"2": 3, "1": 4, "0": 5, "3": 2, "4": 1}, "best_a_choice": 3.0, "split0_test_score": {"2": 0.6509971469, "1": 0.6437303791, "0": 0.6356926116, "3": 0.6528521265, "4": 0.6538177845}, "param_alpha": {"2": 1.0, "1": 0.1, "0": 0.01, "3": 2.0, "4": 3.0}, "params": {"2": {"alpha": 1.0}, "1": {"alpha": 0.1}, "0": {"alpha": 0.01}, "3": {"alpha": 2.0}, "4": {"alpha": 3.0}}}