{"Pos_0:Pos_2_GT": 0.0, "Pos_0:Pos_2_AC": 0.0, "Pos_1:Pos_3_AG": 0.0, "Pos_0:Pos_2_GA": 0.0, "Pos_1:Pos_3_TA": -0.0052620913433847685, "Pos_3_A": 0.0, "Pos_1:Pos_3_TT": 0.0, "Pos_0:Pos_1_GA": -0.0274839163878015, "Pos_0:Pos_2_GC": 0.0, "Pos_1:Pos_2_TT": 0.0, "Pos_1:Pos_3_CG": 0.0, "Pos_0:Pos_3_AC": 0.0, "Pos_0:Pos_3_AG": -0.042940776802896895, "Pos_0:Pos_3_TT": 0.0, "Pos_1:Pos_3_TC": 0.003546587761817919, "GtoC": -0.6272938400165581, "Pos_1:Pos_3_GC": 0.06068644596422652, "Pos_0:Pos_3_CC": -0.01210867832597637, "Pos_2_A": 0.0, "Pos_0:Pos_3_AA": -0.03639503501148784, "Pos_2:Pos_3_CA": 0.08044568533208613, "Pos_0:Pos_3_TA": -0.0007118015931275403, "Pos_0:Pos_3_CT": 0.0, "Pos_0:Pos_2_GG": 0.0, "Pos_0:Pos_2_CC": 0.0, "Pos_1:Pos_2_GG": 0.0, "Pos_0:Pos_3_GC": -0.0016009758869064048, "Pos_1:Pos_2_CA": -0.058232675257549237, "Pos_2:Pos_3_TT": 0.04674230430110495, "Pos_0:Pos_1_TA": 0.006270852145623993, "Pos_1:Pos_2_CG": -0.044197412119557924, "Pos_0:Pos_2_AG": -0.0642941364988424, "Pos_1:Pos_3_CA": 0.0, "Pos_1:Pos_2_CT": 0.04470257181134727, "Pos_2:Pos_3_AG": 0.11893305849805255, "Pos_2:Pos_3_GT": -0.026266669980038983, "Pos_2:Pos_3_TG": 0.0, "Pos_2:Pos_3_AT": 0.0, "Pos_3_T": 0.0, "Pos_2:Pos_3_AC": 0.0, "Pos_0:Pos_1_GC": 0.0, "Pos_0:Pos_3_GT": -0.029320019353819417, "AtoT": 0.39661803153436187, "Pos_0:Pos_1_AA": 0.0, "Pos_1:Pos_3_AA": 0.0017172312025070643, "Pos_0:Pos_2_AT": 0.08418166419482319, "Pos_2_G": -0.08561422102149163, "Pos_2:Pos_3_TA": -0.008266834742530635, "Pos_2:Pos_3_AA": -0.014315674836576961, "Pos_0:Pos_2_AA": 0.0, "Pos_2_C": 0.0, "Pos_1:Pos_2_GT": 0.011394877378709997, "Pos_1:Pos_2_GC": 0.06527046254645806, "GC_feature": -0.1024368066631167, "Pos_0:Pos_1_TC": 0.0, "Pos_0:Pos_1_CG": -0.12665391106010618, "Pos_2:Pos_3_CT": 0.07221826112888195, "Pos_1:Pos_3_AT": 0.022153170296493937, "Pos_0:Pos_1_TT": 0.07795254209127776, "Pos_1_C": -0.07532404963752293, "Pos_0:Pos_3_CG": 0.00035169467534763144, "Pos_1:Pos_3_TG": -0.0223273194668443, "Pos_0:Pos_2_CA": -0.029017424544664983, "Pos_0:Pos_1_AG": 0.04532625376207999, "Pos_1:Pos_3_GG": 0.0, "GtoT": 0.01699096662362651, "Pos_2:Pos_3_GA": -0.06978983098036719, "Pos_2:Pos_3_CC": 0.0, "AtoC": -0.09984217342316287, "Pos_0:Pos_3_TG": 0.006839570825837523, "Pos_1:Pos_2_AG": 0.0, "Pos_0:Pos_2_TA": 0.024477556628039843, "Pos_1:Pos_2_AT": -0.03141462289206452, "Pos_2_T": 0.0, "Pos_1:Pos_2_AC": 0.0, "TtoA": 0.4454196149100788, "Pos_1:Pos_2_GA": 0.0, "GtoA": -0.4479914062211811, "Pos_3_G": 0.0, "Pos_0:Pos_2_TC": 0.009367772569207185, "Pos_0:Pos_2_CG": 0.009126957613539268, "AtoG": 0.0, "Pos_1:Pos_2_AA": 0.03606247184060626, "Pos_1_A": 0.0, "Pos_2:Pos_3_GG": 0.0362061648965971, "Pos_1:Pos_2_TG": -0.0034124759023481262, "Pos_0:Pos_3_GA": 0.0, "Pos_0:Pos_1_CA": 0.009993019127658175, "Pos_0:Pos_3_AT": 0.009119959251097938, "Pos_0_A": 0.0, "Pos_0:Pos_2_TG": -0.05488155455524508, "Pos_1:Pos_3_CC": -0.004745606123849338, "Pos_0:Pos_3_GG": 0.0, "Pos_0:Pos_3_TC": 0.03807186654871046, "Pos_2:Pos_3_TC": 0.0145190608971842, "Pos_2:Pos_3_CG": -0.000917483373007904, "CtoG": -0.6867204791396181, "TtoC": 0.0018530638086888785, "Pos_1:Pos_2_TA": -0.10548293057996659, "Pos_0:Pos_1_CC": 0.0, "Pos_1:Pos_3_CT": -0.05531621311721175, "Pos_0:Pos_1_AT": 0.0, "Pos_1_T": 0.0, "CtoA": -0.03370957655443784, "Pos_0:Pos_1_TG": 0.06214514809742226, "Pos_3_C": 0.0, "Pos_1:Pos_3_GT": 0.038877215427007, "Pos_0:Pos_1_CT": 0.0, "Pos_1:Pos_2_CC": 0.0, "Pos_1:Pos_3_AC": -0.007501660687217831, "Pos_1:Pos_2_TC": 0.0, "TtoG": 0.025436729393808186, "Pos_0:Pos_1_GG": 0.0, "Pos_0:Pos_1_GT": -0.003646640583197827, "Pos_2:Pos_3_GC": 0.0, "Pos_1_G": 0.1780582177717486, "Pos_0_C": 0.0, "Pos_0_G": -0.028239073767614913, "Pos_1:Pos_3_GA": -0.008652363649308248, "CtoT": -0.4475671177387091, "Pos_0:Pos_2_CT": -0.00011024811080532803, "Pos_0:Pos_3_CA": 0.0, "Pos_0:Pos_1_AC": -0.06396038167789585, "Pos_0_T": 0.02761767674427882, "Pos_0:Pos_2_TT": 0.0}