{"rank_test_score": {"2": 3, "3": 4, "4": 5, "0": 1, "1": 2}, "best_a_choice": 0.01, "params": {"2": {"alpha": 1.0}, "3": {"alpha": 2.0}, "4": {"alpha": 3.0}, "0": {"alpha": 0.01}, "1": {"alpha": 0.1}}, "split0_test_score": {"2": 0.7723234847, "3": 0.7722836422, "4": 0.7722442754, "0": 0.772344179, "1": 0.7723382324}, "param_alpha": {"2": 1.0, "3": 2.0, "4": 3.0, "0": 0.01, "1": 0.1}}