{"Pos_0:Pos_1_TT": 0.021133930534938318, "Pos_3_T": 0.0, "Pos_1:Pos_3_CT": -0.061285920448466216, "Pos_0:Pos_2_GA": 0.0, "Pos_1:Pos_2_GT": 0.0, "Pos_0:Pos_1_CA": 0.06311669896641071, "GtoC": -1.6809107002396373, "Pos_0:Pos_2_AT": 0.11805041950693362, "Pos_1_A": 0.03499635484384399, "Pos_0:Pos_1_TA": 0.0, "Pos_0:Pos_1_CT": 0.0, "Pos_1_G": 0.28085838732776947, "Pos_1:Pos_3_TT": 0.0, "Pos_2:Pos_3_GT": 0.0, "Pos_1:Pos_3_GA": 0.0, "Pos_1:Pos_2_GA": 0.0, "Pos_0:Pos_1_GC": 0.0, "Pos_0:Pos_1_TC": -0.06164817330684381, "Pos_0:Pos_3_GT": -0.057168520152682756, "Pos_1:Pos_2_AA": 0.13794306909343884, "Pos_0:Pos_2_TG": 0.0, "Pos_3_G": 0.0, "Pos_0:Pos_3_CG": 0.019965743478785786, "Pos_0:Pos_3_TA": 0.0, "Pos_1:Pos_3_TG": -0.017817787967764558, "Pos_0:Pos_2_CA": -0.0674139178315361, "Pos_0:Pos_3_AT": 0.07041642807553301, "Pos_0:Pos_2_TA": 0.12137643197323066, "Pos_2:Pos_3_TA": 0.0, "Pos_0:Pos_2_GG": 0.0, "Pos_0:Pos_3_CA": 0.0, "Pos_0:Pos_1_CC": 0.01971928627835386, "Pos_0_A": 0.0, "Pos_1:Pos_3_GG": 0.0, "Pos_1:Pos_3_GT": 0.07539644005458311, "Pos_0:Pos_2_AA": 0.015529855190946584, "Pos_1:Pos_3_AG": 0.030359740676386762, "Pos_1:Pos_3_TC": 0.02310267845526402, "Pos_0:Pos_1_GA": -0.0592212890365029, "GtoA": -0.3553566920419243, "Pos_0:Pos_2_CG": 0.13011673613642155, "Pos_0:Pos_1_GG": 0.0, "Pos_2:Pos_3_TT": 0.10657507973886338, "Pos_2_A": 0.0, "Pos_0:Pos_3_TG": -0.02051884394693094, "Pos_0:Pos_2_AC": 0.0, "Pos_1:Pos_2_CG": -0.12774587857202455, "Pos_0:Pos_2_GT": 0.0, "Pos_1:Pos_2_TC": 0.0, "Pos_1:Pos_2_AC": 0.0, "Pos_0:Pos_1_AG": 0.03180629391141525, "Pos_3_C": 0.018766216601087467, "Pos_2:Pos_3_GC": 0.0, "Pos_1:Pos_3_GC": 0.10238208360797796, "Pos_0:Pos_3_TC": 0.035038715588490935, "Pos_1:Pos_2_TT": 0.11143801677089345, "Pos_0:Pos_2_AG": -0.017236107046816905, "Pos_1:Pos_3_CA": 0.0, "Pos_2:Pos_3_AT": 0.0, "Pos_0:Pos_3_GA": -0.01604060903003046, "Pos_1:Pos_2_AG": 0.034756922545380195, "Pos_1:Pos_3_AT": 0.10476342867545227, "Pos_0:Pos_3_GC": 0.0, "Pos_2:Pos_3_AA": 0.0, "Pos_1:Pos_2_AT": -0.071770436632216, "GtoT": 0.3051867341150647, "Pos_2:Pos_3_TG": 0.0, "TtoG": 0.24835383437118466, "Pos_2:Pos_3_AG": 0.24977329482883806, "Pos_0:Pos_3_TT": 0.02248540583937423, "Pos_0:Pos_3_AC": 0.0, "Pos_1:Pos_2_GC": 0.07537194726313347, "Pos_2:Pos_3_CC": 0.0, "CtoG": -1.7481240251798387, "AtoC": 0.0, "Pos_1_C": -0.024767057706218593, "Pos_0:Pos_3_CC": -0.04665413972324866, "Pos_2:Pos_3_AC": 0.0, "Pos_2:Pos_3_CA": 0.14562970465602754, "Pos_0:Pos_1_AT": 0.0, "Pos_0:Pos_3_AA": 0.0, "Pos_1_T": 0.0, "Pos_0:Pos_2_GC": 0.0, "TtoA": 1.1331022603204506, "TtoC": 0.2878346736057385, "CtoT": -0.3477620847883315, "Pos_1:Pos_2_CA": 0.0, "Pos_1:Pos_2_CT": 0.0332640140798857, "AtoT": 1.001969230654592, "AtoG": 0.2846447325155262, "Pos_0_G": 0.0, "Pos_0_C": 0.0, "Pos_1:Pos_2_TG": 0.0, "Pos_0:Pos_3_GG": 0.00665688705540113, "Pos_2_C": 0.14774354420166833, "Pos_1:Pos_3_TA": 0.0, "Pos_2_G": -0.07289149436313193, "Pos_2:Pos_3_TC": 0.03684116164588541, "Pos_1:Pos_3_AC": 0.0, "Pos_1:Pos_3_CC": -0.03398502387135691, "Pos_0:Pos_1_GT": 0.0, "Pos_1:Pos_3_AA": -0.04771622452769623, "Pos_0:Pos_2_CC": 0.045928780230899004, "Pos_0:Pos_2_CT": 0.0, "Pos_2:Pos_3_GA": -0.08089241573239707, "Pos_2:Pos_3_CT": 0.12086218903311335, "Pos_0:Pos_1_AA": 0.0060302675074197015, "Pos_2:Pos_3_CG": -0.07194426078541047, "Pos_0:Pos_3_AG": 0.0, "Pos_0_T": 0.13551216057562626, "Pos_3_A": 0.0, "Pos_0:Pos_2_TT": 0.01567006553775835, "Pos_0:Pos_1_TG": 0.01334395070312681, "Pos_1:Pos_3_CG": 0.013853991969189718, "Pos_1:Pos_2_CC": 0.0, "CtoA": 0.19509153717614228, "Pos_2_T": 0.11214340496875591, "Pos_1:Pos_2_GG": 0.0, "Pos_1:Pos_2_TA": -0.13805805481529343, "Pos_0:Pos_1_AC": -0.10253322584570167, "Pos_0:Pos_1_CG": -0.29038201083315923, "Pos_2:Pos_3_GG": 0.0, "Pos_0:Pos_2_TC": 0.0, "Pos_0:Pos_3_CT": 0.0}