{"param_alpha": {"4": 3.0, "3": 2.0, "1": 0.1, "2": 1.0, "0": 0.01}, "params": {"4": {"alpha": 3.0}, "3": {"alpha": 2.0}, "1": {"alpha": 0.1}, "2": {"alpha": 1.0}, "0": {"alpha": 0.01}}, "best_a_choice": 0.01, "rank_test_score": {"4": 5, "3": 4, "1": 2, "2": 3, "0": 1}, "split0_test_score": {"4": 0.7704807524, "3": 0.7707494193, "1": 0.7710364943, "2": 0.7709336524, "0": 0.7710402976}}