{"Pos_2_A": -0.03049611170491004, "Pos_1_G": 0.18167889274624963, "Pos_2_G": -0.15108634588251205, "Pos_2_C": 0.09222502664295043, "Pos_0_C": 0.0, "GtoA": -0.3631907839956338, "Pos_0_G": -0.051524461381664395, "Pos_1_A": 0.0, "GtoT": 0.03463831973559663, "AtoC": -0.10012332166685757, "Pos_3_T": -0.029160028891909162, "Pos_0_A": 0.013197385678026183, "CtoT": -0.40353973993987824, "Pos_3_A": -0.008560524882551473, "TtoG": -0.019429593037500918, "Pos_2_T": 0.12291857975975302, "Pos_1_T": -0.059541543517654366, "GC_feature": -0.15525415277608393, "AtoG": 0.019820236078867733, "Pos_1_C": -0.23098601140047226, "CtoA": -0.013522258527657658, "TtoC": 0.0, "CtoG": -0.6800307746361514, "Pos_3_G": 0.029503738040263662, "AtoT": 0.4814407528381049, "TtoA": 0.4198356347081018, "Pos_3_C": 0.0693814352149759, "Pos_0_T": 0.09609941828674048, "GtoC": -0.7518115826091659}