{"CtoA": 0.5807020516436749, "Pos_4_C": 0.0, "Pos_3_T": 0.1357045333862054, "GtoT": 0.7306231441940617, "Pos_5_G": -0.0801539575942921, "CtoG": -3.165765637975261, "Pos_5_A": 0.10098771553284658, "Pos_1_A": 0.06988810686577436, "TtoA": 1.5469989714813688, "GtoA": 0.07875909710782382, "Pos_5_C": 0.0, "Pos_3_A": -0.0004390499188924693, "Pos_2_T": 0.0, "AtoC": 0.3881857540242877, "Pos_0_G": 0.0, "Pos_4_A": -0.025998934347899752, "AtoT": 1.4295184991355636, "Pos_0_T": 0.19167462485550305, "Pos_0_C": -0.034924390251869435, "TtoG": 0.707075983772359, "Pos_1_T": 0.1938683759560571, "Pos_3_C": 0.1655588195336744, "GtoC": -3.1222547011947532, "AtoG": 0.6837149688723958, "CtoT": 0.06704216358499891, "Pos_4_G": 0.027376424050968642, "Pos_2_A": 0.060861210015011914, "Pos_5_T": 0.05417831873020565, "Pos_0_A": 0.08944642651182856, "Pos_1_G": -0.06491006182281264, "Pos_3_G": -0.17690469490497243, "Pos_1_C": 0.0, "Pos_4_T": 0.04483691930089131, "Pos_2_C": -0.12727628865559576, "Pos_2_G": 0.2945242217738367, "TtoC": 0.6787716142330107}