{"param_penalty": {"1": "l1", "0": "l1", "3": "l1", "2": "l1"}, "rank_test_score": {"1": 3, "0": 4, "3": 2, "2": 1}, "param_C": {"1": 1.0, "0": 0.1, "3": 100.0, "2": 10.0}, "params": {"1": {"C": 1.0, "penalty": "l1"}, "0": {"C": 0.1, "penalty": "l1"}, "3": {"C": 100.0, "penalty": "l1"}, "2": {"C": 10.0, "penalty": "l1"}}, "best_c_choice": 10.0, "split0_test_score": {"1": 0.7783656929, "0": 0.7783155924, "3": 0.7783930475, "2": 0.7783954856}}