{"Pos_18_T": 0.007850160579139757, "Pos_13_G": 0.0, "Pos_49_A": 0.0, "Pos_51_T": 0.0, "Pos_19_C": 0.021997882918985218, "Pos_22_T": 0.037687729622931175, "Pos_55_C": 0.0, "Pos_42_C": 0.02254312589352615, "Pos_58_T": 0.0, "Pos_24_C": 0.0, "Pos_11_T": 0.0, "Pos_53_A": 0.10953807951484296, "Pos_6_G": 0.0, "Pos_31_T": 0.026286764714241687, "Pos_23_A": -0.09070742166327415, "Pos_28_G": 0.0, "Pos_1_A": 0.0, "AtoC": 0.0, "Pos_1_T": 0.0, "TtoG": 0.0, "GtoA": -0.4515931831081827, "Pos_17_C": 0.0, "Pos_32_C": -0.08776425693864472, "Pos_54_T": 0.01725261611540124, "Pos_13_A": 0.0, "Pos_7_A": -0.0486227680546027, "GtoC": -0.7098819020732139, "Pos_50_C": -0.050005515531813545, "Pos_40_G": 0.06880026286014355, "Pos_47_G": 0.0, "Pos_6_T": 0.05539232216984941, "Pos_40_C": 0.0, "Pos_28_C": -0.09510557235638646, "Pos_39_A": -0.09246172330612501, "Pos_52_G": 0.21505815922904192, "Pos_10_T": 0.0414512626887135, "Pos_23_G": 0.08314920820139524, "Pos_10_A": -0.05784960738698854, "Pos_16_C": -0.0512896753846394, "Pos_56_G": -0.034455771964825355, "Pos_49_T": 0.0, "TtoA": 0.8266580299197308, "Pos_29_A": 0.0, "Pos_37_T": 0.0, "Pos_38_C": -0.02084833878280902, "Pos_28_A": 0.0, "Pos_56_C": 0.0, "Pos_45_T": 0.12149698967297923, "Pos_40_A": -0.013403107243862279, "Pos_2_T": -0.020075282775069786, "Pos_20_T": 0.0, "Pos_19_T": 0.061663150312328906, "Pos_30_A": -0.008421502488520253, "Pos_29_C": -0.19768591657119394, "Pos_30_G": -0.13429162002498268, "Pos_21_G": 0.0, "Pos_16_A": 0.0, "Pos_59_T": 0.0, "Pos_32_A": 0.02844660360488217, "Pos_42_G": -0.04665015660112062, "Pos_55_A": -0.0004987609215034019, "Pos_8_G": 0.01836146103618276, "Pos_57_T": 0.0, "Pos_17_T": 0.0, "Pos_35_C": 0.0, "Pos_12_G": -0.014944607112813034, "Pos_48_T": 0.0, "Pos_36_G": 0.0, "Pos_57_C": 0.06468324254378316, "Pos_25_G": 0.0, "Pos_27_C": 0.0, "Pos_11_G": 0.0, "Pos_4_A": 0.0, "Pos_0_G": 0.0, "Pos_34_A": -0.008645989204668376, "Pos_22_C": 0.0, "Pos_5_T": 0.030707722283051114, "Pos_25_A": -0.06845250860027634, "Pos_44_C": -0.06457123658493934, "Pos_54_C": 0.0, "Pos_2_A": 0.0, "Pos_59_G": -0.004897665905992144, "Pos_32_G": 0.0, "Pos_14_T": 0.0, "Pos_15_C": 0.0, "Pos_12_C": 0.0, "Pos_7_T": 0.0, "Pos_58_A": 0.0, "Pos_34_C": 0.0, "Pos_21_T": 0.12052923953168007, "Pos_4_C": 0.055669012220551345, "Pos_43_A": -0.017251266474091524, "Pos_8_T": -0.029765583370291466, "Pos_16_T": 0.0, "Pos_15_G": 0.004613477200918381, "CtoT": -0.4674622501432204, "Pos_48_G": -0.11073412225356047, "Pos_46_C": 0.0, "Pos_37_A": -0.054961935362257845, "Pos_24_G": -0.03773486288422522, "Pos_50_T": 0.062335375881541075, "Pos_2_G": 0.0, "Pos_14_G": 0.0, "Pos_19_A": -0.029340665214222534, "Pos_11_C": 0.0, "Pos_29_G": 0.23108768370349636, "Pos_53_G": -0.08616829642921227, "Pos_27_A": 0.0, "Pos_30_C": 0.0383479893186742, "Pos_31_C": 0.049674555360037946, "Pos_9_T": 0.06283703338139265, "Pos_39_T": 0.0, "Pos_36_C": 0.0, "Pos_59_C": 0.0, "Pos_21_C": 0.0, "Pos_14_A": -0.06510779585899498, "Pos_22_G": 0.0, "Pos_0_C": -0.033785674527167166, "Pos_51_G": -0.1306006476623838, "Pos_52_T": 0.0, "Pos_5_G": 0.009996303778911425, "Pos_12_T": 0.0, "Pos_6_C": -0.01999148729125602, "GtoT": 0.0, "Pos_48_A": 0.0, "Pos_59_A": 0.00635389560982376, "Pos_38_A": 0.06014617838042176, "Pos_0_T": 0.06923871363899753, "Pos_11_A": -0.0539142344917063, "Pos_50_A": 0.00024724462471055583, "Pos_34_G": 0.0, "Pos_9_G": 0.0, "Pos_35_T": 0.0, "Pos_3_A": 0.08905585011249788, "Pos_18_C": 0.0, "Pos_0_A": 0.06757009104924949, "CtoA": -0.009123094227785252, "Pos_44_A": 0.018213736092833024, "Pos_2_C": 0.0, "Pos_16_G": 0.055880546867025205, "CtoG": -0.9735675234327708, "Pos_46_T": 0.0, "Pos_43_T": 0.0, "Pos_32_T": 0.0, "Pos_45_C": 0.00346682443414684, "Pos_19_G": -0.08412565164978708, "Pos_37_C": 0.0, "Pos_7_C": 0.08428260148259273, "Pos_47_C": -0.021552918753086514, "Pos_46_A": 0.0, "Pos_47_T": 0.0, "Pos_9_A": 0.0, "Pos_58_G": 0.04586975256262968, "Pos_46_G": 0.0975716900251315, "Pos_20_G": 0.06759567724091355, "Pos_27_T": 0.11642600684044184, "Pos_54_A": 0.0, "Pos_24_A": 0.0, "Pos_51_C": 0.07603412087022826, "Pos_28_T": 0.11961761905063899, "Pos_3_G": 0.0, "Pos_53_C": -0.04613965970916498, "Pos_26_G": 0.12272017435646927, "Pos_26_A": 0.0, "Pos_33_C": 0.0, "Pos_54_G": -0.042066968896289816, "Pos_40_T": 0.0, "Pos_17_A": 0.0, "Pos_10_C": 0.09030853935672306, "Pos_55_G": 0.0, "Pos_1_C": 0.1174019261111706, "Pos_43_G": 0.12437636771810759, "Pos_42_A": -0.08668767301682472, "Pos_56_T": 0.0, "Pos_3_C": -0.024663031129789046, "Pos_20_A": 0.0, "Pos_24_T": 0.026144507182099312, "Pos_22_A": -0.041964403211204, "Pos_34_T": 0.007705217686178361, "Pos_23_C": -0.0012056471132853982, "Pos_5_A": 0.0, "Pos_4_T": 0.008052413100542825, "Pos_12_A": 0.04968987889042176, "Pos_20_C": 0.0, "Pos_36_T": 0.0008757098843422414, "Pos_30_T": 0.10122318286094154, "Pos_45_G": 0.0, "Pos_43_C": 0.03742969622342351, "Pos_52_A": 0.0, "Pos_5_C": -0.06760134226563522, "Pos_35_A": 0.07891796560274807, "Pos_31_G": -0.06979673875287937, "Pos_14_C": 0.04583274156378784, "Pos_4_G": -0.005665623980883917, "Pos_23_T": 0.037323908801072635, "Pos_51_A": 0.0, "Pos_8_C": 0.0, "Pos_58_C": 0.0, "Pos_6_A": 0.0, "Pos_52_C": -0.019634464262867454, "Pos_57_G": 0.0, "Pos_53_T": 0.08458149760309887, "Pos_38_T": 0.0, "Pos_29_T": 0.0, "Pos_8_A": 0.0030884446278936512, "AtoT": 0.9295341013149461, "Pos_13_C": 0.0, "Pos_56_A": 0.06059819877744014, "Pos_41_T": 0.0, "Pos_33_T": 0.09254331965500243, "Pos_33_G": -0.06915892284130996, "Pos_3_T": 0.0, "Pos_44_G": 0.0, "Pos_42_T": 0.07299170839314208, "Pos_15_T": -0.020590614685218372, "Pos_44_T": 0.06835204435643229, "TtoC": 0.0, "Pos_25_T": 0.0, "Pos_49_G": 0.027808332292565033, "Pos_18_A": 0.0, "Pos_50_G": 0.0, "Pos_25_C": 0.048065837393575665, "Pos_36_A": -0.057715350480205846, "Pos_48_C": 0.008494946117937685, "Pos_1_G": -0.03456777336683815, "Pos_41_A": 0.05248570072515794, "Pos_41_C": -0.01934155445521507, "Pos_47_A": 0.14146846379458833, "Pos_39_C": 0.0, "Pos_13_T": 0.02664689406370438, "Pos_10_G": -0.007860905462526078, "Pos_37_G": 0.036872892255670316, "Pos_35_G": -0.05952708660660767, "Pos_31_A": -0.013933067080961608, "Pos_26_C": 0.0, "Pos_55_T": 0.011454047634028798, "Pos_57_A": -0.029145915453354956, "Pos_33_A": 0.0, "Pos_27_G": 0.0, "Pos_17_G": 0.0, "Pos_21_A": 0.0, "Pos_45_A": -0.11020586475701397, "Pos_41_G": 0.0, "Pos_26_T": -0.01220111648707858, "AtoG": 0.0, "Pos_7_G": 0.0, "Pos_39_G": 0.0, "Pos_18_G": 0.0, "Pos_38_G": 0.0, "Pos_49_C": 0.0, "Pos_15_A": 0.0, "Pos_9_C": -0.08271522869943586}