{"rank_test_score": {"0": 5, "3": 2, "4": 1, "2": 3, "1": 4}, "param_alpha": {"0": 0.01, "3": 2.0, "4": 3.0, "2": 1.0, "1": 0.1}, "params": {"0": {"alpha": 0.01}, "3": {"alpha": 2.0}, "4": {"alpha": 3.0}, "2": {"alpha": 1.0}, "1": {"alpha": 0.1}}, "best_a_choice": 3.0, "split0_test_score": {"0": 0.6609790732, "3": 0.6657747616, "4": 0.6661646024, "2": 0.6651745209, "1": 0.6632514838}}