{"Pos_0:Pos_4_CG": 0.030829412656565715, "Pos_1:Pos_4_TT": 0.006829776358445989, "Pos_0:Pos_2_AG": 0.02852906534938524, "Pos_2:Pos_5_TC": 0.015833666502317743, "Pos_3:Pos_4_CA": 0.0852601941540309, "Pos_2:Pos_4_GT": 0.06749184992666997, "Pos_3:Pos_5_CC": 0.0, "Pos_3:Pos_5_AC": 0.0, "Pos_2:Pos_5_AG": 0.0, "Pos_0:Pos_4_CC": -0.05453015455693806, "Pos_3:Pos_5_TG": 0.0, "Pos_2:Pos_3_GA": 0.0, "AtoT": 0.4541264533254631, "Pos_0:Pos_2_TG": 0.012003075992493778, "Pos_5_C": 0.0, "Pos_0:Pos_1_CA": -0.014472869645280472, "Pos_1:Pos_2_CA": 0.03110589967457374, "Pos_1:Pos_2_GA": -0.029806940225689835, "Pos_0:Pos_3_TA": 0.021522693227432447, "Pos_2:Pos_5_AC": -0.03641172275800531, "Pos_1:Pos_3_CA": -0.05823522507215744, "Pos_4:Pos_5_AG": 0.0, "Pos_3_G": 0.0, "Pos_0:Pos_3_AT": 0.011194772627683296, "Pos_2:Pos_5_CT": -0.02871246139875666, "Pos_2:Pos_5_TG": -0.006856765743931023, "Pos_2:Pos_5_TA": 0.0, "Pos_1:Pos_3_GT": 0.0, "Pos_0:Pos_4_AG": 0.0, "GtoT": 0.0236988897043203, "Pos_2:Pos_4_GA": 0.0, "Pos_1:Pos_5_CA": 0.002794726803293811, "Pos_1_G": -0.005613247779619049, "Pos_4:Pos_5_GT": -0.006520160275100958, "Pos_1:Pos_3_AC": 0.0, "Pos_0_A": 0.0, "TtoC": 0.0071379650598399945, "Pos_2:Pos_4_AC": 0.0, "Pos_0:Pos_4_TA": 0.05870269397135982, "Pos_3:Pos_5_TA": 0.02814988127975365, "Pos_3:Pos_4_TG": -0.03212373031593438, "Pos_0:Pos_3_GG": 0.0, "Pos_1:Pos_3_TT": 0.0, "Pos_0:Pos_1_TG": 0.0, "Pos_4:Pos_5_GA": 0.04706652409634502, "Pos_3:Pos_4_GA": -0.08568642268135418, "Pos_2:Pos_3_GG": 0.0, "Pos_2:Pos_3_CC": 0.0, "Pos_2_T": 0.0, "Pos_1:Pos_5_GA": 0.0, "Pos_3:Pos_4_TA": 0.0, "Pos_1:Pos_2_AG": 0.07210734557141944, "Pos_1:Pos_4_GC": 0.031950445391499945, "Pos_2:Pos_5_CG": 0.0, "Pos_1:Pos_5_GG": -0.01864597969468283, "Pos_4_A": 0.0, "Pos_1:Pos_4_TG": 0.027560527424279165, "Pos_1:Pos_4_CC": -0.026705301515568165, "Pos_5_T": 0.0, "Pos_3:Pos_5_GG": -0.08514361762551163, "Pos_3:Pos_4_TT": 0.033676972693687995, "Pos_0:Pos_3_GC": 0.0, "Pos_1:Pos_5_AA": 0.0, "Pos_1:Pos_2_GC": -0.021279873864620526, "Pos_4:Pos_5_TT": 0.0, "Pos_1:Pos_5_CC": 0.0, "Pos_2:Pos_3_TA": -0.0952084247691987, "Pos_2:Pos_3_CG": -0.04403519833716078, "Pos_0:Pos_4_AA": 0.0, "Pos_0:Pos_2_CT": -0.019941264439674655, "Pos_2:Pos_3_AT": -0.01956399968834584, "Pos_2:Pos_5_CA": 0.0, "Pos_0:Pos_3_CA": 0.0, "Pos_0:Pos_5_GA": 0.02000643835535612, "Pos_4:Pos_5_CG": 0.09069112070134017, "Pos_2:Pos_4_CC": -0.008447142808171125, "Pos_2:Pos_3_TT": 0.013682764922895281, "Pos_2_A": 0.0, "Pos_3:Pos_4_TC": 0.08680365899322227, "Pos_4:Pos_5_AT": -0.05170159805486284, "Pos_2:Pos_4_AA": -0.046525830760741696, "Pos_0:Pos_5_TG": 0.03047214121954931, "Pos_0:Pos_2_GG": 0.0, "Pos_1:Pos_2_GT": 0.0, "Pos_2:Pos_3_GT": 0.0, "Pos_3:Pos_5_GA": 0.0, "Pos_1:Pos_2_AC": 0.0, "Pos_2:Pos_4_AG": 0.0, "Pos_3:Pos_5_AT": -0.009537514413008541, "Pos_1:Pos_5_GT": 0.0, "Pos_0:Pos_5_CT": 0.0, "Pos_5_A": 0.0, "Pos_3:Pos_5_CG": -0.029345031459305605, "Pos_0:Pos_2_TT": -0.03823034073566258, "Pos_1:Pos_3_AA": -0.00840864932846176, "Pos_0:Pos_5_GC": -0.028106192584167196, "Pos_1:Pos_2_AA": 0.0, "Pos_3:Pos_5_GC": -0.04833718909282613, "Pos_1:Pos_2_TG": 0.03776321735037131, "Pos_0:Pos_4_CT": 0.0, "TtoA": 0.4245440809207514, "Pos_0:Pos_5_TC": 0.0, "Pos_3:Pos_5_TC": 0.0, "Pos_2:Pos_3_GC": 0.10870770607035372, "Pos_3:Pos_5_AG": 0.055998598784649446, "Pos_0:Pos_4_GG": -0.03522361910083726, "Pos_3_T": 0.0, "Pos_2:Pos_4_CT": -0.018826737037918758, "Pos_3:Pos_4_CT": 0.046679787675609395, "Pos_0:Pos_1_TA": 0.0, "Pos_1:Pos_5_TC": 0.025325014708142638, "Pos_1:Pos_4_GA": -0.0064121656863930405, "Pos_3:Pos_4_AG": 0.07630571980877196, "Pos_1:Pos_3_CT": 0.0, "Pos_3:Pos_5_CA": 0.0, "Pos_1_A": 0.0, "Pos_1:Pos_4_GT": -0.009235098634023834, "Pos_3:Pos_5_AA": -0.0037021646635522227, "Pos_2:Pos_4_TG": -0.006470573764074873, "Pos_0:Pos_2_AT": 0.06298849121929699, "Pos_2:Pos_4_CG": 0.0, "Pos_3:Pos_4_CC": 0.0, "Pos_1:Pos_5_AC": 0.0, "Pos_0:Pos_1_CG": 0.032887478525293265, "Pos_0:Pos_1_GC": 0.0, "Pos_2:Pos_5_AT": 0.03275338772879683, "Pos_1:Pos_4_GG": 0.0, "Pos_1:Pos_3_CC": 0.014425774571634766, "Pos_4:Pos_5_TC": 0.04396332801355142, "Pos_0:Pos_3_CT": 0.0, "Pos_0:Pos_4_TG": 0.007443662867412014, "Pos_0:Pos_5_CG": 0.0, "Pos_0:Pos_3_TG": -0.06722057826529881, "Pos_4:Pos_5_AA": 0.026393440596262946, "Pos_1:Pos_4_TC": 0.0, "Pos_0:Pos_3_TT": 0.028777329898303627, "Pos_2:Pos_3_TC": 0.0, "Pos_0:Pos_3_GT": -0.02728724992642942, "Pos_2:Pos_4_TA": 0.0, "Pos_4:Pos_5_CT": 0.010171259210356299, "TtoG": 0.015535053712199721, "Pos_0:Pos_3_CC": 0.0, "Pos_1:Pos_5_TG": 0.0, "Pos_0:Pos_1_AT": 0.0, "Pos_1:Pos_5_CG": -0.07164775847669039, "Pos_0:Pos_4_AC": 0.0, "Pos_0:Pos_5_GT": 0.0, "Pos_4_T": 0.0, "Pos_3:Pos_4_GC": 0.0, "Pos_0:Pos_1_CC": 0.0, "Pos_4_G": 0.0, "Pos_4:Pos_5_GC": 0.0, "Pos_0:Pos_2_CG": 0.0, "Pos_0:Pos_5_AG": 0.0, "Pos_0:Pos_3_GA": -0.033801344836583425, "Pos_2:Pos_5_TT": 0.0, "Pos_0:Pos_2_TA": 0.022076991447333785, "Pos_0:Pos_1_AG": -0.024916158270918465, "Pos_1:Pos_4_CT": 0.0, "Pos_1:Pos_4_CG": 0.03788802033906203, "Pos_0:Pos_2_TC": 0.0, "Pos_0:Pos_5_GG": -0.003423469841648496, "Pos_2_C": -0.015853563964212756, "Pos_3:Pos_4_AC": 0.0, "Pos_2:Pos_3_AG": 0.0, "Pos_1:Pos_2_TT": 0.02536918700189856, "Pos_3:Pos_5_GT": 0.027623792494005865, "Pos_0:Pos_4_TC": -0.011748834519072257, "Pos_1_T": 0.02608083832174861, "Pos_1:Pos_5_TT": 0.057008220143061825, "Pos_2:Pos_5_AA": 0.0, "Pos_5_G": 0.0, "Pos_3_A": 0.0, "Pos_3:Pos_4_CG": -0.042072576644692786, "Pos_0:Pos_4_GA": 0.0, "Pos_2:Pos_5_CC": -0.027385366636621056, "Pos_4_C": 0.0, "Pos_1:Pos_5_AG": 0.009213858810137608, "Pos_0:Pos_2_AA": 0.0, "Pos_0:Pos_3_AC": -0.02595111915732594, "GtoA": -0.4378049967544315, "Pos_0:Pos_2_GA": 0.0, "Pos_1:Pos_5_GC": 0.0, "Pos_0:Pos_5_TA": 0.0, "Pos_2:Pos_5_GA": 0.009728942829038958, "Pos_1:Pos_2_GG": 0.0, "GC_feature": -0.056161568774445725, "CtoG": -0.6137428936584416, "Pos_1:Pos_3_CG": 0.025943778756496148, "Pos_1:Pos_3_TG": 0.0, "Pos_0:Pos_5_TT": 0.0, "Pos_2:Pos_5_GG": -0.0016644194399266623, "Pos_3:Pos_4_GG": 0.0, "Pos_0:Pos_3_TC": 0.009000456188479902, "Pos_3_C": 0.0, "Pos_2:Pos_3_AA": 0.04450367122901847, "Pos_0_C": 0.0, "Pos_0_T": 0.02658750568452648, "Pos_1:Pos_4_AA": 0.0, "GtoC": -0.5803355296365633, "Pos_4:Pos_5_GG": 0.0, "Pos_4:Pos_5_CC": 0.0, "Pos_0:Pos_4_CA": 0.0, "Pos_1:Pos_5_TA": 0.0, "Pos_0:Pos_3_AG": 0.007461612995319259, "Pos_2:Pos_4_TT": 0.0, "Pos_0:Pos_3_CG": -0.11303481322995125, "Pos_1:Pos_3_GG": 0.0, "Pos_2_G": 0.1313672559732503, "Pos_2:Pos_5_GC": 0.007807720885188249, "Pos_0:Pos_5_CA": 0.07136440685556285, "Pos_1:Pos_3_GA": 0.0, "Pos_0:Pos_1_GG": -0.03763125405679128, "Pos_4:Pos_5_TA": 0.0, "Pos_0:Pos_2_GT": 0.0, "Pos_0:Pos_3_AA": -0.024683622031816548, "Pos_4:Pos_5_CA": -0.0015393341982439142, "Pos_2:Pos_4_GC": 0.0, "Pos_3:Pos_5_CT": 0.028915851135918776, "Pos_0:Pos_5_AC": 0.0007636458527178525, "Pos_1:Pos_3_TC": 0.014026895480737274, "AtoG": 0.0, "Pos_2:Pos_4_TC": 0.017464230981549558, "Pos_0:Pos_1_CT": 0.0, "Pos_4:Pos_5_AC": 0.0, "Pos_0:Pos_5_AT": 0.051838291190382114, "Pos_3:Pos_5_TT": -0.05009965459567025, "Pos_0:Pos_1_TT": 0.047627209777918865, "Pos_1:Pos_3_TA": 0.0, "Pos_1:Pos_2_CC": 0.0, "Pos_4:Pos_5_TG": -0.026129452197518947, "Pos_0:Pos_5_CC": -0.01539023105939105, "Pos_0:Pos_2_AC": 0.0, "Pos_1:Pos_4_CA": 0.03594080655462337, "Pos_1:Pos_4_AG": -0.04440629891399762, "Pos_2:Pos_3_TG": 0.0, "Pos_2:Pos_5_GT": 0.0, "Pos_0:Pos_4_GT": -0.0037136493189344867, "Pos_2:Pos_3_CT": 0.0, "Pos_2:Pos_4_GG": 0.05236702174551301, "Pos_0:Pos_2_GC": -0.03618941824504867, "CtoA": -0.0375978547046869, "Pos_0_G": 0.0, "Pos_1:Pos_2_CT": 0.0, "Pos_0:Pos_5_AA": -0.031132300290066084, "Pos_0:Pos_2_CA": 0.00946564056183463, "Pos_1:Pos_4_AC": -0.031446910155476224, "Pos_0:Pos_1_AC": 0.0, "Pos_2:Pos_3_AC": 0.019073560439319338, "Pos_1:Pos_2_TC": -0.014996119376902593, "Pos_0:Pos_1_AA": 0.05402723502198641, "Pos_0:Pos_1_GT": 0.0, "Pos_1_C": 0.0, "Pos_1:Pos_3_AG": -0.020033549579348445, "Pos_1:Pos_5_AT": -0.006316453033014967, "Pos_1:Pos_4_TA": -0.007703183519450266, "Pos_2:Pos_4_AT": 0.05917674577281499,