{"Pos_1:Pos_2_AT": -0.0005997798242434713, "Pos_1:Pos_4_AA": -0.008365903335207456, "Pos_0:Pos_5_AG": 0.0, "Pos_2_G": 0.18030933262266363, "Pos_2:Pos_3_TC": 0.0, "Pos_2:Pos_5_GT": 0.0006511678552039342, "Pos_4:Pos_5_CT": 0.0, "Pos_0:Pos_2_GC": 0.0, "Pos_1:Pos_4_AC": 0.0, "Pos_1:Pos_2_GT": 0.0, "Pos_0:Pos_1_CC": -0.018661788425725075, "Pos_0_T": 0.06588698917759073, "Pos_0:Pos_3_GC": 0.0, "Pos_2:Pos_4_CC": -0.025674018518308243, "GC_feature": -0.06890778723583152, "Pos_3:Pos_4_GA": -0.04811866572883154, "Pos_3:Pos_5_CG": 0.0, "Pos_3:Pos_4_CC": 0.0, "Pos_0:Pos_3_AC": -0.0077589372491586334, "Pos_4:Pos_5_CC": -0.023947783260783135, "Pos_1:Pos_4_TC": 0.03172274555906408, "Pos_2:Pos_5_GC": 0.0, "Pos_4:Pos_5_TG": -0.04327405001404896, "Pos_1:Pos_2_TG": 0.029007501485793997, "GtoC": -0.6298729639446916, "Pos_5_A": 0.015030537894172483, "Pos_3:Pos_4_GC": 0.0, "Pos_0:Pos_4_AA": -0.016830658903175436, "Pos_0:Pos_1_TC": 0.012563323124535663, "Pos_4_A": 0.0, "Pos_2:Pos_4_TT": 0.0, "Pos_1:Pos_5_GG": -0.02079420668933969, "Pos_0:Pos_2_AT": 0.009068937593884142, "Pos_1:Pos_4_CA": 0.0, "Pos_0:Pos_3_GA": -0.020899680071445565, "Pos_4:Pos_5_AG": -0.020997601812621836, "Pos_2:Pos_3_GG": 0.0016740416059329128, "Pos_0:Pos_2_CT": -0.011749498736563932, "Pos_0:Pos_1_GC": 0.0, "Pos_0:Pos_2_TG": 0.0, "Pos_3:Pos_5_GC": -0.04626699409923506, "Pos_2:Pos_3_AC": 0.0, "Pos_0:Pos_1_TT": 0.03847344462584137, "Pos_4:Pos_5_AC": 0.0, "Pos_2:Pos_5_TA": -0.018431135936531125, "Pos_2:Pos_5_GA": 0.0019723030884131803, "Pos_4:Pos_5_GA": 0.0329870116291491, "Pos_0:Pos_1_TG": 0.0, "Pos_1_C": 0.0, "Pos_2:Pos_3_CT": 0.0, "Pos_3:Pos_5_AG": 0.0, "Pos_1:Pos_2_TA": 0.0013127386008233773, "Pos_1:Pos_5_GC": 0.0, "Pos_0:Pos_5_TC": 0.0, "Pos_0:Pos_2_CA": 0.0, "Pos_3:Pos_4_AC": -0.008235164991381943, "Pos_2:Pos_3_TT": 0.036990438764679986, "Pos_1:Pos_4_TG": 0.0, "Pos_1:Pos_5_AC": 0.0, "Pos_2:Pos_4_TC": 0.008124184566906573, "TtoG": 0.0, "Pos_3:Pos_4_CG": -0.02538634726882414, "Pos_3:Pos_4_TA": 0.0, "Pos_0_A": 0.0, "Pos_2:Pos_5_AG": 0.0, "Pos_0:Pos_1_GA": 0.0, "Pos_0:Pos_5_GT": -0.005252798122789939, "Pos_1:Pos_3_CT": 0.0, "Pos_0:Pos_2_TC": 0.003462428550640111, "Pos_5_G": 0.0, "Pos_2:Pos_4_CT": -0.023129988629779167, "Pos_3_A": 0.0, "Pos_0:Pos_3_TA": 0.0, "Pos_1:Pos_3_GA": -0.01595660220021857, "Pos_1:Pos_3_TC": 0.0, "Pos_1_A": 0.0, "Pos_2:Pos_4_CA": 0.004502381768669053, "Pos_1:Pos_5_AG": 0.011056625533412438, "Pos_1:Pos_2_AA": 0.0, "Pos_0:Pos_2_GG": -0.012820609027542396, "Pos_5_C": 0.0, "Pos_1:Pos_2_CA": 0.025880438501288672, "Pos_2:Pos_4_TA": 0.0, "Pos_1:Pos_5_AT": -0.014273841985830203, "Pos_0:Pos_3_GG": 0.0, "Pos_0:Pos_1_TA": -0.02625093047514532, "Pos_0:Pos_3_TC": 0.02085770670922424, "Pos_2_T": 0.0, "Pos_1:Pos_2_GA": -0.0333955545790643, "Pos_1:Pos_3_TT": 0.0044249442835618625, "Pos_4:Pos_5_CA": 0.0, "Pos_4:Pos_5_TC": 0.026691050174526765, "Pos_0:Pos_4_AT": 0.0, "Pos_4:Pos_5_GG": 0.0, "CtoG": -0.683495631821619, "Pos_3:Pos_5_TC": 0.0, "TtoA": 0.4503508083037478, "Pos_0:Pos_1_GG": -0.03853237565263997, "Pos_3:Pos_4_TG": 0.0, "Pos_1:Pos_5_CC": 0.0, "Pos_2:Pos_3_AG": 0.0, "Pos_2:Pos_4_AC": 0.0, "Pos_3:Pos_4_TT": 0.04580585630588397, "Pos_0:Pos_2_GT": 0.0, "Pos_1:Pos_2_TT": 0.025239938189497303, "Pos_0:Pos_3_AA": -0.018470362099014526, "Pos_1:Pos_4_AG": 0.0, "Pos_1:Pos_4_CT": 0.0, "Pos_1:Pos_4_GT": -0.05875714164517928, "Pos_1:Pos_4_GC": 0.0, "Pos_3_T": 0.02228404956695419, "Pos_1:Pos_4_CG": 0.016746348570725135, "Pos_1:Pos_2_GG": 0.0, "Pos_3:Pos_5_TA": 0.04452988846315285, "Pos_0:Pos_4_GC": 0.0313227192086755, "AtoC": -0.1037286159976438, "Pos_0:Pos_1_CT": 0.020946269987799408, "GtoA": -0.45639756409679166, "Pos_0:Pos_4_CT": 0.0, "Pos_0:Pos_1_AG": -0.007164345468976609, "Pos_1:Pos_2_CC": 0.0, "Pos_1:Pos_5_GT": -0.005188336561620263, "Pos_3:Pos_4_CA": 0.10219838978558231, "Pos_1:Pos_3_AG": -0.017395809916897143, "Pos_1:Pos_4_TT": 0.015681804058531614, "Pos_0:Pos_4_AC": 0.01567677251280984, "Pos_2:Pos_5_CG": 0.0, "Pos_3:Pos_5_GG": -0.044898261706343846, "Pos_1:Pos_3_TA": 0.032242608931164554, "Pos_2:Pos_4_AA": -0.0204410873699409, "Pos_3:Pos_4_AG": 0.0954838457394494, "Pos_1:Pos_3_AC": 0.0, "Pos_3:Pos_5_CT": 0.029334472729775907, "Pos_0:Pos_1_CA": -0.01239071711817597, "Pos_1:Pos_5_GA": 0.0, "Pos_2:Pos_3_TG": -0.0037645255802911115, "Pos_2:Pos_4_AT": 0.07020790649887315, "Pos_0:Pos_4_GG": -0.03323093400512938, "Pos_0:Pos_1_AA": 0.020552442248200183, "Pos_1:Pos_5_CT": 0.011784714365920223, "Pos_0:Pos_3_AT": 0.015505126657192026, "Pos_1:Pos_3_AT": 0.06271100841452788, "Pos_3_G": 0.0, "Pos_0:Pos_5_AA": -0.06271406504886042, "Pos_2:Pos_5_TT": -0.003030952421081038, "Pos_0:Pos_1_CG": 0.02191668888565369, "Pos_0:Pos_5_CT": 0.0, "Pos_0_G": 0.0, "Pos_2_C": 0.0, "Pos_4:Pos_5_CG": 0.05958151266363351, "Pos_1:Pos_2_AC": -0.06017684270671968, "Pos_1:Pos_5_TA": 0.03188147774799267, "Pos_3:Pos_5_AT": -0.008726601677739702, "Pos_1_G": 0.0, "AtoG": 0.0013240196239475673, "Pos_0:Pos_5_GA": 0.006120575424520073, "Pos_3:Pos_4_GG": 0.0, "Pos_3:Pos_4_AT": -0.02671858044424683, "Pos_0:Pos_2_CC": -0.012878888976683536, "Pos_2:Pos_3_TA": -0.06078988941035976, "Pos_0:Pos_1_GT": -0.004465903504963509, "Pos_2:Pos_5_TG": 0.0, "Pos_3_C": 0.0, "Pos_0:Pos_5_CA": 0.00835985239694577, "Pos_2:Pos_3_CC": 0.0, "Pos_1:Pos_4_TA": 0.0, "Pos_1:Pos_3_GG": -0.02529066769143754, "Pos_2_A": 0.0, "Pos_1:Pos_4_GA": -0.02742787076416929, "Pos_1:Pos_5_TC": 0.0, "Pos_1:Pos_3_GC": 0.0, "Pos_1:Pos_5_TG": 0.0, "Pos_4:Pos_5_TT": 0.03231402026527285, "Pos_3:Pos_5_AA": 0.0, "Pos_3:Pos_5_GT": 0.0, "Pos_4:Pos_5_AT": -0.006466015342103071, "Pos_3:Pos_5_CC": 0.0, "Pos_2:Pos_5_CC": -0.052684315069297064, "Pos_2:Pos_4_GA": 0.0, "Pos_1:Pos_4_CC": -0.03568940111650407, "Pos_4:Pos_5_AA": 0.006733532621306669, "AtoT": 0.3822975452419863, "Pos_1:Pos_4_GG": 0.0, "Pos_4_G": 0.0, "CtoT": -0.46721699500184777, "Pos_1:Pos_2_CT": -0.00524332053066019, "Pos_1:Pos_2_TC": -0.02961501886615028, "Pos_1:Pos_2_CG": -0.10735342293135162, "Pos_0:Pos_4_TT": 0.007635940055172682, "Pos_4_T": 0.0, "Pos_2:Pos_4_GT": 0.054923103774635544, "Pos_1:Pos_3_AA": 0.0, "Pos_4:Pos_5_TA": 0.0, "Pos_0:Pos_3_AG": 0.000961354667276057, "Pos_2:Pos_5_TC": 0.0012833007468226972, "Pos_0:Pos_5_AT": 0.0, "Pos_0:Pos_2_TA": 0.0, "Pos_4:Pos_5_GT": -0.0034448741813123784, "Pos_0:Pos_5_TG": 0.0486446294721088, "Pos_0:Pos_4_TC": -0.03474601698921788, "Pos_0:Pos_2_GA": 0.0, "Pos_2:Pos_5_CT": -0.01921602835587838, "Pos_1:Pos_2_GC": 0.0, "Pos_4:Pos_5_GC": -0.007282559854936671, "Pos_2:Pos_4_CG": 0.0, "Pos_2:Pos_3_GA": -0.0067818441430501164, "CtoA": -0.021525435508227726, "Pos_4_C": 0.0, "Pos_2:Pos_3_CA": -0.012428294101676507, "Pos_1:Pos_4_AT": 0.02347356070570768, "Pos_0:Pos_4_CA": 0.0, "Pos_0:Pos_1_AT": 0.0, "Pos_1:Pos_5_CG": -0.10499427913724436, "Pos_0:Pos_5_TT": 0.0, "Pos_0:Pos_3_CG": -0.13846172710033053, "GtoT": 0.020010227663790528, "Pos_0:Pos_3_TT": 0.01826403657582098, "Pos_3:Pos_5_TG": 0.011236751270415235, "Pos_1:Pos_5_TT": 0.014499653161713762, "Pos_2:Pos_4_TG": -0.023377965549093688, "Pos_2:Pos_3_AT": -0.05991664456534288, "Pos_0:Pos_4_CG": 0.0110216210234328, "Pos_1:Pos_3_CG": 0.07139308595068344, "Pos_0:Pos_5_CC": -0.034964656219406434, "Pos_3:Pos_4_AA": 0.0, "Pos_0:Pos_3_CA": 0.0, "Pos_3:Pos_4_TC": 0.024431642660954347, "Pos_0:Pos_1_AC": 0.0, "Pos_2:Pos_3_GC": 0.0687644598266287, "Pos_0:Pos_4_GA": 0.0, "Pos_0:Pos_5_GC": 0.0, "Pos_0:Pos_5_AC": 0.01858437576954792, "Pos_0:Pos_4_AG": 0.0, "Pos_1_T": 0.0, "Pos_0:Pos_2_TT": -0.04021482464016685, "Pos_3:Pos_5_TT": -0.04893821575161578, "Pos_0:Pos_2_AC": -0.008192740002027512, "Pos_1:Pos_3_TG": 0.0, "Pos_3:Pos_5_AC": 0.0, "Pos_0:Pos_3_TG": -0.03959244041244139, "Pos_2:Pos_3_AA": 0.05065118079481045, "Pos_0:Pos_5_TA": 0.0, "Pos_2:Pos_5_AT": 0.0, "Pos_0:Pos_5_CG": -0.05074438483911099, "Pos_1:Pos_3_GT": 0.0, "Pos_1:Pos_3_CA": -0.043681914184165595, "Pos_1:Pos_2_AG": 0.024845488348593778, "Pos_0:Pos_3_CC": 0.0, "Pos_0:Pos_2_AG": 0.02880935028627418, "Pos_0:Pos_4_GT": -0.010341666673871238, "Pos_3:Pos_5_CA": 0.0, "TtoC": 0.00752091479015382,