{"param_alpha": {"2": 1.0, "0": 0.01, "1": 0.1, "3": 2.0, "4": 3.0}, "rank_test_score": {"2": 3, "0": 1, "1": 1, "3": 4, "4": 5}, "params": {"2": {"alpha": 1.0}, "0": {"alpha": 0.01}, "1": {"alpha": 0.1}, "3": {"alpha": 2.0}, "4": {"alpha": 3.0}}, "best_a_choice": 0.01, "split0_test_score": {"2": 0.7602992395, "0": 0.7604471417, "1": 0.7604471417, "3": 0.7593288104, "4": 0.7584471226}}