{"split0_test_score": {"0": 0.7201251674, "3": 0.7146779805, "4": 0.7138568677, "2": 0.7159190455, "1": 0.7187859233}, "best_a_choice": 0.01, "rank_test_score": {"0": 1, "3": 4, "4": 5, "2": 3, "1": 2}, "params": {"0": {"alpha": 0.01}, "3": {"alpha": 2.0}, "4": {"alpha": 3.0}, "2": {"alpha": 1.0}, "1": {"alpha": 0.1}}, "param_alpha": {"0": 0.01, "3": 2.0, "4": 3.0, "2": 1.0, "1": 0.1}}