{"Pos_0:Pos_1_TA": 0.0, "Pos_1_A": 0.010317797512157568, "TtoG": 0.27609342461764314, "Pos_0:Pos_3_CG": 0.03944307060003095, "Pos_1:Pos_2_GG": 0.0, "Pos_1:Pos_3_GG": 0.0, "Pos_1:Pos_3_GA": 0.0, "Pos_0:Pos_2_TG": -0.05667781780911838, "Pos_1:Pos_2_GC": 0.06637474557153071, "Pos_2:Pos_3_CG": -0.15243762484536652, "Pos_0:Pos_1_AA": 0.0, "Pos_0:Pos_3_CC": 0.0, "TtoC": 0.26382802068058475, "Pos_0:Pos_3_CT": 0.0, "Pos_1:Pos_2_AG": 0.0, "Pos_3_A": 0.0, "Pos_0:Pos_2_CC": 0.019026542119797093, "Pos_1:Pos_3_AA": 0.0, "Pos_0:Pos_1_CA": 0.06456347513419121, "Pos_0:Pos_3_AT": 0.08514844798398982, "Pos_1:Pos_3_AC": 0.0, "GtoC": -1.6807050822077216, "Pos_2:Pos_3_GT": -0.02669888689598335, "Pos_2:Pos_3_AT": -0.020104828336537612, "Pos_1:Pos_3_CC": -0.016093058747251525, "Pos_2:Pos_3_GG": 0.0003063276239953373, "Pos_1:Pos_3_AG": 0.03035767817798939, "Pos_3_T": 0.0, "CtoA": 0.14671764932737164, "Pos_1:Pos_2_TG": 0.0, "Pos_1:Pos_2_GA": 0.0, "Pos_0:Pos_2_TA": 0.039969338769574585, "Pos_0:Pos_3_TG": 0.0, "Pos_0:Pos_3_GA": 0.0, "Pos_0:Pos_2_CT": 0.0, "Pos_1_T": 0.0, "Pos_0:Pos_1_CT": 0.0, "Pos_1:Pos_2_AA": 0.11885014991842616, "Pos_2:Pos_3_TC": 0.06687179909669198, "Pos_0:Pos_1_TT": 0.06888544296411989, "Pos_1:Pos_3_TC": 0.0168284542397129, "Pos_0_A": 0.0, "Pos_1:Pos_2_TT": 0.0008568592575848278, "Pos_0:Pos_1_CG": -0.3208656820484622, "Pos_0:Pos_3_AC": 0.08923174499782728, "Pos_1:Pos_3_GC": 0.06321287605591479, "Pos_0:Pos_2_TT": 0.07462652717817565, "Pos_0:Pos_1_AG": 0.0, "GtoA": -0.33916372696033414, "Pos_2_A": 0.0, "Pos_2:Pos_3_AC": 0.0, "Pos_0_T": 0.16409250425136804, "Pos_0:Pos_3_CA": 0.0, "Pos_0:Pos_3_AG": -0.0028295406056036317, "Pos_1:Pos_3_AT": 0.045422007681437865, "Pos_1:Pos_2_TC": 0.0, "Pos_0:Pos_1_GA": 0.0, "Pos_0:Pos_2_TC": 0.0, "Pos_0:Pos_3_GT": -0.025385773329265837, "Pos_0:Pos_2_AT": 0.1328966288859101, "Pos_1_G": 0.2726752519308007, "Pos_0:Pos_2_AG": -1.2614918271479809e-05, "Pos_3_G": 0.0, "Pos_0:Pos_2_CG": 0.06644204488273842, "Pos_2:Pos_3_AA": 0.016609073852010433, "Pos_0:Pos_2_GC": 0.0, "Pos_0:Pos_3_GG": 0.04743233654682605, "GtoT": 0.29270074406628105, "AtoC": 0.0, "Pos_0:Pos_2_AC": 0.0, "Pos_2:Pos_3_TA": 0.0, "Pos_1:Pos_3_CG": 0.0, "Pos_2_C": 0.17813672462834512, "Pos_2:Pos_3_TT": 0.14866752467140695, "AtoT": 1.0041341773411518, "AtoG": 0.27883544029555707, "Pos_2_T": 0.11574987522378888, "Pos_1:Pos_3_TT": 0.0, "Pos_1:Pos_2_CT": 0.08114277619984012, "Pos_0:Pos_1_GT": 0.0, "Pos_2:Pos_3_CT": 0.1260384134840652, "Pos_0:Pos_1_AC": -0.08298869016650094, "Pos_1:Pos_3_TG": 0.0, "Pos_1:Pos_3_CT": -0.15528329472402785, "Pos_0:Pos_1_GG": 0.0, "Pos_2:Pos_3_AG": 0.24701733536798767, "CtoT": -0.3471556949161563, "Pos_0_C": 0.0, "Pos_1_C": -0.06700715497525551, "Pos_2:Pos_3_GC": 0.0, "Pos_1:Pos_3_GT": 0.06749760998145095, "Pos_2:Pos_3_CC": 0.0, "Pos_0:Pos_1_TC": -0.04302014026821018, "Pos_0:Pos_1_CC": 0.01283511700601253, "Pos_1:Pos_2_CG": -0.05268771750926262, "Pos_1:Pos_3_CA": 0.005767580061300265, "Pos_3_C": 4.1668744091094324e-05, "Pos_0:Pos_1_TG": 0.01772781651281317, "Pos_0:Pos_3_TC": 0.029561917861072814, "Pos_0:Pos_2_AA": 0.02179090850812368, "Pos_0_G": -0.026656740106150205, "Pos_2:Pos_3_TG": 0.0, "Pos_0:Pos_1_AT": 0.0, "Pos_0:Pos_1_GC": 0.0, "Pos_2_G": -0.03636509003661327, "Pos_0:Pos_3_TT": 0.0, "Pos_0:Pos_2_GT": 0.0, "Pos_2:Pos_3_CA": 0.08883808437637168, "Pos_2:Pos_3_GA": -0.09378434677151931, "Pos_1:Pos_2_AC": 0.000528730246603053, "CtoG": -1.7250833225213071, "TtoA": 1.1255186771983168, "Pos_1:Pos_2_TA": -0.11113528002998527, "Pos_0:Pos_2_GG": 0.0, "Pos_0:Pos_2_CA": -0.0008631785099056576, "Pos_1:Pos_2_CA": 0.0, "Pos_1:Pos_2_CC": 0.0, "Pos_0:Pos_3_TA": 0.0, "Pos_1:Pos_2_GT": 0.0, "Pos_0:Pos_3_GC": 0.0, "Pos_0:Pos_2_GA": 0.0, "Pos_1:Pos_3_TA": 0.03275032498880465, "Pos_1:Pos_2_AT": -0.07583855186484026, "Pos_0:Pos_3_AA": 0.0}