{"pos1": {"prob": 0.8160821235172022, "stats": "{\"group\":{\"0\":\"1\",\"1\":\"1\",\"2\":\"1\",\"3\":\"1\",\"4\":\"1\",\"5\":\"1\",\"6\":\"1\",\"7\":\"1\",\"8\":\"2\",\"9\":\"2\",\"10\":\"2\",\"11\":\"2\",\"12\":\"2\",\"13\":\"2\",\"14\":\"2\",\"15\":\"2\"},\"mut\":{\"0\":\"M\",\"1\":\"M\",\"2\":\"M\",\"3\":\"M\",\"4\":\"R\",\"5\":\"R\",\"6\":\"R\",\"7\":\"R\",\"8\":\"M\",\"9\":\"M\",\"10\":\"M\",\"11\":\"M\",\"12\":\"R\",\"13\":\"R\",\"14\":\"R\",\"15\":\"R\"},\"base\":{\"0\":\"A\",\"1\":\"C\",\"2\":\"G\",\"3\":\"T\",\"4\":\"A\",\"5\":\"C\",\"6\":\"G\",\"7\":\"T\",\"8\":\"A\",\"9\":\"C\",\"10\":\"G\",\"11\":\"T\",\"12\":\"A\",\"13\":\"C\",\"14\":\"G\",\"15\":\"T\"},\"count\":{\"0\":2085,\"1\":7263,\"2\":4362,\"3\":5285,\"4\":5757,\"5\":1893,\"6\":5532,\"7\":5813,\"8\":6,\"9\":24,\"10\":12,\"11\":25,\"12\":22,\"13\":5,\"14\":12,\"15\":28},\"fitted\":{\"0\":2083.4238574692,\"1\":7263.8750805043,\"2\":4363.2679738425,\"3\":5284.433088184,\"4\":5758.5761425308,\"5\":1892.1249194957,\"6\":5530.7320261575,\"7\":5813.566911816,\"8\":7.5761425308,\"9\":23.1249194957,\"10\":10.7320261575,\"11\":25.566911816,\"12\":20.4238574692,\"13\":5.8750805043,\"14\":13.2679738425,\"15\":27.433088184},\"ret\":{\"0\":0.0000413582,\"1\":-0.0000229522,\"2\":-0.0000332544,\"3\":0.000014871,\"4\":-0.0000413369,\"5\":0.0000229588,\"6\":0.000033263,\"7\":-0.0000148695,\"8\":-0.0000367083,\"9\":0.0000233825,\"10\":0.0000351509,\"11\":-0.0000147041,\"12\":0.0000428982,\"13\":-0.0000211523,\"14\":-0.0000316168,\"15\":0.0000150228}}", "rel_entropy": 1.2311025811536473e-05, "df": 3, "formula": "count ~ group * mut * base - group : mut : base", "deviance": 0.938691096078033}, "pos3": {"prob": 0.34414164722667356, "stats": "{\"group\":{\"0\":\"1\",\"1\":\"1\",\"2\":\"1\",\"3\":\"1\",\"4\":\"1\",\"5\":\"1\",\"6\":\"1\",\"7\":\"1\",\"8\":\"2\",\"9\":\"2\",\"10\":\"2\",\"11\":\"2\",\"12\":\"2\",\"13\":\"2\",\"14\":\"2\",\"15\":\"2\"},\"mut\":{\"0\":\"M\",\"1\":\"M\",\"2\":\"M\",\"3\":\"M\",\"4\":\"R\",\"5\":\"R\",\"6\":\"R\",\"7\":\"R\",\"8\":\"M\",\"9\":\"M\",\"10\":\"M\",\"11\":\"M\",\"12\":\"R\",\"13\":\"R\",\"14\":\"R\",\"15\":\"R\"},\"base\":{\"0\":\"A\",\"1\":\"C\",\"2\":\"G\",\"3\":\"T\",\"4\":\"A\",\"5\":\"C\",\"6\":\"G\",\"7\":\"T\",\"8\":\"A\",\"9\":\"C\",\"10\":\"G\",\"11\":\"T\",\"12\":\"A\",\"13\":\"C\",\"14\":\"G\",\"15\":\"T\"},\"count\":{\"0\":4444,\"1\":4731,\"2\":5682,\"3\":4138,\"4\":4878,\"5\":4732,\"6\":5073,\"7\":4312,\"8\":18,\"9\":10,\"10\":19,\"11\":20,\"12\":22,\"13\":16,\"14\":16,\"15\":13},\"fitted\":{\"0\":4442.8529433953,\"1\":4727.9556092084,\"2\":5682.4350352762,\"3\":4141.7564121201,\"4\":4879.1470566047,\"5\":4735.0443907916,\"6\":5072.5649647238,\"7\":4308.2435878799,\"8\":19.1470566047,\"9\":13.0443907916,\"10\":18.5649647238,\"11\":16.2435878799,\"12\":20.8529433953,\"13\":12.9556092084,\"14\":16.4350352762,\"15\":16.7564121201},\"ret\":{\"0\":0.0000300914,\"1\":0.0000798807,\"2\":-0.0000114106,\"3\":-0.0000984867,\"4\":-0.000030084,\"5\":-0.0000798293,\"6\":0.0000114115,\"7\":0.0000985744,\"8\":-0.0000291677,\"9\":-0.0000697128,\"10\":0.0000115437,\"11\":0.0001091355,\"12\":0.0000309003,\"13\":0.0000885783,\"14\":-0.0000112587,\"15\":-0.0000865547}}", "rel_entropy": 4.361117969859674e-05, "df": 3, "formula": "count ~ group * mut * base - group : mut : base", "deviance": 3.3252652296586045}, "pos0": {"prob": 0.8984370298504797, "stats": "{\"group\":{\"0\":\"1\",\"1\":\"1\",\"2\":\"1\",\"3\":\"1\",\"4\":\"1\",\"5\":\"1\",\"6\":\"1\",\"7\":\"1\",\"8\":\"2\",\"9\":\"2\",\"10\":\"2\",\"11\":\"2\",\"12\":\"2\",\"13\":\"2\",\"14\":\"2\",\"15\":\"2\"},\"mut\":{\"0\":\"M\",\"1\":\"M\",\"2\":\"M\",\"3\":\"M\",\"4\":\"R\",\"5\":\"R\",\"6\":\"R\",\"7\":\"R\",\"8\":\"M\",\"9\":\"M\",\"10\":\"M\",\"11\":\"M\",\"12\":\"R\",\"13\":\"R\",\"14\":\"R\",\"15\":\"R\"},\"base\":{\"0\":\"A\",\"1\":\"C\",\"2\":\"G\",\"3\":\"T\",\"4\":\"A\",\"5\":\"C\",\"6\":\"G\",\"7\":\"T\",\"8\":\"A\",\"9\":\"C\",\"10\":\"G\",\"11\":\"T\",\"12\":\"A\",\"13\":\"C\",\"14\":\"G\",\"15\":\"T\"},\"count\":{\"0\":5177,\"1\":4414,\"2\":4244,\"3\":5160,\"4\":4774,\"5\":5324,\"6\":4429,\"7\":4468,\"8\":15,\"9\":19,\"10\":11,\"11\":22,\"12\":13,\"13\":21,\"14\":15,\"15\":18},\"fitted\":{\"0\":5177.4024740683,\"1\":4414.8238462501,\"2\":4242.2551781147,\"3\":5160.5185015669,\"4\":4773.5975259317,\"5\":5323.1761537499,\"6\":4430.7448218853,\"7\":4467.4814984331,\"8\":14.5975259317,\"9\":18.1761537499,\"10\":12.7448218853,\"11\":21.4814984331,\"12\":13.4024740683,\"13\":21.8238462501,\"14\":13.2551781147,\"15\":18.5185015669},\"ret\":{\"0\":-0.0000105566,\"1\":-0.0000216076,\"2\":0.0000457764,\"3\":-0.0000135997,\"4\":0.0000105574,\"5\":0.0000216113,\"6\":-0.000045758,\"7\":0.0000136012,\"8\":0.0000107012,\"9\":0.0000220921,\"10\":-0.0000424805,\"11\":0.0000137632,\"12\":-0.0000103969,\"13\":-0.0000211965,\"14\":0.0000486551,\"15\":-0.0000134082}}", "rel_entropy": 7.754043309091011e-06, "df": 3, "formula": "count ~ group * mut * base - group : mut : base", "deviance": 0.5912302942315714}, "pos2": {"prob": 0.18519887970034854, "stats": "{\"group\":{\"0\":\"1\",\"1\":\"1\",\"2\":\"1\",\"3\":\"1\",\"4\":\"1\",\"5\":\"1\",\"6\":\"1\",\"7\":\"1\",\"8\":\"2\",\"9\":\"2\",\"10\":\"2\",\"11\":\"2\",\"12\":\"2\",\"13\":\"2\",\"14\":\"2\",\"15\":\"2\"},\"mut\":{\"0\":\"M\",\"1\":\"M\",\"2\":\"M\",\"3\":\"M\",\"4\":\"R\",\"5\":\"R\",\"6\":\"R\",\"7\":\"R\",\"8\":\"M\",\"9\":\"M\",\"10\":\"M\",\"11\":\"M\",\"12\":\"R\",\"13\":\"R\",\"14\":\"R\",\"15\":\"R\"},\"base\":{\"0\":\"A\",\"1\":\"C\",\"2\":\"G\",\"3\":\"T\",\"4\":\"A\",\"5\":\"C\",\"6\":\"G\",\"7\":\"T\",\"8\":\"A\",\"9\":\"C\",\"10\":\"G\",\"11\":\"T\",\"12\":\"A\",\"13\":\"C\",\"14\":\"G\",\"15\":\"T\"},\"count\":{\"0\":3171,\"1\":3506,\"2\":3184,\"3\":9134,\"4\":5100,\"5\":4799,\"6\":4857,\"7\":4239,\"8\":17,\"9\":10,\"10\":5,\"11\":35,\"12\":18,\"13\":12,\"14\":17,\"15\":20},\"fitted\":{\"0\":3175.0935715514,\"1\":3507.0539161487,\"2\":3180.6345331558,\"3\":9132.2179791442,\"4\":5095.9064284486,\"5\":4797.9460838513,\"6\":4860.3654668442,\"7\":4240.7820208558,\"8\":12.9064284486,\"9\":8.9460838513,\"10\":8.3654668442,\"11\":36.7820208558,\"12\":22.0935715514,\"13\":13.0539161487,\"14\":13.6345331558,\"15\":18.2179791442},\"ret\":{\"0\":-0.0001073059,\"1\":-0.0000276403,\"2\":0.0000883235,\"3\":0.0000467473,\"4\":0.0001074183,\"5\":0.0000276475,\"6\":-0.0000882463,\"7\":-0.0000467329,\"8\":0.0001228437,\"9\":0.0000292124,\"10\":-0.0000675,\"11\":-0.0000455917,\"12\":-0.0000967493,\"13\":-0.0000264972,\"14\":0.0000983719,\"15\":0.0000489578}}", "rel_entropy": 6.325870136597053e-05, "df": 3, "formula": "count ~ group * mut * base - group : mut : base", "deviance": 4.823349461752521}}