{"CtoT": -0.5019116904682157, "TtoC": 0.1355106373568352, "AtoC": -0.17137318850366515, "GtoC": -0.9935590221266356, "GC_feature": -0.13901479301275058, "CtoG": -1.2888136919055606, "AtoT": 0.3333596324766199, "TtoA": 0.3671682360642992, "TtoG": 0.0394861390753259, "GtoT": -0.05715438451763927, "GtoA": -0.5989143370795268, "CtoA": -0.002482684858977752, "AtoG": 0.010355228770173591}