{"Pos_0:Pos_1_GT": 0.0, "Pos_0:Pos_1_TA": 0.0, "TtoA": 0.28662156671835315, "Pos_0_A": 0.0, "Pos_1_G": -0.07470223227053227, "TtoG": 0.0, "Pos_0:Pos_1_CG": -0.11804147011756017, "GtoC": -0.3610445252316742, "Pos_1_C": 0.06292089736253455, "Pos_1_T": 0.0, "CtoA": -0.005675494882728854, "Pos_0:Pos_1_CT": 0.0, "Pos_0:Pos_1_CA": -0.05564084359452101, "Pos_0:Pos_1_GG": 0.0, "GtoA": -0.3418350755209925, "Pos_0_G": 0.21625526712950022, "Pos_0:Pos_1_AC": 0.08969857450500368, "CtoT": -0.43574943838306146, "Pos_0:Pos_1_TG": -0.002310401447250998, "Pos_0:Pos_1_GC": 0.0, "Pos_0:Pos_1_AA": 0.0, "Pos_0:Pos_1_CC": 0.0, "Pos_0:Pos_1_GA": 0.0, "Pos_0_C": -0.06785713111089572, "AtoG": 0.0, "TtoC": 0.0, "Pos_0:Pos_1_TC": 0.0, "Pos_0:Pos_1_AG": 0.0, "Pos_0_T": 0.0, "AtoT": 0.38447469285973007, "Pos_1_A": -0.03149423733673412, "CtoG": -0.34847921109599755, "Pos_0:Pos_1_AT": 0.0, "GC_feature": -0.015100703838197279, "GtoT": 0.0401868949959429, "Pos_0:Pos_1_TT": 0.0, "AtoC": 0.0}