{"Pos_48_G": 0.0, "Pos_17_C": 0.0, "Pos_21_A": 0.03195797727931948, "Pos_14_A": -0.052416620892299884, "Pos_9_G": 0.0, "Pos_49_C": 0.0, "Pos_18_C": -0.008448236126106104, "Pos_38_A": 0.06356934126522436, "Pos_37_T": -0.0296046747986158, "Pos_10_C": 0.008876730791609073, "Pos_40_C": 0.009977150520242312, "Pos_42_T": 0.12483690624219915, "Pos_14_T": 0.0, "Pos_19_A": 0.0, "Pos_22_C": 0.19148724803978723, "Pos_38_C": -0.025371311831484705, "Pos_19_T": 0.09584876192556376, "Pos_27_A": 0.045069816836756635, "Pos_47_G": -0.04762484740156644, "Pos_20_T": 0.024632382081088398, "GtoA": -0.5143438918207598, "Pos_33_G": -0.17183587379672102, "AtoC": -0.17761957028638586, "Pos_35_C": -0.01967173137256353, "Pos_21_T": 0.09968272840145534, "Pos_2_G": 0.014629780049790592, "Pos_37_A": 0.0, "Pos_38_G": 0.0, "Pos_52_C": 0.0, "Pos_52_A": 0.0, "Pos_37_C": 0.0, "Pos_59_G": 0.0, "Pos_22_T": 0.2209741496907557, "Pos_58_C": 0.04820383473605102, "Pos_11_G": 0.041700670535498155, "Pos_6_T": 0.0, "Pos_44_G": -0.035977532279505925, "Pos_25_G": 0.0, "Pos_0_A": 0.0, "Pos_45_G": 0.0, "Pos_51_G": 0.0, "Pos_13_G": -0.002063201116110366, "Pos_52_G": 0.12233996643754155, "Pos_24_G": -0.03996937066470098, "Pos_43_A": 0.0, "Pos_15_A": 0.12357712127644754, "Pos_6_A": 0.02584198722378372, "Pos_58_G": 0.11140417480464691, "TtoG": 0.0, "Pos_50_C": -0.0471209097309291, "CtoT": -0.5552764668285002, "Pos_28_G": -0.0012152559973106314, "Pos_57_C": 0.0, "Pos_41_T": 0.07473807286033933, "Pos_12_T": 0.05988128483178267, "Pos_26_A": 0.0246523978208455, "Pos_32_T": 0.0687864866980273, "Pos_53_C": 0.0, "Pos_9_C": -0.025154644925435402, "Pos_36_C": 0.04294483482529006, "Pos_15_C": -0.0804222633803193, "Pos_10_G": 0.0, "Pos_19_G": -0.040322410473550466, "Pos_42_G": -0.07758331146729625, "Pos_25_C": 0.007927362176133849, "Pos_57_G": -0.07924199124964876, "Pos_5_C": 0.0, "Pos_1_T": 0.05949745179896296, "Pos_42_C": 0.11328434397675753, "Pos_2_T": 0.005653960127291794, "Pos_25_T": 0.10969492657945981, "Pos_28_A": 0.0, "Pos_30_G": -0.18914072353831654, "Pos_0_G": 0.0, "Pos_14_C": 0.03430517278124704, "Pos_23_A": 0.0, "Pos_14_G": 0.0, "Pos_3_T": 0.007331289766497557, "Pos_39_T": 0.0, "Pos_7_A": 0.0, "Pos_38_T": 0.1434814198089194, "Pos_17_T": 0.0, "Pos_59_A": 0.022560899206447313, "Pos_33_C": 0.0, "Pos_4_A": -0.06083256715529271, "Pos_47_A": 0.0, "Pos_30_A": 0.0, "Pos_51_T": 0.0, "Pos_19_C": 0.1149083065495997, "Pos_55_G": 0.07771898811252799, "GtoC": -1.1318177051300786, "Pos_44_T": 0.06871495512334726, "Pos_18_G": 0.0, "Pos_32_A": 0.07205751112191645, "Pos_24_A": 0.05915950979228966, "Pos_31_T": 0.08987971227790992, "Pos_18_A": 0.0, "Pos_1_G": -0.0021530887643431977, "Pos_39_G": 0.0, "Pos_50_G": 0.0, "Pos_32_C": 0.0, "Pos_29_G": 0.2224389298732765, "Pos_17_G": 0.03791328346168803, "Pos_30_C": 0.07648308501869636, "Pos_5_G": 0.0, "Pos_22_A": -0.0050136879443403075, "Pos_45_A": -0.020061076977644955, "Pos_53_A": 0.06908678668517074, "Pos_4_C": 0.008728693808388553, "Pos_27_G": 0.0, "CtoG": -1.3998476228379528, "Pos_32_G": -0.040203559233720536, "Pos_43_C": -0.033757701172864696, "Pos_58_A": 0.0, "Pos_55_C": 0.0, "Pos_35_A": 0.02890284292746337, "Pos_12_A": 0.0, "Pos_31_G": 0.0, "Pos_36_G": 0.0, "Pos_33_A": 0.0, "Pos_1_C": 0.05979388503276908, "Pos_57_T": 0.0, "Pos_56_T": 0.056577905789337496, "Pos_18_T": 0.11804204884406021, "Pos_31_A": -0.011580761552278263, "Pos_3_C": -0.009271620061836999, "Pos_13_A": 0.0, "TtoA": 0.9399711277848846, "Pos_36_A": -0.06814135495600357, "Pos_50_T": 0.0, "Pos_54_A": -0.05322153144464506, "Pos_0_C": -0.06009603410826762, "Pos_16_A": 0.0, "Pos_40_G": 0.009919615963382603, "Pos_11_A": -0.007049776144194728, "Pos_24_T": 0.06764318753263256, "Pos_46_A": 0.0, "Pos_30_T": 0.029951861960868853, "Pos_55_A": -0.002939751955141799, "Pos_57_A": 0.016079481805229768, "Pos_48_A": -0.015101694293140736, "Pos_44_C": 0.0, "CtoA": 0.0027994082754887383, "Pos_8_C": -0.00380189809785345, "Pos_56_A": 0.060813389049974007, "Pos_4_T": 0.0, "Pos_54_T": 0.0, "Pos_22_G": 0.0, "TtoC": 0.015342766280724824, "Pos_9_T": 0.0, "Pos_21_G": -0.0019537926722891104, "Pos_41_G": 0.0, "Pos_42_A": 0.0, "Pos_26_G": 0.03918322093705432, "Pos_7_C": 0.08832850135472876, "Pos_12_G": 0.0, "Pos_28_C": 0.0, "Pos_11_T": 0.057913641739723555, "Pos_56_G": 0.0, "Pos_54_C": 0.0, "Pos_47_C": 0.0, "Pos_16_C": 0.01499212123595055, "Pos_29_A": 0.0, "Pos_40_A": 0.0, "Pos_48_C": 0.1062174606122948, "Pos_29_C": -0.18874161701846068, "Pos_34_A": 0.0, "Pos_54_G": 0.0, "Pos_27_T": 0.11806945132257327, "Pos_9_A": 0.0, "Pos_41_C": -0.04834394660777915, "Pos_5_A": -0.07321220008227242, "Pos_46_T": 0.03190598031019168, "Pos_23_T": 0.038018526584355526, "Pos_52_T": 0.0, "Pos_47_T": 0.052217147216827534, "Pos_20_C": 0.0, "Pos_40_T": -0.027478364011951056, "Pos_10_T": 0.045070170001899355, "Pos_25_A": -0.022625705946354, "Pos_51_C": 0.024240566561425224, "Pos_59_C": -0.02851208490956369, "Pos_33_T": 0.002085526819338399, "Pos_11_C": 0.0, "Pos_8_G": 0.09295679335058774, "Pos_26_T": 0.0, "Pos_34_C": 0.0, "Pos_2_C": 0.0, "Pos_34_T": -0.040746618267725195, "Pos_37_G": 0.1408752470508122, "Pos_46_G": 0.12692750569148414, "Pos_45_T": 0.07072308103040702, "Pos_15_G": 0.0, "Pos_8_T": 0.0, "Pos_23_C": -0.030628239489390433, "Pos_2_A": -0.012696213092469398, "Pos_39_C": 0.004365890003229852, "Pos_20_A": -0.10488697178154689, "Pos_17_A": -0.036317111932492284, "Pos_20_G": 0.11041471020209015, "Pos_56_C": -0.0077531667322601056, "Pos_59_T": 0.08210006581827498, "Pos_24_C": 0.0, "Pos_16_T": 0.03855687045580599, "Pos_27_C": -0.006934993666389654, "Pos_8_A": 0.0, "Pos_28_T": 0.04611181165854495, "Pos_49_T": 0.0, "Pos_7_T": 0.0, "Pos_35_T": 0.05290134653518962, "Pos_6_C": 0.0, "Pos_6_G": -0.008162075345434772, "Pos_26_C": -0.005631185363811919, "GtoT": 0.0, "Pos_23_G": 0.0817784961893341, "Pos_7_G": 0.0, "Pos_48_T": 0.0618198736904311, "AtoT": 0.7305934807811887, "Pos_51_A": 0.0, "Pos_34_G": 0.10064154360401285, "Pos_43_T": 0.0, "Pos_10_A": -0.033076022214824044, "Pos_16_G": -0.0375486773774335, "Pos_45_C": 0.04241075891221327, "Pos_50_A": 0.06517629368535824, "Pos_36_T": 0.011139435200298356, "Pos_35_G": 0.0, "Pos_49_G": 0.04375469126416041, "Pos_44_A": 0.06554364165118994, "Pos_49_A": -0.06859348543928585, "Pos_12_C": -0.040810907750371814, "Pos_41_A": 0.0781632116088976, "Pos_13_T": 0.09692618531447446, "Pos_15_T": 0.0, "Pos_5_T": 0.0, "Pos_58_T": 0.0, "Pos_4_G": 0.0, "Pos_31_C": 0.0, "Pos_53_G": -0.039108161290353854, "Pos_55_T": 0.0, "Pos_39_A": -0.02470464324116857, "Pos_46_C": -0.009278791934929698, "Pos_29_T": 0.010654883487744854, "Pos_0_T": 0.00719214346088335, "Pos_13_C": 0.01594119782548472, "AtoG": 0.041672591016059884, "Pos_21_C": 0.0, "Pos_3_A": 0.027814697839108442, "Pos_43_G": 0.03544336068062037, "Pos_1_A": 0.0, "Pos_3_G": 0.0, "Pos_53_T": 0.1080792343453132}