{"params": {"4": {"alpha": 3.0}, "3": {"alpha": 2.0}, "1": {"alpha": 0.1}, "0": {"alpha": 0.01}, "2": {"alpha": 1.0}}, "rank_test_score": {"4": 1, "3": 2, "1": 4, "0": 5, "2": 3}, "best_a_choice": 3.0, "param_alpha": {"4": 3.0, "3": 2.0, "1": 0.1, "0": 0.01, "2": 1.0}, "split0_test_score": {"4": 0.6831956358, "3": 0.6828850425, "1": 0.6818955801, "0": 0.6808539359, "2": 0.6825309197}}