{"params": {"4": {"alpha": 3.0}, "2": {"alpha": 1.0}, "3": {"alpha": 2.0}, "0": {"alpha": 0.01}, "1": {"alpha": 0.1}}, "split0_test_score": {"4": 0.7517299256, "2": 0.7555712378, "3": 0.7534846462, "0": 0.7581117681, "1": 0.7579706275}, "param_alpha": {"4": 3.0, "2": 1.0, "3": 2.0, "0": 0.01, "1": 0.1}, "best_a_choice": 0.01, "rank_test_score": {"4": 5, "2": 3, "3": 4, "0": 1, "1": 2}}