{"rank_test_score": {"3": 1, "1": 1, "0": 1, "2": 1, "4": 1}, "split0_test_score": {"3": 0.7432422468, "1": 0.7432422468, "0": 0.7432422468, "2": 0.7432422468, "4": 0.7432422468}, "params": {"3": {"alpha": 2.0}, "1": {"alpha": 0.1}, "0": {"alpha": 0.01}, "2": {"alpha": 1.0}, "4": {"alpha": 3.0}}, "best_a_choice": 0.01, "param_alpha": {"3": 2.0, "1": 0.1, "0": 0.01, "2": 1.0, "4": 3.0}}