{"params": {"2": {"alpha": 1.0}, "3": {"alpha": 2.0}, "4": {"alpha": 3.0}, "0": {"alpha": 0.01}, "1": {"alpha": 0.1}}, "param_alpha": {"2": 1.0, "3": 2.0, "4": 3.0, "0": 0.01, "1": 0.1}, "best_a_choice": 2.0, "rank_test_score": {"2": 2, "3": 1, "4": 5, "0": 3, "1": 3}, "split0_test_score": {"2": 0.7665523246, "3": 0.7665552384, "4": 0.766512482, "0": 0.7665441777, "1": 0.7665441777}}