{"rank_test_score": {"0": 5, "2": 3, "1": 4, "4": 1, "3": 2}, "best_a_choice": 3.0, "split0_test_score": {"0": 0.6852336449, "2": 0.6981155827, "1": 0.6920083921, "4": 0.7014648102, "3": 0.6998855617}, "param_alpha": {"0": 0.01, "2": 1.0, "1": 0.1, "4": 3.0, "3": 2.0}, "params": {"0": {"alpha": 0.01}, "2": {"alpha": 1.0}, "1": {"alpha": 0.1}, "4": {"alpha": 3.0}, "3": {"alpha": 2.0}}}