{"best_a_choice": 0.01, "param_alpha": {"2": 1.0, "0": 0.01, "1": 0.1, "3": 2.0, "4": 3.0}, "rank_test_score": {"2": 3, "0": 1, "1": 2, "3": 4, "4": 5}, "params": {"2": {"alpha": 1.0}, "0": {"alpha": 0.01}, "1": {"alpha": 0.1}, "3": {"alpha": 2.0}, "4": {"alpha": 3.0}}, "split0_test_score": {"2": 0.7599049501, "0": 0.7647201832, "1": 0.7645319656, "3": 0.7554661522, "4": 0.751670431}}