{"rank_test_score": {"1": 2, "3": 4, "0": 1, "4": 5, "2": 3}, "param_alpha": {"1": 0.1, "3": 2.0, "0": 0.01, "4": 3.0, "2": 1.0}, "split0_test_score": {"1": 0.6766052617, "3": 0.6734039271, "0": 0.6790383247, "4": 0.6731014867, "2": 0.6740570341}, "params": {"1": {"alpha": 0.1}, "3": {"alpha": 2.0}, "0": {"alpha": 0.01}, "4": {"alpha": 3.0}, "2": {"alpha": 1.0}}, "best_a_choice": 0.01}