{"best_a_choice": 0.01, "rank_test_score": {"3": 4, "4": 5, "0": 1, "1": 2, "2": 3}, "split0_test_score": {"3": 0.6555282016, "4": 0.6554280098, "0": 0.6609099323, "1": 0.658306377, "2": 0.6559280146}, "param_alpha": {"3": 2.0, "4": 3.0, "0": 0.01, "1": 0.1, "2": 1.0}, "params": {"3": {"alpha": 2.0}, "4": {"alpha": 3.0}, "0": {"alpha": 0.01}, "1": {"alpha": 0.1}, "2": {"alpha": 1.0}}}