{"rank_test_score": {"0": 1, "4": 5, "2": 3, "1": 2, "3": 4}, "best_a_choice": 0.01, "params": {"0": {"alpha": 0.01}, "4": {"alpha": 3.0}, "2": {"alpha": 1.0}, "1": {"alpha": 0.1}, "3": {"alpha": 2.0}}, "param_alpha": {"0": 0.01, "4": 3.0, "2": 1.0, "1": 0.1, "3": 2.0}, "split0_test_score": {"0": 0.7177999865, "4": 0.70892972, "2": 0.7118067071, "1": 0.7158712444, "3": 0.7100579383}}