{"rank_test_score": {"1": 2, "2": 3, "0": 1, "4": 5, "3": 4}, "split0_test_score": {"1": 0.7304884869, "2": 0.7280248451, "0": 0.7310092381, "4": 0.7255015673, "3": 0.7266007282}, "param_alpha": {"1": 0.1, "2": 1.0, "0": 0.01, "4": 3.0, "3": 2.0}, "params": {"1": {"alpha": 0.1}, "2": {"alpha": 1.0}, "0": {"alpha": 0.01}, "4": {"alpha": 3.0}, "3": {"alpha": 2.0}}, "best_a_choice": 0.01}