{"GtoC": -0.5356089004084142, "GC_feature": -0.15051170007994427, "AtoT": 0.381224651773822, "CtoT": -0.45066479188434533, "TtoC": 0.04118648182677755, "CtoA": -0.005982557332053262, "GtoT": 0.02526587477328032, "TtoG": 0.0, "AtoG": 0.023812364168659707, "GtoA": -0.4500155742286043, "TtoA": 0.40965127936736895, "AtoC": -0.11273406474188997, "CtoG": -0.6079796237476305}