{"param_alpha": {"1": 0.1, "0": 0.01, "3": 2.0, "4": 3.0, "2": 1.0}, "split0_test_score": {"1": 0.7569423372, "0": 0.7570368038, "3": 0.7550157921, "4": 0.7538115822, "2": 0.756554929}, "params": {"1": {"alpha": 0.1}, "0": {"alpha": 0.01}, "3": {"alpha": 2.0}, "4": {"alpha": 3.0}, "2": {"alpha": 1.0}}, "best_a_choice": 0.01, "rank_test_score": {"1": 2, "0": 1, "3": 4, "4": 5, "2": 3}}