{"params": {"2": {"alpha": 1.0}, "0": {"alpha": 0.01}, "1": {"alpha": 0.1}, "3": {"alpha": 2.0}, "4": {"alpha": 3.0}}, "best_a_choice": 0.01, "rank_test_score": {"2": 3, "0": 1, "1": 2, "3": 4, "4": 5}, "param_alpha": {"2": 1.0, "0": 0.01, "1": 0.1, "3": 2.0, "4": 3.0}, "split0_test_score": {"2": 0.7522978229, "0": 0.7574581216, "1": 0.7573012736, "3": 0.7498196248, "4": 0.7473727963}}