{"params": {"2": {"C": 10.0, "penalty": "l1"}, "3": {"C": 100.0, "penalty": "l1"}, "1": {"C": 1.0, "penalty": "l1"}, "0": {"C": 0.1, "penalty": "l1"}}, "param_penalty": {"2": "l1", "3": "l1", "1": "l1", "0": "l1"}, "best_c_choice": 0.1, "rank_test_score": {"2": 4, "3": 3, "1": 2, "0": 1}, "split0_test_score": {"2": 0.6364969571, "3": 0.6392104273, "1": 0.6572479453, "0": 0.7329741515}, "param_C": {"2": 10.0, "3": 100.0, "1": 1.0, "0": 0.1}}