{"Pos_0:Pos_1_GC": 0.0, "Pos_0:Pos_3_TT": 0.04283270230708168, "Pos_0:Pos_2_TC": 0.0, "Pos_1:Pos_2_TG": 0.0, "Pos_0:Pos_2_GG": -0.0021171288277402316, "Pos_0:Pos_2_AC": 0.004032052080932128, "Pos_0:Pos_3_CC": -0.012778330045126187, "Pos_1:Pos_2_TT": 0.0, "Pos_0:Pos_3_GC": 0.010852064382744303, "Pos_1:Pos_3_GG": 0.0, "GtoC": -0.42255087190465435, "Pos_0:Pos_1_CC": 0.0, "Pos_2:Pos_3_GA": -0.1740744625061859, "CtoA": -0.011059676705579145, "Pos_1:Pos_2_TA": -0.11799396090898495, "Pos_3_A": 0.0, "GC_feature": -0.07769449099605387, "Pos_2:Pos_3_AC": 0.0, "Pos_0:Pos_2_TA": 0.005667742162679239, "TtoC": 0.0, "Pos_1:Pos_3_TT": 0.0, "Pos_0:Pos_2_GT": -0.009768943152162719, "Pos_2:Pos_3_CT": 0.02619244213182849, "Pos_0:Pos_2_GC": 0.0, "Pos_1:Pos_2_CT": 0.02803451439304434, "Pos_0:Pos_3_AT": 0.0, "Pos_1:Pos_3_CT": 0.0, "Pos_0:Pos_1_CG": -0.06296697227840097, "Pos_0:Pos_3_CT": 0.0, "Pos_2:Pos_3_GG": 0.0, "Pos_1:Pos_3_TG": 0.007566510798974316, "Pos_0:Pos_2_CA": -0.020120865245218836, "Pos_3_G": 0.0, "Pos_0:Pos_3_AC": 0.0, "Pos_2:Pos_3_TG": -0.04330601140417721, "Pos_2:Pos_3_CG": -0.0457810429621656, "Pos_0:Pos_1_AT": 0.0, "Pos_0_A": 0.0, "Pos_2:Pos_3_CC": 0.0, "GtoT": 0.06773390523337408, "Pos_0:Pos_1_TC": 0.0, "AtoG": 0.019952744545834105, "Pos_1:Pos_2_GT": -0.00332158904076004, "Pos_0:Pos_1_AC": -0.02536270541868577, "Pos_2_T": 0.0, "Pos_0:Pos_2_GA": 0.032502388211586554, "Pos_2:Pos_3_GC": 0.0, "Pos_0:Pos_1_AG": 0.07866451919003878, "Pos_0_T": 0.0740313486992363, "Pos_0:Pos_1_GT": 0.0, "Pos_1:Pos_2_TC": 0.0, "Pos_2:Pos_3_TC": 0.0, "Pos_2:Pos_3_TA": -0.03671006476791233, "Pos_0:Pos_3_CG": 0.0, "Pos_1:Pos_3_CG": -0.030724372282871042, "Pos_0:Pos_1_TA": -0.01089679414764171, "Pos_2:Pos_3_AG": 0.05320277998978007, "Pos_0:Pos_1_AA": 0.014177349391849389, "Pos_3_T": 0.0, "Pos_0:Pos_2_AT": 0.1321056344801579, "Pos_0:Pos_3_AA": -0.003179674848802544, "Pos_0:Pos_3_AG": 0.005225283146530692, "Pos_1:Pos_2_CC": 0.0, "Pos_0:Pos_3_TG": 0.0, "Pos_0:Pos_2_AA": 0.0, "Pos_0:Pos_2_CC": 0.0, "Pos_0:Pos_1_GG": 0.0, "Pos_1_C": -0.14395987424629494, "Pos_2:Pos_3_CA": 0.04240826730173585, "Pos_1:Pos_2_AC": 0.012521614148968078, "Pos_0:Pos_3_TA": 0.014109300195670334, "Pos_0:Pos_3_TC": 0.0, "Pos_1:Pos_3_AC": -0.038498893829706414, "Pos_1:Pos_3_GA": 0.0, "Pos_0:Pos_1_GA": -0.06538757668376068, "Pos_1:Pos_3_CA": -0.04070311724242694, "AtoC": -0.07989741621614246, "Pos_0:Pos_2_CG": 0.006154067537084579, "Pos_0:Pos_3_GA": -0.015155213899586982, "Pos_1_T": 0.0, "Pos_1:Pos_3_TA": -0.007982420321471319, "Pos_0:Pos_1_CA": 0.012210195902768409, "Pos_0:Pos_2_AG": 0.0, "TtoA": 0.4574778260085756, "Pos_2_G": -0.006681279708411455, "Pos_1:Pos_3_AG": 0.0040064622082955715, "Pos_0:Pos_1_TG": 0.06650278297750252, "Pos_0:Pos_3_GG": -0.034554490976661696, "CtoT": -0.38083139563114954, "Pos_0:Pos_3_CA": 0.05307251840651149, "Pos_1:Pos_3_AT": 0.0, "Pos_1:Pos_2_AT": 0.0, "Pos_1_A": 0.0, "Pos_2:Pos_3_TT": 0.026992416583360063, "AtoT": 0.40204611163957876, "Pos_0:Pos_3_GT": 0.0, "Pos_1:Pos_3_CC": 0.0, "Pos_1:Pos_2_AG": -0.09396344508059966, "GtoA": -0.38733739285613394, "Pos_1:Pos_2_CA": -0.04361900346977901, "Pos_2:Pos_3_AT": -0.045169442338073705, "Pos_0:Pos_2_TT": 0.012443595634427955, "Pos_0_G": -0.04954874327315616, "Pos_1:Pos_2_GA": 0.0, "Pos_2_C": 0.0, "Pos_1:Pos_3_TC": -0.07072824601334765, "Pos_0:Pos_2_CT": -0.018472689068042118, "TtoG": 0.04801739098915698, "Pos_1:Pos_2_AA": 0.03630150463676844, "Pos_2:Pos_3_GT": -0.02450728269787075, "Pos_1:Pos_2_CG": -0.0454979266888543, "Pos_2_A": 0.0, "Pos_0_C": 0.0, "Pos_1:Pos_2_GG": 0.006987309663721532, "Pos_1_G": 0.06412796849195775, "Pos_1:Pos_3_GC": 0.03978182712043145, "Pos_0:Pos_2_TG": -0.07950198042169229, "Pos_2:Pos_3_AA": 0.0, "Pos_1:Pos_3_AA": 0.03716227067021811, "CtoG": -0.5010978680380568, "Pos_1:Pos_3_GT": 0.0, "Pos_0:Pos_1_TT": 0.02763314363623752, "Pos_0:Pos_1_CT": 0.0, "Pos_3_C": 0.0, "Pos_1:Pos_2_GC": 0.08474044370379313}