{"pos3": {"rel_entropy": 0.005273113271780974, "deviance": 5.3469368575859075, "formula": "count ~ group * mut * base - group : mut : base", "stats": "{\"group\":{\"0\":\"1\",\"1\":\"1\",\"2\":\"1\",\"3\":\"1\",\"4\":\"1\",\"5\":\"1\",\"6\":\"1\",\"7\":\"1\",\"8\":\"2\",\"9\":\"2\",\"10\":\"2\",\"11\":\"2\",\"12\":\"2\",\"13\":\"2\",\"14\":\"2\",\"15\":\"2\"},\"mut\":{\"0\":\"M\",\"1\":\"M\",\"2\":\"M\",\"3\":\"M\",\"4\":\"R\",\"5\":\"R\",\"6\":\"R\",\"7\":\"R\",\"8\":\"M\",\"9\":\"M\",\"10\":\"M\",\"11\":\"M\",\"12\":\"R\",\"13\":\"R\",\"14\":\"R\",\"15\":\"R\"},\"base\":{\"0\":\"A\",\"1\":\"C\",\"2\":\"G\",\"3\":\"T\",\"4\":\"A\",\"5\":\"C\",\"6\":\"G\",\"7\":\"T\",\"8\":\"A\",\"9\":\"C\",\"10\":\"G\",\"11\":\"T\",\"12\":\"A\",\"13\":\"C\",\"14\":\"G\",\"15\":\"T\"},\"count\":{\"0\":7,\"1\":11,\"2\":12,\"3\":12,\"4\":10,\"5\":8,\"6\":9,\"7\":15,\"8\":75,\"9\":37,\"10\":63,\"11\":37,\"12\":44,\"13\":51,\"14\":45,\"15\":71},\"fitted\":{\"0\":10.5080896985,\"1\":8.8057698622,\"2\":12.519923995,\"3\":10.1662164445,\"4\":6.4919103019,\"5\":10.1942301378,\"6\":8.480076005,\"7\":16.8337835555,\"8\":71.4919103017,\"9\":39.1942301378,\"10\":62.480076005,\"11\":38.8337835555,\"12\":47.5080896983,\"13\":48.8057698622,\"14\":45.519923995,\"15\":69.1662164445},\"ret\":{\"0\":-0.0056087708,\"1\":0.004827158,\"2\":-0.0010038969,\"3\":0.0039251252,\"4\":0.0085212675,\"5\":-0.0038245419,\"6\":0.0010563047,\"7\":-0.0034123548,\"8\":0.0070863629,\"9\":-0.0042043992,\"10\":0.0010297461,\"11\":-0.0035301551,\"12\":-0.0066573104,\"13\":0.0044237311,\"14\":-0.0010196122,\"15\":0.0036644592}}", "prob": 0.14808556131960648, "df": 3}, "pos1": {"rel_entropy": 0.004863814102033443, "deviance": 4.931907499461911, "formula": "count ~ group * mut * base - group : mut : base", "stats": "{\"group\":{\"0\":\"1\",\"1\":\"1\",\"2\":\"1\",\"3\":\"1\",\"4\":\"1\",\"5\":\"1\",\"6\":\"1\",\"7\":\"1\",\"8\":\"2\",\"9\":\"2\",\"10\":\"2\",\"11\":\"2\",\"12\":\"2\",\"13\":\"2\",\"14\":\"2\",\"15\":\"2\"},\"mut\":{\"0\":\"M\",\"1\":\"M\",\"2\":\"M\",\"3\":\"M\",\"4\":\"R\",\"5\":\"R\",\"6\":\"R\",\"7\":\"R\",\"8\":\"M\",\"9\":\"M\",\"10\":\"M\",\"11\":\"M\",\"12\":\"R\",\"13\":\"R\",\"14\":\"R\",\"15\":\"R\"},\"base\":{\"0\":\"A\",\"1\":\"C\",\"2\":\"G\",\"3\":\"T\",\"4\":\"A\",\"5\":\"C\",\"6\":\"G\",\"7\":\"T\",\"8\":\"A\",\"9\":\"C\",\"10\":\"G\",\"11\":\"T\",\"12\":\"A\",\"13\":\"C\",\"14\":\"G\",\"15\":\"T\"},\"count\":{\"0\":22,\"1\":8,\"2\":4,\"3\":8,\"4\":13,\"5\":9,\"6\":10,\"7\":10,\"8\":45,\"9\":76,\"10\":53,\"11\":38,\"12\":39,\"13\":61,\"14\":45,\"15\":66},\"fitted\":{\"0\":19.3772359438,\"1\":9.0699041887,\"2\":6.9596516641,\"3\":6.5932082038,\"4\":15.6227640562,\"5\":7.9300958113,\"6\":7.0403483366,\"7\":11.4067917962,\"8\":47.6227640562,\"9\":74.9300958113,\"10\":50.0403483363,\"11\":39.4067917962,\"12\":36.3772359438,\"13\":62.0699041887,\"14\":47.9596516637,\"15\":64.5932082038},\"ret\":{\"0\":0.0055083956,\"1\":-0.0019805942,\"2\":-0.0043695074,\"3\":0.0030516999,\"4\":-0.0047123007,\"5\":0.0022466176,\"6\":0.0069216458,\"7\":-0.0025961313,\"8\":-0.0050279639,\"9\":0.0021252594,\"10\":0.0060069036,\"11\":-0.0027246092,\"12\":0.0053552656,\"13\":-0.0020919719,\"14\":-0.0056536311,\"15\":0.0028047361}}", "prob": 0.1768516559889933, "df": 3}, "pos0": {"rel_entropy": 0.0002361983561489324, "deviance": 0.23950513313501748, "formula": "count ~ group * mut * base - group : mut : base", "stats": "{\"group\":{\"0\":\"1\",\"1\":\"1\",\"2\":\"1\",\"3\":\"1\",\"4\":\"1\",\"5\":\"1\",\"6\":\"1\",\"7\":\"1\",\"8\":\"2\",\"9\":\"2\",\"10\":\"2\",\"11\":\"2\",\"12\":\"2\",\"13\":\"2\",\"14\":\"2\",\"15\":\"2\"},\"mut\":{\"0\":\"M\",\"1\":\"M\",\"2\":\"M\",\"3\":\"M\",\"4\":\"R\",\"5\":\"R\",\"6\":\"R\",\"7\":\"R\",\"8\":\"M\",\"9\":\"M\",\"10\":\"M\",\"11\":\"M\",\"12\":\"R\",\"13\":\"R\",\"14\":\"R\",\"15\":\"R\"},\"base\":{\"0\":\"A\",\"1\":\"C\",\"2\":\"G\",\"3\":\"T\",\"4\":\"A\",\"5\":\"C\",\"6\":\"G\",\"7\":\"T\",\"8\":\"A\",\"9\":\"C\",\"10\":\"G\",\"11\":\"T\",\"12\":\"A\",\"13\":\"C\",\"14\":\"G\",\"15\":\"T\"},\"count\":{\"0\":11,\"1\":16,\"2\":6,\"3\":9,\"4\":12,\"5\":9,\"6\":4,\"7\":17,\"8\":49,\"9\":69,\"10\":65,\"11\":29,\"12\":63,\"13\":46,\"14\":36,\"15\":66},\"fitted\":{\"0\":10.8207508893,\"1\":15.7925858648,\"2\":6.6577500122,\"3\":8.7289132337,\"4\":12.1792491107,\"5\":9.2074141352,\"6\":3.3422499878,\"7\":17.2710867663,\"8\":49.1792491107,\"9\":69.2074141352,\"10\":64.3422499878,\"11\":29.2710867663,\"12\":62.8207508893,\"13\":45.7925858648,\"14\":36.6577500122,\"15\":65.7289132337},\"ret\":{\"0\":0.0003564608,\"1\":0.0004117757,\"2\":-0.001231031,\"3\":0.0005429059,\"4\":-0.000350934,\"5\":-0.000404458,\"6\":0.001417358,\"7\":-0.0005304695,\"8\":-0.0003529034,\"9\":-0.0004084872,\"10\":0.001303946,\"11\":-0.0005322043,\"12\":0.0003540525,\"13\":0.000410026,\"14\":-0.001285628,\"15\":0.000535789}}", "prob": 0.9709731042588367, "df": 3}, "pos2": {"rel_entropy": 0.007349043942150415, "deviance": 7.451930557340521, "formula": "count ~ group * mut * base - group : mut : base", "stats": "{\"group\":{\"0\":\"1\",\"1\":\"1\",\"2\":\"1\",\"3\":\"1\",\"4\":\"1\",\"5\":\"1\",\"6\":\"1\",\"7\":\"1\",\"8\":\"2\",\"9\":\"2\",\"10\":\"2\",\"11\":\"2\",\"12\":\"2\",\"13\":\"2\",\"14\":\"2\",\"15\":\"2\"},\"mut\":{\"0\":\"M\",\"1\":\"M\",\"2\":\"M\",\"3\":\"M\",\"4\":\"R\",\"5\":\"R\",\"6\":\"R\",\"7\":\"R\",\"8\":\"M\",\"9\":\"M\",\"10\":\"M\",\"11\":\"M\",\"12\":\"R\",\"13\":\"R\",\"14\":\"R\",\"15\":\"R\"},\"base\":{\"0\":\"A\",\"1\":\"C\",\"2\":\"G\",\"3\":\"T\",\"4\":\"A\",\"5\":\"C\",\"6\":\"G\",\"7\":\"T\",\"8\":\"A\",\"9\":\"C\",\"10\":\"G\",\"11\":\"T\",\"12\":\"A\",\"13\":\"C\",\"14\":\"G\",\"15\":\"T\"},\"count\":{\"0\":23,\"1\":3,\"2\":8,\"3\":8,\"4\":15,\"5\":11,\"6\":4,\"7\":12,\"8\":62,\"9\":46,\"10\":49,\"11\":55,\"12\":72,\"13\":45,\"14\":14,\"15\":80},\"fitted\":{\"0\":18.5266655492,\"1\":6.4304085738,\"2\":9.0569033041,\"3\":7.9860225809,\"4\":19.4733344508,\"5\":7.569591441,\"6\":2.943096696,\"7\":12.0139774191,\"8\":66.4733344508,\"9\":42.5695914342,\"10\":47.943096696,\"11\":55.0139774191,\"12\":67.5266655492,\"13\":48.4304085659,\"14\":15.056903304,\"15\":79.9860225809},\"ret\":{\"0\":0.0098116612,\"1\":-0.0045113952,\"2\":-0.0019579601,\"3\":0.000027593,\"4\":-0.0077217711,\"5\":0.0081091084,\"6\":0.0024207656,\"7\":-0.0000275528,\"8\":-0.0085193743,\"9\":0.0070316683,\"10\":0.0021074326,\"11\":-0.0000275654,\"12\":0.0091091438,\"13\":-0.0065205979,\"14\":-0.0020096834,\"15\":0.0000275713}}", "prob": 0.058806510713860775, "df": 3}}