{"best_a_choice": 1.0, "params": {"3": {"alpha": 2.0}, "0": {"alpha": 0.01}, "4": {"alpha": 3.0}, "2": {"alpha": 1.0}, "1": {"alpha": 0.1}}, "rank_test_score": {"3": 4, "0": 2, "4": 5, "2": 1, "1": 2}, "split0_test_score": {"3": 0.7701721964, "0": 0.7701751103, "4": 0.7699682859, "2": 0.7701869441, "1": 0.7701751103}, "param_alpha": {"3": 2.0, "0": 0.01, "4": 3.0, "2": 1.0, "1": 0.1}}