{"split0_test_score": {"4": 0.6671590378, "2": 0.6668069352, "0": 0.6712258705, "3": 0.6668756381, "1": 0.6688928329}, "best_a_choice": 0.01, "params": {"4": {"alpha": 3.0}, "2": {"alpha": 1.0}, "0": {"alpha": 0.01}, "3": {"alpha": 2.0}, "1": {"alpha": 0.1}}, "rank_test_score": {"4": 3, "2": 5, "0": 1, "3": 4, "1": 2}, "param_alpha": {"4": 3.0, "2": 1.0, "0": 0.01, "3": 2.0, "1": 0.1}}