{"Pos_4_G": 0.021283259553144335, "CtoG": -0.6141762785134173, "Pos_5_T": 0.05682275051037327, "Pos_3_G": -0.24184748950452, "CtoT": -0.43855367216714247, "GtoA": -0.437932417412374, "Pos_2_A": 0.0, "Pos_1_C": 0.0, "AtoG": 0.0, "Pos_2_G": 0.2433994062406927, "GtoC": -0.5484974097703048, "Pos_0_G": -0.009766192141090969, "Pos_4_C": 0.0, "Pos_5_C": -0.022744991481593205, "TtoA": 0.43438978244029636, "Pos_4_T": 0.0009833759214463807, "GtoT": 0.027896723719655438, "Pos_0_A": 0.01664657045618833, "Pos_1_G": -0.060128688651341695, "Pos_0_T": 0.12555180794748907, "Pos_3_T": 0.0, "AtoT": 0.39699385935933346, "Pos_5_G": -0.04641070150191417, "Pos_0_C": -0.058167312412823975, "AtoC": -0.11606733849347266, "GC_feature": -0.09572227813508095, "Pos_2_C": -0.11513005114199716, "Pos_3_C": 0.050471495226276177, "CtoA": -0.0018306789978399499, "Pos_3_A": -0.06758096998679332, "Pos_5_A": 0.09484898568014984, "TtoG": 0.004544629915431408, "TtoC": 0.02242277852337449, "Pos_1_T": 0.12513096483961395, "Pos_2_T": 0.0007795761518106005, "Pos_4_A": -0.07482823907187722, "Pos_1_A": 0.03711952839235558}