{"param_alpha": {"3": 2.0, "0": 0.01, "4": 3.0, "2": 1.0, "1": 0.1}, "split0_test_score": {"3": 0.5952616224, "0": 0.5807845536, "4": 0.597394755, "2": 0.5924854131, "1": 0.5859919066}, "rank_test_score": {"3": 2, "0": 5, "4": 1, "2": 3, "1": 4}, "params": {"3": {"alpha": 2.0}, "0": {"alpha": 0.01}, "4": {"alpha": 3.0}, "2": {"alpha": 1.0}, "1": {"alpha": 0.1}}, "best_a_choice": 3.0}