{"rank_test_score": {"0": 1, "2": 3, "4": 5, "1": 2, "3": 4}, "param_alpha": {"0": 0.01, "2": 1.0, "4": 3.0, "1": 0.1, "3": 2.0}, "split0_test_score": {"0": 0.7258579419, "2": 0.7214784753, "4": 0.7194146324, "1": 0.7244330661, "3": 0.7202280741}, "best_a_choice": 0.01, "params": {"0": {"alpha": 0.01}, "2": {"alpha": 1.0}, "4": {"alpha": 3.0}, "1": {"alpha": 0.1}, "3": {"alpha": 2.0}}}