{"param_alpha": {"4": 3.0, "3": 2.0, "2": 1.0, "0": 0.01, "1": 0.1}, "split0_test_score": {"4": 0.7379383901, "3": 0.739271598, "2": 0.7430359496, "0": 0.7430359496, "1": 0.7430359496}, "best_a_choice": 0.01, "rank_test_score": {"4": 5, "3": 4, "2": 1, "0": 1, "1": 1}, "params": {"4": {"alpha": 3.0}, "3": {"alpha": 2.0}, "2": {"alpha": 1.0}, "0": {"alpha": 0.01}, "1": {"alpha": 0.1}}}