{"best_a_choice": 3.0, "rank_test_score": {"1": 3, "2": 4, "3": 2, "0": 5, "4": 1}, "params": {"1": {"alpha": 0.1}, "2": {"alpha": 1.0}, "3": {"alpha": 2.0}, "0": {"alpha": 0.01}, "4": {"alpha": 3.0}}, "split0_test_score": {"1": 0.6397694634, "2": 0.6395876869, "3": 0.6400705159, "0": 0.6394192693, "4": 0.6407685188}, "param_alpha": {"1": 0.1, "2": 1.0, "3": 2.0, "0": 0.01, "4": 3.0}}