{"param_alpha": {"1": 0.1, "4": 3.0, "2": 1.0, "3": 2.0, "0": 0.01}, "rank_test_score": {"1": 4, "4": 1, "2": 3, "3": 2, "0": 5}, "params": {"1": {"alpha": 0.1}, "4": {"alpha": 3.0}, "2": {"alpha": 1.0}, "3": {"alpha": 2.0}, "0": {"alpha": 0.01}}, "best_a_choice": 3.0, "split0_test_score": {"1": 0.6364516837, "4": 0.65120421, "2": 0.6456311606, "3": 0.6490276625, "0": 0.6274458726}}