{"split0_test_score": {"1": 0.7441154019, "0": 0.7441535702, "3": 0.7431755074, "4": 0.7422289335, "2": 0.7438243686}, "rank_test_score": {"1": 2, "0": 1, "3": 4, "4": 5, "2": 3}, "params": {"1": {"alpha": 0.1}, "0": {"alpha": 0.01}, "3": {"alpha": 2.0}, "4": {"alpha": 3.0}, "2": {"alpha": 1.0}}, "param_alpha": {"1": 0.1, "0": 0.01, "3": 2.0, "4": 3.0, "2": 1.0}, "best_a_choice": 0.01}