{"rank_test_score": {"1": 4, "0": 4, "3": 2, "4": 1, "2": 3}, "split0_test_score": {"1": 0.7384873581, "0": 0.7384873581, "3": 0.7470198883, "4": 0.7488393249, "2": 0.7431771127}, "param_alpha": {"1": 0.1, "0": 0.01, "3": 2.0, "4": 3.0, "2": 1.0}, "best_a_choice": 3.0, "params": {"1": {"alpha": 0.1}, "0": {"alpha": 0.01}, "3": {"alpha": 2.0}, "4": {"alpha": 3.0}, "2": {"alpha": 1.0}}}