{"CtoA": 0.39073403159178965, "AtoT": 1.3497005355177707, "GtoT": 0.5771443070930349, "AtoC": 0.27534759561056843, "GtoC": -2.106075741418031, "AtoG": 0.5662795515353382, "GtoA": -0.14062358678882803, "TtoA": 1.2547535816151618, "CtoG": -2.190391878192515, "TtoG": 0.3690843755026774, "TtoC": 0.6372138182003027, "CtoT": -0.2096298496078988}