{"best_c_choice": 10.0, "rank_test_score": {"2": 1, "0": 4, "3": 1, "1": 3}, "split0_test_score": {"2": 0.7416400025, "0": 0.7300332518, "3": 0.7416400025, "1": 0.7410282954}, "param_penalty": {"2": "l1", "0": "l1", "3": "l1", "1": "l1"}, "param_C": {"2": 10.0, "0": 0.1, "3": 100.0, "1": 1.0}, "params": {"2": {"penalty": "l1", "C": 10.0}, "0": {"penalty": "l1", "C": 0.1}, "3": {"penalty": "l1", "C": 100.0}, "1": {"penalty": "l1", "C": 1.0}}}