{"AtoC": 0.15854097145588755, "GtoA": -0.2973506886367549, "GtoC": -1.5014264019044086, "TtoC": 0.3015103586720098, "TtoA": 1.1916928960609512, "GtoT": 0.5211896183009677, "AtoT": 1.0979653121134427, "TtoG": 0.34177430913576273, "CtoG": -1.7089769066962217, "CtoA": 0.09328793530345562, "AtoG": 0.5044911194643638, "CtoT": -0.23194332283066435}