{"Pos_1:Pos_2_GA": 0.0, "Pos_0:Pos_2:Pos_3_GCA": 0.03947700689032955, "Pos_1:Pos_2_GC": 0.0233195286501434, "Pos_0:Pos_1:Pos_3_CTG": 0.0, "Pos_0:Pos_3_TA": 0.0, "Pos_0:Pos_2_CT": 0.0, "Pos_1:Pos_3_GC": 0.09492545620446592, "Pos_0:Pos_1:Pos_2_AGA": 0.049647454370210106, "Pos_0:Pos_1:Pos_3_AAT": 0.21023727603024767, "Pos_0:Pos_1:Pos_2_CGA": 0.0, "Pos_1:Pos_2:Pos_3_AGT": 0.11353372331926373, "Pos_0:Pos_2_AG": 0.0, "Pos_1:Pos_2:Pos_3_GGT": 0.0, "Pos_0:Pos_1:Pos_3_TCC": 0.0, "Pos_1:Pos_2_AG": 0.0, "Pos_0:Pos_1:Pos_3_TTC": 0.151286824475244, "Pos_0:Pos_1:Pos_3_ATG": 0.0, "Pos_0:Pos_3_AA": 0.0, "Pos_0:Pos_2:Pos_3_CCG": 0.0, "Pos_0:Pos_1:Pos_3_GGC": 0.0, "Pos_1:Pos_2:Pos_3_ACC": 0.0, "Pos_0:Pos_1:Pos_3_CTC": 0.0, "Pos_0:Pos_1:Pos_3_CCG": 0.06099161889553118, "Pos_3_G": 0.0, "Pos_2:Pos_3_GC": 0.0, "Pos_0:Pos_1:Pos_2_GTT": 0.0, "Pos_0:Pos_1:Pos_2_ATG": 0.0, "Pos_0:Pos_1:Pos_2_GCC": 0.0, "Pos_0:Pos_2:Pos_3_ACA": 0.004604760934896151, "Pos_0:Pos_1:Pos_3_TGT": 0.06856548956600159, "Pos_1:Pos_3_CC": -0.0034708022611307223, "Pos_0:Pos_1:Pos_2_CCG": 0.0, "Pos_0:Pos_1:Pos_2_ACG": 0.0, "Pos_0:Pos_2:Pos_3_GCT": 0.012569969800500624, "Pos_2_G": -0.058855430830827435, "TtoC": 0.1095616804244428, "Pos_0:Pos_1:Pos_3_TAC": 0.0, "Pos_0:Pos_1_CC": 0.02435750322712026, "Pos_0:Pos_2:Pos_3_CTC": 0.0, "GtoC": -1.8783374652212474, "Pos_0:Pos_1:Pos_3_GTG": 0.0, "Pos_1:Pos_2_AC": 0.0, "Pos_1:Pos_2:Pos_3_TAA": 0.0, "Pos_0:Pos_1:Pos_2_CTG": 0.0, "Pos_0:Pos_1:Pos_3_GGT": 0.0, "Pos_0_C": 0.0, "Pos_1:Pos_2_GT": 0.0, "Pos_1:Pos_2:Pos_3_TGT": -0.010144556634567002, "Pos_0:Pos_1:Pos_3_GCG": 0.0, "Pos_1:Pos_2:Pos_3_GAC": 0.0, "Pos_0:Pos_1:Pos_2_ACA": 0.0, "Pos_0:Pos_1:Pos_2_GGG": 0.018279567356546074, "Pos_1:Pos_2:Pos_3_ATC": 0.0, "Pos_1:Pos_2:Pos_3_GCC": 0.0, "Pos_1:Pos_2:Pos_3_ACG": 0.0, "Pos_1:Pos_2:Pos_3_TGG": 0.0, "Pos_2_A": 0.0, "Pos_0:Pos_2:Pos_3_CGT": 0.0, "Pos_0:Pos_2:Pos_3_GAC": 0.0, "Pos_0:Pos_2:Pos_3_GAA": 0.0, "Pos_0:Pos_1:Pos_2_GCT": 0.08831041331251004, "Pos_1:Pos_2:Pos_3_TCT": 0.0, "Pos_1:Pos_2:Pos_3_ATT": 0.0, "Pos_0:Pos_2:Pos_3_ATT": 0.17761709880815735, "Pos_0:Pos_1:Pos_3_TTG": 0.0, "Pos_0:Pos_1:Pos_3_TGC": 0.09603521207145056, "Pos_1:Pos_2:Pos_3_AGC": 0.0, "Pos_1:Pos_2:Pos_3_CGG": 0.0, "Pos_1:Pos_2:Pos_3_GGG": 0.016635734466291928, "Pos_0:Pos_2:Pos_3_CCT": 0.0, "AtoG": 0.10544038528870635, "Pos_2:Pos_3_CC": 0.0, "Pos_2:Pos_3_AG": 0.216855151046058, "Pos_1:Pos_2_TG": 0.0, "Pos_0:Pos_1_TT": 0.0, "Pos_0:Pos_3_AC": 0.015383066057389235, "Pos_0:Pos_1:Pos_3_CCA": 0.0, "Pos_1:Pos_2:Pos_3_CCT": -0.1603769465718019, "Pos_0:Pos_1:Pos_2_TGA": 0.0, "Pos_0:Pos_1:Pos_2_TTT": 0.10144325544782631, "Pos_1:Pos_2:Pos_3_ACA": 0.0, "TtoG": 0.07141893503233535, "Pos_1:Pos_2:Pos_3_TCG": -0.09458155117119872, "Pos_0:Pos_1:Pos_3_GTT": 0.0, "Pos_3_A": -0.0045981594117955275, "Pos_0:Pos_1:Pos_3_GCT": 0.0, "Pos_1:Pos_2:Pos_3_CCG": 0.0, "Pos_0:Pos_1_AG": 0.007794370735814198, "Pos_0:Pos_2:Pos_3_ACG": 0.0, "Pos_0:Pos_2:Pos_3_AAC": 0.03396204017958354, "Pos_0:Pos_3_CT": 0.0, "Pos_0:Pos_2:Pos_3_TGT": -0.061597273184050734, "Pos_0:Pos_1:Pos_3_CTT": 0.0, "Pos_0:Pos_2:Pos_3_GCC": 0.0, "Pos_1:Pos_3_AA": 0.0, "Pos_1:Pos_2_CA": 0.0, "Pos_0:Pos_3_GT": -0.03206005138891721, "Pos_0:Pos_1:Pos_2_GAG": 0.15196290329622253, "Pos_0:Pos_1:Pos_2_GTA": 0.0, "Pos_0:Pos_1:Pos_2_TAA": 0.06309571641946891, "Pos_1:Pos_2:Pos_3_AAG": 0.07431215360274195, "Pos_0:Pos_2:Pos_3_TAG": 0.0, "Pos_0:Pos_1:Pos_3_TCG": 0.014612215049197493, "Pos_1:Pos_2:Pos_3_GGC": 0.0, "Pos_0:Pos_1:Pos_3_TTT": 0.0, "Pos_0:Pos_2:Pos_3_TCC": 0.0, "Pos_0:Pos_1:Pos_2_TCT": 0.0, "Pos_1:Pos_2:Pos_3_GAT": 0.0, "Pos_0:Pos_1:Pos_3_ATC": 0.0, "Pos_1:Pos_2:Pos_3_AAC": 0.05454448885212096, "Pos_0:Pos_1:Pos_2_CAT": 0.0, "Pos_0:Pos_1:Pos_3_ACG": -0.03628160097333054, "Pos_0:Pos_2:Pos_3_GAT": 0.0, "Pos_0:Pos_1_AA": 0.0, "Pos_0:Pos_1:Pos_2_ATC": 0.0, "Pos_0:Pos_2_TA": 0.07762891173629596, "Pos_1:Pos_2:Pos_3_CTA": 0.07805896903521789, "Pos_0:Pos_1:Pos_3_CCC": -0.07224021119987528, "Pos_0:Pos_1:Pos_2_CCT": 0.0, "Pos_0:Pos_2_GC": 0.0, "Pos_0:Pos_1:Pos_3_ATA": 0.0, "Pos_0:Pos_2:Pos_3_CAC": 0.0, "Pos_0:Pos_1:Pos_2_TAC": 0.028785633312717593, "Pos_0:Pos_1:Pos_3_AAA": 0.0, "Pos_0:Pos_2:Pos_3_TTT": 0.0, "Pos_1:Pos_2:Pos_3_CAA": 0.0, "Pos_1:Pos_2:Pos_3_TTG": 0.0, "Pos_0:Pos_2:Pos_3_AAG": 0.0, "Pos_0:Pos_1:Pos_3_AGG": 0.0, "Pos_0:Pos_2:Pos_3_GTC": 0.05681145141668714, "Pos_1:Pos_2:Pos_3_GTT": 0.0, "Pos_1:Pos_2_CT": 0.00881407789296753, "Pos_0:Pos_1:Pos_3_TTA": 0.0, "Pos_0:Pos_3_AG": 0.0, "Pos_1_T": 0.0, "Pos_1:Pos_3_AG": 0.0, "Pos_0:Pos_1:Pos_3_AAG": 0.02254478973127566, "Pos_0:Pos_1:Pos_2_TTC": 0.0, "Pos_0:Pos_2_CA": -0.06663788213481779, "Pos_0:Pos_2:Pos_3_AGA": 0.0, "AtoT": 0.8286909507359798, "Pos_2:Pos_3_CA": 0.14854945548339835, "Pos_0:Pos_1_CA": 0.08437802476671367, "Pos_0:Pos_2:Pos_3_CGC": 0.0, "Pos_1:Pos_2:Pos_3_CGT": 0.0, "Pos_0:Pos_2:Pos_3_CGG": 0.0, "Pos_0:Pos_1:Pos_3_GAG": 0.0, "Pos_0:Pos_1:Pos_2_CTC": 0.0, "Pos_0:Pos_1:Pos_3_TGG": 0.0, "Pos_1:Pos_2:Pos_3_CAG": 0.13923296670338559, "Pos_0:Pos_2_TT": 0.0, "Pos_0:Pos_1_GT": 0.0, "Pos_1:Pos_2:Pos_3_GCG": 0.0, "Pos_1:Pos_2:Pos_3_GCA": 0.0, "Pos_1:Pos_2:Pos_3_TAT": 0.0, "Pos_0:Pos_1:Pos_2_CGT": 0.0, "Pos_0:Pos_1:Pos_2_CGG": 0.0, "Pos_2:Pos_3_AT": 0.0, "Pos_1:Pos_3_TG": 0.0, "Pos_0:Pos_1:Pos_3_GGG": 0.0, "Pos_0:Pos_1:Pos_2_GCG": 0.0, "Pos_0:Pos_2:Pos_3_CAT": 0.0, "Pos_1:Pos_2:Pos_3_CTG": 0.0, "Pos_0:Pos_2:Pos_3_GGT": 0.0, "Pos_0:Pos_1:Pos_3_CTA": 0.0, "Pos_0:Pos_3_AT": 0.0, "Pos_0:Pos_1:Pos_3_TAG": 0.0, "Pos_0_G": -0.008008734500337211, "Pos_0:Pos_2:Pos_3_TAT": 0.035340743030710275, "Pos_0:Pos_1:Pos_3_AAC": -0.008398623521189254, "Pos_0:Pos_1:Pos_3_CCT": 0.010488130821492185, "Pos_1:Pos_2:Pos_3_GAA": 0.05065429033336079, "Pos_0:Pos_2_AA": 0.0, "Pos_1:Pos_2:Pos_3_CGA": 0.0, "Pos_1:Pos_2_AT": 0.0, "Pos_0:Pos_1_CT": 0.0, "Pos_0:Pos_1:Pos_3_CAC": 0.0, "Pos_1:Pos_3_CT": 0.0, "Pos_0:Pos_2:Pos_3_CCC": 0.11578172113075914, "Pos_0:Pos_1:Pos_3_GTC": 0.0, "Pos_0:Pos_1:Pos_2_AGG": 0.0, "Pos_2:Pos_3_AA": 0.0, "Pos_2:Pos_3_TT": 0.09950114708094245, "Pos_1:Pos_2:Pos_3_CCA": 0.03500418770552739, "Pos_0:Pos_2:Pos_3_GAG": 0.0, "Pos_1:Pos_2_CC": 0.0, "Pos_1:Pos_2:Pos_3_TTA": 0.0, "Pos_0:Pos_1_TG": 0.03430469340247276, "Pos_1:Pos_2:Pos_3_ATG": 0.03150646874635419, "Pos_1:Pos_2:Pos_3_TAG": 0.0, "GtoA": -0.5375707941772816, "CtoT": -0.5296247715412048, "Pos_0:Pos_1:Pos_2_CTA": -0.0708493224002118, "Pos_1:Pos_2:Pos_3_AGG": 0.0, "Pos_1:Pos_2:Pos_3_ACT": 0.061062356804531, "Pos_1:Pos_2:Pos_3_CTC": 0.02353653253265458, "Pos_1:Pos_3_AC": 0.0, "Pos_1:Pos_2_TT": 0.0983518555571718, "Pos_0:Pos_1:Pos_2_AAG": 0.0, "Pos_0:Pos_1:Pos_3_ACC": 0.12585255357173836, "Pos_0:Pos_1:Pos_3_GGA": 0.0, "Pos_1_G": 0.2993137481354145, "Pos_0:Pos_1:Pos_3_CAG": 0.0, "Pos_0:Pos_2:Pos_3_ACC": 0.0, "CtoA": 0.014523214025382734, "Pos_0:Pos_3_TG": 0.0, "Pos_0:Pos_1:Pos_3_GTA": 0.0, "Pos_1:Pos_2:Pos_3_GTC": 0.11127669131666261, "Pos_0:Pos_1:Pos_2_AGC": 0.017367902009699572, "Pos_0:Pos_1:Pos_2_CGC": 0.0, "Pos_2_C": 0.1748621290693066, "Pos_0:Pos_2_GG": 0.0, "Pos_0:Pos_1:Pos_3_GAT": 0.0, "Pos_1:Pos_2:Pos_3_TTC": 0.0, "Pos_0:Pos_1:Pos_2_TGG": 0.0, "Pos_0:Pos_2:Pos_3_TCA": 0.0, "Pos_0:Pos_2:Pos_3_GTG": 0.0021334652641094823, "Pos_0:Pos_2:Pos_3_AGT": 0.0, "Pos_0:Pos_2:Pos_3_AGG": 0.0, "Pos_0:Pos_1:Pos_2_ACC": 0.0, "Pos_0:Pos_1:Pos_2_GAA": 0.0, "Pos_2:Pos_3_TC": 0.0, "TtoA": 0.9574136149848415, "Pos_0:Pos_1:Pos_2_AGT": 0.0, "Pos_0:Pos_2:Pos_3_CAA": 0.0, "Pos_0:Pos_2:Pos_3_CCA": 0.0, "Pos_0:Pos_2_AT": 0.04084912881750459, "Pos_0_T": 0.11566410681775281, "Pos_0:Pos_3_TT": 0.01485795440280567, "Pos_0:Pos_1:Pos_2_GGT": 0.0, "Pos_1:Pos_3_TC": 0.0, "Pos_0:Pos_2:Pos_3_TAA": 0.0, "Pos_0:Pos_2:Pos_3_AGC": 0.0, "Pos_0:Pos_1:Pos_2_CAA": 0.010432740572793755, "Pos_0:Pos_2:Pos_3_GCG": 0.0, "Pos_1:Pos_2_TA": -0.05474727812922277, "Pos_0:Pos_2_AC": 0.0, "Pos_0:Pos_2:Pos_3_TAC": 0.0, "Pos_0:Pos_2_TG": 0.0, "Pos_1:Pos_2:Pos_3_CAT": 0.052834607591400025, "Pos_0:Pos_1:Pos_2_TAG": -0.03520822600073366, "Pos_0:Pos_1:Pos_2_CAC": 0.0, "Pos_0:Pos_1:Pos_2_GGC": 0.0, "Pos_0:Pos_1:Pos_2_TCA": 0.0,