{"param_C": {"1": 1.0, "3": 100.0, "0": 0.1, "2": 10.0}, "rank_test_score": {"1": 2, "3": 4, "0": 1, "2": 3}, "param_penalty": {"1": "l1", "3": "l1", "0": "l1", "2": "l1"}, "split0_test_score": {"1": 0.7764936294, "3": 0.7750470186, "0": 0.7822603592, "2": 0.7751795099}, "params": {"1": {"C": 1.0, "penalty": "l1"}, "3": {"C": 100.0, "penalty": "l1"}, "0": {"C": 0.1, "penalty": "l1"}, "2": {"C": 10.0, "penalty": "l1"}}, "best_c_choice": 0.1}