{"Pos_2_G": -0.2279477627955361, "AtoT": 0.7314165091200971, "GtoC": -0.5655816039085156, "Pos_0_C": 0.0, "Pos_3_T": 0.03206114491826758, "Pos_0_G": -0.05648268154524329, "Pos_1_T": 0.0564139250715047, "CtoT": -0.40466270859805675, "Pos_2_A": 0.0, "Pos_2_T": 0.024669565967831632, "GtoA": -0.40216749722215056, "CtoA": 0.0, "Pos_3_C": 0.0, "AtoG": 0.04818957955614673, "Pos_1_A": 0.0, "Pos_1_C": -0.18519475387351955, "TtoC": 0.1786570854025342, "Pos_0_A": 0.01724649049983037, "TtoA": 0.897292961799461, "Pos_3_A": -0.03828122781899256, "TtoG": 0.0, "CtoG": -0.684662536203484, "Pos_0_T": 0.17855136639082964, "AtoC": 0.0, "Pos_3_G": 0.0, "Pos_2_C": 0.08715667474529214, "GtoT": 0.12212819539352246, "Pos_1_G": 0.2063764446474901}