{"split0_test_score": {"3": 0.6714127344, "0": 0.6702938723, "1": 0.6713072302, "4": 0.6715666169, "2": 0.6715120012}, "rank_test_score": {"3": 3, "0": 5, "1": 4, "4": 1, "2": 2}, "param_alpha": {"3": 2.0, "0": 0.01, "1": 0.1, "4": 3.0, "2": 1.0}, "best_a_choice": 3.0, "params": {"3": {"alpha": 2.0}, "0": {"alpha": 0.01}, "1": {"alpha": 0.1}, "4": {"alpha": 3.0}, "2": {"alpha": 1.0}}}