{"Pos_0_G": 0.0, "Pos_3_C": 0.0, "Pos_5_T": 0.06440497552984908, "GtoA": -0.4336827343853766, "Pos_1_G": -0.08799625741652528, "Pos_5_C": -0.003238289689061776, "TtoA": 0.4861751863392773, "Pos_3_T": 0.01645855166105444, "Pos_2_C": -0.11137905963910753, "CtoG": -0.5168600412397083, "Pos_0_C": -0.026177204334703896, "GC_feature": -0.05898459707025384, "Pos_4_T": 0.03610985692627611, "Pos_5_G": -0.019779371431233633, "AtoC": -0.05644505471078137, "CtoT": -0.3769854465254418, "Pos_5_A": 0.10319395378630855, "Pos_1_C": 0.0, "Pos_3_A": -0.14444385842214738, "Pos_4_G": 0.0, "Pos_4_C": 0.0, "Pos_3_G": -0.2633002388998832, "Pos_4_A": -0.04281065948422967, "Pos_1_A": 0.06810696592597283, "GtoC": -0.4920035165507771, "GtoT": -0.00042433761547389104, "CtoA": 0.033155083142193044, "TtoC": 0.0, "Pos_1_T": 0.13524867315483818, "Pos_2_G": 0.2692035184646103, "Pos_2_T": -0.0003865872688550588, "TtoG": 0.0, "Pos_0_A": 0.07534011930828542, "AtoT": 0.4736033230365666, "AtoG": 0.011417311649625044, "Pos_0_T": 0.18169247751879325, "Pos_2_A": 0.0}