{"Pos_2:Pos_3_TG": -0.0035602612079059133, "Pos_1:Pos_3_TA": 0.012609310089588032, "Pos_1:Pos_3_CC": 0.0, "Pos_0:Pos_1_GT": 0.0, "CtoA": 0.07055571625758886, "Pos_0:Pos_1_CC": 0.03110594674247024, "GtoT": 0.2325144414269528, "Pos_0:Pos_1_AA": 0.0, "Pos_0:Pos_2_GG": 0.0, "Pos_2_C": 0.0399791273925412, "Pos_0:Pos_3_AG": -0.054133567241571035, "Pos_0:Pos_2_GA": 0.0, "Pos_0:Pos_3_TT": 0.0, "Pos_2:Pos_3_AA": 0.0, "Pos_1:Pos_3_GG": 0.03316731826545774, "Pos_0:Pos_2_TT": 0.0, "GtoA": -0.40988301751440276, "Pos_2:Pos_3_GG": 0.07132485302369608, "Pos_0:Pos_2_TA": 0.0, "Pos_0:Pos_1_CA": 0.07804685423321467, "TtoG": 0.2201296721625166, "Pos_2:Pos_3_AC": -0.032891093834225976, "Pos_2_A": 0.0, "Pos_0:Pos_3_AA": 0.013343392747924308, "Pos_2:Pos_3_TA": 0.0, "Pos_3_A": 0.0, "Pos_1:Pos_3_AG": 0.0, "Pos_1:Pos_3_TG": 0.0, "AtoG": 0.2041588059312379, "Pos_1:Pos_3_AC": 0.04769254783089735, "Pos_1:Pos_2_TG": 0.0, "Pos_0:Pos_3_GT": 0.0, "Pos_2:Pos_3_TT": 0.09933359828736536, "Pos_0:Pos_2_CG": 0.05959270536007446, "Pos_1:Pos_3_GC": 0.0, "Pos_1:Pos_3_GA": 0.0, "Pos_1:Pos_2_GC": 0.12279110577808562, "Pos_0:Pos_3_CT": 0.0, "GtoC": -1.5190746885462747, "Pos_1:Pos_2_AA": 0.11207490812969895, "Pos_0:Pos_2_TG": -0.021038903137481788, "Pos_0:Pos_1_CT": 0.0, "Pos_0:Pos_1_TA": 0.026958206003042023, "Pos_1:Pos_2_GG": 0.0, "Pos_2:Pos_3_CG": -0.033430816571935154, "Pos_0_T": 0.16596264634515068, "Pos_1:Pos_3_CG": 0.0, "Pos_1:Pos_2_CT": 0.07190472150976644, "Pos_0:Pos_2_AC": 0.0, "Pos_2:Pos_3_TC": 0.10733412728194974, "Pos_1:Pos_2_AC": 0.0, "Pos_1:Pos_2_CG": -0.037198983042854794, "TtoA": 0.9890671598908691, "Pos_1:Pos_3_GT": 0.07761214457698526, "Pos_0_A": 0.0, "Pos_0:Pos_3_AC": 0.0, "Pos_1_A": 0.0, "Pos_0:Pos_3_TA": -0.002878173691842181, "Pos_3_C": 0.0, "Pos_1:Pos_3_TC": 0.06197276894981437, "Pos_0_C": 0.0, "Pos_0:Pos_1_TC": -0.015577219099405034, "Pos_0:Pos_2_TC": 0.015048574532777342, "Pos_0:Pos_3_CA": 0.06976119568755722, "Pos_1:Pos_2_CC": 0.0, "Pos_0:Pos_1_CG": -0.31042448089269314, "Pos_0:Pos_1_GC": 0.0, "Pos_2:Pos_3_GT": 0.0, "Pos_1:Pos_3_CA": 0.014661756923744343, "Pos_1_G": 0.2527098808247551, "Pos_1:Pos_2_GA": 0.0, "Pos_0:Pos_1_GG": 0.0, "Pos_0:Pos_1_TG": 0.0, "Pos_0:Pos_3_TC": 0.0, "Pos_1:Pos_2_TA": -0.19147011318254656, "TtoC": 0.2013739158693188, "Pos_0:Pos_3_GG": 0.0, "Pos_2:Pos_3_GC": 0.0, "Pos_0:Pos_2_CT": 0.0, "Pos_0:Pos_1_GA": -0.03907359950151233, "Pos_2:Pos_3_CA": 0.1621984844839693, "Pos_2_T": 0.021963553617895683, "AtoT": 1.0292697549086995, "Pos_1:Pos_2_TC": 0.0, "Pos_0:Pos_3_CC": 0.0, "Pos_0:Pos_2_CA": -0.09081579688699161, "CtoG": -1.5627125612616968, "Pos_0:Pos_3_TG": 0.030294317428242203, "Pos_3_G": 0.0, "Pos_2_G": -0.11322150367815995, "Pos_0:Pos_2_AT": 0.13797229899322408, "Pos_2:Pos_3_GA": -0.11623550018733805, "Pos_0:Pos_1_AG": 0.07966785248086629, "Pos_1_C": -0.12172812728519325, "Pos_1_T": 0.0, "Pos_0:Pos_1_AC": 0.0, "Pos_0:Pos_1_TT": 0.0, "Pos_1:Pos_3_TT": 0.0, "Pos_0:Pos_2_CC": 0.01682031178718086, "Pos_0:Pos_3_CG": 0.07401955834807945, "CtoT": -0.36245032272388356, "Pos_0_G": -0.048801704866604595, "Pos_1:Pos_3_AA": -0.02532454091325816, "Pos_0:Pos_2_AG": -0.04145301549460019, "Pos_3_T": 0.0, "Pos_2:Pos_3_CC": 0.0, "Pos_2:Pos_3_AG": 0.2114584698400997, "Pos_0:Pos_2_GC": -0.0009424277540784217, "Pos_0:Pos_1_AT": 0.0, "Pos_1:Pos_2_TT": 0.07207540437144855, "Pos_2:Pos_3_CT": 0.12035888241449046, "Pos_2:Pos_3_AT": 0.0, "Pos_1:Pos_2_CA": 0.0, "Pos_1:Pos_3_CT": -0.05108195691226531, "Pos_0:Pos_3_GA": 0.0, "Pos_0:Pos_2_GT": 0.0, "Pos_1:Pos_2_GT": 0.0, "AtoC": -0.03605674389026832, "Pos_0:Pos_3_AT": 0.005502438062384738, "Pos_0:Pos_3_GC": 0.10812229377618289, "Pos_0:Pos_2_AA": 0.0, "Pos_1:Pos_3_AT": 0.10319062558841978, "Pos_1:Pos_2_AT": 0.0, "Pos_1:Pos_2_AG": 0.0}