{"rank_test_score": {"1": 2, "2": 3, "3": 4, "0": 1}, "best_c_choice": 0.1, "param_C": {"1": 1.0, "2": 10.0, "3": 100.0, "0": 0.1}, "params": {"1": {"penalty": "l1", "C": 1.0}, "2": {"penalty": "l1", "C": 10.0}, "3": {"penalty": "l1", "C": 100.0}, "0": {"penalty": "l1", "C": 0.1}}, "param_penalty": {"1": "l1", "2": "l1", "3": "l1", "0": "l1"}, "split0_test_score": {"1": 0.767914497, "2": 0.7674498828, "3": 0.7674109368, "0": 0.7701325961}}