{"best_a_choice": 3.0, "param_alpha": {"4": 3.0, "3": 2.0, "2": 1.0, "0": 0.01, "1": 0.1}, "split0_test_score": {"4": 0.6477586423, "3": 0.6461274233, "2": 0.6424336533, "0": 0.621267018, "1": 0.6310935441}, "rank_test_score": {"4": 1, "3": 2, "2": 3, "0": 5, "1": 4}, "params": {"4": {"alpha": 3.0}, "3": {"alpha": 2.0}, "2": {"alpha": 1.0}, "0": {"alpha": 0.01}, "1": {"alpha": 0.1}}}