{"param_alpha": {"0": 0.01, "1": 0.1, "2": 1.0, "4": 3.0, "3": 2.0}, "rank_test_score": {"0": 1, "1": 2, "2": 5, "4": 3, "3": 4}, "params": {"0": {"alpha": 0.01}, "1": {"alpha": 0.1}, "2": {"alpha": 1.0}, "4": {"alpha": 3.0}, "3": {"alpha": 2.0}}, "split0_test_score": {"0": 0.7001411406, "1": 0.6975681862, "2": 0.6956399008, "4": 0.696097654, "3": 0.6957886706}, "best_a_choice": 0.01}