{"rank_test_score": {"0": 1, "3": 4, "2": 3, "1": 2, "4": 5}, "split0_test_score": {"0": 0.7548674423, "3": 0.7510146862, "2": 0.7528609575, "1": 0.754684341, "4": 0.7497444211}, "param_alpha": {"0": 0.01, "3": 2.0, "2": 1.0, "1": 0.1, "4": 3.0}, "best_a_choice": 0.01, "params": {"0": {"alpha": 0.01}, "3": {"alpha": 2.0}, "2": {"alpha": 1.0}, "1": {"alpha": 0.1}, "4": {"alpha": 3.0}}}