{"split0_test_score": {"3": 0.7805931991, "0": 0.7827890708, "4": 0.7796834808, "2": 0.781455863, "1": 0.7828361252}, "rank_test_score": {"3": 4, "0": 2, "4": 5, "2": 3, "1": 1}, "best_a_choice": 0.1, "params": {"3": {"alpha": 2.0}, "0": {"alpha": 0.01}, "4": {"alpha": 3.0}, "2": {"alpha": 1.0}, "1": {"alpha": 0.1}}, "param_alpha": {"3": 2.0, "0": 0.01, "4": 3.0, "2": 1.0, "1": 0.1}}