{"CtoA": -0.0458832646504293, "AtoT": 0.43196398243900674, "GtoC": -0.8311819913718457, "TtoC": 0.0, "GC_feature": -0.11514743007020524, "AtoC": -0.0920870749904692, "AtoG": 0.021557173107899702, "GtoA": -0.45888582467506134, "CtoT": -0.4354894432857972, "GtoT": 0.008244314331153494, "TtoA": 0.38518557843767104, "CtoG": -0.8756953604642802, "TtoG": 0.0011189155219312823}