{"param_alpha": {"0": 0.01, "2": 1.0, "4": 3.0, "1": 0.1, "3": 2.0}, "rank_test_score": {"0": 5, "2": 3, "4": 1, "1": 4, "3": 2}, "best_a_choice": 3.0, "params": {"0": {"alpha": 0.01}, "2": {"alpha": 1.0}, "4": {"alpha": 3.0}, "1": {"alpha": 0.1}, "3": {"alpha": 2.0}}, "split0_test_score": {"0": 0.6456755313, "2": 0.6492724167, "4": 0.6505400815, "1": 0.6473649558, "3": 0.6500152673}}