{"GtoA": -0.42371342856399524, "GtoT": 0.01366602901594992, "GtoC": -0.5990010899237148, "TtoA": 0.4119877404903774, "CtoT": -0.4846767408551419, "CtoG": -0.6362566177069323, "GC_feature": -0.10475095935517215, "AtoC": -0.09381059049814582, "AtoG": 0.01422873039352343, "TtoC": 0.008229996911067091, "TtoG": 0.0, "CtoA": -0.03579494090258021, "AtoT": 0.3848368028357963}