{"split0_test_score": {"2": 0.6423552293, "4": 0.64716262, "1": 0.6327875024, "0": 0.6239020641, "3": 0.6460803689}, "rank_test_score": {"2": 3, "4": 1, "1": 4, "0": 5, "3": 2}, "best_a_choice": 3.0, "params": {"2": {"alpha": 1.0}, "4": {"alpha": 3.0}, "1": {"alpha": 0.1}, "0": {"alpha": 0.01}, "3": {"alpha": 2.0}}, "param_alpha": {"2": 1.0, "4": 3.0, "1": 0.1, "0": 0.01, "3": 2.0}}