{"Pos_1_A": 0.0, "Pos_0:Pos_1_CA": 0.0, "Pos_0:Pos_1_CG": -0.030895526715992837, "Pos_0:Pos_1_CT": 0.08643213135912302, "Pos_0:Pos_1_GC": 0.08226052859153508, "Pos_0_T": 0.0, "GtoC": -2.3243571385491357, "AtoG": 0.45891450461314953, "Pos_0:Pos_1_AA": 0.20755700430610535, "Pos_0_A": 0.0, "Pos_0:Pos_1_AG": 0.036048466701200495, "CtoG": -2.403235851759102, "Pos_0:Pos_1_CC": 0.0, "TtoG": 0.4768178049831908, "GtoT": 0.5161121527686621, "AtoT": 1.2127279250934446, "Pos_1_C": 0.1484589901237526, "Pos_1_G": -0.18809899229462462, "Pos_1_T": 0.09076959311080694, "Pos_0:Pos_1_TT": 0.1705137425670504, "Pos_0:Pos_1_TC": 0.032387738498490685, "TtoA": 1.3389687236712904, "Pos_0:Pos_1_GA": 0.04839126634147082, "AtoC": 0.09998063617911263, "TtoC": 0.49148198300810686, "Pos_0:Pos_1_TG": 0.1733586529380714, "Pos_0:Pos_1_AT": -0.059745885496410155, "Pos_0:Pos_1_GT": 0.10400399630425117, "GtoA": -0.1918560673114757, "Pos_0:Pos_1_GG": 0.0, "Pos_0_C": -0.0911285125637446, "Pos_0:Pos_1_TA": -0.1864139723023426, "CtoT": -0.14298375476376723, "Pos_0_G": 0.269948733561204, "Pos_0:Pos_1_AC": 0.0, "CtoA": 0.4190932321483139}