{"param_alpha": {"1": 0.1, "2": 1.0, "0": 0.01, "3": 2.0, "4": 3.0}, "best_a_choice": 0.01, "params": {"1": {"alpha": 0.1}, "2": {"alpha": 1.0}, "0": {"alpha": 0.01}, "3": {"alpha": 2.0}, "4": {"alpha": 3.0}}, "rank_test_score": {"1": 2, "2": 5, "0": 1, "3": 4, "4": 3}, "split0_test_score": {"1": 0.6856868863, "2": 0.6840294278, "0": 0.6866716285, "3": 0.684434966, "4": 0.685018941}}