{"Pos_2:Pos_3_CG": -0.020355293950125072, "Pos_0:Pos_1:Pos_2_GTT": 0.0, "Pos_0:Pos_1:Pos_3_CAT": 0.026138927070905368, "Pos_0:Pos_1:Pos_2_ATC": -0.0015285847383029853, "Pos_1:Pos_3_AG": 0.0, "Pos_0:Pos_1:Pos_3_GCG": 0.0, "Pos_1:Pos_2:Pos_3_AAG": 0.0, "Pos_0:Pos_1:Pos_2_AAC": 0.030810825232868985, "Pos_0:Pos_1:Pos_3_CCA": 0.0, "Pos_1:Pos_3_AT": 0.02141341553821831, "Pos_0:Pos_2:Pos_3_AGT": 0.0, "Pos_1:Pos_3_CA": 0.0, "Pos_0:Pos_2:Pos_3_AAC": 0.0, "Pos_1:Pos_3_GA": 0.0, "Pos_0:Pos_1:Pos_3_TGG": 0.0, "Pos_1_G": 0.16414684959877335, "Pos_0:Pos_1:Pos_2_GTG": -0.06185630942783347, "Pos_1:Pos_2:Pos_3_TAG": 0.010413619840260147, "Pos_0:Pos_1_GA": 0.0, "Pos_1:Pos_2:Pos_3_TCT": 0.0, "Pos_0:Pos_2:Pos_3_TTC": 0.0, "Pos_0:Pos_1:Pos_2_CCT": 0.0, "Pos_1:Pos_2:Pos_3_GGT": -0.027340006600579756, "Pos_3_G": 0.0, "Pos_0:Pos_3_CG": 0.0, "Pos_0:Pos_1:Pos_2_TCA": -0.013671184817365803, "Pos_0:Pos_1:Pos_3_AGA": 0.0, "Pos_0:Pos_2:Pos_3_GTT": 0.0, "Pos_0:Pos_1:Pos_2_AGC": 0.0, "Pos_0:Pos_1_CT": 0.0, "Pos_0:Pos_1:Pos_2_ATT": 0.013433563045803816, "Pos_1:Pos_2:Pos_3_ACT": 0.06136440966503201, "Pos_0:Pos_1:Pos_2_CTT": -0.0034063426207413296, "Pos_0:Pos_2:Pos_3_TGC": 0.0, "Pos_0:Pos_2:Pos_3_GGG": 0.0, "Pos_1:Pos_2_TT": 0.0, "Pos_0:Pos_1:Pos_2_CGC": 0.0, "AtoG": 0.0, "Pos_1:Pos_2:Pos_3_CTA": 0.0, "Pos_0:Pos_1:Pos_3_CAC": 0.0, "Pos_0:Pos_1:Pos_2_ACG": -0.06809383144748103, "Pos_0:Pos_1:Pos_3_GCC": 0.0, "Pos_0:Pos_1:Pos_2_CTA": -0.03425787432804575, "Pos_1:Pos_2:Pos_3_GTG": 0.015729824080528507, "Pos_1:Pos_2:Pos_3_TCG": -0.050156812555675036, "Pos_1:Pos_2:Pos_3_TTG": 0.0, "Pos_1:Pos_3_TC": 0.0, "TtoC": 0.024236452644842563, "Pos_0:Pos_1:Pos_2_AGG": 0.0, "Pos_1:Pos_2:Pos_3_TGT": 0.0045180159015281995, "Pos_2:Pos_3_AC": 0.0, "Pos_0:Pos_1:Pos_3_CGG": -0.03684926486674203, "Pos_0:Pos_2_CC": 0.0, "Pos_0:Pos_1:Pos_2_GGA": 0.0, "Pos_0:Pos_1:Pos_2_TTA": -0.0048220113601495414, "Pos_0:Pos_1:Pos_3_TGA": 0.0, "CtoA": 0.0, "Pos_0_C": 0.0, "Pos_0:Pos_2:Pos_3_TCC": 0.0, "Pos_0:Pos_3_CC": 0.0, "Pos_0:Pos_1:Pos_2_AAG": -0.003285668225045501, "Pos_0:Pos_1:Pos_2_GCA": -0.039331754683702494, "Pos_1:Pos_2:Pos_3_TCA": 0.006713164170753528, "Pos_1:Pos_3_CC": 0.0, "Pos_0:Pos_1:Pos_2_CAA": 0.0, "Pos_0:Pos_3_CT": 0.0, "AtoC": -0.059093861342261106, "Pos_1:Pos_3_TT": 0.0, "Pos_0:Pos_3_GG": 0.0, "Pos_1:Pos_2:Pos_3_AGT": 0.0, "Pos_1:Pos_2:Pos_3_TAC": -0.002172855604089994, "Pos_1:Pos_2:Pos_3_GCC": 0.0, "Pos_1:Pos_2:Pos_3_ACA": 0.0, "Pos_1:Pos_3_TA": 0.0, "Pos_0:Pos_2:Pos_3_AAT": 0.0, "Pos_0:Pos_1:Pos_3_CTT": 0.0, "Pos_0:Pos_1_GC": 0.0, "Pos_1:Pos_2:Pos_3_TTC": -0.0007185812474417858, "Pos_0:Pos_1:Pos_3_TTA": 0.0, "Pos_1:Pos_2:Pos_3_GAT": 0.0, "Pos_0:Pos_2_AG": 0.0, "Pos_0:Pos_2:Pos_3_GAC": 0.0, "Pos_0:Pos_1:Pos_3_GGA": 0.029830332705706338, "Pos_0:Pos_2_AA": 0.0, "Pos_0:Pos_1:Pos_2_CCA": 0.011297983426937568, "Pos_1:Pos_2:Pos_3_GAA": 0.0, "Pos_0_G": 0.0, "Pos_0:Pos_2:Pos_3_ACG": -0.018933339380246758, "Pos_1:Pos_2:Pos_3_CTG": 0.011143758877606755, "Pos_1:Pos_2_CG": -0.14982748326678388, "Pos_0:Pos_1_GT": 0.0, "Pos_0:Pos_2:Pos_3_AGC": 0.0, "Pos_0:Pos_2:Pos_3_CCA": 0.0, "Pos_0:Pos_1:Pos_2_GGG": -0.008530851122700033, "Pos_1:Pos_2:Pos_3_AGA": 0.0, "Pos_3_T": 0.0, "Pos_2:Pos_3_GC": 0.0, "Pos_0:Pos_2:Pos_3_CCC": 0.041657561499766294, "Pos_1:Pos_2:Pos_3_CCA": 0.0, "Pos_0:Pos_3_AC": 0.0, "Pos_0:Pos_2:Pos_3_GCT": 0.0, "Pos_1:Pos_2:Pos_3_TGG": -9.03301629583933e-05, "Pos_0:Pos_1:Pos_3_GCT": -0.029699095636491774, "Pos_0:Pos_2:Pos_3_GGA": -0.0032645278722493944, "Pos_0:Pos_1_CC": 0.0, "Pos_0:Pos_1:Pos_3_ACA": 0.0, "Pos_0:Pos_1:Pos_2_GAT": -0.0683189691924157, "Pos_0:Pos_1:Pos_3_ATA": 0.0, "Pos_0:Pos_1:Pos_3_GTC": 0.0, "Pos_1:Pos_2:Pos_3_TAA": 0.0, "Pos_0:Pos_1:Pos_3_TAG": 0.0, "Pos_0:Pos_2:Pos_3_GCA": 0.03915156331838163, "Pos_0:Pos_1:Pos_3_AAT": 0.0, "Pos_0:Pos_1:Pos_3_CTC": 0.0, "Pos_1:Pos_2:Pos_3_CTT": 0.0, "Pos_1:Pos_2:Pos_3_CTC": 0.01956145323822462, "Pos_2:Pos_3_GA": 0.0, "Pos_0:Pos_1:Pos_3_GGG": 0.0, "Pos_0:Pos_2:Pos_3_TGT": -0.04093548239289568, "Pos_0:Pos_3_GC": 0.0, "Pos_0:Pos_2:Pos_3_CAT": -0.032361642502759566, "Pos_0:Pos_1:Pos_3_AGC": 0.12519799371118567, "Pos_0:Pos_1:Pos_3_ACT": 0.0, "Pos_0:Pos_1_GG": 0.0, "Pos_1:Pos_3_CT": -0.005437977652297842, "Pos_1:Pos_2:Pos_3_AAC": 0.0, "Pos_0:Pos_1:Pos_2_TGT": 0.0, "Pos_0:Pos_1:Pos_2_CGT": 0.0, "Pos_2_A": 0.0, "Pos_0:Pos_2:Pos_3_TTT": 0.0025849665195826457, "Pos_1:Pos_2_GC": 0.0006753500390992992, "Pos_0:Pos_1:Pos_3_GTT": 0.0, "Pos_0:Pos_2:Pos_3_TCG": -0.018468396206436942, "Pos_1:Pos_2:Pos_3_CAG": 0.0, "Pos_1:Pos_2:Pos_3_CAC": -0.04269651220721254, "Pos_0:Pos_3_AG": 0.0, "Pos_2:Pos_3_TC": 0.0, "Pos_0:Pos_1:Pos_2_TCC": 0.0, "Pos_0:Pos_2:Pos_3_GAT": -0.0715095021185438, "Pos_0:Pos_1:Pos_3_CTA": 0.0, "Pos_1:Pos_2:Pos_3_CAT": 0.0, "Pos_0:Pos_1:Pos_2_CGG": 0.0, "Pos_0:Pos_2:Pos_3_ACA": 0.0, "Pos_0:Pos_1:Pos_3_CGT": 0.0, "Pos_0:Pos_1:Pos_2_GAA": 0.0, "Pos_0:Pos_1_AG": 0.0, "Pos_0:Pos_1:Pos_2_TTT": 0.050842065938367896, "Pos_0:Pos_1:Pos_3_CCT": 0.0, "Pos_0:Pos_2_TA": 0.0, "Pos_0:Pos_1:Pos_3_TAC": -0.029103213340487863, "Pos_0:Pos_1:Pos_3_GAA": -0.05989701671770929, "Pos_0:Pos_1:Pos_3_AGG": 0.017229677877794763, "Pos_1:Pos_2:Pos_3_GGC": 0.03205563399810395, "Pos_0:Pos_2:Pos_3_CGG": -0.020638039889935383, "Pos_1:Pos_2:Pos_3_TCC": 0.0, "Pos_0:Pos_3_AA": 0.0, "Pos_0:Pos_2:Pos_3_CCG": 0.0, "Pos_0:Pos_1:Pos_2_TCG": 0.032075620700163954, "Pos_1:Pos_2:Pos_3_CCT": 0.0, "Pos_1:Pos_2:Pos_3_ATC": 0.0, "Pos_0:Pos_1_TT": 0.0, "Pos_1:Pos_2_TC": 0.0, "Pos_1_C": 0.0, "Pos_0:Pos_1:Pos_2_GAC": 0.0, "Pos_0:Pos_1_CG": -0.03641713680574545, "Pos_1:Pos_3_GG": 0.0, "CtoG": -0.4267462265049912, "Pos_0:Pos_2:Pos_3_TGA": 0.0, "Pos_0:Pos_2:Pos_3_ACC": 0.0, "Pos_0:Pos_1_TG": 0.009878430175349822, "Pos_1:Pos_2:Pos_3_CGG": 0.0, "GtoT": 0.06218368096499215, "Pos_0:Pos_1_AA": 0.0, "Pos_0:Pos_1:Pos_2_TTC": 0.0, "Pos_0:Pos_2:Pos_3_CCT": 0.0, "Pos_0:Pos_2:Pos_3_ATC": 0.0, "GtoC": -0.5089116908502573, "Pos_0:Pos_2_GG": 0.0, "Pos_0:Pos_1:Pos_3_ATT": 0.023726142828453905, "Pos_0:Pos_2:Pos_3_TCA": 0.0, "Pos_0:Pos_3_TC": 0.0, "Pos_0:Pos_1:Pos_3_GAT": 0.0, "Pos_0:Pos_1:Pos_2_TGA": 0.0, "Pos_0:Pos_1:Pos_3_TCA": 0.0, "Pos_1:Pos_2:Pos_3_ACC": 0.0, "Pos_0:Pos_2:Pos_3_CTA": 0.006117555346538208, "Pos_1:Pos_2:Pos_3_GCA": 0.0, "Pos_0:Pos_2:Pos_3_GTC": 0.0, "Pos_0:Pos_2:Pos_3_CGC": 0.0, "Pos_0:Pos_1:Pos_2_CAC": 0.0, "Pos_0:Pos_3_AT": 0.0, "Pos_2_C": 0.013820961018443031, "Pos_0:Pos_2_AC": 0.0, "Pos_2:Pos_3_AG": 0.022522102092745334, "TtoA": 0.4614265660330519, "Pos_2:Pos_3_TA": 0.0, "Pos_0:Pos_2:Pos_3_GTA": 0.0, "Pos_0:Pos_1:Pos_2_AGA": 0.0, "Pos_1:Pos_2:Pos_3_GGA": 0.0, "Pos_0:Pos_3_GT": 0.0, "Pos_0:Pos_1:Pos_2_GGC": 0.0, "Pos_1:Pos_2:Pos_3_GAC": 0.0, "Pos_0:Pos_1:Pos_3_AGT": 0.0, "Pos_0:Pos_2:Pos_3_TGG": 0.0, "Pos_0:Pos_1:Pos_3_GTG": 0.0, "Pos_0:Pos_2:Pos_3_GGC": 0.0, "Pos_0:Pos_1:Pos_3_TTT": 0.0, "Pos_1:Pos_3_GC": 0.0, "Pos_0:Pos_1_AT": 0.0, "Pos_1:Pos_2_GG": 0.0, "Pos_0:Pos_1:Pos_2_GGT": 0.01954160239855624, "Pos_0:Pos_1:Pos_2_ACT": 0.008160028717211878, "Pos_0:Pos_1:Pos_2_ACC": -0.01403026041278597, "Pos_0:Pos_2:Pos_3_CTG": -0.058652068179786014, "Pos_0:Pos_1:Pos_3_CGC": 0.0, "Pos_1:Pos_2:Pos_3_GTT": 0.0, "Pos_1_A": 0.0, "Pos_1:Pos_3_GT": 0.0, "Pos_2:Pos_3_GG": 0.0, "Pos_0:Pos_2:Pos_3_AGA": -0.08916452106695844, "Pos_0:Pos_2:Pos_3_TTA": 0.0, "Pos_0:Pos_1:Pos_2_AAA": 0.07804524294432633, "Pos_1:Pos_2:Pos_3_TTA": 0.01867803880443754, "AtoT": 0.4314829953818599, "Pos_3_A": 0.0, "Pos_1:Pos_2:Pos_3_AAT": -0.07642027457600904, "Pos_0:Pos_1:Pos_2_CCC": 0.005359928619707004, "Pos_1:Pos_2:Pos_3_GTA": 0.037124563632646344, "Pos_2:Pos_3_TG": 0.0, "Pos_1:Pos_3_AC": -0.01688499826420985, "CtoT": -0.5041613617771765, "Pos_1:Pos_2:Pos_3_CGT": 0.0, "Pos_1:Pos_2:Pos_3_GCT": 0.07569537802538759, "Pos_2:Pos_3_CT": 0.0, "Pos_1:Pos_3_CG": 0.0, "Pos_1:Pos_2:Pos_3_CCG": -0.013306666633593712, "Pos_1:Pos_2:Pos_3_ACG": 0.0, "Pos_0:Pos_3_CA": 0.0, "Pos_0:Pos_1_AC": 0.0, "Pos_2:Pos_3_AA": -0.03798531380700911, "Pos_0:Pos_1:Pos_3_TCG": 0.0, "Pos_0:Pos_2:Pos_3_TAC": 0.0, "Pos_0:Pos_1:Pos_2_TCT": 0.0, "Pos_1:Pos_2:Pos_3_GAG": 0.0,