{"split0_test_score": {"2": 0.6741941636, "4": 0.6762311654, "1": 0.6735914553, "0": 0.6739156971, "3": 0.675246996}, "best_a_choice": 3.0, "param_alpha": {"2": 1.0, "4": 3.0, "1": 0.1, "0": 0.01, "3": 2.0}, "rank_test_score": {"2": 3, "4": 1, "1": 5, "0": 4, "3": 2}, "params": {"2": {"alpha": 1.0}, "4": {"alpha": 3.0}, "1": {"alpha": 0.1}, "0": {"alpha": 0.01}, "3": {"alpha": 2.0}}}