{"GtoA": -0.2609907558066912, "Pos_1_G": -0.06020170540497669, "Pos_1_C": 0.2608160392639138, "Pos_0_T": 0.0, "Pos_0_A": 0.08361516557981984, "Pos_1_T": 0.15931527710670335, "CtoT": -0.3844770211691259, "GtoC": -1.5672594880702586, "AtoC": 0.35443731846701776, "AtoG": 0.28467595952136443, "Pos_1_A": 0.0, "TtoC": 0.25700233732076727, "Pos_0_G": 0.3017527976260781, "AtoT": 1.164518447502762, "CtoG": -1.442479588437432, "TtoA": 0.8791788094901787, "GtoT": 0.4849373522001068, "Pos_0_C": -0.19518479003233327, "TtoG": 0.09863524219078215, "CtoA": 0.13950192218634858}