{"Pos_0_G": 0.0, "Pos_0:Pos_3_GC": 0.0, "Pos_2_C": 0.03421838475605874, "Pos_0:Pos_3_AC": 0.0, "Pos_3_A": 0.0, "Pos_1:Pos_2_CT": 0.0, "Pos_0:Pos_3_AA": -0.052053993712046276, "TtoG": 0.048654632134471215, "AtoG": 0.10078917364736587, "Pos_0:Pos_2_TT": 0.0, "Pos_0:Pos_2_CC": 0.0, "Pos_2:Pos_3_AT": -0.04255261798573154, "Pos_3_C": 0.0, "Pos_1:Pos_2_AT": -0.05845290592599752, "Pos_1:Pos_2_TA": -0.07441953469914962, "TtoC": 0.0, "Pos_0:Pos_2_AT": 0.1410168893118354, "Pos_1:Pos_2_TT": 0.0, "Pos_0_A": 0.0, "TtoA": 0.5139752041801188, "Pos_2:Pos_3_GT": 0.0, "Pos_0:Pos_1_TC": 0.1460623258439634, "Pos_2_A": 0.0, "Pos_2:Pos_3_CG": 0.0, "Pos_1:Pos_2_GT": 0.07787903214733376, "Pos_1:Pos_2_AC": 0.023692401408487752, "Pos_1:Pos_3_CA": 0.0, "Pos_0:Pos_1_AA": 0.0, "CtoT": -0.40705610590671193, "Pos_2_G": 0.0, "Pos_1:Pos_3_TT": 0.0, "GtoT": 0.11302956372369509, "Pos_1:Pos_3_AC": -0.06994195055079226, "Pos_0:Pos_2_GC": 0.0044173919348476, "Pos_1:Pos_2_TC": 0.0, "Pos_0:Pos_1_TG": 0.027286324529025168, "Pos_0:Pos_3_TC": 0.0, "Pos_2_T": 0.0, "Pos_1_T": 0.0, "Pos_1:Pos_3_CT": -0.03474552767344664, "Pos_1:Pos_3_GA": -0.15565463691067877, "Pos_0:Pos_1_CG": -0.15244993965165865, "Pos_2:Pos_3_AC": -0.09873572906443241, "Pos_0:Pos_2_CA": 0.0, "Pos_1_C": -0.0687345997772479, "Pos_0:Pos_3_TG": -0.1428188621997685, "Pos_0:Pos_3_GG": 0.0, "AtoC": -0.07087684935920283, "Pos_2:Pos_3_TA": 0.0, "Pos_0:Pos_3_TA": 0.057051072547852515, "Pos_1:Pos_2_GA": 0.0, "Pos_2:Pos_3_CC": 0.011429731942502911, "Pos_0:Pos_1_CA": 0.02698792733843566, "Pos_1:Pos_2_GG": 0.0, "Pos_1:Pos_2_CG": -0.18131382798410198, "Pos_0:Pos_1_GC": -0.002110920777237218, "Pos_1:Pos_2_CA": -0.06537719561656984, "Pos_1:Pos_2_TG": 0.0, "Pos_1:Pos_3_AA": 0.0, "Pos_3_G": 0.0, "Pos_2:Pos_3_GG": 0.020347779523092344, "Pos_0:Pos_1_GA": 0.0, "GtoC": -0.6182936063397492, "Pos_0:Pos_1_TA": -0.024244488179680026, "Pos_1:Pos_2_GC": 0.13056448861055572, "Pos_0:Pos_3_AT": -0.03001336096259698, "Pos_0:Pos_1_CC": 0.0, "Pos_2:Pos_3_TC": 0.014897434853776204, "Pos_1:Pos_2_AA": 0.02788769806168486, "Pos_1_A": 0.0, "Pos_0_C": 0.0, "Pos_1:Pos_2_AG": -0.13898903286468986, "Pos_1_G": 0.04490556532704014, "Pos_0:Pos_2_CT": 0.0, "Pos_0:Pos_1_CT": 0.0, "Pos_0:Pos_1_AT": 0.04154183435997274, "Pos_2:Pos_3_AA": -0.0324596776446275, "Pos_0:Pos_1_TT": -0.015528680124173222, "Pos_0:Pos_1_AC": -0.07525575448456118, "Pos_2:Pos_3_TG": -0.006375485593865893, "Pos_0:Pos_2_GG": 0.0, "Pos_0:Pos_1_GG": 0.14836223575627272, "Pos_0:Pos_3_CG": 0.0, "Pos_0_T": 0.0, "Pos_0:Pos_2_GT": 0.07353124953920678, "Pos_1:Pos_3_GC": 0.03978886149671031, "Pos_0:Pos_3_GA": 0.0, "Pos_1:Pos_3_AT": 0.0, "Pos_0:Pos_3_CC": -0.00798272459373077, "Pos_0:Pos_2_AG": -0.0007645338101674336, "Pos_1:Pos_3_CC": 0.0, "Pos_3_T": 0.0, "Pos_2:Pos_3_CA": 0.1580892119503284, "Pos_1:Pos_3_CG": 0.0, "Pos_1:Pos_3_GG": 0.0, "Pos_0:Pos_3_CA": -0.05642131631356215, "Pos_0:Pos_3_AG": 0.09774369212312842, "Pos_1:Pos_3_TG": -0.03197295150002597, "GtoA": -0.4544911628133417, "Pos_0:Pos_2_AA": -0.010266583353545335, "Pos_0:Pos_1_GT": 0.02870308777313182, "Pos_2:Pos_3_GC": -0.021676128623177058, "Pos_2:Pos_3_AG": 0.03555737989585926, "Pos_0:Pos_2_TA": 0.11765115973436581, "Pos_2:Pos_3_TT": 0.04480392183159513, "Pos_0:Pos_1_AG": 0.0, "Pos_0:Pos_3_TT": 0.03826348718280889, "Pos_1:Pos_3_TC": 0.02546821687546709, "Pos_1:Pos_3_AG": 0.019222439271242137, "Pos_0:Pos_3_CT": 0.10402588663765941, "Pos_0:Pos_3_GT": -0.08682327854183092, "AtoT": 0.3818189198266015, "Pos_0:Pos_2_CG": -0.051441032882163305, "Pos_0:Pos_2_AC": 0.06097343590419916, "CtoG": -0.7536536374209378, "Pos_1:Pos_2_CC": -0.028576094888687457, "GC_feature": -0.16240050799939426, "Pos_1:Pos_3_TA": -0.11646172090023964, "Pos_0:Pos_2_TC": -0.005473324848576614, "Pos_1:Pos_3_GT": 0.024916722894484888, "Pos_0:Pos_2_GA": -0.02905876503679802, "Pos_2:Pos_3_GA": -0.16189934031328088, "Pos_0:Pos_2_TG": 0.010707419531883644, "CtoA": -0.07224265386176149, "Pos_2:Pos_3_CT": 0.0}