{"Pos_2_T": 0.10059982459482764, "Pos_3_G": 0.014366628270754548, "Pos_1_A": 0.07465878823383848, "CtoG": -1.6119889012511532, "TtoG": 0.31001191988828297, "Pos_2_A": 0.0, "AtoT": 1.0631656591193384, "AtoG": 0.3363550245423811, "Pos_1_T": 0.0, "Pos_3_A": -0.04128593344194251, "CtoT": -0.2850366028622835, "Pos_0_C": 0.0, "TtoA": 1.1873189587133341, "Pos_3_T": 0.05003277354789479, "TtoC": 0.3449046157398652, "CtoA": 0.25251707274558555, "GtoA": -0.29289074876388627, "AtoC": 0.02502922677391566, "Pos_2_G": -0.19402866352426043, "Pos_0_G": -0.052894265488995736, "Pos_0_A": 0.013545272661195457, "GtoC": -1.5505038620139466, "Pos_0_T": 0.1451975855831775, "GtoT": 0.36341534981984236, "Pos_1_C": -0.11413204685189185, "Pos_1_G": 0.3141808689356603, "Pos_2_C": 0.157533104511254, "Pos_3_C": 0.0}