{"params": {"0": {"alpha": 0.01}, "1": {"alpha": 0.1}, "3": {"alpha": 2.0}, "4": {"alpha": 3.0}, "2": {"alpha": 1.0}}, "rank_test_score": {"0": 1, "1": 2, "3": 4, "4": 5, "2": 3}, "best_a_choice": 0.01, "split0_test_score": {"0": 0.7480315578, "1": 0.7480001882, "3": 0.7439221407, "4": 0.7428712592, "2": 0.7461023276}, "param_alpha": {"0": 0.01, "1": 0.1, "3": 2.0, "4": 3.0, "2": 1.0}}