{"split0_test_score": {"0": 0.7416400025, "1": 0.7416400025, "3": 0.7502666416, "2": 0.7502666416, "4": 0.7556622122}, "param_alpha": {"0": 0.01, "1": 0.1, "3": 2.0, "2": 1.0, "4": 3.0}, "rank_test_score": {"0": 4, "1": 4, "3": 2, "2": 2, "4": 1}, "params": {"0": {"alpha": 0.01}, "1": {"alpha": 0.1}, "3": {"alpha": 2.0}, "2": {"alpha": 1.0}, "4": {"alpha": 3.0}}, "best_a_choice": 3.0}