{"param_alpha": {"4": 3.0, "1": 0.1, "3": 2.0, "0": 0.01, "2": 1.0}, "best_a_choice": 0.01, "params": {"4": {"alpha": 3.0}, "1": {"alpha": 0.1}, "3": {"alpha": 2.0}, "0": {"alpha": 0.01}, "2": {"alpha": 1.0}}, "split0_test_score": {"4": 0.7408544726, "1": 0.7414342933, "3": 0.7414342933, "0": 0.7414342933, "2": 0.7414342933}, "rank_test_score": {"4": 5, "1": 1, "3": 1, "0": 1, "2": 1}}