{"pos2": {"prob": 0.046802842328504284, "stats": "{\"group\":{\"8\":\"1\",\"9\":\"1\",\"10\":\"1\",\"11\":\"1\",\"12\":\"1\",\"13\":\"1\",\"14\":\"1\",\"15\":\"1\",\"0\":\"2\",\"1\":\"2\",\"2\":\"2\",\"3\":\"2\",\"4\":\"2\",\"5\":\"2\",\"6\":\"2\",\"7\":\"2\"},\"mut\":{\"8\":\"M\",\"9\":\"M\",\"10\":\"M\",\"11\":\"M\",\"12\":\"R\",\"13\":\"R\",\"14\":\"R\",\"15\":\"R\",\"0\":\"M\",\"1\":\"M\",\"2\":\"M\",\"3\":\"M\",\"4\":\"R\",\"5\":\"R\",\"6\":\"R\",\"7\":\"R\"},\"base\":{\"8\":\"A\",\"9\":\"C\",\"10\":\"G\",\"11\":\"T\",\"12\":\"A\",\"13\":\"C\",\"14\":\"G\",\"15\":\"T\",\"0\":\"A\",\"1\":\"C\",\"2\":\"G\",\"3\":\"T\",\"4\":\"A\",\"5\":\"C\",\"6\":\"G\",\"7\":\"T\"},\"count\":{\"8\":1718,\"9\":1724,\"10\":1906,\"11\":1567,\"12\":1812,\"13\":1785,\"14\":2003,\"15\":1314,\"0\":43,\"1\":40,\"2\":33,\"3\":44,\"4\":51,\"5\":25,\"6\":52,\"7\":32},\"fitted\":{\"8\":1715.4489756941,\"9\":1732.0062676238,\"10\":1897.8489424033,\"11\":1569.6958142788,\"12\":1814.5510243059,\"13\":1776.9937323762,\"14\":2011.1510575967,\"15\":1311.3041857212,\"0\":45.5510243059,\"1\":31.9937323762,\"2\":41.1510575967,\"3\":41.3041857212,\"4\":48.4489756941,\"5\":33.0062676238,\"6\":43.8489424033,\"7\":34.6958142788},\"ret\":{\"8\":0.0001804311,\"9\":-0.0005645441,\"10\":0.0005773225,\"11\":-0.0001903667,\"12\":-0.0001801703,\"13\":0.0005671268,\"14\":-0.0005749182,\"15\":0.0001907261,\"0\":-0.0001751515,\"1\":0.0006313928,\"2\":-0.0005148412,\"3\":0.0001966171,\"4\":0.0001849626,\"5\":-0.0004908857,\"6\":0.0006265914,\"7\":-0.0001829289}}", "rel_entropy": 0.00028136393844768737, "formula": "count ~ group * mut * base - group : mut : base", "df": 3, "deviance": 7.962036730192657}, "pos0": {"prob": 0.6916731644721603, "stats": "{\"group\":{\"8\":\"1\",\"9\":\"1\",\"10\":\"1\",\"11\":\"1\",\"12\":\"1\",\"13\":\"1\",\"14\":\"1\",\"15\":\"1\",\"0\":\"2\",\"1\":\"2\",\"2\":\"2\",\"3\":\"2\",\"4\":\"2\",\"5\":\"2\",\"6\":\"2\",\"7\":\"2\"},\"mut\":{\"8\":\"M\",\"9\":\"M\",\"10\":\"M\",\"11\":\"M\",\"12\":\"R\",\"13\":\"R\",\"14\":\"R\",\"15\":\"R\",\"0\":\"M\",\"1\":\"M\",\"2\":\"M\",\"3\":\"M\",\"4\":\"R\",\"5\":\"R\",\"6\":\"R\",\"7\":\"R\"},\"base\":{\"8\":\"A\",\"9\":\"C\",\"10\":\"G\",\"11\":\"T\",\"12\":\"A\",\"13\":\"C\",\"14\":\"G\",\"15\":\"T\",\"0\":\"A\",\"1\":\"C\",\"2\":\"G\",\"3\":\"T\",\"4\":\"A\",\"5\":\"C\",\"6\":\"G\",\"7\":\"T\"},\"count\":{\"8\":1080,\"9\":2515,\"10\":2117,\"11\":1203,\"12\":1746,\"13\":2152,\"14\":1878,\"15\":1138,\"0\":34,\"1\":44,\"2\":47,\"3\":35,\"4\":50,\"5\":45,\"6\":36,\"7\":29},\"fitted\":{\"8\":1081.0955479789,\"9\":2510.2755279829,\"10\":2119.1744222229,\"11\":1204.4545018153,\"12\":1744.9044520211,\"13\":2156.7244720171,\"14\":1875.8255777771,\"15\":1136.5454981847,\"0\":32.9044520211,\"1\":48.7244720171,\"2\":44.8255777771,\"3\":33.5454981847,\"4\":51.0955479789,\"5\":40.2755279829,\"6\":38.1744222229,\"7\":30.4545018153},\"ret\":{\"8\":-0.0000773901,\"9\":0.0003342226,\"10\":-0.0001536014,\"11\":-0.0001027368,\"12\":0.0000774537,\"13\":-0.0003335426,\"14\":0.0001537693,\"15\":0.0001028647,\"0\":0.0000787043,\"1\":-0.00031717,\"2\":0.0001573488,\"3\":0.000104996,\"4\":-0.0000765933,\"5\":0.0003527691,\"6\":-0.0001492179,\"7\":-0.000100304}}", "rel_entropy": 5.1572369365075886e-05, "formula": "count ~ group * mut * base - group : mut : base", "df": 3, "deviance": 1.4593949082929174}, "pos3": {"prob": 0.6899912094177711, "stats": "{\"group\":{\"8\":\"1\",\"9\":\"1\",\"10\":\"1\",\"11\":\"1\",\"12\":\"1\",\"13\":\"1\",\"14\":\"1\",\"15\":\"1\",\"0\":\"2\",\"1\":\"2\",\"2\":\"2\",\"3\":\"2\",\"4\":\"2\",\"5\":\"2\",\"6\":\"2\",\"7\":\"2\"},\"mut\":{\"8\":\"M\",\"9\":\"M\",\"10\":\"M\",\"11\":\"M\",\"12\":\"R\",\"13\":\"R\",\"14\":\"R\",\"15\":\"R\",\"0\":\"M\",\"1\":\"M\",\"2\":\"M\",\"3\":\"M\",\"4\":\"R\",\"5\":\"R\",\"6\":\"R\",\"7\":\"R\"},\"base\":{\"8\":\"A\",\"9\":\"C\",\"10\":\"G\",\"11\":\"T\",\"12\":\"A\",\"13\":\"C\",\"14\":\"G\",\"15\":\"T\",\"0\":\"A\",\"1\":\"C\",\"2\":\"G\",\"3\":\"T\",\"4\":\"A\",\"5\":\"C\",\"6\":\"G\",\"7\":\"T\"},\"count\":{\"8\":1829,\"9\":1496,\"10\":1788,\"11\":1802,\"12\":1931,\"13\":1674,\"14\":1684,\"15\":1625,\"0\":44,\"1\":36,\"2\":38,\"3\":42,\"4\":44,\"5\":37,\"6\":45,\"7\":34},\"fitted\":{\"8\":1830.1548249548,\"9\":1497.5051299334,\"10\":1783.3568150317,\"11\":1803.9832300802,\"12\":1929.8451750452,\"13\":1672.4948700666,\"14\":1688.6431849683,\"15\":1623.0167699198,\"0\":42.8451750452,\"1\":34.4948700666,\"2\":42.6431849683,\"3\":40.0167699198,\"4\":45.1548249548,\"5\":38.5051299334,\"6\":40.3568150317,\"7\":35.9832300802},\"ret\":{\"8\":-0.0000815931,\"9\":-0.0001063236,\"10\":0.0003285903,\"11\":-0.0001400904,\"12\":0.0000816433,\"13\":0.000106425,\"14\":-0.0003277119,\"15\":0.0001402531,\"0\":0.000082709,\"1\":0.0001086649,\"2\":-0.0003096113,\"3\":0.0001435849,\"4\":-0.0000805661,\"5\":-0.0001042704,\"6\":0.0003463566,\"7\":-0.0001362318}}", "rel_entropy": 5.182835416831175e-05, "formula": "count ~ group * mut * base - group : mut : base", "df": 3, "deviance": 1.4666387662548859}, "pos1": {"prob": 0.24130890385556517, "stats": "{\"group\":{\"8\":\"1\",\"9\":\"1\",\"10\":\"1\",\"11\":\"1\",\"12\":\"1\",\"13\":\"1\",\"14\":\"1\",\"15\":\"1\",\"0\":\"2\",\"1\":\"2\",\"2\":\"2\",\"3\":\"2\",\"4\":\"2\",\"5\":\"2\",\"6\":\"2\",\"7\":\"2\"},\"mut\":{\"8\":\"M\",\"9\":\"M\",\"10\":\"M\",\"11\":\"M\",\"12\":\"R\",\"13\":\"R\",\"14\":\"R\",\"15\":\"R\",\"0\":\"M\",\"1\":\"M\",\"2\":\"M\",\"3\":\"M\",\"4\":\"R\",\"5\":\"R\",\"6\":\"R\",\"7\":\"R\"},\"base\":{\"8\":\"A\",\"9\":\"C\",\"10\":\"G\",\"11\":\"T\",\"12\":\"A\",\"13\":\"C\",\"14\":\"G\",\"15\":\"T\",\"0\":\"A\",\"1\":\"C\",\"2\":\"G\",\"3\":\"T\",\"4\":\"A\",\"5\":\"C\",\"6\":\"G\",\"7\":\"T\"},\"count\":{\"8\":1561,\"9\":1831,\"10\":1743,\"11\":1780,\"12\":2282,\"13\":607,\"14\":1773,\"15\":2252,\"0\":46,\"1\":19,\"2\":43,\"3\":52,\"4\":64,\"5\":11,\"6\":38,\"7\":47},\"fitted\":{\"8\":1559.2792815127,\"9\":1826.888855396,\"10\":1743.5004560032,\"11\":1785.3314070881,\"12\":2283.7207184873,\"13\":611.111144604,\"14\":1772.4995439968,\"15\":2246.6685929119,\"0\":47.7207184873,\"1\":23.111144604,\"2\":42.4995439968,\"3\":46.6685929119,\"4\":62.2792815127,\"5\":6.888855396,\"6\":38.5004560032,\"7\":52.3314070881},\"ret\":{\"8\":0.0001216812,\"9\":0.0002908875,\"10\":-0.0000353653,\"11\":-0.0003762413,\"12\":-0.0001215683,\"13\":-0.0002895812,\"14\":0.0000353754,\"15\":0.0003772512,\"0\":-0.0001193947,\"1\":-0.0002630323,\"2\":0.0000355779,\"3\":0.0003975518,\"4\":0.0001232789,\"5\":0.0003638344,\"6\":-0.0000351395,\"7\":-0.0003569233}}", "rel_entropy": 0.00014819229067770758, "formula": "count ~ group * mut * base - group : mut : base", "df": 3, "deviance": 4.193545441597769}}