{"CtoG": -1.2403899523051352, "GtoT": 0.01436206141542762, "AtoC": -0.09442866792662374, "CtoA": -0.05943112658398332, "GtoA": -0.4761871387703996, "AtoT": 0.37138641727287636, "TtoC": 0.02006089399389634, "CtoT": -0.43791570916499417, "GC_feature": -0.12263324309194076, "AtoG": 0.0097859947581456, "TtoG": -0.013303042961826234, "GtoC": -1.1890115780492243, "TtoA": 0.39026007762714787}