{"Pos_0:Pos_5_CT": 0.012157407234404385, "Pos_4:Pos_5_TC": 0.06392865028227862, "Pos_2:Pos_3_GA": 0.0, "Pos_5_T": 0.0, "Pos_4:Pos_5_AG": 0.0, "Pos_0:Pos_5_AA": 0.10527112303301789, "Pos_2:Pos_3_GT": 0.10435300797149757, "Pos_3:Pos_4_AT": -0.03492839051673903, "Pos_0:Pos_5_GC": 0.05035330992167514, "Pos_0:Pos_2_GC": 0.0, "Pos_4_A": 0.0, "Pos_0:Pos_3_CG": -0.0523780025763626, "Pos_3:Pos_4_TA": -0.07524855624778815, "Pos_0:Pos_4_TG": 0.0, "Pos_1:Pos_3_TT": 0.0, "Pos_3:Pos_4_TC": 0.0, "Pos_4:Pos_5_CT": 0.0, "Pos_1:Pos_3_GA": -0.13085643748675085, "Pos_1:Pos_5_AA": 0.0, "Pos_1:Pos_5_CT": -0.09378108232327705, "Pos_1:Pos_2_CG": -0.5821859148233304, "Pos_1:Pos_2_AC": -0.10963678988091216, "Pos_0:Pos_2_GA": 0.0, "Pos_2:Pos_3_AG": 0.0, "Pos_0:Pos_3_TT": 0.00895838506494225, "Pos_1:Pos_2_TG": 0.3604817841756098, "Pos_0:Pos_5_AT": 0.10410018088582568, "Pos_4:Pos_5_TG": 0.0, "Pos_3:Pos_4_CA": 0.1759953712620797, "Pos_1:Pos_4_AC": 0.08500126024430045, "Pos_0:Pos_5_CC": -0.15152995981894643, "Pos_0:Pos_1_AT": 0.0, "Pos_1:Pos_4_AA": 0.0, "Pos_1_A": 0.0, "Pos_2:Pos_5_CC": -0.15335823976783844, "Pos_0:Pos_5_CG": -0.06007516710923329, "Pos_0_A": 0.0, "Pos_1_G": 0.0, "TtoG": 0.029335555378043138, "Pos_0:Pos_2_AT": 0.0, "Pos_4:Pos_5_GT": 0.28342857184399256, "Pos_2:Pos_5_TT": -0.10164502454695512, "Pos_0:Pos_3_GT": 0.0, "Pos_1:Pos_5_GA": 0.0, "Pos_3_C": 0.0, "Pos_1:Pos_4_TC": -0.010065705123998642, "Pos_1:Pos_5_CG": -0.18619756583569336, "Pos_2:Pos_5_TG": 0.0, "Pos_3:Pos_5_CT": 0.21686684759535288, "Pos_1:Pos_3_TA": 0.36885746055121044, "Pos_2:Pos_4_TT": 0.0834547306285083, "Pos_1:Pos_2_AA": 0.0, "Pos_1:Pos_4_AG": 0.0559394896993883, "Pos_0:Pos_2_TA": -0.033051672303111644, "Pos_1:Pos_4_TG": 0.0, "Pos_2_G": 0.03192484518334865, "Pos_0:Pos_2_AA": 0.0, "Pos_0:Pos_1_GA": 0.1077659495537748, "Pos_0:Pos_4_GA": 0.0, "Pos_2_C": 0.0, "CtoG": -2.1386915605447903, "Pos_0:Pos_5_GG": 0.022649217624758227, "Pos_0:Pos_1_TT": 0.0, "Pos_1:Pos_3_GC": 0.0, "Pos_2:Pos_4_GC": 0.3260731930773842, "Pos_1:Pos_2_GT": -0.19550373168805665, "Pos_2:Pos_5_GA": 0.0, "Pos_4:Pos_5_CG": 0.14948038118181695, "Pos_1:Pos_2_CC": 0.08508231580010339, "Pos_2:Pos_3_CG": -0.0012803932648461662, "Pos_1:Pos_4_GC": 0.14093404566429887, "Pos_0:Pos_4_TC": -0.014938694150434586, "Pos_2:Pos_5_GC": 0.008134261745344658, "Pos_2:Pos_4_GG": 0.0, "Pos_2:Pos_4_CG": 0.14664102857701874, "Pos_1:Pos_4_CA": -0.1159931077131216, "Pos_3:Pos_4_TG": 0.012822847923910835, "Pos_1:Pos_4_TT": 0.09132414134718028, "Pos_0:Pos_2_AG": 0.21067575181349402, "Pos_4:Pos_5_TT": 0.0, "Pos_0:Pos_1_GT": 0.20482157944334303, "Pos_0:Pos_4_GT": -0.0026171053897026965, "Pos_3:Pos_5_AA": 0.0, "Pos_0:Pos_2_CC": 0.0, "Pos_4:Pos_5_AC": 0.0, "Pos_0:Pos_3_GA": -0.08365177150492599, "Pos_2:Pos_3_AC": 0.0, "CtoA": 0.020802309257688657, "TtoC": 0.05990963075369056, "Pos_4:Pos_5_GG": -0.1374301452893618, "Pos_0:Pos_5_CA": 0.0029298106455971297, "Pos_0:Pos_4_GC": 0.09274230832378491, "Pos_1:Pos_3_CA": -0.05060753190008963, "Pos_1:Pos_3_AT": 0.2799237820063217, "Pos_1:Pos_2_AG": 0.13182166948721297, "Pos_3:Pos_4_CT": 0.0, "Pos_1:Pos_2_GG": 0.0, "Pos_3:Pos_5_GG": -0.2465290131923199, "Pos_1:Pos_3_GT": 0.13000749017141622, "Pos_0:Pos_5_GA": -0.015583877522998536, "Pos_1:Pos_2_GA": 0.0002438114311947207, "Pos_0:Pos_5_TC": 0.05565717819203752, "Pos_0_T": 0.0, "CtoT": -0.6322632914803472, "Pos_2:Pos_5_AA": 0.0, "Pos_3:Pos_4_AC": 0.0, "Pos_1:Pos_5_GT": 0.0, "Pos_2:Pos_5_GG": 0.0, "Pos_0:Pos_2_TC": 0.0, "Pos_3:Pos_5_AG": 0.013643088287502108, "Pos_1:Pos_3_AA": 0.0, "Pos_0:Pos_3_AA": 0.0, "TtoA": 1.0384458379013026, "Pos_0:Pos_4_AC": 0.0, "Pos_2:Pos_4_AT": 0.07299763841507882, "Pos_2:Pos_4_TC": 0.16801090575878025, "Pos_0:Pos_4_AT": 0.06995844913731684, "Pos_4:Pos_5_AT": -0.012947102447133783, "Pos_3:Pos_5_CG": 0.0, "Pos_4:Pos_5_CC": 0.0, "Pos_3:Pos_5_GA": -0.040225737612341404, "Pos_2:Pos_3_CT": 0.0, "Pos_2:Pos_3_AA": 0.18915270669883, "AtoT": 0.8947721360936648, "Pos_1:Pos_2_CT": 0.0, "Pos_1:Pos_4_GT": -0.015622985125675722, "Pos_0:Pos_4_CT": 0.0, "Pos_4_T": 0.0, "Pos_1:Pos_3_AG": 0.0, "Pos_2:Pos_3_CC": 0.016395975297655362, "Pos_0:Pos_4_AG": 0.0, "Pos_1_C": 0.0, "Pos_0:Pos_3_CC": 0.2852833165350071, "Pos_0:Pos_3_GC": 0.0, "Pos_0:Pos_5_AC": -0.11186039625434467, "Pos_3:Pos_5_TA": 0.0, "Pos_4:Pos_5_GA": 0.2618956449194874, "Pos_3:Pos_5_GC": 0.0, "Pos_0:Pos_3_GG": 0.2402089458813708, "Pos_0:Pos_1_CC": -0.23180385876976053, "Pos_1:Pos_2_TA": -0.04809863924572126, "Pos_2:Pos_3_AT": -0.19565690216086912, "Pos_2:Pos_5_CG": 0.0, "Pos_5_A": 0.0, "Pos_2:Pos_4_TA": -0.0045700200200529525, "Pos_1:Pos_3_GG": 0.0, "Pos_0:Pos_1_TA": 0.0, "Pos_0:Pos_2_TT": 0.0, "Pos_1:Pos_5_TC": 0.0, "Pos_0:Pos_4_CC": 0.13197860235120595, "Pos_0:Pos_4_TA": 0.0017326960726745562, "Pos_0:Pos_2_CA": 0.0, "GtoT": 0.21160394620006276, "Pos_1:Pos_5_AG": 0.0, "Pos_3:Pos_5_AT": -0.07951419674822024, "Pos_0:Pos_3_CT": 0.0, "Pos_4:Pos_5_CA": -0.10645956708506285, "Pos_0:Pos_3_CA": 0.0, "Pos_2:Pos_4_CC": -0.02305510401079976, "Pos_4_C": 0.0, "Pos_0:Pos_1_GG": 0.0, "Pos_3:Pos_5_TT": -0.2835934568343144, "AtoC": -0.573122663612843, "Pos_1:Pos_4_AT": 0.0, "Pos_1:Pos_4_CC": 0.0, "Pos_0:Pos_4_TT": 0.26236466602575276, "Pos_1:Pos_5_TT": 0.07875913564452672, "Pos_0:Pos_1_AC": 0.13765616919311932, "Pos_4_G": 0.0, "Pos_0:Pos_3_TG": 0.0, "Pos_3:Pos_5_TC": 0.12489958918985822, "Pos_2:Pos_3_TG": 0.19463025820124674, "Pos_2:Pos_4_GA": 0.12979512939518328, "Pos_2:Pos_3_GC": 0.28569021450336335, "Pos_3:Pos_4_AA": 0.0, "Pos_2:Pos_4_CA": 0.0, "Pos_2:Pos_3_TT": 0.3568309262325945, "Pos_2:Pos_4_GT": 0.0, "Pos_2:Pos_3_TA": -0.06548600063220959, "Pos_2:Pos_5_GT": -0.0370355942940957, "Pos_0:Pos_2_GG": -0.2176966433399987, "Pos_1:Pos_3_AC": -0.01671207808599428, "Pos_2:Pos_5_TC": 0.0, "AtoG": 0.0, "Pos_1:Pos_3_CT": 0.0, "Pos_1:Pos_2_TT": 0.21663077428113053, "Pos_0:Pos_5_TT": -0.03535343498590403, "Pos_0_G": 0.0, "Pos_1:Pos_2_TC": -0.14905338848690194, "Pos_1:Pos_5_AT": 0.0, "Pos_1:Pos_3_TG": -0.01534567335313329, "Pos_1:Pos_4_CG": 0.0, "Pos_2:Pos_3_CA": 0.0, "Pos_0:Pos_3_AG": 0.0, "Pos_3:Pos_4_CG": -0.318435624729116, "Pos_3_A": 0.0, "Pos_1:Pos_5_TA": 0.1435574532342728, "Pos_5_G": 0.0, "Pos_1_T": 0.0, "Pos_3:Pos_4_CC": 0.0, "Pos_0:Pos_5_AG": -0.1513576542088247, "Pos_0:Pos_4_GG": 0.03698398378947597, "Pos_0:Pos_2_GT": 0.055017474811759844, "Pos_1:Pos_5_CC": 0.04044521506354755, "Pos_2:Pos_4_TG": -0.03380660128357037, "Pos_1:Pos_4_CT": 0.11334854719855034, "Pos_3:Pos_4_GG": 0.0, "Pos_3:Pos_4_GT": 0.0, "Pos_0:Pos_3_TC": 0.0, "Pos_3:Pos_4_AG": 0.2724063457171052, "Pos_0:Pos_1_GC": -0.19735595880702694, "Pos_0:Pos_1_CG": 0.14885377482091106, "Pos_0_C": 0.0, "Pos_2:Pos_4_AC": -0.12474984814572836, "Pos_0:Pos_2_AC": -0.10260897621584666, "GtoC": -2.184075812586814, "Pos_2:Pos_3_TC": -0.03466462286962369, "Pos_1:Pos_3_TC": 0.0, "Pos_2:Pos_5_CT": 0.13474279467930572, "Pos_1:Pos_5_AC": -0.1904372944874634, "Pos_0:Pos_2_TG": 0.0, "Pos_1:Pos_4_TA": 0.0, "Pos_0:Pos_4_CA": 0.0, "Pos_0:Pos_1_AA": -0.021761790093767996, "Pos_2:Pos_5_AG": -0.04599757211141058, "Pos_3:Pos_4_TT": 0.003111111072013249, "Pos_3:Pos_5_CC": 0.0, "Pos_0:Pos_1_AG": 0.0, "GtoA": -0.6007232494237884, "Pos_3_T": 0.0, "Pos_0:Pos_1_CA": 0.027040999089010472, "Pos_0:Pos_5_TA": 0.0, "Pos_4:Pos_5_GC": 0.0, "Pos_1:Pos_5_TG": -0.017301634363325463, "Pos_1:Pos_4_GA": 0.06880283614577232, "Pos_0:Pos_1_CT": -0.007604109617035612, "Pos_5_C": 0.0, "Pos_1:Pos_5_GC": 0.0707462985937295, "Pos_0:Pos_3_AT": 0.08091300341467447, "Pos_0:Pos_2_CG": 0.1747023791636158, "Pos_1:Pos_2_CA": 0.09388489506259078, "Pos_2_A": 0.0, "Pos_0:Pos_4_CG": -0.027159378913288536, "Pos_2:Pos_5_CA": 0.0, "Pos_0:Pos_3_TA": -0.03854641236741556, "Pos_2:Pos_4_AG": 0.2540781352330326, "Pos_1:Pos_4_GG": 0.0, "Pos_1:Pos_5_GG": 0.11442220537327638, "Pos_4:Pos_5_AA": 0.0, "Pos_0:Pos_5_TG": 0.0, "Pos_2:Pos_5_AT": 0.19218384595109125, "Pos_0:Pos_5_GT": 0.0, "Pos_3:Pos_5_GT": 0.1687337677576365, "Pos_1:Pos_2_AT": 0.0679944553707363, "Pos_3:Pos_4_GA": 0.0, "Pos_0:Pos_4_AA": -0.008649041411055807,