{"rank_test_score": {"1": 2, "3": 4, "2": 3, "0": 1, "4": 5}, "params": {"1": {"alpha": 0.1}, "3": {"alpha": 2.0}, "2": {"alpha": 1.0}, "0": {"alpha": 0.01}, "4": {"alpha": 3.0}}, "param_alpha": {"1": 0.1, "3": 2.0, "2": 1.0, "0": 0.01, "4": 3.0}, "best_a_choice": 0.01, "split0_test_score": {"1": 0.7646099401, "3": 0.7644136886, "2": 0.7645296139, "0": 0.7646193724, "4": 0.7642381271}}