{"CtoA": 0.0, "Pos_4_A": 0.0, "Pos_3_A": -0.06977160747573499, "Pos_2_A": 0.0, "TtoA": 0.4384581843185047, "Pos_4_T": 0.008171611789618845, "GC_feature": -0.06341579966907045, "AtoC": -0.09030689720251103, "GtoC": -0.45565030927487543, "Pos_5_A": 0.07632764501602171, "Pos_3_C": 0.11809838348748414, "CtoT": -0.4097498626404317, "Pos_5_G": -0.09243036894987135, "Pos_4_G": 0.0, "Pos_2_C": -0.08401453468138655, "Pos_1_T": 0.2652472025399712, "TtoC": 0.009028959973096379, "Pos_3_T": 0.0, "Pos_1_G": 0.0, "GtoA": -0.4867636865910051, "AtoT": 0.3099063351269324, "Pos_4_C": 0.0, "Pos_3_G": -0.3125307509665504, "Pos_1_A": 0.1343343511027352, "Pos_5_C": 0.0, "AtoG": 0.0, "Pos_0_T": 0.1684865766472853, "Pos_0_G": 0.0, "Pos_2_G": 0.22958707935576772, "Pos_2_T": -0.02715268718662559, "GtoT": 0.017028415534706406, "Pos_1_C": -0.07556854371244727, "Pos_0_A": 0.10850010226030228, "Pos_0_C": -0.015489192479557963, "Pos_5_T": 0.10464567476081224, "TtoG": -0.0024946773544371886, "CtoG": -0.4005802700964093}