{"best_c_choice": 0.1, "params": {"1": {"C": 1.0, "penalty": "l1"}, "2": {"C": 10.0, "penalty": "l1"}, "0": {"C": 0.1, "penalty": "l1"}, "3": {"C": 100.0, "penalty": "l1"}}, "param_penalty": {"1": "l1", "2": "l1", "0": "l1", "3": "l1"}, "split0_test_score": {"1": 0.7819683387, "2": 0.7814915125, "0": 0.782263971, "3": 0.7814190349}, "param_C": {"1": 1.0, "2": 10.0, "0": 0.1, "3": 100.0}, "rank_test_score": {"1": 2, "2": 3, "0": 1, "3": 4}}