{"CtoG": -1.1018162739416801, "AtoG": 0.024422472306426544, "CtoT": -0.42822245778338436, "AtoC": -0.11318289575201708, "CtoA": -0.029569782580965705, "AtoT": 0.4521656403609305, "GtoA": -0.3838325856126306, "GC_feature": -0.1734047325326664, "TtoG": -0.034521683458137095, "GtoT": 0.030736965030430042, "TtoC": 0.00037214275350721957, "GtoC": -1.1711785638927372, "TtoA": 0.37920696327639425}