{"AtoT": 1.26420110698809, "TtoA": 1.1426085678631648, "AtoG": 0.4663607469155622, "CtoG": -1.8060163290984068, "CtoT": -0.14009911465722416, "GtoT": 0.48517011371967467, "CtoA": 0.33953710793301684, "AtoC": 0.09825254506819098, "GtoC": -1.871031790943397, "TtoG": 0.3195699779856846, "TtoC": 0.4340722612928745, "GtoA": -0.10770244164103632}