{"best_a_choice": 0.01, "rank_test_score": {"1": 2, "2": 3, "3": 4, "4": 5, "0": 1}, "param_alpha": {"1": 0.1, "2": 1.0, "3": 2.0, "4": 3.0, "0": 0.01}, "split0_test_score": {"1": 0.7497316427, "2": 0.7494503664, "3": 0.7489269427, "4": 0.7486613655, "0": 0.7497318806}, "params": {"1": {"alpha": 0.1}, "2": {"alpha": 1.0}, "3": {"alpha": 2.0}, "4": {"alpha": 3.0}, "0": {"alpha": 0.01}}}