{"CtoA": 0.3935362627255306, "GtoA": -0.13783833383786345, "TtoA": 1.2575492860996027, "CtoG": -2.2013739136201433, "CtoT": -0.20683543042503316, "TtoC": 0.6400005795248683, "AtoG": 0.569066227853743, "GtoT": 0.5799673651298601, "TtoG": 0.3718969250811426, "GtoC": -2.117567428346631, "AtoT": 1.3525272880761512, "AtoC": 0.2781577648815694}