{"GC_feature": -0.089466559122525, "GtoT": 0.025585950131974317, "Pos_3_C": 0.025213093431985738, "Pos_2_A": -0.06778200130713966, "Pos_1_C": -0.1437977309008689, "GtoC": -0.6035659725271773, "CtoT": -0.4740088255692547, "AtoC": -0.08695223293161604, "TtoC": 0.009134740651277742, "Pos_3_A": -0.049933131017912004, "GtoA": -0.3992325350634089, "Pos_0_A": 0.0, "Pos_0_T": 0.12640305992357265, "Pos_3_T": 0.0, "Pos_2_C": 0.041449457839205756, "AtoG": 0.0, "Pos_1_G": 0.21913268169763564, "TtoA": 0.44756718963060454, "Pos_1_T": -0.016613268671328816, "Pos_2_T": 0.0, "Pos_1_A": 0.0, "TtoG": 0.005255016697359506, "Pos_2_G": -0.25472834123155735, "CtoG": -0.6387069984410914, "CtoA": -0.031805110996437846, "Pos_3_G": 0.029448923623031854, "Pos_0_C": 0.015090162240858207, "Pos_0_G": -0.02364087436217581, "AtoT": 0.4022235269023411}