{"Pos_1_G": -0.14665947063088225, "AtoT": 0.5222282423857096, "Pos_1_T": 0.11737913008396282, "Pos_0_T": -0.0832492290611582, "GtoC": -1.1360960623656287, "GC_feature": -0.10966890421625565, "CtoT": -0.30223568652266114, "Pos_0_C": -0.19899921344173171, "AtoG": 0.11104512876239861, "GtoT": 0.0725056946891054, "GtoA": -0.3415866671131537, "Pos_1_C": 0.14251534733297277, "CtoA": 0.019285579677414542, "Pos_0_G": 0.18707800981581238, "Pos_0_A": -0.056191978023728696, "CtoG": -1.180558027868867, "TtoC": 0.11466553816592702, "TtoA": 0.5048538477979537, "Pos_1_A": 0.008911643590057692, "TtoG": 0.05471392999364171, "AtoC": -0.04535408999129266}