{"param_alpha": {"2": 1.0, "0": 0.01, "1": 0.1, "3": 2.0, "4": 3.0}, "split0_test_score": {"2": 0.6648641686, "0": 0.6694706056, "1": 0.6669820323, "3": 0.664507772, "4": 0.6645621619}, "rank_test_score": {"2": 3, "0": 1, "1": 2, "3": 5, "4": 4}, "best_a_choice": 0.01, "params": {"2": {"alpha": 1.0}, "0": {"alpha": 0.01}, "1": {"alpha": 0.1}, "3": {"alpha": 2.0}, "4": {"alpha": 3.0}}}