{"Pos_2:Pos_3_TA": 0.0, "Pos_1:Pos_2_GG": 0.0, "Pos_0_C": 0.0, "Pos_0:Pos_3_AA": 0.0, "Pos_0:Pos_1_GA": 0.0, "Pos_1:Pos_2_AG": 0.0, "Pos_2:Pos_3_CG": 0.0, "Pos_0:Pos_3_TG": 0.0, "Pos_1:Pos_3_GA": 0.08296193683429724, "Pos_0:Pos_2_TC": 0.0, "Pos_1:Pos_3_AC": -0.010370598960282132, "Pos_0:Pos_1_AC": 0.0, "TtoA": 0.27850236005623236, "Pos_1:Pos_2_TC": 0.0, "Pos_0:Pos_1_GG": 0.0, "Pos_0:Pos_3_CC": 0.0, "Pos_2:Pos_3_CC": 0.0, "Pos_0:Pos_1_GT": -0.030912769843176018, "Pos_0_T": 0.08412679836075933, "Pos_0:Pos_3_CG": 0.0, "Pos_1:Pos_3_TT": 0.11559533791988251, "Pos_0:Pos_3_GC": -0.008637276891175239, "Pos_0:Pos_1_GC": -0.044446035356756924, "Pos_2:Pos_3_TT": 0.0, "Pos_1:Pos_3_AG": 0.0, "Pos_0:Pos_2_GT": 0.0, "Pos_1:Pos_2_GC": 0.0, "Pos_3_G": 0.0, "Pos_2_T": 0.0, "Pos_1_A": 0.0, "Pos_0:Pos_3_AT": 0.0, "Pos_3_A": 0.0, "Pos_0:Pos_2_AA": 0.011120335534739085, "Pos_1:Pos_3_CC": 0.0, "Pos_2:Pos_3_AT": 0.0, "Pos_1:Pos_3_CA": 0.0, "Pos_2_A": 0.0, "Pos_0_A": 0.0, "Pos_0:Pos_1_CA": 0.06797288067776183, "Pos_1:Pos_2_TA": 0.0, "Pos_0:Pos_1_CT": 0.0, "Pos_0:Pos_3_TT": 0.0, "Pos_1:Pos_3_TA": 0.0, "Pos_0:Pos_1_AG": 0.0, "Pos_2:Pos_3_AA": 0.0, "Pos_2:Pos_3_TC": 0.0, "GC_feature": 0.0, "Pos_0:Pos_2_AT": 0.0, "Pos_1:Pos_2_GT": 0.0, "Pos_0:Pos_3_AC": 0.0, "GtoC": -0.39411624697198167, "Pos_1:Pos_3_TG": 0.0, "Pos_0:Pos_3_GA": 0.0, "Pos_1:Pos_3_TC": -0.015462052849413828, "Pos_2_C": 0.0791651177181425, "Pos_0:Pos_3_TA": 0.0, "TtoC": 0.0, "Pos_2_G": 0.0, "Pos_0:Pos_2_CG": -0.062423928221664655, "Pos_1:Pos_3_GC": 0.14053395309482905, "Pos_1:Pos_2_CA": -0.034427197601339485, "Pos_2:Pos_3_TG": 0.0, "Pos_2:Pos_3_GG": 0.0, "Pos_1:Pos_2_AA": 0.0, "Pos_1:Pos_2_AC": 0.07699190398336091, "GtoT": 0.034124136199353, "Pos_0:Pos_1_CG": -0.09488999184722882, "Pos_1_C": -0.034858264896642274, "Pos_2:Pos_3_GA": 0.0, "AtoT": 0.3803378218649286, "Pos_2:Pos_3_AC": -0.015282978961055354, "Pos_0:Pos_1_CC": 0.0, "Pos_1:Pos_2_TT": 0.0, "Pos_0:Pos_3_CT": 0.0, "Pos_1:Pos_3_GT": 0.0, "Pos_3_T": 0.0, "Pos_1:Pos_2_CC": 0.0, "GtoA": -0.35130970885814206, "AtoC": 0.0, "Pos_1:Pos_3_GG": 0.0, "Pos_0:Pos_1_AA": 0.0, "Pos_0:Pos_2_TA": 0.0, "Pos_1_G": 0.12578755118263155, "Pos_2:Pos_3_CT": 0.003652797545289601, "Pos_0:Pos_3_GT": 0.0, "Pos_1:Pos_3_AT": 0.008441813867136015, "Pos_0:Pos_2_GA": -0.0012951649465702954, "Pos_1:Pos_2_AT": 0.0, "Pos_0:Pos_1_TG": 0.09017264863728171, "AtoG": 0.0, "Pos_0:Pos_1_AT": 0.0, "CtoG": -0.3689021264154924, "Pos_0_G": -0.0268946686966442, "Pos_0:Pos_2_TG": 0.0, "Pos_0:Pos_3_GG": -0.05576522960796095, "Pos_1:Pos_3_CT": -0.04998093609060322, "Pos_0:Pos_2_CT": 0.0, "CtoA": 0.0, "Pos_0:Pos_2_CA": -0.027151114377461275, "Pos_0:Pos_1_TA": 0.0, "Pos_2:Pos_3_GC": 0.0, "Pos_2:Pos_3_AG": 0.0, "Pos_1:Pos_3_CG": 0.0, "Pos_1:Pos_2_GA": 0.0, "Pos_0:Pos_3_TC": 0.06098349380834974, "Pos_0:Pos_2_GC": 0.022100618023313503, "Pos_0:Pos_2_GG": -0.009818805253304226, "Pos_0:Pos_1_TT": 0.009389404208084155, "Pos_0:Pos_2_AG": 0.0, "Pos_0:Pos_3_CA": 0.0, "Pos_0:Pos_2_AC": 0.0, "Pos_1:Pos_2_CT": 0.0, "TtoG": 0.0, "Pos_0:Pos_1_TC": 0.0, "Pos_2:Pos_3_GT": 0.0, "Pos_0:Pos_3_AG": 0.01728171720202502, "Pos_1_T": 0.0, "Pos_1:Pos_2_CG": -0.10274672631899641, "Pos_0:Pos_2_TT": 0.13320791119750602, "Pos_1:Pos_2_TG": 0.0, "Pos_1:Pos_3_AA": 0.0, "Pos_0:Pos_2_CC": 0.037577645844182515, "CtoT": -0.4426901785334018, "Pos_3_C": 0.0, "Pos_2:Pos_3_CA": 0.0}