{"best_c_choice": 0.1, "params": {"0": {"C": 0.1, "penalty": "l1"}, "1": {"C": 1.0, "penalty": "l1"}, "3": {"C": 100.0, "penalty": "l1"}, "2": {"C": 10.0, "penalty": "l1"}}, "param_C": {"0": 0.1, "1": 1.0, "3": 100.0, "2": 10.0}, "param_penalty": {"0": "l1", "1": "l1", "3": "l1", "2": "l1"}, "split0_test_score": {"0": 0.7636628212, "1": 0.7082777507, "3": 0.6453973797, "2": 0.6574432962}, "rank_test_score": {"0": 1, "1": 2, "3": 4, "2": 3}}