{"Pos_4:Pos_5_CG": 0.0, "Pos_2:Pos_5_GT": 0.08776112643210358, "Pos_1:Pos_5_AT": 0.0, "Pos_3:Pos_4_AT": 0.0, "Pos_3:Pos_5_GA": 0.0, "Pos_1:Pos_2_GT": -0.010307275898174944, "Pos_0:Pos_2_AT": -0.011249866319211582, "Pos_0:Pos_3_CC": 0.0, "Pos_0:Pos_3_TC": 0.005122667392957951, "Pos_2:Pos_4_GT": 0.0, "Pos_0:Pos_1_CA": -0.11982372469467788, "Pos_4:Pos_5_AG": 0.0, "GtoA": -0.3737126231028775, "Pos_0:Pos_2_GA": 0.0, "Pos_1:Pos_3_AA": -0.08612465916035869, "Pos_2:Pos_3_GT": 0.01921446506556536, "Pos_2_G": 0.08512167003331675, "Pos_2:Pos_4_GG": 0.0, "Pos_1_T": 0.0, "Pos_0:Pos_3_TT": 0.0, "Pos_0:Pos_1_TC": 0.08330087899606801, "Pos_2:Pos_5_AA": 0.0, "Pos_0:Pos_2_TT": -0.06982499342856555, "Pos_0:Pos_2_GG": 0.06707057651748854, "Pos_2:Pos_5_AT": 0.0, "Pos_2:Pos_5_GA": 0.14813823034335763, "Pos_3:Pos_4_CG": -0.10058957024132183, "Pos_4:Pos_5_TC": 0.0, "Pos_3_A": 0.0, "Pos_0:Pos_4_TT": 0.0, "Pos_0:Pos_2_CA": 0.0, "Pos_2:Pos_3_AC": 0.09509679411551501, "Pos_1:Pos_5_CA": 0.0, "Pos_1:Pos_4_AT": 0.08032956695673676, "Pos_2:Pos_4_AG": 0.0, "Pos_1:Pos_4_AC": 0.0, "Pos_2:Pos_5_TG": 0.0, "Pos_0:Pos_5_CT": -0.06576879996294115, "Pos_0:Pos_5_GA": 0.0, "Pos_4:Pos_5_AT": 0.0, "Pos_0:Pos_5_AT": 0.0, "Pos_0:Pos_5_CG": 0.0, "Pos_1:Pos_3_AC": 0.0, "Pos_3:Pos_5_CT": 0.0, "Pos_3:Pos_4_TA": 0.0, "Pos_0_A": 0.0, "Pos_1:Pos_3_GA": 0.0028602379565463424, "Pos_0:Pos_2_AG": 0.0, "Pos_0:Pos_4_CA": 0.0, "AtoC": 0.0, "Pos_1:Pos_5_TG": 0.09102740712582133, "Pos_3:Pos_4_GC": -0.008121516478314232, "Pos_0:Pos_5_TA": 0.0, "Pos_0:Pos_3_GG": 0.0, "Pos_1:Pos_4_AA": 0.0, "Pos_0:Pos_5_TT": 0.0, "Pos_3:Pos_5_TG": 0.0, "Pos_2:Pos_5_GG": 0.0, "Pos_1:Pos_2_GC": 0.0, "Pos_0:Pos_2_CT": 0.008549269669018821, "Pos_0:Pos_3_GT": -0.012209664519025717, "Pos_0:Pos_1_GA": 0.0, "Pos_1:Pos_3_TT": 0.0, "Pos_2:Pos_4_TG": 0.0, "Pos_2_A": 0.0, "Pos_2:Pos_3_TT": 0.0, "Pos_1:Pos_2_CG": 0.0, "Pos_4:Pos_5_CT": 0.0, "Pos_2:Pos_5_TC": 0.0, "Pos_1:Pos_5_AA": 0.030851940811997235, "Pos_3:Pos_4_AC": 0.0, "Pos_1:Pos_5_CC": 0.0020156409450482232, "Pos_0:Pos_4_GA": -0.06618244720662016, "Pos_1:Pos_5_CT": 0.0, "AtoG": 0.027369401149201996, "Pos_0:Pos_4_AT": 0.13313434388425083, "Pos_2_C": 0.0, "Pos_3:Pos_5_AG": 0.0, "Pos_1:Pos_5_GC": 0.0, "Pos_1:Pos_3_AG": 0.0, "Pos_1:Pos_3_GT": -0.07120273126933419, "Pos_1:Pos_4_AG": 0.0, "Pos_2:Pos_3_AG": 0.0, "Pos_1:Pos_5_AG": 0.0, "Pos_0:Pos_1_GT": 0.0, "Pos_1:Pos_4_TA": -0.07499267611679392, "Pos_1:Pos_2_CT": 0.0, "Pos_1:Pos_3_TG": 0.0, "Pos_4_A": 0.0, "Pos_0:Pos_5_TC": 0.0, "Pos_2:Pos_5_GC": 0.0, "Pos_0:Pos_1_GC": 0.0, "Pos_2:Pos_5_CG": 0.0, "Pos_0:Pos_4_GT": 0.0, "Pos_0:Pos_2_AC": 0.0, "Pos_3:Pos_4_TC": 0.0, "Pos_2:Pos_5_AG": 0.0, "Pos_1:Pos_4_GG": -0.05918102318844573, "Pos_0:Pos_2_CC": 0.0, "Pos_0:Pos_4_CT": 0.0, "Pos_5_C": 0.0, "Pos_2:Pos_4_CA": 0.0, "Pos_1:Pos_3_AT": 0.0, "Pos_3:Pos_4_TT": 0.0, "Pos_1:Pos_5_GA": -0.011968205113108739, "Pos_4:Pos_5_GA": 0.0, "Pos_0:Pos_4_AG": 0.0, "Pos_3_G": 0.0, "Pos_1:Pos_5_GT": 0.0, "Pos_2:Pos_4_CC": -0.02000846324798451, "Pos_0:Pos_1_TA": 0.0, "Pos_1:Pos_5_AC": 0.0, "Pos_1:Pos_2_CC": 0.0, "Pos_0:Pos_4_CG": 0.0, "Pos_0:Pos_3_CG": -0.17508289827442913, "Pos_4:Pos_5_TT": 0.0, "Pos_0:Pos_2_TG": 0.0, "Pos_2:Pos_4_TA": -0.006762327844743748, "Pos_1:Pos_4_GT": 0.0, "TtoC": 0.11738713380476717, "Pos_0:Pos_5_CA": 0.006720447603177893, "Pos_3:Pos_5_CG": 0.0, "Pos_4:Pos_5_TA": -0.08587387121722333, "Pos_1:Pos_3_GG": -0.15041458405952976, "Pos_2:Pos_3_GG": 0.0, "Pos_5_G": 0.0, "Pos_4:Pos_5_GG": 0.0, "Pos_4_C": 0.0, "Pos_4:Pos_5_CC": 0.0, "Pos_1:Pos_5_TA": 0.0, "Pos_1:Pos_3_CC": 0.0, "Pos_0_G": 0.0, "Pos_1:Pos_3_GC": 0.013813177052181078, "Pos_2_T": 0.0, "Pos_3:Pos_5_AC": 0.018881259052976586, "Pos_1:Pos_4_TT": 0.003993046783544321, "Pos_0:Pos_1_CG": 0.11705067194699952, "Pos_1:Pos_3_TC": 0.0, "Pos_3:Pos_4_AA": -0.20910164961075217, "Pos_3:Pos_4_CA": 0.0, "Pos_2:Pos_4_CT": 0.0, "Pos_0:Pos_2_GC": -0.037643104179052075, "Pos_0:Pos_5_GC": 0.0076093601890642616, "Pos_2:Pos_3_CA": 0.05121309789175358, "Pos_5_A": 0.0, "AtoT": 0.4315652777523871, "Pos_5_T": 0.0, "Pos_2:Pos_4_GA": 0.0, "Pos_0:Pos_2_TC": 0.0, "Pos_3:Pos_5_TT": 0.0, "Pos_2:Pos_3_AT": -0.11115178503620071, "GC_feature": 0.0, "Pos_1:Pos_4_GA": 0.13043979995110133, "Pos_0:Pos_3_CA": 0.0, "Pos_0:Pos_1_AG": 0.0, "Pos_4_T": 0.0, "Pos_0:Pos_4_CC": 0.0, "Pos_1:Pos_2_GA": 0.0, "Pos_1:Pos_4_CA": -0.062248959530272256, "Pos_1:Pos_2_AT": 0.0, "Pos_2:Pos_3_TC": 0.05826418820387328, "CtoA": -0.010937064104740761, "Pos_3:Pos_5_CA": 0.0, "Pos_0:Pos_3_AC": -0.06074802524818466, "CtoG": -0.24997205702987726, "Pos_3:Pos_4_GT": -0.10691254778440681, "Pos_3_C": 0.03203886320392267, "GtoT": 0.0, "Pos_2:Pos_4_AT": 0.10921161503363012, "Pos_3:Pos_4_GA": 0.0, "Pos_0:Pos_3_GC": 0.0535638708879698, "Pos_4:Pos_5_AC": 0.0, "Pos_0:Pos_4_TA": 0.03307032451104712, "Pos_0:Pos_2_AA": 0.0, "Pos_0:Pos_3_CT": 0.0, "Pos_1_G": 0.0, "Pos_1:Pos_4_CT": 0.0, "Pos_2:Pos_3_AA": 0.1198382181944294, "Pos_0:Pos_2_CG": 0.0, "Pos_1:Pos_2_AC": -0.009694424128448504, "Pos_2:Pos_5_TA": 0.0, "CtoT": -0.47544864899587, "Pos_1_C": 0.0, "Pos_1:Pos_2_GG": 0.0, "Pos_2:Pos_4_AC": 0.0, "Pos_1:Pos_5_TC": 0.0, "Pos_2:Pos_5_CA": 0.0, "Pos_1:Pos_5_CG": -0.012495954898038916, "Pos_3:Pos_4_CC": 0.013561880291482665, "Pos_4:Pos_5_GT": 0.0, "Pos_2:Pos_3_TG": 0.0, "Pos_2:Pos_4_TC": 0.0, "Pos_0:Pos_1_TG": 0.0, "Pos_0:Pos_4_TG": 0.0, "Pos_1:Pos_2_AG": 0.0, "Pos_1:Pos_2_TC": 0.0, "Pos_3:Pos_5_CC": 0.0, "Pos_0:Pos_4_AC": 0.0, "Pos_1:Pos_4_TC": 0.031103612309936128, "Pos_2:Pos_4_AA": 0.0, "Pos_3:Pos_5_GC": 0.0, "Pos_3:Pos_5_TA": 0.0, "Pos_2:Pos_5_TT": 0.0, "Pos_2:Pos_3_CT": 0.0, "GtoC": -0.2492550604014594, "Pos_0:Pos_2_GT": 0.0, "Pos_0:Pos_5_AC": 0.0, "Pos_0:Pos_3_AT": 0.0, "Pos_0:Pos_3_AG": 0.0, "Pos_0:Pos_1_AC": 0.0, "Pos_1:Pos_2_TT": 0.11789630580532916, "Pos_2:Pos_3_GA": 0.0, "Pos_0:Pos_5_CC": 0.0, "Pos_4_G": 0.0, "Pos_1:Pos_2_TG": 0.04665928352540934, "Pos_3:Pos_5_AA": 0.0, "Pos_1:Pos_2_AA": 0.0, "Pos_3:Pos_5_TC": 0.0, "Pos_4:Pos_5_AA": 0.0, "Pos_3:Pos_5_GT": 0.0, "Pos_0_C": 0.0, "Pos_0:Pos_1_GG": 0.0, "Pos_2:Pos_3_TA": 0.0, "Pos_0:Pos_5_GT": 0.0, "Pos_0:Pos_3_TA": 0.0, "Pos_3:Pos_4_AG": 0.0, "Pos_0:Pos_4_TC": 0.0, "Pos_2:Pos_4_CG": 0.0, "Pos_0:Pos_4_GG": 0.0, "Pos_0:Pos_3_AA": 0.0, "Pos_2:Pos_3_GC": 0.0, "Pos_4:Pos_5_TG": 0.0, "Pos_1:Pos_4_TG": 0.0, "Pos_3_T": 0.0, "Pos_0:Pos_3_GA": 0.011720028110465373, "Pos_0:Pos_4_GC": 0.0, "Pos_0:Pos_5_AA": -0.0007010359487688636, "Pos_1:Pos_3_CA": 0.0, "Pos_0:Pos_2_TA": 0.0, "Pos_0:Pos_1_AT": -0.1336606646157359, "Pos_1_A": 0.0, "Pos_2:Pos_3_CG": 0.0, "Pos_3:Pos_4_GG": 0.0, "Pos_1:Pos_2_CA": 0.0, "Pos_3:Pos_5_AT": 0.0, "Pos_3:Pos_4_TG": -0.005991119499958626, "Pos_1:Pos_5_GG": 0.014417804133127543, "Pos_2:Pos_5_CT": -0.03571536900934756, "TtoG": 0.0, "Pos_1:Pos_2_TA": 0.0, "Pos_2:Pos_4_GC": 0.02850415208918628, "Pos_0_T": 0.0, "Pos_0:Pos_1_TT": 0.0, "Pos_2:Pos_4_TT": 0.0, "Pos_1:Pos_3_CT": 0.0, "Pos_2:Pos_3_CC": -0.01441549735170353, "Pos_4:Pos_5_CA": 0.0, "Pos_1:Pos_5_TT": 0.0, "Pos_0:Pos_5_AG": 0.0, "Pos_1:Pos_4_CG": 0.0, "Pos_3:Pos_4_CT": 0.0, "Pos_0:Pos_1_CC": -0.028386271358906156, "Pos_0:Pos_5_TG": 0.024864275312733577, "Pos_0:Pos_3_TG": -0.010612498971831173, "Pos_1:Pos_3_TA": 0.0, "Pos_0:Pos_1_AA": 0.007440219824987791, "Pos_1:Pos_4_GC": 0.0, "TtoA": 0.3568946900091695, "Pos_0:Pos_1_CT": 0.0014425898951337089, "Pos_3:Pos_5_GG": 0.0, "Pos_1:Pos_3_CG": 0.0, "Pos_4:Pos_5_GC": 0.0, "Pos_2:Pos_5_CC": 0.0, "Pos_1:Pos_4_CC": -0.16936450670225364, "Pos_0:Pos_4_AA": 0.0, "Pos_0:Pos_5_GG": -0.14450694334191458, "Pos_2:Pos_5_AC": 0.06081701085431783}