{"params": {"0": {"penalty": "l1", "C": 0.1}, "3": {"penalty": "l1", "C": 100.0}, "1": {"penalty": "l1", "C": 1.0}, "2": {"penalty": "l1", "C": 10.0}}, "param_penalty": {"0": "l1", "3": "l1", "1": "l1", "2": "l1"}, "split0_test_score": {"0": 0.7205517912, "3": 0.6657804756, "1": 0.685966811, "2": 0.6689801744}, "rank_test_score": {"0": 1, "3": 4, "1": 2, "2": 3}, "param_C": {"0": 0.1, "3": 100.0, "1": 1.0, "2": 10.0}, "best_c_choice": 0.1}