{"CtoT": -0.41314381189297267, "CtoG": -1.0916815518763536, "GtoT": 0.1103654252780843, "TtoA": 0.41913093899555887, "GtoA": -0.36503635505385623, "AtoT": 0.43027065851416146, "GC_feature": -0.09453872134856771, "AtoC": -0.11812356581285482, "TtoG": 0.08108945408623035, "TtoC": 0.06755869806796877, "AtoG": 0.08223969244390537, "CtoA": 0.06332468738629292, "GtoC": -1.1963394733779305}