{"best_c_choice": 0.1, "rank_test_score": {"2": 3, "0": 1, "1": 2, "3": 4}, "split0_test_score": {"2": 0.6937307429, "0": 0.7503940099, "1": 0.7078339266, "3": 0.6918645666}, "param_penalty": {"2": "l1", "0": "l1", "1": "l1", "3": "l1"}, "params": {"2": {"penalty": "l1", "C": 10.0}, "0": {"penalty": "l1", "C": 0.1}, "1": {"penalty": "l1", "C": 1.0}, "3": {"penalty": "l1", "C": 100.0}}, "param_C": {"2": 10.0, "0": 0.1, "1": 1.0, "3": 100.0}}