{"TtoC": 0.03151940687591519, "GC_feature": -0.1362197422470958, "Pos_0_G": 0.339189071565326, "Pos_1_C": 0.0, "Pos_0_A": 0.0, "Pos_0_C": -0.10054114621199925, "GtoT": 0.051132165197795565, "GtoC": -0.46864002693616236, "CtoT": -0.31345735689357457, "TtoG": 0.022261855185046534, "CtoG": -0.40985194926605295, "GtoA": -0.32594499586909836, "Pos_0_T": 0.0, "AtoC": -0.025779057993577315, "AtoT": 0.37620387921714804, "CtoA": -0.05479066050991996, "Pos_1_T": 0.0289441773580423, "Pos_1_A": -0.08261332770274608, "AtoG": 0.0, "TtoA": 0.43817895380795335, "Pos_1_G": -0.2825764918286616}