{"best_a_choice": 0.01, "param_alpha": {"4": 3.0, "2": 1.0, "1": 0.1, "3": 2.0, "0": 0.01}, "rank_test_score": {"4": 1, "2": 1, "1": 1, "3": 1, "0": 1}, "params": {"4": {"alpha": 3.0}, "2": {"alpha": 1.0}, "1": {"alpha": 0.1}, "3": {"alpha": 2.0}, "0": {"alpha": 0.01}}, "split0_test_score": {"4": 0.730839774, "2": 0.730839774, "1": 0.730839774, "3": 0.730839774, "0": 0.730839774}}