{"best_a_choice": 0.01, "params": {"0": {"alpha": 0.01}, "1": {"alpha": 0.1}, "4": {"alpha": 3.0}, "3": {"alpha": 2.0}, "2": {"alpha": 1.0}}, "rank_test_score": {"0": 1, "1": 2, "4": 3, "3": 4, "2": 5}, "param_alpha": {"0": 0.01, "1": 0.1, "4": 3.0, "3": 2.0, "2": 1.0}, "split0_test_score": {"0": 0.6685661739, "1": 0.6671184763, "4": 0.6660928717, "3": 0.665993681, "2": 0.6659897255}}