{"best_a_choice": 3.0, "split0_test_score": {"0": 0.6372630174, "4": 0.6708716384, "3": 0.6682090406, "2": 0.6637974442, "1": 0.6486610719}, "rank_test_score": {"0": 5, "4": 1, "3": 2, "2": 3, "1": 4}, "param_alpha": {"0": 0.01, "4": 3.0, "3": 2.0, "2": 1.0, "1": 0.1}, "params": {"0": {"alpha": 0.01}, "4": {"alpha": 3.0}, "3": {"alpha": 2.0}, "2": {"alpha": 1.0}, "1": {"alpha": 0.1}}}