{"Pos_1:Pos_3_GC": 0.12859076508032227, "Pos_1:Pos_2_GG": 0.0, "Pos_3_G": 0.0, "Pos_0:Pos_1_AG": 0.06656817884069172, "Pos_0:Pos_1_CC": 0.0078190061901802, "Pos_0:Pos_3_TC": 0.07238734383775867, "GtoC": -1.676511808224583, "Pos_0:Pos_2_CA": -0.03013125896309118, "Pos_0:Pos_3_AC": 0.05874482000380821, "Pos_2:Pos_3_TA": 0.0, "Pos_1:Pos_2_AG": 0.0353622649136563, "Pos_2:Pos_3_GG": 0.0874551378925839, "Pos_1_T": 0.0, "Pos_0:Pos_2_GG": 0.0, "Pos_0:Pos_2_TA": 0.05490366671719304, "Pos_0:Pos_1_AT": 0.0, "Pos_0:Pos_3_GA": 0.0, "GtoA": -0.3553287152350601, "Pos_2:Pos_3_CA": 0.18331584894010566, "Pos_0:Pos_1_GC": 0.0, "Pos_0:Pos_3_TG": 0.0, "Pos_0:Pos_1_TG": 0.09349110962332653, "Pos_0:Pos_2_TC": 0.023139613733885157, "Pos_2:Pos_3_AT": 0.0, "Pos_1:Pos_3_CA": 0.0, "Pos_1:Pos_3_AC": -0.001241035335231213, "Pos_1:Pos_2_CA": -0.03151324448563114, "Pos_0:Pos_1_CT": 0.0, "Pos_1:Pos_2_CT": 0.1287173031328005, "Pos_1:Pos_2_GA": 0.025653218854198218, "Pos_0:Pos_3_CC": -0.012407759831546976, "Pos_0:Pos_2_AT": 0.13962218858576514, "Pos_0:Pos_3_CT": 0.0, "Pos_1:Pos_3_CC": 0.0, "Pos_0_C": 0.0, "AtoG": 0.26870146597989925, "CtoT": -0.3326733197489612, "Pos_0:Pos_2_GA": 0.0, "Pos_3_C": 0.0, "Pos_2:Pos_3_GC": 0.0, "Pos_0:Pos_2_TT": 0.0, "Pos_1:Pos_2_GT": 0.0, "Pos_0:Pos_3_CA": 0.0, "Pos_2:Pos_3_AC": 0.0, "Pos_0:Pos_3_AG": -0.021454098808963082, "Pos_2:Pos_3_CT": 0.146065894512575, "Pos_0:Pos_2_CC": 0.018747098817624964, "Pos_0:Pos_2_GC": 0.0, "Pos_2:Pos_3_TT": 0.11107964741296988, "Pos_0:Pos_1_CG": -0.3444126981622794, "Pos_0_A": 0.0, "Pos_1:Pos_3_GT": 0.0702744326112657, "Pos_2:Pos_3_CC": 0.0, "AtoT": 1.0231327311123384, "Pos_1:Pos_3_TC": 0.025694826940739712, "Pos_2:Pos_3_CG": 0.0, "Pos_1:Pos_3_TA": 0.0, "Pos_0:Pos_2_AG": -0.10862347030820803, "Pos_2:Pos_3_AA": 0.0, "Pos_0:Pos_1_GT": 0.0, "Pos_2:Pos_3_GT": -0.004580348117627843, "CtoG": -1.7545848638048458, "Pos_0:Pos_1_GA": -0.033011442527967144, "Pos_0:Pos_2_TG": -0.09205734186404337, "Pos_0:Pos_1_CA": 0.03388682606472159, "Pos_0:Pos_3_GG": 0.0, "Pos_2:Pos_3_TC": 0.015029569411366598, "Pos_1_G": 0.23263488021871706, "Pos_2_A": 0.0, "Pos_1_A": 0.0, "Pos_0:Pos_3_GT": -0.037910033252003435, "Pos_0:Pos_1_AA": 0.0, "Pos_2:Pos_3_TG": 0.0, "Pos_1:Pos_2_CG": -0.01653672944915653, "Pos_0:Pos_1_AC": -0.12268722254711009, "Pos_3_A": -0.027312449381838133, "Pos_0:Pos_2_CG": 0.05404175876914979, "Pos_2:Pos_3_GA": -0.059676215607729184, "Pos_0_G": 0.0, "Pos_0:Pos_1_TT": 0.15504719759132038, "Pos_0:Pos_3_TT": 0.0, "Pos_0:Pos_2_AA": 0.0, "Pos_1:Pos_2_AT": -0.026059720451393195, "Pos_1:Pos_2_CC": 0.0, "Pos_0:Pos_2_GT": 0.0, "Pos_1:Pos_2_TA": -0.23049071697450926, "Pos_1:Pos_2_GC": 0.057950994379259844, "Pos_1:Pos_2_TT": 0.002719514123085307, "Pos_1:Pos_3_CG": 0.0, "Pos_1:Pos_2_TG": 0.0, "Pos_0:Pos_2_AC": 0.0, "Pos_0:Pos_3_AT": 0.0758909190075206, "Pos_2_G": -0.10767168140692356, "Pos_1:Pos_3_TG": -0.0168089308533893, "Pos_1:Pos_3_TT": 0.0, "Pos_0:Pos_3_AA": -0.006212734971812096, "Pos_1:Pos_3_AG": 0.0, "Pos_0:Pos_1_TC": -0.01562635404308038, "AtoC": 0.0, "Pos_0:Pos_3_GC": 0.0, "Pos_0:Pos_2_CT": 0.0, "Pos_1_C": -0.11467971280520854, "Pos_1:Pos_2_TC": 0.0, "TtoC": 0.27109350057674253, "Pos_2_T": 0.058979748809242484, "Pos_1:Pos_3_GA": 0.0, "Pos_0_T": 0.1075073541414595, "Pos_0:Pos_3_CG": 0.0, "TtoG": 0.34554938680624864, "Pos_1:Pos_2_AA": 0.15263608978768606, "CtoA": 0.15776940985680266, "Pos_1:Pos_3_AA": 0.0, "Pos_0:Pos_1_TA": 0.0, "Pos_3_T": 0.0, "GtoT": 0.29295786534511475, "Pos_1:Pos_2_AC": 0.0, "Pos_1:Pos_3_AT": 0.022837956449832157, "Pos_0:Pos_3_TA": 0.0, "Pos_1:Pos_3_GG": 0.0, "Pos_1:Pos_3_CT": -0.10800578647197238, "TtoA": 1.1071093104442957, "Pos_2:Pos_3_AG": 0.2526740691451797, "Pos_2_C": 0.058204108358979316, "Pos_0:Pos_1_GG": 0.0}