{"Pos_1_A": 0.0, "AtoT": 1.2758626413148255, "GtoC": -2.284360407637781, "Pos_0_T": 0.0, "Pos_1_T": 0.06951596463319983, "Pos_0_C": -0.13263556708314317, "Pos_0_G": 0.29535284220743213, "GtoT": 0.5723701717432144, "TtoG": 0.5390188669838947, "CtoA": 0.38491244820143483, "Pos_1_G": -0.23815746750803835, "CtoT": -0.03726894846563439, "GtoA": -0.12413044107673946, "Pos_0_A": 0.053208267192980725, "CtoG": -2.2892548098905183, "TtoA": 1.3495557649375896, "Pos_1_C": 0.08978397575251737, "AtoC": 0.2523334691612506, "AtoG": 0.5104703713147177, "TtoC": 0.5469648431079616}