{"params": {"4": {"alpha": 3.0}, "0": {"alpha": 0.01}, "3": {"alpha": 2.0}, "1": {"alpha": 0.1}, "2": {"alpha": 1.0}}, "param_alpha": {"4": 3.0, "0": 0.01, "3": 2.0, "1": 0.1, "2": 1.0}, "rank_test_score": {"4": 1, "0": 5, "3": 2, "1": 4, "2": 3}, "split0_test_score": {"4": 0.6760193976, "0": 0.6692179877, "3": 0.6757346807, "1": 0.6724700587, "2": 0.6751787867}, "best_a_choice": 3.0}