{"params": {"4": {"alpha": 3.0}, "3": {"alpha": 2.0}, "1": {"alpha": 0.1}, "0": {"alpha": 0.01}, "2": {"alpha": 1.0}}, "rank_test_score": {"4": 5, "3": 4, "1": 2, "0": 1, "2": 3}, "best_a_choice": 0.01, "param_alpha": {"4": 3.0, "3": 2.0, "1": 0.1, "0": 0.01, "2": 1.0}, "split0_test_score": {"4": 0.6955420317, "3": 0.6962015147, "1": 0.7008781352, "0": 0.7029806907, "2": 0.697362181}}