{"CtoG": -0.6532372683804314, "GtoC": -0.624856564790302, "AtoC": -0.0858889798474906, "GC_feature": -0.13771659503442443, "GtoA": -0.4333842967054938, "AtoG": 0.03342635762534493, "TtoG": 0.0, "GtoT": 0.0070338675943773295, "AtoT": 0.38620902383897704, "CtoA": -0.035361759609464076, "CtoT": -0.4569915870274367, "TtoA": 0.4231763457730324, "TtoC": 0.02203200954804261}