{"param_C": {"0": 0.1, "2": 10.0, "3": 100.0, "1": 1.0}, "param_penalty": {"0": "l1", "2": "l1", "3": "l1", "1": "l1"}, "best_c_choice": 0.1, "rank_test_score": {"0": 1, "2": 4, "3": 2, "1": 3}, "params": {"0": {"penalty": "l1", "C": 0.1}, "2": {"penalty": "l1", "C": 10.0}, "3": {"penalty": "l1", "C": 100.0}, "1": {"penalty": "l1", "C": 1.0}}, "split0_test_score": {"0": 0.7392845757, "2": 0.7392712552, "3": 0.739276964, "1": 0.7392716715}}