{"AtoT": 0.3997072763793406, "AtoC": -0.08478628438073307, "TtoG": 0.0, "CtoG": -0.9421718604729468, "AtoG": 0.06631770117929128, "GtoA": -0.4342405426776647, "GC_feature": -0.12048769653060375, "TtoA": 0.4489812246819591, "TtoC": 0.06828361591187868, "GtoT": 0.022414142550390762, "CtoA": -0.004180987795424371, "GtoC": -0.8685290265287304, "CtoT": -0.43318821408604713}