{"AtoG": 0.32810049277567516, "CtoA": 0.2673361357070053, "GtoT": 0.4456900929683503, "TtoA": 1.1460870736112738, "TtoG": 0.35262816512080025, "GtoA": -0.20949650623768243, "GtoC": -1.4993052283473536, "CtoG": -1.662340582222153, "AtoC": 0.04021792906599357, "AtoT": 1.021553060300641, "CtoT": -0.20731212277682756, "TtoC": 0.45140823108156586}