{"param_penalty": {"1": "l1", "0": "l1", "3": "l1", "2": "l1"}, "best_c_choice": 1.0, "param_C": {"1": 1.0, "0": 0.1, "3": 100.0, "2": 10.0}, "rank_test_score": {"1": 1, "0": 4, "3": 2, "2": 2}, "params": {"1": {"C": 1.0, "penalty": "l1"}, "0": {"C": 0.1, "penalty": "l1"}, "3": {"C": 100.0, "penalty": "l1"}, "2": {"C": 10.0, "penalty": "l1"}}, "split0_test_score": {"1": 0.7193610528, "0": 0.7154320046, "3": 0.7184188442, "2": 0.7184188442}}