{"params": {"3": {"C": 100.0, "penalty": "l1"}, "0": {"C": 0.1, "penalty": "l1"}, "2": {"C": 10.0, "penalty": "l1"}, "1": {"C": 1.0, "penalty": "l1"}}, "split0_test_score": {"3": 0.6738208084, "0": 0.7830324717, "2": 0.6960315893, "1": 0.7415938366}, "best_c_choice": 0.1, "param_C": {"3": 100.0, "0": 0.1, "2": 10.0, "1": 1.0}, "rank_test_score": {"3": 4, "0": 1, "2": 3, "1": 2}, "param_penalty": {"3": "l1", "0": "l1", "2": "l1", "1": "l1"}}