{"Pos_1_G": -0.2504214258912387, "CtoT": -0.21417730651010272, "CtoA": 0.2844103543123748, "GtoT": 0.4273045410508995, "Pos_1_T": 0.07710512512598505, "TtoC": 0.4263447701769294, "CtoG": -1.6730422683951403, "GtoA": -0.25450369565872966, "TtoG": 0.31766760070143396, "Pos_0_A": 0.0, "AtoG": 0.2721748157143578, "AtoC": 0.11001164746100983, "Pos_0_T": 0.1195143759226093, "GtoC": -1.6118082339713629, "Pos_0_G": 0.26247115308748004, "Pos_1_C": 0.11495518351437246, "Pos_1_A": 0.0, "Pos_0_C": -0.1749466773291378, "AtoT": 1.010007316341387, "TtoA": 1.2427039168591303}