{"Pos_2:Pos_3_TA": 0.0, "Pos_0:Pos_1:Pos_2_TGC": 0.03571676915078051, "Pos_2_C": 0.07067548917581105, "Pos_0:Pos_1:Pos_2_ATA": 0.028833430854735782, "Pos_0:Pos_1:Pos_3_GCC": -0.008506658174297582, "Pos_0:Pos_2:Pos_3_GCG": 0.0007451905731725396, "Pos_0:Pos_1:Pos_3_CCC": -0.013498561915083902, "Pos_0:Pos_1:Pos_2_AGG": 0.0, "Pos_0:Pos_2:Pos_3_TCA": 0.0032604690593473627, "Pos_0:Pos_1:Pos_2_ACA": -0.012462679147190922, "Pos_1:Pos_2:Pos_3_GGG": 0.0, "Pos_0:Pos_1:Pos_3_AGA": 0.010632408750804916, "Pos_0:Pos_1:Pos_2_GTT": -0.005930576326685692, "Pos_0:Pos_1:Pos_3_CCA": 0.0, "TtoC": 0.03725774465241525, "Pos_0:Pos_2_TG": 0.0, "Pos_1:Pos_2_GC": 0.045204509735599266, "Pos_0:Pos_2:Pos_3_CTA": 0.018273973887036186, "Pos_0:Pos_1:Pos_2_CGC": 0.0, "Pos_0:Pos_2:Pos_3_GGA": -0.0030845427667355956, "Pos_1:Pos_2:Pos_3_TCA": 0.0, "Pos_0:Pos_2:Pos_3_TTT": 0.0, "Pos_0:Pos_1_CA": 0.034118436153677344, "Pos_0:Pos_1:Pos_3_TGT": 0.06130360999159831, "Pos_1:Pos_2_CG": -0.04049325760340188, "CtoG": -0.6328678746258364, "Pos_1:Pos_2:Pos_3_TGG": 0.0, "Pos_0:Pos_1:Pos_2_AGC": 0.0, "Pos_0:Pos_1:Pos_2_AAG": -0.02010362791756216, "Pos_2:Pos_3_AA": 0.0, "Pos_1:Pos_3_GT": 0.0, "Pos_0:Pos_2:Pos_3_ACC": 0.0, "Pos_1:Pos_3_GC": 0.0, "Pos_0:Pos_1:Pos_3_TCA": 0.0, "Pos_0:Pos_2:Pos_3_TCC": 0.0, "Pos_1:Pos_2:Pos_3_GCC": 0.0, "Pos_0:Pos_2_TA": 0.0, "Pos_0:Pos_2:Pos_3_ATT": 0.07123553092678452, "Pos_0:Pos_2:Pos_3_CGA": 0.0, "Pos_1:Pos_2_TG": 0.0, "Pos_0:Pos_2_AT": 0.022866296318406306, "Pos_0:Pos_1:Pos_2_CTA": -0.04472910038313567, "Pos_0:Pos_1:Pos_3_ATT": 0.011372606619671858, "Pos_1:Pos_2:Pos_3_ATG": 0.021627119042957988, "Pos_0:Pos_1:Pos_3_TTG": -0.013963464191089424, "Pos_0:Pos_2:Pos_3_GTC": 0.0, "Pos_0:Pos_1:Pos_3_GAA": -0.04110244938074037, "Pos_0:Pos_1:Pos_3_CAA": 0.0, "AtoT": 0.45007130048897065, "Pos_0:Pos_1:Pos_2_CTG": 0.0, "Pos_0:Pos_1_TC": 0.0, "Pos_0:Pos_1:Pos_2_TGG": 0.0, "Pos_0:Pos_1:Pos_2_CGT": 0.0, "Pos_0:Pos_1:Pos_2_CGA": -0.02777792001219687, "Pos_2:Pos_3_TT": 0.03087115430901114, "Pos_0:Pos_2:Pos_3_AAT": 0.0, "Pos_3_A": 0.0, "Pos_0:Pos_1:Pos_2_TGT": -0.013995226143410526, "GtoT": 0.040200513187974296, "Pos_0:Pos_2:Pos_3_CAT": -0.01339202667309646, "Pos_0:Pos_2:Pos_3_CTC": -0.014816743087295702, "Pos_0:Pos_1:Pos_2_ATG": 0.0, "Pos_0:Pos_1:Pos_3_GGC": 0.0, "Pos_0:Pos_1:Pos_3_ACC": 0.0016284214910413388, "Pos_0:Pos_2:Pos_3_CCT": 0.0, "Pos_1:Pos_2:Pos_3_TCG": -0.0502143872944966, "GtoC": -0.6427975565922526, "Pos_0:Pos_1:Pos_3_TCT": 0.0, "Pos_1:Pos_2_TT": 0.0, "Pos_1:Pos_3_AC": 0.0, "Pos_0:Pos_2_TC": 0.0, "Pos_0:Pos_2:Pos_3_ATG": 0.02922125220272698, "Pos_0:Pos_1:Pos_2_CTC": 0.0, "Pos_0:Pos_1:Pos_2_CCG": 0.0, "Pos_1:Pos_2:Pos_3_GAC": 0.0, "Pos_0:Pos_2:Pos_3_GTA": 0.020465313791408906, "Pos_0:Pos_2:Pos_3_GCC": -0.021234131964328377, "Pos_0:Pos_1:Pos_2_TCC": -0.02768765408105462, "Pos_0:Pos_1:Pos_3_CTT": 0.0, "Pos_0:Pos_1:Pos_3_TGC": 0.03671387541596541, "Pos_0:Pos_2:Pos_3_CTG": -0.013232486667933452, "Pos_1:Pos_2:Pos_3_AGT": 0.023004952286446865, "Pos_0:Pos_1:Pos_2_ACT": 0.0, "Pos_0:Pos_3_AT": 0.0, "Pos_1:Pos_2:Pos_3_TAC": -0.004654756652839997, "Pos_0:Pos_2:Pos_3_GGG": 0.0, "Pos_0:Pos_1:Pos_2_TAC": 0.012688340137018712, "Pos_0:Pos_3_CT": 0.0, "Pos_0:Pos_2:Pos_3_ACA": 0.0, "Pos_2:Pos_3_CG": 0.0, "Pos_0:Pos_1:Pos_3_AGG": 0.0, "Pos_1:Pos_2:Pos_3_GAA": 0.0018743947762852793, "Pos_0:Pos_1:Pos_3_TAC": 0.0, "Pos_0:Pos_1:Pos_2_AAT": 0.0, "Pos_1:Pos_2:Pos_3_TCT": 0.015297267695020182, "Pos_0:Pos_1_GA": 0.0, "Pos_1:Pos_2_GG": 0.0, "Pos_1:Pos_2:Pos_3_CTA": 0.015315996760276614, "Pos_0:Pos_3_TT": 0.0, "Pos_1:Pos_2:Pos_3_AAA": 0.0, "Pos_0:Pos_3_CA": 0.0, "Pos_0:Pos_3_GC": -0.01154892179572363, "Pos_0:Pos_1:Pos_2_TTT": 0.06727033422455621, "Pos_0:Pos_1_AG": 0.003853484977630843, "Pos_1:Pos_2:Pos_3_AAC": 0.006573855862077282, "Pos_1:Pos_2:Pos_3_AGG": 0.0, "Pos_1_C": -0.02442366866455453, "Pos_0:Pos_1:Pos_2_GAG": 0.004250050787500461, "Pos_1:Pos_2:Pos_3_GTT": 0.0, "Pos_0:Pos_2:Pos_3_AAC": 0.0060597586484269555, "Pos_0:Pos_1:Pos_3_CGA": -0.04597202278275694, "Pos_0:Pos_1:Pos_2_TTG": 0.0, "Pos_0:Pos_3_TG": 0.0, "Pos_0:Pos_1:Pos_2_GTA": -0.0013743527354847494, "Pos_1:Pos_2:Pos_3_CTT": 0.0, "Pos_0:Pos_2:Pos_3_AGG": -0.057118274397824485, "Pos_1:Pos_2:Pos_3_AAT": -0.009337106292492224, "Pos_0:Pos_1:Pos_2_AAC": 0.0, "Pos_0:Pos_1:Pos_2_GGT": 0.0, "Pos_2:Pos_3_TG": 0.0, "Pos_0:Pos_2:Pos_3_AGA": -0.011830912929139209, "Pos_0:Pos_1:Pos_3_TGG": -0.012327927230791605, "Pos_0:Pos_1:Pos_3_TAA": -0.012515273891609599, "Pos_0:Pos_2:Pos_3_CCA": 0.0, "Pos_2_A": 0.0, "Pos_0:Pos_1:Pos_2_CAG": 0.0, "Pos_0:Pos_1:Pos_3_ACT": -0.06472003604626977, "Pos_0:Pos_1:Pos_2_TAT": -0.0038561706805073735, "Pos_0:Pos_1:Pos_3_TAG": 0.009467592405055871, "Pos_1:Pos_2_AC": 0.0, "Pos_0:Pos_2_CG": 0.0, "Pos_0:Pos_1_TG": 0.0, "Pos_0:Pos_2:Pos_3_ACG": -0.01198640569549108, "Pos_1:Pos_3_CA": 0.0, "Pos_0:Pos_1:Pos_2_TAG": -0.04822748362220161, "Pos_1:Pos_2:Pos_3_GAG": 0.0, "CtoA": -0.0003744448243529499, "Pos_0:Pos_1:Pos_2_CCA": 0.0, "Pos_1:Pos_2_TC": 0.0, "Pos_2:Pos_3_GA": -0.11529885831222404, "Pos_0:Pos_1:Pos_2_GTC": 0.0, "Pos_0:Pos_2:Pos_3_TTA": 0.0, "Pos_0:Pos_2_CT": 0.0, "Pos_0:Pos_2:Pos_3_TCG": -0.024960763267145705, "Pos_1:Pos_3_TG": 0.0, "Pos_0:Pos_1:Pos_3_TGA": 0.0, "Pos_1:Pos_2:Pos_3_AAG": 0.03130032674157225, "Pos_0:Pos_1_AA": 0.0, "Pos_1:Pos_2:Pos_3_GCT": 0.0, "Pos_0:Pos_1:Pos_3_GGA": 0.0, "Pos_0:Pos_1:Pos_2_GCG": -0.03888022794515067, "Pos_0:Pos_1_CG": -0.08825187744942009, "Pos_0:Pos_1:Pos_2_TTA": 0.0, "Pos_0:Pos_1:Pos_3_GTT": -0.00544119709846439, "Pos_1:Pos_2:Pos_3_CAG": 0.0, "Pos_1:Pos_2_CA": -0.05989488092014359, "Pos_0:Pos_1:Pos_3_GTG": 0.0, "Pos_0:Pos_1:Pos_2_CAA": 0.0, "Pos_0:Pos_1:Pos_3_GTC": 0.0, "Pos_1:Pos_3_CT": -0.011225353170289271, "Pos_0:Pos_2:Pos_3_TTG": 0.0, "Pos_0:Pos_1:Pos_2_CAT": 0.0, "Pos_0:Pos_2:Pos_3_GAT": -0.0018528823403750414, "Pos_0:Pos_1_GC": 0.0, "Pos_1:Pos_2:Pos_3_CTC": 0.0, "Pos_0:Pos_2_CC": 0.0030685417106041785, "Pos_2:Pos_3_GC": 0.0, "Pos_0:Pos_1:Pos_3_GTA": -0.0016367735296555358, "Pos_0:Pos_1:Pos_2_GCC": 0.0, "Pos_0:Pos_3_AA": 0.0, "Pos_0:Pos_1:Pos_3_CAG": 0.0, "Pos_0:Pos_1:Pos_2_CAC": 0.0006133110330073866, "Pos_0:Pos_1:Pos_3_CAT": 0.0, "Pos_0:Pos_2:Pos_3_AGC": 0.02140250840448206, "Pos_1:Pos_2:Pos_3_CGG": 0.0, "Pos_1:Pos_2:Pos_3_GGC": 0.0, "Pos_0:Pos_1_TT": 0.008280528949391183, "Pos_0_C": 0.0, "Pos_0:Pos_1:Pos_2_CCT": 0.0, "Pos_0:Pos_1:Pos_3_CCT": 0.006399949291902639, "Pos_0:Pos_2:Pos_3_TGA": 0.003300365110684638, "Pos_0:Pos_2:Pos_3_GAA": -0.015192112588984457, "Pos_1:Pos_2:Pos_3_GAT": 0.0027771093797990735, "Pos_0:Pos_1:Pos_3_CTC": 0.0, "Pos_1:Pos_3_GG": 0.0, "Pos_1:Pos_2:Pos_3_AGA": 0.0, "Pos_0:Pos_3_AG": 0.0, "Pos_2:Pos_3_CA": 0.0, "Pos_1:Pos_2:Pos_3_ATA": -0.013547842522627473, "Pos_1:Pos_2:Pos_3_TCC": 0.0, "Pos_1:Pos_2:Pos_3_ACC": 0.0, "Pos_1:Pos_2:Pos_3_ATC": 0.0, "Pos_0:Pos_2:Pos_3_ATA": -0.041425025279572446, "Pos_0:Pos_1:Pos_3_AAC": 0.0, "Pos_0:Pos_2:Pos_3_GCT": 0.0, "Pos_1:Pos_3_AG": 0.0, "Pos_0:Pos_3_GG": 0.018220112248264836, "Pos_0:Pos_1:Pos_2_GCT": 0.008232825456443736, "AtoC": -0.06420064002942405, "Pos_2_G": -0.036325064144685004, "Pos_0:Pos_1:Pos_2_AGA": 0.0336697584597259, "Pos_3_G": 0.0, "Pos_2:Pos_3_CT": 0.021366261876812228, "Pos_0:Pos_2:Pos_3_TAA": 0.0, "Pos_0:Pos_2:Pos_3_TGC": 0.0, "Pos_0:Pos_1:Pos_3_ATA": -0.0074494564104007075, "Pos_2:Pos_3_GT": 0.0, "Pos_0:Pos_1_CC": 0.0, "Pos_1:Pos_3_TT": 0.0, "Pos_0:Pos_2:Pos_3_TAG": 0.0, "Pos_0:Pos_3_GT": 0.0, "Pos_1:Pos_2_GT": 0.0, "Pos_1:Pos_2_AG": 0.0, "Pos_0:Pos_2:Pos_3_CCG": 0.0, "Pos_1:Pos_2:Pos_3_CTG": 0.0, "Pos_0:Pos_1:Pos_3_GAG": 0.0076734769733361515, "Pos_1:Pos_2:Pos_3_TAT": -0.04606098965731096, "Pos_1:Pos_2:Pos_3_CGC": 0.0, "Pos_0:Pos_1:Pos_3_CGC": 0.0, "Pos_1:Pos_2_GA": 0.008142869749129275, "Pos_0:Pos_1:Pos_3_TCC": 0.0, "Pos_1:Pos_2:Pos_3_CAT": -0.0022786763758136123, "Pos_0:Pos_2:Pos_3_CGG": -0.006304599642719758, "Pos_0:Pos_2:Pos_3_GAC": 0.0, "Pos_0:Pos_2_AA": 0.0, "Pos_0:Pos_3_CG": 0.0, "Pos_0:Pos_2_GC": 0.0, "Pos_0:Pos_1:Pos_2_ACG": -0.04251086235137897, "Pos_0:Pos_2:Pos_3_GAG": 0.0008853978955271571,