{"Pos_0:Pos_1_CG": -0.109830175444988, "Pos_1_C": 0.13092613950427462, "TtoC": 0.7095530908544437, "GtoA": 0.042467810657120596, "Pos_0:Pos_1_TA": -0.17388040012824893, "Pos_1_G": -0.14537633094376246, "Pos_0:Pos_1_GT": 0.10341275655382132, "Pos_0:Pos_1_CA": 0.02625195935606232, "AtoT": 1.413447465169795, "CtoT": 0.07488476956210748, "TtoA": 1.574461942900832, "Pos_0:Pos_1_AG": 0.04681063598013992, "GtoC": -3.2437541022538237, "AtoG": 0.6904394271947994, "Pos_0:Pos_1_TT": 0.17496662214767866, "Pos_0:Pos_1_TC": 0.04405123697613149, "Pos_0:Pos_1_GC": 0.15230137172893843, "GtoT": 0.7205628970345944, "Pos_0_G": 0.27284934198942645, "Pos_0:Pos_1_TG": 0.013053008737574515, "TtoG": 0.6801572185175268, "Pos_0:Pos_1_CT": 0.11509720611698508, "Pos_0:Pos_1_AA": 0.17120221743192968, "Pos_0_T": 0.0, "Pos_0:Pos_1_AC": 0.06627672785379518, "Pos_0:Pos_1_GA": 0.052087706890961635, "Pos_0:Pos_1_AT": 0.0, "Pos_1_T": 0.05588266337954205, "Pos_0:Pos_1_GG": 0.0, "CtoA": 0.6176270683179885, "Pos_0_A": 0.01741941333756593, "Pos_0_C": -0.09965265747491985, "CtoG": -3.307438244218519, "AtoC": 0.4045234429190287, "Pos_0:Pos_1_CC": 0.030746076833312274, "Pos_1_A": 0.0}