{"param_C": {"3": 100.0, "1": 1.0, "0": 0.1, "2": 10.0}, "rank_test_score": {"3": 2, "1": 3, "0": 4, "2": 1}, "best_c_choice": 10.0, "params": {"3": {"penalty": "l1", "C": 100.0}, "1": {"penalty": "l1", "C": 1.0}, "0": {"penalty": "l1", "C": 0.1}, "2": {"penalty": "l1", "C": 10.0}}, "split0_test_score": {"3": 0.7763754101, "1": 0.7763344972, "0": 0.7758768433, "2": 0.776388017}, "param_penalty": {"3": "l1", "1": "l1", "0": "l1", "2": "l1"}}