{"param_alpha": {"3": 2.0, "4": 3.0, "0": 0.01, "1": 0.1, "2": 1.0}, "rank_test_score": {"3": 4, "4": 5, "0": 1, "1": 2, "2": 3}, "params": {"3": {"alpha": 2.0}, "4": {"alpha": 3.0}, "0": {"alpha": 0.01}, "1": {"alpha": 0.1}, "2": {"alpha": 1.0}}, "split0_test_score": {"3": 0.6859872588, "4": 0.6856106875, "0": 0.6912742728, "1": 0.6891247983, "2": 0.6867020754}, "best_a_choice": 0.01}