{"Pos_0:Pos_3_AA": 0.0, "Pos_1:Pos_2_AG": 0.0, "Pos_2_G": 0.0, "Pos_1:Pos_3_AC": -0.06414614360273188, "Pos_1_C": -0.10887847876892823, "Pos_0:Pos_1_GA": 0.03173425428197311, "Pos_0:Pos_1_CG": -0.15333410988954907, "Pos_1:Pos_3_TG": -0.03633372125617618, "Pos_1:Pos_2_AA": 0.015742133426267912, "Pos_2_A": 0.0, "Pos_0:Pos_3_AT": 0.025624578348681093, "Pos_2:Pos_3_GC": 0.0, "Pos_1:Pos_2_CT": 0.0, "Pos_2:Pos_3_AG": 0.07838546210439232, "CtoA": -0.048934113306861676, "Pos_2:Pos_3_AT": -0.016756007755563303, "Pos_2:Pos_3_TT": 0.046652748429397775, "Pos_1:Pos_2_GC": 0.07711530400353837, "AtoT": 0.5317681967407664, "Pos_1:Pos_3_AA": 0.0, "Pos_1:Pos_3_AG": 0.0796051411876989, "TtoG": 0.0, "Pos_2:Pos_3_TA": 0.0, "Pos_1_A": 0.0, "Pos_2:Pos_3_CA": 0.14657143792979757, "Pos_0:Pos_1_GC": -0.010019919152351552, "Pos_0:Pos_1_TA": 0.0, "GtoT": 0.04489061699573184, "Pos_1:Pos_3_TA": -0.06080257207718326, "Pos_1:Pos_2_TT": 0.011696914516238492, "Pos_0:Pos_2_AA": 0.0, "Pos_2:Pos_3_CG": -0.0326279409463555, "Pos_1:Pos_3_CG": 0.0, "Pos_0:Pos_1_CT": 0.0, "Pos_1:Pos_3_TC": 0.0, "Pos_0:Pos_3_TC": 0.019160500162385134, "TtoA": 0.2907533157102152, "Pos_0:Pos_3_GG": 0.0, "Pos_1:Pos_3_CT": -0.07480491358603526, "Pos_1:Pos_2_TA": 0.0, "Pos_0:Pos_3_GT": 0.006212003011363795, "Pos_1:Pos_3_GA": 0.0, "Pos_1:Pos_2_TG": -0.0011937631120951765, "Pos_0:Pos_2_CG": 0.0, "Pos_3_G": -0.06910687152467182, "Pos_0:Pos_2_GT": 0.03686676394598937, "Pos_0:Pos_2_CA": 0.0, "TtoC": 0.0, "Pos_0:Pos_2_CT": -0.013293848131108576, "Pos_0:Pos_1_AG": 0.05486008101283495, "Pos_0:Pos_1_AA": 0.0, "Pos_0:Pos_2_TG": -0.04196742649673425, "Pos_0_T": 0.0, "Pos_0:Pos_2_TT": 0.0, "Pos_0:Pos_2_TC": 0.005037411281909522, "Pos_0_A": 0.0, "Pos_1_T": 0.0, "Pos_2:Pos_3_CT": 0.0, "Pos_0:Pos_1_TG": 0.0, "Pos_0_G": 0.0, "Pos_1:Pos_2_CC": 0.0, "CtoG": -0.24898434081938345, "Pos_0:Pos_1_AC": 0.0, "Pos_2:Pos_3_TG": 0.0, "Pos_1:Pos_3_CA": 0.0, "Pos_0:Pos_1_GT": 0.0, "AtoG": 0.06218053144711476, "Pos_0:Pos_3_AC": 0.0, "GC_feature": -0.07699325811486567, "Pos_2:Pos_3_GA": -0.025931198720505907, "Pos_0:Pos_3_TG": 0.0, "Pos_2:Pos_3_AC": 0.044047604083504006, "Pos_0:Pos_3_GA": 0.0, "GtoC": -0.3146103750749941, "Pos_1:Pos_2_GA": 0.02827866291456878, "Pos_2:Pos_3_GT": 0.0, "Pos_0:Pos_1_AT": 0.0, "Pos_0:Pos_3_CC": 0.0, "Pos_2:Pos_3_TC": 0.0, "Pos_0:Pos_3_CT": 0.0, "Pos_0:Pos_1_GG": 0.01903668261764524, "Pos_0:Pos_3_CA": -0.02348874476668253, "Pos_1:Pos_3_GC": 0.07408055937105829, "Pos_1:Pos_3_TT": 0.0, "Pos_0:Pos_1_TC": 0.04804821598997053, "Pos_0:Pos_2_AG": -0.05760731665659416, "Pos_0:Pos_1_TT": 0.0, "Pos_0:Pos_2_TA": 0.035279136445060616, "Pos_2:Pos_3_AA": -0.014721839590295493, "AtoC": -0.14186640594550137, "Pos_0:Pos_3_TA": 0.0, "Pos_1:Pos_2_CA": 0.0, "Pos_1:Pos_2_AT": 0.0, "Pos_3_T": 0.02075096033816989, "Pos_1:Pos_3_GT": 0.02395388280620497, "Pos_0:Pos_3_TT": 0.0, "Pos_0:Pos_2_CC": 0.0, "Pos_0:Pos_1_CC": -0.05334079375349599, "Pos_0:Pos_2_AT": 0.0, "Pos_0:Pos_3_GC": 0.0, "Pos_1:Pos_2_TC": 0.0, "Pos_3_C": 0.0, "Pos_0:Pos_2_GC": 0.0, "GtoA": -0.3261739508082315, "Pos_0:Pos_3_CG": 0.0, "Pos_1:Pos_3_AT": 0.0675287853027183, "Pos_0:Pos_3_AG": -0.026993168123164452, "Pos_1_G": 0.18889528606603986, "Pos_1:Pos_2_CG": 0.0, "Pos_3_A": 0.0, "Pos_1:Pos_3_CC": 0.0, "CtoT": -0.34238242910391875, "Pos_1:Pos_3_GG": 0.0, "Pos_2:Pos_3_CC": 0.0, "Pos_1:Pos_2_AC": 0.0, "Pos_0:Pos_1_CA": 0.0, "Pos_0:Pos_2_GG": 0.0, "Pos_0:Pos_2_GA": -0.066422845088345, "Pos_0:Pos_2_AC": -0.07301256822435959, "Pos_2:Pos_3_GG": 0.0, "Pos_0_C": 0.0, "Pos_1:Pos_2_GG": -0.09927128392155568, "Pos_2_C": 0.0, "Pos_1:Pos_2_GT": 0.0, "Pos_2_T": 0.0}