{"split0_test_score": {"0": 0.7247884045, "2": 0.7247884045, "1": 0.7247884045, "3": 0.7247884045, "4": 0.7247884045}, "param_alpha": {"0": 0.01, "2": 1.0, "1": 0.1, "3": 2.0, "4": 3.0}, "params": {"0": {"alpha": 0.01}, "2": {"alpha": 1.0}, "1": {"alpha": 0.1}, "3": {"alpha": 2.0}, "4": {"alpha": 3.0}}, "best_a_choice": 0.01, "rank_test_score": {"0": 1, "2": 1, "1": 1, "3": 1, "4": 1}}