{"pos2": {"rel_entropy": 0.0041692059757896015, "prob": 6.720922648988485e-302, "formula": "count ~ group * mut * base - group : mut : base", "deviance": 1393.7405424706092, "df": 3, "stats": "{\"group\":{\"0\":\"1\",\"1\":\"1\",\"2\":\"1\",\"3\":\"1\",\"4\":\"1\",\"5\":\"1\",\"6\":\"1\",\"7\":\"1\",\"8\":\"2\",\"9\":\"2\",\"10\":\"2\",\"11\":\"2\",\"12\":\"2\",\"13\":\"2\",\"14\":\"2\",\"15\":\"2\"},\"mut\":{\"0\":\"M\",\"1\":\"M\",\"2\":\"M\",\"3\":\"M\",\"4\":\"R\",\"5\":\"R\",\"6\":\"R\",\"7\":\"R\",\"8\":\"M\",\"9\":\"M\",\"10\":\"M\",\"11\":\"M\",\"12\":\"R\",\"13\":\"R\",\"14\":\"R\",\"15\":\"R\"},\"base\":{\"0\":\"A\",\"1\":\"C\",\"2\":\"G\",\"3\":\"T\",\"4\":\"A\",\"5\":\"C\",\"6\":\"G\",\"7\":\"T\",\"8\":\"A\",\"9\":\"C\",\"10\":\"G\",\"11\":\"T\",\"12\":\"A\",\"13\":\"C\",\"14\":\"G\",\"15\":\"T\"},\"count\":{\"0\":5932,\"1\":23288,\"2\":9543,\"3\":10653,\"4\":12415,\"5\":11294,\"6\":15240,\"7\":10467,\"8\":6242,\"9\":9328,\"10\":10318,\"11\":8273,\"12\":8323,\"13\":7464,\"14\":12525,\"15\":5842},\"fitted\":{\"0\":6585.86129403,\"1\":21679.2584513267,\"2\":10029.0258564445,\"3\":11121.8543981988,\"4\":11761.13870597,\"5\":12902.7415486733,\"6\":14753.9741435555,\"7\":9998.1456018012,\"8\":5588.13870597,\"9\":10936.7415486733,\"10\":9831.9741435555,\"11\":7804.1456018012,\"12\":8976.86129403,\"13\":5855.2584513267,\"14\":13011.0258564445,\"15\":6310.8543981988},\"ret\":{\"0\":-0.0037109362,\"1\":0.0099732994,\"2\":-0.0028361502,\"3\":-0.0027450686,\"4\":0.0040186737,\"5\":-0.0089980775,\"6\":0.0029551515,\"7\":0.0028698076,\"8\":0.0041323185,\"9\":-0.0088793258,\"10\":0.0029784894,\"11\":0.0028876639,\"12\":-0.0037658346,\"13\":0.0108401341,\"14\":-0.0028527759,\"15\":-0.0026981635}}"}, "pos0": {"rel_entropy": 0.0033073871845577256, "prob": 2.1753575502786736e-239, "formula": "count ~ group * mut * base - group : mut : base", "deviance": 1105.6396914745403, "df": 3, "stats": "{\"group\":{\"0\":\"1\",\"1\":\"1\",\"2\":\"1\",\"3\":\"1\",\"4\":\"1\",\"5\":\"1\",\"6\":\"1\",\"7\":\"1\",\"8\":\"2\",\"9\":\"2\",\"10\":\"2\",\"11\":\"2\",\"12\":\"2\",\"13\":\"2\",\"14\":\"2\",\"15\":\"2\"},\"mut\":{\"0\":\"M\",\"1\":\"M\",\"2\":\"M\",\"3\":\"M\",\"4\":\"R\",\"5\":\"R\",\"6\":\"R\",\"7\":\"R\",\"8\":\"M\",\"9\":\"M\",\"10\":\"M\",\"11\":\"M\",\"12\":\"R\",\"13\":\"R\",\"14\":\"R\",\"15\":\"R\"},\"base\":{\"0\":\"A\",\"1\":\"C\",\"2\":\"G\",\"3\":\"T\",\"4\":\"A\",\"5\":\"C\",\"6\":\"G\",\"7\":\"T\",\"8\":\"A\",\"9\":\"C\",\"10\":\"G\",\"11\":\"T\",\"12\":\"A\",\"13\":\"C\",\"14\":\"G\",\"15\":\"T\"},\"count\":{\"0\":14523,\"1\":7964,\"2\":15151,\"3\":11778,\"4\":13013,\"5\":11520,\"6\":13290,\"7\":11593,\"8\":8548,\"9\":9593,\"10\":11160,\"11\":4860,\"12\":9602,\"13\":7749,\"14\":10237,\"15\":6566},\"fitted\":{\"0\":13914.1559353203,\"1\":9296.4165369971,\"2\":15024.5919801262,\"3\":11180.8355475564,\"4\":13621.8440646796,\"5\":10187.5834630029,\"6\":13416.4080198738,\"7\":12190.1644524436,\"8\":9156.8440646797,\"9\":8260.5834630029,\"10\":11286.4080198738,\"11\":5457.1644524436,\"12\":8993.1559353203,\"13\":9081.416536997,\"14\":10110.5919801262,\"15\":5968.8355475564},\"ret\":{\"0\":0.0037211231,\"1\":-0.0073708284,\"2\":0.0007594411,\"3\":0.0036664437,\"4\":-0.0035599215,\"5\":0.0084714689,\"6\":-0.0007526946,\"7\":-0.0034837168,\"8\":-0.0035186914,\"9\":0.0085823993,\"10\":-0.0007520175,\"11\":-0.0033696669,\"12\":0.0037631769,\"13\":-0.0073558353,\"14\":0.0007609766,\"15\":0.0037457301}}"}, "pos3": {"rel_entropy": 0.000264973136455443, "prob": 4.423413619709755e-19, "formula": "count ~ group * mut * base - group : mut : base", "deviance": 88.57892967823587, "df": 3, "stats": "{\"group\":{\"0\":\"1\",\"1\":\"1\",\"2\":\"1\",\"3\":\"1\",\"4\":\"1\",\"5\":\"1\",\"6\":\"1\",\"7\":\"1\",\"8\":\"2\",\"9\":\"2\",\"10\":\"2\",\"11\":\"2\",\"12\":\"2\",\"13\":\"2\",\"14\":\"2\",\"15\":\"2\"},\"mut\":{\"0\":\"M\",\"1\":\"M\",\"2\":\"M\",\"3\":\"M\",\"4\":\"R\",\"5\":\"R\",\"6\":\"R\",\"7\":\"R\",\"8\":\"M\",\"9\":\"M\",\"10\":\"M\",\"11\":\"M\",\"12\":\"R\",\"13\":\"R\",\"14\":\"R\",\"15\":\"R\"},\"base\":{\"0\":\"A\",\"1\":\"C\",\"2\":\"G\",\"3\":\"T\",\"4\":\"A\",\"5\":\"C\",\"6\":\"G\",\"7\":\"T\",\"8\":\"A\",\"9\":\"C\",\"10\":\"G\",\"11\":\"T\",\"12\":\"A\",\"13\":\"C\",\"14\":\"G\",\"15\":\"T\"},\"count\":{\"0\":13267,\"1\":12836,\"2\":10950,\"3\":12363,\"4\":13358,\"5\":11620,\"6\":14137,\"7\":10301,\"8\":9995,\"9\":9232,\"10\":7007,\"11\":7927,\"12\":10113,\"13\":8254,\"14\":8055,\"15\":7732},\"fitted\":{\"0\":13274.5327824891,\"1\":12886.795898468,\"2\":11237.9066603887,\"3\":12016.7646586545,\"4\":13350.4672175112,\"5\":11569.2041015321,\"6\":13849.0933396113,\"7\":10647.2353413457,\"8\":9987.4672175111,\"9\":9181.2041015321,\"10\":6719.0933396117,\"11\":8273.2353413464,\"12\":10120.532782489,\"13\":8304.795898468,\"14\":8342.9066603889,\"15\":7385.7646586555},\"ret\":{\"0\":-0.000045054,\"1\":-0.0003032998,\"2\":-0.0017002206,\"3\":0.0021010015,\"4\":0.0000450795,\"5\":0.0003045657,\"6\":0.0017402571,\"7\":-0.0020373906,\"8\":0.0000450838,\"9\":0.0003047387,\"10\":0.0017588629,\"11\":-0.0020274795,\"12\":-0.00004505,\"13\":-0.0003029683,\"14\":-0.0016924073,\"15\":0.002119254}}"}, "pos1": {"rel_entropy": 0.017030780738737265, "prob": 0, "formula": "count ~ group * mut * base - group : mut : base", "deviance": 5693.287816275435, "df": 3, "stats": "{\"group\":{\"0\":\"1\",\"1\":\"1\",\"2\":\"1\",\"3\":\"1\",\"4\":\"1\",\"5\":\"1\",\"6\":\"1\",\"7\":\"1\",\"8\":\"2\",\"9\":\"2\",\"10\":\"2\",\"11\":\"2\",\"12\":\"2\",\"13\":\"2\",\"14\":\"2\",\"15\":\"2\"},\"mut\":{\"0\":\"M\",\"1\":\"M\",\"2\":\"M\",\"3\":\"M\",\"4\":\"R\",\"5\":\"R\",\"6\":\"R\",\"7\":\"R\",\"8\":\"M\",\"9\":\"M\",\"10\":\"M\",\"11\":\"M\",\"12\":\"R\",\"13\":\"R\",\"14\":\"R\",\"15\":\"R\"},\"base\":{\"0\":\"A\",\"1\":\"C\",\"2\":\"G\",\"3\":\"T\",\"4\":\"A\",\"5\":\"C\",\"6\":\"G\",\"7\":\"T\",\"8\":\"A\",\"9\":\"C\",\"10\":\"G\",\"11\":\"T\",\"12\":\"A\",\"13\":\"C\",\"14\":\"G\",\"15\":\"T\"},\"count\":{\"0\":7937,\"1\":8086,\"2\":24416,\"3\":8977,\"4\":12845,\"5\":15149,\"6\":14352,\"7\":7070,\"8\":9373,\"9\":15327,\"10\":5813,\"11\":3648,\"12\":9558,\"13\":11021,\"14\":8329,\"15\":5246},\"fitted\":{\"0\":8830.4846754638,\"1\":10683.7313023154,\"2\":21912.6486648276,\"3\":7989.1353573932,\"4\":11951.5153245361,\"5\":12551.2686976847,\"6\":16855.3513351723,\"7\":8057.8646426068,\"8\":8479.5153245361,\"9\":12729.2686976847,\"10\":8316.3513351857,\"11\":4635.8646426068,\"12\":10451.4846754638,\"13\":13618.7313023153,\"14\":5825.6486648386,\"15\":4258.1353573932},\"ret\":{\"0\":-0.0050654559,\"1\":-0.0134771331,\"2\":0.015801609,\"3\":0.0062613598,\"4\":0.0055405137,\"5\":0.0170491865,\"6\":-0.013805205,\"7\":-0.0055320881,\"8\":0.0056177282,\"9\":0.0170293697,\"10\":-0.0124548526,\"11\":-0.0052302468,\"12\":-0.0051102075,\"13\":-0.0139549268,\"14\":0.017813021,\"15\":0.0065481087}}"}}