{"Pos_2_T": 0.10827836925968508, "Pos_2_G": -0.1297641468761111, "GtoC": -0.21427916720022908, "Pos_0_T": 0.020588561589830887, "Pos_1_A": 0.0, "AtoG": 0.09409736382463449, "Pos_3_T": 0.0, "GtoT": 0.0, "AtoT": 0.5398389889818602, "TtoG": 0.0, "Pos_1_C": -0.048832079524396985, "Pos_0_C": 0.013976994367064847, "Pos_3_G": 0.0, "Pos_0_A": -0.01389062978861354, "GtoA": -0.5719160771102769, "TtoA": 0.6813302833543139, "Pos_3_C": 0.0, "CtoG": -0.5287022538553645, "Pos_0_G": 0.0, "Pos_3_A": 0.0, "Pos_1_G": 0.2514365225657237, "Pos_1_T": 0.0012657150022948936, "CtoT": -0.440996258598089, "CtoA": 0.01449346890866274, "Pos_2_C": 0.04966966375609338, "AtoC": 0.0, "Pos_2_A": 0.0, "TtoC": 0.24715442564717013}