{"Pos_5_T": 0.10344630818432272, "GtoT": 0.32798218292640524, "TtoG": 0.2748798833450762, "Pos_2_T": 0.0, "CtoT": -0.3493363250781743, "TtoC": 0.2805856670539689, "Pos_1_T": 0.14158859219203612, "Pos_4_G": 0.013935759784447416, "Pos_5_C": 0.0, "Pos_2_A": 0.028821714882896386, "Pos_0_C": 0.0, "Pos_4_C": 0.0, "AtoT": 1.010430115737857, "Pos_3_A": 0.0, "CtoG": -1.4715445934461184, "AtoC": 0.0, "Pos_1_A": 0.0, "Pos_4_T": 0.0005956062593412174, "AtoG": 0.26469119607825614, "Pos_0_T": 0.15434466556713955, "TtoA": 1.1202702649998042, "Pos_3_G": -0.19417815861593699, "CtoA": 0.16398387187836655, "GtoC": -1.4112533219602053, "Pos_3_C": 0.1341153200186138, "Pos_4_A": -0.06570531050732087, "GtoA": -0.2814001816650675, "Pos_0_A": 0.02723361125646572, "Pos_5_A": 0.16155513440501706, "Pos_2_G": 0.26569242370011603, "Pos_5_G": -0.01897729696120897, "Pos_3_T": 0.0951022118165449, "Pos_0_G": -0.012922435774092446, "Pos_1_C": 0.0, "Pos_1_G": -0.054198323359136345, "Pos_2_C": -0.14454618513720713}