{"AtoG": 0.0, "AtoC": -0.06832396448642879, "CtoA": 0.0, "CtoG": -0.4099299253327924, "CtoT": -0.38426501359704485, "TtoA": 0.3923785549525181, "TtoG": 0.0, "GtoC": -0.33620312826831805, "GtoT": 0.03596874759883167, "AtoT": 0.3490496545706956, "GtoA": -0.369421507701211, "GC_feature": -0.07653581819990381, "TtoC": 0.07952902012212244}