{"param_C": {"0": 0.1, "3": 100.0, "1": 1.0, "2": 10.0}, "param_penalty": {"0": "l1", "3": "l1", "1": "l1", "2": "l1"}, "split0_test_score": {"0": 0.716635514, "3": 0.709750143, "1": 0.7098760252, "2": 0.7097654015}, "params": {"0": {"penalty": "l1", "C": 0.1}, "3": {"penalty": "l1", "C": 100.0}, "1": {"penalty": "l1", "C": 1.0}, "2": {"penalty": "l1", "C": 10.0}}, "best_c_choice": 0.1, "rank_test_score": {"0": 1, "3": 4, "1": 2, "2": 3}}