{"best_a_choice": 0.01, "params": {"0": {"alpha": 0.01}, "1": {"alpha": 0.1}, "2": {"alpha": 1.0}, "3": {"alpha": 2.0}, "4": {"alpha": 3.0}}, "split0_test_score": {"0": 0.6776966638, "1": 0.6755573697, "2": 0.6732797105, "3": 0.6727811707, "4": 0.6726009691}, "param_alpha": {"0": 0.01, "1": 0.1, "2": 1.0, "3": 2.0, "4": 3.0}, "rank_test_score": {"0": 1, "1": 2, "2": 3, "3": 4, "4": 5}}