{"params": {"4": {"alpha": 3.0}, "1": {"alpha": 0.1}, "0": {"alpha": 0.01}, "2": {"alpha": 1.0}, "3": {"alpha": 2.0}}, "best_a_choice": 3.0, "param_alpha": {"4": 3.0, "1": 0.1, "0": 0.01, "2": 1.0, "3": 2.0}, "rank_test_score": {"4": 1, "1": 4, "0": 5, "2": 3, "3": 2}, "split0_test_score": {"4": 0.6640377831, "1": 0.6588138403, "0": 0.6538737016, "2": 0.6625112807, "3": 0.6634214924}}