{"split0_test_score": {"3": 0.712208963, "4": 0.7113812494, "1": 0.7163475905, "0": 0.7177036635, "2": 0.7134666785}, "best_a_choice": 0.01, "params": {"3": {"alpha": 2.0}, "4": {"alpha": 3.0}, "1": {"alpha": 0.1}, "0": {"alpha": 0.01}, "2": {"alpha": 1.0}}, "rank_test_score": {"3": 4, "4": 5, "1": 2, "0": 1, "2": 3}, "param_alpha": {"3": 2.0, "4": 3.0, "1": 0.1, "0": 0.01, "2": 1.0}}