{"pos3": {"prob": 0.8083072239350615, "stats": "{\"group\":{\"8\":\"1\",\"9\":\"1\",\"10\":\"1\",\"11\":\"1\",\"12\":\"1\",\"13\":\"1\",\"14\":\"1\",\"15\":\"1\",\"0\":\"2\",\"1\":\"2\",\"2\":\"2\",\"3\":\"2\",\"4\":\"2\",\"5\":\"2\",\"6\":\"2\",\"7\":\"2\"},\"mut\":{\"8\":\"M\",\"9\":\"M\",\"10\":\"M\",\"11\":\"M\",\"12\":\"R\",\"13\":\"R\",\"14\":\"R\",\"15\":\"R\",\"0\":\"M\",\"1\":\"M\",\"2\":\"M\",\"3\":\"M\",\"4\":\"R\",\"5\":\"R\",\"6\":\"R\",\"7\":\"R\"},\"base\":{\"8\":\"A\",\"9\":\"C\",\"10\":\"G\",\"11\":\"T\",\"12\":\"A\",\"13\":\"C\",\"14\":\"G\",\"15\":\"T\",\"0\":\"A\",\"1\":\"C\",\"2\":\"G\",\"3\":\"T\",\"4\":\"A\",\"5\":\"C\",\"6\":\"G\",\"7\":\"T\"},\"count\":{\"8\":2331,\"9\":1492,\"10\":1955,\"11\":1552,\"12\":1621,\"13\":1845,\"14\":2024,\"15\":1840,\"0\":73,\"1\":37,\"2\":46,\"3\":43,\"4\":49,\"5\":51,\"6\":54,\"7\":45},\"fitted\":{\"8\":2332.5096519022,\"9\":1490.0838387466,\"10\":1952.3688269602,\"11\":1555.037682391,\"12\":1619.4903480978,\"13\":1846.9161612534,\"14\":2026.6311730398,\"15\":1836.962317609,\"0\":71.4903480978,\"1\":38.9161612534,\"2\":48.6311730398,\"3\":39.9623176092,\"4\":50.5096519022,\"5\":49.0838387466,\"6\":51.3688269603,\"7\":48.0376823912},\"ret\":{\"8\":-0.0001002234,\"9\":0.0001273338,\"10\":0.0001748536,\"11\":-0.000201535,\"12\":0.0001003025,\"13\":-0.000127186,\"14\":-0.0001746224,\"15\":0.0002018988,\"0\":0.000101307,\"1\":-0.0001240665,\"2\":-0.0001699212,\"3\":0.0002092121,\"4\":-0.0000987424,\"5\":0.0001297042,\"6\":0.0001791365,\"7\":-0.000195215}}", "formula": "count ~ group * mut * base - group : mut : base", "rel_entropy": 3.2236697437575324e-05, "df": 3, "deviance": 0.9708403800300185}, "pos0": {"prob": 0.13275765400080575, "stats": "{\"group\":{\"8\":\"1\",\"9\":\"1\",\"10\":\"1\",\"11\":\"1\",\"12\":\"1\",\"13\":\"1\",\"14\":\"1\",\"15\":\"1\",\"0\":\"2\",\"1\":\"2\",\"2\":\"2\",\"3\":\"2\",\"4\":\"2\",\"5\":\"2\",\"6\":\"2\",\"7\":\"2\"},\"mut\":{\"8\":\"M\",\"9\":\"M\",\"10\":\"M\",\"11\":\"M\",\"12\":\"R\",\"13\":\"R\",\"14\":\"R\",\"15\":\"R\",\"0\":\"M\",\"1\":\"M\",\"2\":\"M\",\"3\":\"M\",\"4\":\"R\",\"5\":\"R\",\"6\":\"R\",\"7\":\"R\"},\"base\":{\"8\":\"A\",\"9\":\"C\",\"10\":\"G\",\"11\":\"T\",\"12\":\"A\",\"13\":\"C\",\"14\":\"G\",\"15\":\"T\",\"0\":\"A\",\"1\":\"C\",\"2\":\"G\",\"3\":\"T\",\"4\":\"A\",\"5\":\"C\",\"6\":\"G\",\"7\":\"T\"},\"count\":{\"8\":1661,\"9\":2487,\"10\":2017,\"11\":1165,\"12\":1759,\"13\":1792,\"14\":1907,\"15\":1872,\"0\":54,\"1\":51,\"2\":50,\"3\":44,\"4\":45,\"5\":48,\"6\":54,\"7\":52},\"fitted\":{\"8\":1666.0061878202,\"9\":2479.8786631739,\"10\":2012.8469566207,\"11\":1171.2681923851,\"12\":1753.9938121798,\"13\":1799.121336826,\"14\":1911.1530433793,\"15\":1865.7318076149,\"0\":48.9938121798,\"1\":58.121336826,\"2\":54.1530433793,\"3\":37.7318076149,\"4\":50.0061878202,\"5\":40.878663174,\"6\":49.8469566207,\"7\":58.2681923851},\"ret\":{\"8\":-0.0003319603,\"9\":0.0004736055,\"10\":0.0002760875,\"11\":-0.0004151541,\"12\":0.0003329343,\"13\":-0.0004719899,\"14\":-0.0002755032,\"15\":0.0004169684,\"0\":0.0003488951,\"1\":-0.0004426928,\"2\":-0.0002649461,\"3\":0.0004490764,\"4\":-0.0003152339,\"5\":0.0005119174,\"6\":0.0002869861,\"7\":-0.0003930308}}", "formula": "count ~ group * mut * base - group : mut : base", "rel_entropy": 0.000185959644965407, "df": 3, "deviance": 5.600360667778197}, "pos2": {"prob": 0.006997085083511626, "stats": "{\"group\":{\"8\":\"1\",\"9\":\"1\",\"10\":\"1\",\"11\":\"1\",\"12\":\"1\",\"13\":\"1\",\"14\":\"1\",\"15\":\"1\",\"0\":\"2\",\"1\":\"2\",\"2\":\"2\",\"3\":\"2\",\"4\":\"2\",\"5\":\"2\",\"6\":\"2\",\"7\":\"2\"},\"mut\":{\"8\":\"M\",\"9\":\"M\",\"10\":\"M\",\"11\":\"M\",\"12\":\"R\",\"13\":\"R\",\"14\":\"R\",\"15\":\"R\",\"0\":\"M\",\"1\":\"M\",\"2\":\"M\",\"3\":\"M\",\"4\":\"R\",\"5\":\"R\",\"6\":\"R\",\"7\":\"R\"},\"base\":{\"8\":\"A\",\"9\":\"C\",\"10\":\"G\",\"11\":\"T\",\"12\":\"A\",\"13\":\"C\",\"14\":\"G\",\"15\":\"T\",\"0\":\"A\",\"1\":\"C\",\"2\":\"G\",\"3\":\"T\",\"4\":\"A\",\"5\":\"C\",\"6\":\"G\",\"7\":\"T\"},\"count\":{\"8\":1540,\"9\":2080,\"10\":1708,\"11\":2002,\"12\":2304,\"13\":2092,\"14\":821,\"15\":2113,\"0\":56,\"1\":59,\"2\":23,\"3\":61,\"4\":50,\"5\":70,\"6\":21,\"7\":58},\"fitted\":{\"8\":1552.0018126107,\"9\":2073.379024198,\"10\":1700.9561010292,\"11\":2003.6630621621,\"12\":2291.9981873893,\"13\":2098.620975802,\"14\":828.0438989708,\"15\":2111.3369378379,\"0\":43.9981873893,\"1\":65.620975802,\"2\":30.0438989708,\"3\":59.3369378379,\"4\":62.0018126107,\"5\":63.379024198,\"6\":13.9561010292,\"7\":59.6630621621},\"ret\":{\"8\":-0.0007939492,\"9\":0.0004403995,\"10\":0.0004687517,\"11\":-0.0001103979,\"12\":0.0007991221,\"13\":-0.0004390039,\"14\":-0.0004657892,\"15\":0.0001104872,\"0\":0.0008970237,\"1\":-0.0004167299,\"2\":-0.0004080757,\"3\":0.0001119772,\"4\":-0.0007143731,\"5\":0.0004619046,\"6\":0.0005698445,\"7\":-0.00010889}}", "formula": "count ~ group * mut * base - group : mut : base", "rel_entropy": 0.00040230176161622027, "df": 3, "deviance": 12.11571985283409}, "pos1": {"prob": 0.6326570179863704, "stats": "{\"group\":{\"8\":\"1\",\"9\":\"1\",\"10\":\"1\",\"11\":\"1\",\"12\":\"1\",\"13\":\"1\",\"14\":\"1\",\"15\":\"1\",\"0\":\"2\",\"1\":\"2\",\"2\":\"2\",\"3\":\"2\",\"4\":\"2\",\"5\":\"2\",\"6\":\"2\",\"7\":\"2\"},\"mut\":{\"8\":\"M\",\"9\":\"M\",\"10\":\"M\",\"11\":\"M\",\"12\":\"R\",\"13\":\"R\",\"14\":\"R\",\"15\":\"R\",\"0\":\"M\",\"1\":\"M\",\"2\":\"M\",\"3\":\"M\",\"4\":\"R\",\"5\":\"R\",\"6\":\"R\",\"7\":\"R\"},\"base\":{\"8\":\"A\",\"9\":\"C\",\"10\":\"G\",\"11\":\"T\",\"12\":\"A\",\"13\":\"C\",\"14\":\"G\",\"15\":\"T\",\"0\":\"A\",\"1\":\"C\",\"2\":\"G\",\"3\":\"T\",\"4\":\"A\",\"5\":\"C\",\"6\":\"G\",\"7\":\"T\"},\"count\":{\"8\":1401,\"9\":2784,\"10\":1434,\"11\":1711,\"12\":1600,\"13\":2092,\"14\":1715,\"15\":1923,\"0\":41,\"1\":71,\"2\":33,\"3\":54,\"4\":40,\"5\":50,\"6\":50,\"7\":59},\"fitted\":{\"8\":1403.8831597976,\"9\":2785.5457830396,\"10\":1429.1031142316,\"11\":1711.4679429312,\"12\":1597.1168402024,\"13\":2090.4542169604,\"14\":1719.8968857684,\"15\":1922.5320570688,\"0\":38.1168402024,\"1\":69.4542169604,\"2\":37.8968857684,\"3\":53.5320570688,\"4\":42.8831597976,\"5\":51.5457830396,\"6\":45.1031142316,\"7\":59.4679429312},\"ret\":{\"8\":-0.0001912736,\"9\":-0.0001026268,\"10\":0.0003257581,\"11\":-0.0000310718,\"12\":0.000191643,\"13\":0.0001026932,\"14\":-0.0003247382,\"15\":0.0000310798,\"0\":0.0001985357,\"1\":0.0001037892,\"2\":-0.0003032226,\"3\":0.0000312115,\"4\":-0.0001848844,\"5\":-0.0001011004,\"6\":0.000342249,\"7\":-0.0000309534}}", "formula": "count ~ group * mut * base - group : mut : base", "rel_entropy": 5.708843085625184e-05, "df": 3, "deviance": 1.7192751836668805}}