{"AtoT": 0.4155866817891498, "GC_feature": -0.1521874804811299, "CtoT": -0.42423603210001787, "TtoA": 0.4323971980578331, "GtoA": -0.4326587379285692, "AtoC": -0.08908337987489479, "GtoT": 0.02842920653524231, "CtoG": -0.6449748574109945, "GtoC": -0.6297817290846773, "TtoG": 0.0, "AtoG": 0.06309104120078124, "CtoA": -0.03709658168228383, "TtoC": 0.059050493830515756}