{"best_c_choice": 0.1, "params": {"3": {"C": 100.0, "penalty": "l1"}, "2": {"C": 10.0, "penalty": "l1"}, "0": {"C": 0.1, "penalty": "l1"}, "1": {"C": 1.0, "penalty": "l1"}}, "split0_test_score": {"3": 0.6465901249, "2": 0.6384183449, "0": 0.7085058661, "1": 0.6410377063}, "rank_test_score": {"3": 2, "2": 4, "0": 1, "1": 3}, "param_penalty": {"3": "l1", "2": "l1", "0": "l1", "1": "l1"}, "param_C": {"3": 100.0, "2": 10.0, "0": 0.1, "1": 1.0}}