{"AtoC": -0.10816116210230006, "GC_feature": -0.12704610202913336, "Pos_1_A": -0.08759147884728166, "Pos_0_G": 0.25075643698720196, "TtoC": 0.0, "CtoT": -0.4280009874238249, "Pos_1_C": 0.0, "GtoC": -0.5683467276410473, "AtoT": 0.3720064816009859, "GtoA": -0.4245975511237209, "Pos_0_T": -0.005604326902740921, "Pos_1_G": -0.30630449503916346, "Pos_0_C": -0.1042837294371215, "TtoA": 0.46368090229569664, "CtoA": -0.06972309634499155, "AtoG": 0.027202920887790874, "GtoT": 0.011284301589462618, "Pos_0_A": 0.0, "TtoG": 0.0, "Pos_1_T": 0.0033581124250168905, "CtoG": -0.6036437539593559}