{"rank_test_score": {"1": 2, "3": 4, "2": 5, "0": 1, "4": 3}, "param_alpha": {"1": 0.1, "3": 2.0, "2": 1.0, "0": 0.01, "4": 3.0}, "params": {"1": {"alpha": 0.1}, "3": {"alpha": 2.0}, "2": {"alpha": 1.0}, "0": {"alpha": 0.01}, "4": {"alpha": 3.0}}, "split0_test_score": {"1": 0.6281212749, "3": 0.6272429262, "2": 0.6269919694, "0": 0.6295485915, "4": 0.6279016877}, "best_a_choice": 0.01}