{"param_alpha": {"3": 2.0, "4": 3.0, "2": 1.0, "1": 0.1, "0": 0.01}, "params": {"3": {"alpha": 2.0}, "4": {"alpha": 3.0}, "2": {"alpha": 1.0}, "1": {"alpha": 0.1}, "0": {"alpha": 0.01}}, "rank_test_score": {"3": 1, "4": 1, "2": 1, "1": 1, "0": 1}, "best_a_choice": 0.01, "split0_test_score": {"3": 0.7208370309, "4": 0.7208370309, "2": 0.7208370309, "1": 0.7208370309, "0": 0.7208370309}}