{"params": {"0": {"alpha": 0.01}, "2": {"alpha": 1.0}, "3": {"alpha": 2.0}, "4": {"alpha": 3.0}, "1": {"alpha": 0.1}}, "best_a_choice": 0.01, "rank_test_score": {"0": 1, "2": 3, "3": 4, "4": 5, "1": 2}, "param_alpha": {"0": 0.01, "2": 1.0, "3": 2.0, "4": 3.0, "1": 0.1}, "split0_test_score": {"0": 0.6870468338, "2": 0.6810642038, "3": 0.6801037882, "4": 0.6796280683, "1": 0.684197535}}