{"pos2": {"prob": 0.5528489061544835, "rel_entropy": 1.4963333603496836e-05, "deviance": 2.095375457832076, "stats": "{\"group\":{\"0\":\"1\",\"1\":\"1\",\"2\":\"1\",\"3\":\"1\",\"4\":\"1\",\"5\":\"1\",\"6\":\"1\",\"7\":\"1\",\"8\":\"2\",\"9\":\"2\",\"10\":\"2\",\"11\":\"2\",\"12\":\"2\",\"13\":\"2\",\"14\":\"2\",\"15\":\"2\"},\"mut\":{\"0\":\"M\",\"1\":\"M\",\"2\":\"M\",\"3\":\"M\",\"4\":\"R\",\"5\":\"R\",\"6\":\"R\",\"7\":\"R\",\"8\":\"M\",\"9\":\"M\",\"10\":\"M\",\"11\":\"M\",\"12\":\"R\",\"13\":\"R\",\"14\":\"R\",\"15\":\"R\"},\"base\":{\"0\":\"A\",\"1\":\"C\",\"2\":\"G\",\"3\":\"T\",\"4\":\"A\",\"5\":\"C\",\"6\":\"G\",\"7\":\"T\",\"8\":\"A\",\"9\":\"C\",\"10\":\"G\",\"11\":\"T\",\"12\":\"A\",\"13\":\"C\",\"14\":\"G\",\"15\":\"T\"},\"count\":{\"0\":6242,\"1\":9328,\"2\":10318,\"3\":8273,\"4\":8323,\"5\":7464,\"6\":12525,\"7\":5842,\"8\":181,\"9\":209,\"10\":223,\"11\":238,\"12\":235,\"13\":174,\"14\":292,\"15\":150},\"fitted\":{\"0\":6244.675813994,\"1\":9324.3570321532,\"2\":10308.6322245493,\"3\":8283.3349293035,\"4\":8320.324186006,\"5\":7467.6429678468,\"6\":12534.3677754507,\"7\":5831.6650706965,\"8\":178.324186006,\"9\":212.6429678468,\"10\":232.3677754507,\"11\":227.6650706966,\"12\":237.675813994,\"13\":170.3570321532,\"14\":282.6322245493,\"15\":160.3349293036},\"ret\":{\"0\":-0.0000382084,\"1\":0.0000520399,\"2\":0.0001338536,\"3\":-0.0001475139,\"4\":0.0000382228,\"5\":-0.0000520171,\"6\":-0.0001337429,\"7\":0.0001477367,\"8\":0.0000385019,\"9\":-0.0000515815,\"10\":-0.000131059,\"11\":0.0001509067,\"12\":-0.0000380007,\"13\":0.0000525821,\"14\":0.000135986,\"15\":-0.0001427431}}", "df": 3, "formula": "count ~ group * mut * base - group : mut : base"}, "pos0": {"prob": 0.1803950409906977, "rel_entropy": 3.488617974328311e-05, "deviance": 4.8852512941709065, "stats": "{\"group\":{\"0\":\"1\",\"1\":\"1\",\"2\":\"1\",\"3\":\"1\",\"4\":\"1\",\"5\":\"1\",\"6\":\"1\",\"7\":\"1\",\"8\":\"2\",\"9\":\"2\",\"10\":\"2\",\"11\":\"2\",\"12\":\"2\",\"13\":\"2\",\"14\":\"2\",\"15\":\"2\"},\"mut\":{\"0\":\"M\",\"1\":\"M\",\"2\":\"M\",\"3\":\"M\",\"4\":\"R\",\"5\":\"R\",\"6\":\"R\",\"7\":\"R\",\"8\":\"M\",\"9\":\"M\",\"10\":\"M\",\"11\":\"M\",\"12\":\"R\",\"13\":\"R\",\"14\":\"R\",\"15\":\"R\"},\"base\":{\"0\":\"A\",\"1\":\"C\",\"2\":\"G\",\"3\":\"T\",\"4\":\"A\",\"5\":\"C\",\"6\":\"G\",\"7\":\"T\",\"8\":\"A\",\"9\":\"C\",\"10\":\"G\",\"11\":\"T\",\"12\":\"A\",\"13\":\"C\",\"14\":\"G\",\"15\":\"T\"},\"count\":{\"0\":8548,\"1\":9593,\"2\":11160,\"3\":4860,\"4\":9602,\"5\":7749,\"6\":10237,\"7\":6566,\"8\":202,\"9\":258,\"10\":269,\"11\":122,\"12\":255,\"13\":185,\"14\":226,\"15\":185},\"fitted\":{\"0\":8534.5703168365,\"1\":9605.1216141068,\"2\":11170.0094027798,\"3\":4851.2986662767,\"4\":9615.4296831634,\"5\":7736.8783858931,\"6\":10226.9905972201,\"7\":6574.7013337232,\"8\":215.4296831637,\"9\":245.8783858933,\"10\":258.9905972202,\"11\":130.7013337234,\"12\":241.5703168368,\"13\":197.121614107,\"14\":236.0094027799,\"15\":176.2986662769},\"ret\":{\"0\":0.0001919569,\"1\":-0.0001730146,\"2\":-0.0001428927,\"3\":0.000124386,\"4\":-0.000191672,\"5\":0.0001732594,\"6\":0.0001430267,\"7\":-0.0001241923,\"8\":-0.0001856993,\"9\":0.0001773229,\"10\":0.0001456843,\"11\":-0.0001200429,\"12\":0.0001970415,\"13\":-0.0001676883,\"14\":-0.0001398815,\"15\":0.0001272922}}", "df": 3, "formula": "count ~ group * mut * base - group : mut : base"}, "pos3": {"prob": 0.7864945104557286, "rel_entropy": 7.576780791409697e-06, "deviance": 1.0610069213442654, "stats": "{\"group\":{\"0\":\"1\",\"1\":\"1\",\"2\":\"1\",\"3\":\"1\",\"4\":\"1\",\"5\":\"1\",\"6\":\"1\",\"7\":\"1\",\"8\":\"2\",\"9\":\"2\",\"10\":\"2\",\"11\":\"2\",\"12\":\"2\",\"13\":\"2\",\"14\":\"2\",\"15\":\"2\"},\"mut\":{\"0\":\"M\",\"1\":\"M\",\"2\":\"M\",\"3\":\"M\",\"4\":\"R\",\"5\":\"R\",\"6\":\"R\",\"7\":\"R\",\"8\":\"M\",\"9\":\"M\",\"10\":\"M\",\"11\":\"M\",\"12\":\"R\",\"13\":\"R\",\"14\":\"R\",\"15\":\"R\"},\"base\":{\"0\":\"A\",\"1\":\"C\",\"2\":\"G\",\"3\":\"T\",\"4\":\"A\",\"5\":\"C\",\"6\":\"G\",\"7\":\"T\",\"8\":\"A\",\"9\":\"C\",\"10\":\"G\",\"11\":\"T\",\"12\":\"A\",\"13\":\"C\",\"14\":\"G\",\"15\":\"T\"},\"count\":{\"0\":9995,\"1\":9232,\"2\":7007,\"3\":7927,\"4\":10113,\"5\":8254,\"6\":8055,\"7\":7732,\"8\":261,\"9\":215,\"10\":180,\"11\":195,\"12\":268,\"13\":193,\"14\":189,\"15\":201},\"fitted\":{\"0\":9992.9439035894,\"1\":9231.4775477831,\"2\":7015.0279373216,\"3\":7921.5506113058,\"4\":10115.0560964105,\"5\":8254.5224522168,\"6\":8046.9720626784,\"7\":7737.4493886942,\"8\":263.0560964105,\"9\":215.5224522169,\"10\":171.9720626784,\"11\":200.4493886942,\"12\":265.9439035895,\"13\":192.4775477831,\"14\":197.0279373216,\"15\":195.5506113058},\"ret\":{\"0\":0.0000293687,\"1\":0.000007462,\"2\":-0.0001145913,\"3\":0.0000778563,\"4\":-0.0000293627,\"5\":-0.0000074616,\"6\":0.0001147141,\"7\":-0.0000778021,\"8\":-0.0000292506,\"9\":-0.0000074527,\"10\":0.0001172925,\"11\":-0.0000767619,\"12\":0.0000294789,\"13\":0.0000074719,\"14\":-0.0001122887,\"15\":0.000078904}}", "df": 3, "formula": "count ~ group * mut * base - group : mut : base"}, "pos1": {"prob": 0.7405112103952194, "rel_entropy": 8.942188891014294e-06, "deviance": 1.2522104791642956, "stats": "{\"group\":{\"0\":\"1\",\"1\":\"1\",\"2\":\"1\",\"3\":\"1\",\"4\":\"1\",\"5\":\"1\",\"6\":\"1\",\"7\":\"1\",\"8\":\"2\",\"9\":\"2\",\"10\":\"2\",\"11\":\"2\",\"12\":\"2\",\"13\":\"2\",\"14\":\"2\",\"15\":\"2\"},\"mut\":{\"0\":\"M\",\"1\":\"M\",\"2\":\"M\",\"3\":\"M\",\"4\":\"R\",\"5\":\"R\",\"6\":\"R\",\"7\":\"R\",\"8\":\"M\",\"9\":\"M\",\"10\":\"M\",\"11\":\"M\",\"12\":\"R\",\"13\":\"R\",\"14\":\"R\",\"15\":\"R\"},\"base\":{\"0\":\"A\",\"1\":\"C\",\"2\":\"G\",\"3\":\"T\",\"4\":\"A\",\"5\":\"C\",\"6\":\"G\",\"7\":\"T\",\"8\":\"A\",\"9\":\"C\",\"10\":\"G\",\"11\":\"T\",\"12\":\"A\",\"13\":\"C\",\"14\":\"G\",\"15\":\"T\"},\"count\":{\"0\":9373,\"1\":15327,\"2\":5813,\"3\":3648,\"4\":9558,\"5\":11021,\"6\":8329,\"7\":5246,\"8\":262,\"9\":348,\"10\":139,\"11\":102,\"12\":250,\"13\":236,\"14\":211,\"15\":154},\"fitted\":{\"0\":9378.6070709311,\"1\":15332.1260238086,\"2\":5806.4770574726,\"3\":3643.7898477874,\"4\":9552.3929290687,\"5\":11015.8739761913,\"6\":8335.5229425273,\"7\":5250.2101522125,\"8\":256.3929290687,\"9\":342.8739761913,\"10\":145.5229425274,\"11\":106.2101522126,\"12\":255.6070709313,\"13\":241.1260238087,\"14\":204.4770574726,\"15\":149.7898477874},\"ret\":{\"0\":-0.0000800576,\"1\":-0.0000731989,\"2\":0.0000932146,\"3\":0.0000601652,\"4\":0.0000801051,\"5\":0.0000732282,\"6\":-0.0000931258,\"7\":-0.0000601063,\"8\":0.0000809509,\"9\":0.0000737557,\"10\":-0.0000910424,\"11\":-0.0000589226,\"12\":-0.0000791967,\"13\":-0.0000724274,\"14\":0.0000946327,\"15\":0.0000609677}}", "df": 3, "formula": "count ~ group * mut * base - group : mut : base"}}