{"TtoG": 0.6196312547980692, "Pos_3_C": 0.04298658370523927, "Pos_0_T": 0.15063887579097238, "AtoC": -0.059268551675950173, "Pos_3_T": 0.0, "Pos_0_A": 0.0, "Pos_1_A": 0.0, "Pos_2_T": 0.10546944275752912, "Pos_0_G": 0.0007187884531265934, "Pos_3_G": 0.03931927992720744, "TtoA": 1.5297412766944998, "AtoG": 0.5381574383145715, "Pos_3_A": -0.09208930314056202, "Pos_2_G": -0.2404782210618901, "CtoT": -0.06454190617343304, "TtoC": 0.5685478801603974, "Pos_0_C": -0.03931617805931287, "Pos_1_C": -0.15280261830155017, "Pos_2_A": 0.0, "CtoG": -2.520024060767302, "Pos_1_G": 0.22276187156383226, "GtoC": -2.5175520895275927, "GtoT": 0.7559286130911135, "Pos_2_C": 0.19041478688939317, "Pos_1_T": 0.014812871751455077, "CtoA": 0.5217060762899067, "GtoA": -0.05191738129952904, "AtoT": 1.4038427410764136}