{"rank_test_score": {"3": 2, "0": 5, "1": 4, "4": 1, "2": 3}, "params": {"3": {"alpha": 2.0}, "0": {"alpha": 0.01}, "1": {"alpha": 0.1}, "4": {"alpha": 3.0}, "2": {"alpha": 1.0}}, "best_a_choice": 3.0, "param_alpha": {"3": 2.0, "0": 0.01, "1": 0.1, "4": 3.0, "2": 1.0}, "split0_test_score": {"3": 0.6420180061, "0": 0.6071506995, "1": 0.6193456302, "4": 0.6445589435, "2": 0.6364499028}}