{"TtoC": 0.0, "GtoA": -0.4582908200570393, "AtoT": 0.4552844111289505, "AtoG": 0.03174283717411792, "CtoT": -0.39671198819796666, "TtoA": 0.4411592176601778, "CtoG": -0.50894151662117, "GtoC": -0.47877229188259596, "AtoC": -0.06493156232242044, "GC_feature": -0.1332927109289874, "CtoA": 0.016888402802395466, "TtoG": -0.004460772312157512, "GtoT": -0.017373572943607907}