{"Pos_1:Pos_2_AC": 0.01234925710803903, "Pos_0:Pos_1_TC": 0.0, "Pos_2:Pos_3_TC": 0.0, "Pos_1:Pos_3_GG": 0.0, "Pos_2_G": -0.18394233303388202, "Pos_0:Pos_1_AG": 0.08036300356543277, "Pos_0:Pos_3_CA": 0.0, "Pos_1:Pos_3_CA": 0.0, "Pos_0:Pos_1_CC": 0.0, "Pos_0:Pos_1_AA": 0.0479219488891552, "TtoG": -0.002923086367842032, "Pos_1:Pos_3_AC": -0.022633970731029938, "Pos_0:Pos_3_GC": 0.0, "Pos_0:Pos_2_TC": 0.0, "CtoA": 0.0, "Pos_1:Pos_3_CC": 0.0, "Pos_2:Pos_3_AC": -0.08464427930198551, "Pos_0:Pos_2_AA": 0.0, "Pos_1:Pos_2_GT": 0.0, "Pos_0:Pos_3_TA": 0.08164132375942738, "CtoT": -0.4509451376232724, "Pos_1:Pos_2_AG": -0.0365589840785966, "Pos_2:Pos_3_AG": 0.05767345889205947, "CtoG": -0.415317600168105, "Pos_1:Pos_2_TC": 0.0, "Pos_0:Pos_1_CA": 0.0, "Pos_0:Pos_1_TG": 0.18389145851978367, "Pos_2_T": 0.0, "Pos_2:Pos_3_CC": 0.03830198810286321, "Pos_2:Pos_3_CG": -0.025596597179337408, "Pos_0:Pos_1_GA": -0.03638666151318407, "Pos_1:Pos_3_GC": 0.0, "Pos_1:Pos_3_TT": 0.0, "Pos_1:Pos_3_TC": 0.05430161267999316, "Pos_0:Pos_2_CG": 0.0, "Pos_0:Pos_3_GT": 0.0, "AtoC": -0.06743732972707242, "Pos_3_G": 0.0, "Pos_0:Pos_2_TA": 0.023717256177826503, "Pos_1:Pos_2_CC": -0.04665109482161436, "Pos_2:Pos_3_AT": 0.0, "Pos_0:Pos_2_AT": 0.08938728179682277, "Pos_3_C": 0.0, "Pos_0:Pos_1_TA": 0.10154521094445348, "Pos_2:Pos_3_CT": 0.03466150187464147, "Pos_0:Pos_2_GG": 0.0, "Pos_2:Pos_3_GG": 0.0, "Pos_1:Pos_2_TA": -0.08330437359470895, "Pos_1:Pos_2_AT": -0.047719714458474345, "Pos_0:Pos_2_AG": -0.007939206440403855, "Pos_3_T": 0.0, "Pos_1:Pos_2_CG": -0.08793772482766656, "Pos_0:Pos_2_AC": 0.0, "Pos_1:Pos_3_CT": -0.03231352488620893, "Pos_0:Pos_1_AT": 0.0, "Pos_0:Pos_3_AT": 0.0, "Pos_0_A": 0.0, "Pos_1:Pos_2_GG": 0.0, "Pos_2_C": 0.014305913938271849, "Pos_1:Pos_2_GA": 0.0, "GtoT": 0.00911856950932764, "Pos_0:Pos_3_TT": 0.01600544276541109, "Pos_0:Pos_1_GT": 0.006127554399497767, "Pos_2:Pos_3_TT": 0.0, "Pos_2:Pos_3_GA": -0.08253015216050316, "Pos_0:Pos_3_GA": 0.0, "Pos_0_T": 0.01908472326831103, "Pos_1:Pos_2_GC": 0.1349654949683364, "Pos_0:Pos_1_GC": -0.038094851342879224, "Pos_1:Pos_2_TT": 0.0, "Pos_0:Pos_1_CG": -0.15835851629069495, "Pos_1:Pos_3_GA": 0.01566776249862111, "Pos_0:Pos_3_CT": 0.0, "Pos_0_C": 0.0, "Pos_1_G": 0.08382945481644255, "Pos_1_C": 0.0, "Pos_0:Pos_3_CC": 0.0, "Pos_2_A": 0.0, "Pos_1:Pos_3_TA": -0.03986178112484037, "GC_feature": -0.09701771136195089, "Pos_0:Pos_2_CC": 0.0, "Pos_2:Pos_3_GT": -0.050190658032615396, "Pos_0:Pos_3_GG": 0.03862952426855975, "Pos_0:Pos_2_CT": -0.010962044348765854, "Pos_0:Pos_2_TT": 0.07617384675916838, "Pos_1:Pos_3_AG": 0.0, "Pos_2:Pos_3_GC": 0.0, "AtoG": 0.0, "Pos_2:Pos_3_TA": 0.004712512923848837, "Pos_0:Pos_2_CA": -0.09451019276399082, "Pos_1_A": 0.0, "Pos_1:Pos_3_AT": 0.0, "Pos_1:Pos_2_CT": 0.0, "Pos_0:Pos_3_AC": 0.04522675286363422, "Pos_1:Pos_2_CA": 0.0, "Pos_0_G": 0.0, "Pos_0:Pos_2_GC": 0.0577799875256782, "Pos_0:Pos_3_AG": -0.00813178000338533, "Pos_0:Pos_3_TC": 0.0, "Pos_0:Pos_3_CG": 0.0, "Pos_0:Pos_3_AA": 0.0, "Pos_0:Pos_1_GG": 0.0, "Pos_3_A": 0.0, "GtoA": -0.5121076929865033, "Pos_1:Pos_3_TG": -0.01725222353574679, "Pos_2:Pos_3_TG": -0.042468592376595574, "Pos_1_T": 0.0, "Pos_0:Pos_2_GA": -0.03409244566730612, "Pos_0:Pos_1_AC": -0.047575349733206734, "TtoA": 0.42996864963550985, "Pos_2:Pos_3_AA": 0.0, "TtoC": 0.0, "Pos_1:Pos_3_GT": 0.04900761007638998, "Pos_1:Pos_2_AA": 0.01619031035847342, "Pos_2:Pos_3_CA": 0.0, "Pos_0:Pos_2_GT": 0.0, "Pos_0:Pos_2_TG": 0.0, "Pos_0:Pos_1_TT": -0.007912308404270688, "GtoC": -0.4531760161087144, "AtoT": 0.32521047107936024, "Pos_1:Pos_2_TG": 0.0, "Pos_0:Pos_1_CT": -0.00791151910211766, "Pos_0:Pos_3_TG": 0.0, "Pos_1:Pos_3_AA": 0.0, "Pos_1:Pos_3_CG": 0.0}