{"split0_test_score": {"4": 0.7697548906, "3": 0.7696954241, "1": 0.769739013, "0": 0.769739013, "2": 0.7697554258}, "rank_test_score": {"4": 2, "3": 5, "1": 3, "0": 3, "2": 1}, "best_a_choice": 1.0, "params": {"4": {"alpha": 3.0}, "3": {"alpha": 2.0}, "1": {"alpha": 0.1}, "0": {"alpha": 0.01}, "2": {"alpha": 1.0}}, "param_alpha": {"4": 3.0, "3": 2.0, "1": 0.1, "0": 0.01, "2": 1.0}}