{"split0_test_score": {"3": 0.7711432156, "4": 0.7710496538, "2": 0.7711739464, "1": 0.771187182, "0": 0.7711838351}, "params": {"3": {"alpha": 2.0}, "4": {"alpha": 3.0}, "2": {"alpha": 1.0}, "1": {"alpha": 0.1}, "0": {"alpha": 0.01}}, "rank_test_score": {"3": 4, "4": 5, "2": 3, "1": 1, "0": 2}, "best_a_choice": 0.1, "param_alpha": {"3": 2.0, "4": 3.0, "2": 1.0, "1": 0.1, "0": 0.01}}