{"params": {"0": {"alpha": 0.01}, "4": {"alpha": 3.0}, "2": {"alpha": 1.0}, "3": {"alpha": 2.0}, "1": {"alpha": 0.1}}, "best_a_choice": 0.01, "param_alpha": {"0": 0.01, "4": 3.0, "2": 1.0, "3": 2.0, "1": 0.1}, "split0_test_score": {"0": 0.7089466503, "4": 0.7008444737, "2": 0.704206147, "3": 0.7022671972, "1": 0.7079132434}, "rank_test_score": {"0": 1, "4": 5, "2": 3, "3": 4, "1": 2}}