{"rank_test_score": {"3": 4, "0": 2, "2": 5, "4": 1, "1": 2}, "split0_test_score": {"3": 0.7224888638, "0": 0.7233044733, "2": 0.7223477006, "4": 0.7235397453, "1": 0.7233044733}, "param_alpha": {"3": 2.0, "0": 0.01, "2": 1.0, "4": 3.0, "1": 0.1}, "params": {"3": {"alpha": 2.0}, "0": {"alpha": 0.01}, "2": {"alpha": 1.0}, "4": {"alpha": 3.0}, "1": {"alpha": 0.1}}, "best_a_choice": 3.0}