{"rank_test_score": {"0": 1, "3": 4, "4": 5, "1": 2, "2": 3}, "param_alpha": {"0": 0.01, "3": 2.0, "4": 3.0, "1": 0.1, "2": 1.0}, "best_a_choice": 0.01, "split0_test_score": {"0": 0.7760268369, "3": 0.7758610119, "4": 0.7757075097, "1": 0.7760195345, "2": 0.7759630931}, "params": {"0": {"alpha": 0.01}, "3": {"alpha": 2.0}, "4": {"alpha": 3.0}, "1": {"alpha": 0.1}, "2": {"alpha": 1.0}}}