{"param_alpha": {"3": 2.0, "4": 3.0, "1": 0.1, "2": 1.0, "0": 0.01}, "best_a_choice": 3.0, "rank_test_score": {"3": 2, "4": 1, "1": 4, "2": 3, "0": 5}, "params": {"3": {"alpha": 2.0}, "4": {"alpha": 3.0}, "1": {"alpha": 0.1}, "2": {"alpha": 1.0}, "0": {"alpha": 0.01}}, "split0_test_score": {"3": 0.608436853, "4": 0.6116679215, "1": 0.5929951691, "2": 0.6039274735, "0": 0.587905452}}