{"rank_test_score": {"0": 1, "1": 1, "2": 3, "4": 3, "3": 3}, "param_alpha": {"0": 0.01, "1": 0.1, "2": 1.0, "4": 3.0, "3": 2.0}, "best_a_choice": 0.01, "split0_test_score": {"0": 0.7410939036, "1": 0.7410939036, "2": 0.740723671, "4": 0.740723671, "3": 0.740723671}, "params": {"0": {"alpha": 0.01}, "1": {"alpha": 0.1}, "2": {"alpha": 1.0}, "4": {"alpha": 3.0}, "3": {"alpha": 2.0}}}