{"param_alpha": {"0": 0.01, "3": 2.0, "2": 1.0, "1": 0.1, "4": 3.0}, "params": {"0": {"alpha": 0.01}, "3": {"alpha": 2.0}, "2": {"alpha": 1.0}, "1": {"alpha": 0.1}, "4": {"alpha": 3.0}}, "best_a_choice": 0.01, "rank_test_score": {"0": 1, "3": 1, "2": 1, "1": 1, "4": 1}, "split0_test_score": {"0": 0.7462169088, "3": 0.7462169088, "2": 0.7462169088, "1": 0.7462169088, "4": 0.7462169088}}