{"Pos_0:Pos_2_CC": 0.0, "Pos_3:Pos_5_GA": 0.0, "Pos_0:Pos_4_AG": 0.0, "Pos_3:Pos_4_CT": 0.030285255193363853, "Pos_0:Pos_5_GG": 0.0, "Pos_0:Pos_2_AA": -0.002566319225290471, "Pos_1:Pos_4_AG": -0.03650288961528203, "Pos_1:Pos_4_CG": 0.0, "Pos_2:Pos_3_GA": 0.0, "Pos_0:Pos_2_GT": 0.0, "Pos_5_C": 0.0, "Pos_1:Pos_4_GG": 0.0, "Pos_3_C": 0.05874167245207191, "Pos_3:Pos_4_GT": -0.030478578314991848, "Pos_0:Pos_1_TG": 0.0, "Pos_1:Pos_4_TA": 0.0, "Pos_1:Pos_3_TG": 0.0, "Pos_1:Pos_4_GA": 0.0, "Pos_4:Pos_5_AC": 0.0, "Pos_0:Pos_5_CG": 0.0, "Pos_0:Pos_4_GA": 0.0, "Pos_2:Pos_5_AT": 0.014058243681350452, "Pos_1_C": 0.0, "Pos_0:Pos_3_TT": 0.009883139703115666, "Pos_3:Pos_5_TC": 0.03573659647872543, "Pos_0:Pos_4_GT": 0.0, "Pos_0:Pos_3_GG": 0.04985200486043788, "Pos_0:Pos_4_GG": -0.026917252599892298, "Pos_1:Pos_3_AG": -0.007890264732411948, "Pos_0_G": -0.03985147934052899, "Pos_2_G": 0.19418083557106963, "Pos_0:Pos_2_CG": 0.014725064191923268, "GtoT": 0.18449917263473414, "Pos_0:Pos_1_TT": 0.10400060379685742, "Pos_1:Pos_4_CA": 0.008540536975278101, "Pos_2:Pos_4_TT": 0.0, "Pos_1:Pos_3_GC": 0.027628137070033365, "Pos_2:Pos_4_AA": 0.010776265225373848, "Pos_0:Pos_3_CT": 0.0, "Pos_2:Pos_5_GC": 0.07186289700102741, "Pos_0:Pos_3_TC": 0.07652175719940157, "Pos_2:Pos_5_TA": 0.0, "Pos_2:Pos_3_TT": 0.055005054086152284, "Pos_0:Pos_5_CT": 0.03096213206424171, "Pos_2:Pos_3_AT": -0.00543749044855755, "Pos_1:Pos_5_AC": -0.023422313356305145, "Pos_1:Pos_2_AT": 0.0, "Pos_0_A": 0.0, "Pos_1:Pos_5_CA": 0.032773003438724836, "Pos_4:Pos_5_GG": 0.0, "Pos_3_G": -0.018921702657890383, "Pos_3:Pos_5_GG": -0.16778472940084477, "Pos_0:Pos_2_AG": 0.08856023485664494, "Pos_3:Pos_4_CG": -0.0961018489923207, "Pos_2:Pos_5_GT": 0.0, "Pos_1:Pos_2_CG": -0.3339144564201924, "Pos_0:Pos_5_TA": 0.026274547994665828, "Pos_3:Pos_4_GC": 0.0, "Pos_1:Pos_5_GT": -0.019325149417431523, "Pos_3:Pos_4_TC": 0.0525218765443581, "Pos_0:Pos_4_TT": 0.008890877728874558, "Pos_1:Pos_4_GC": 0.0, "Pos_4:Pos_5_CA": 0.0, "Pos_1_T": 0.06796662517642661, "Pos_3:Pos_4_CC": 0.0, "Pos_0:Pos_2_CT": 0.0, "Pos_5_G": 0.0, "Pos_0:Pos_3_TG": -0.01204076936410052, "Pos_1:Pos_5_TA": 0.0, "Pos_4:Pos_5_GA": 0.03414270642825339, "Pos_2:Pos_5_CC": -0.027975860369897437, "Pos_0:Pos_5_AA": -0.026596839625192527, "Pos_0:Pos_2_GA": 0.037548556905575216, "Pos_0:Pos_5_CA": 0.06286658470777713, "Pos_3:Pos_4_TA": 0.0, "Pos_0:Pos_3_GT": -0.04166329494379045, "Pos_3:Pos_5_TT": 0.0, "Pos_4_G": 0.0, "Pos_2:Pos_5_AG": 0.0, "Pos_2:Pos_5_TT": 0.022064193456085016, "Pos_2:Pos_4_CG": 0.08787207663020385, "Pos_0:Pos_4_TG": 0.0, "AtoC": -0.13725123763895097, "Pos_1:Pos_2_GA": -0.06269365937940004, "Pos_2:Pos_5_GA": 0.007869732264259485, "Pos_3:Pos_5_TA": 0.0, "Pos_2_C": -0.04633886014118063, "TtoC": 0.12467483381519685, "Pos_0:Pos_4_CC": 0.0, "Pos_0:Pos_3_AA": 0.0, "Pos_1:Pos_5_CT": 0.0, "Pos_1:Pos_3_GA": -0.013603937520027469, "Pos_1:Pos_5_GA": 0.0, "Pos_0:Pos_4_TA": 0.0, "Pos_2:Pos_4_CA": 0.0, "Pos_1:Pos_2_TG": 0.12436283735303888, "Pos_3:Pos_4_AA": 0.0, "Pos_1:Pos_2_GT": 0.0, "Pos_0:Pos_1_AT": -0.09059060664082647, "Pos_2:Pos_5_GG": 0.0, "Pos_4:Pos_5_TC": 0.12736585057364178, "Pos_1:Pos_4_TC": 0.10999222474552875, "Pos_4:Pos_5_TT": 0.06319077547539279, "Pos_1:Pos_2_CT": 0.0, "Pos_4:Pos_5_CC": 0.0, "Pos_1:Pos_2_TC": -0.01922683904429087, "GtoC": -1.6322947781872845, "Pos_2:Pos_4_TA": -0.005512183297526425, "Pos_1:Pos_5_AT": 0.03182559798131574, "Pos_4_A": 0.0, "Pos_2:Pos_4_GT": 0.09842893627768594, "Pos_0:Pos_2_TC": 0.0, "Pos_0:Pos_5_TG": 0.04663737428031279, "Pos_2:Pos_3_CC": 0.0, "Pos_0:Pos_3_AT": 0.0, "Pos_1:Pos_3_GG": 0.0, "Pos_3:Pos_5_AA": 0.0, "Pos_2:Pos_3_CG": -0.06765492478360353, "Pos_2:Pos_3_AA": 0.1564535554438925, "Pos_0:Pos_5_TT": 0.0, "Pos_3:Pos_5_CC": 0.0, "Pos_2:Pos_5_CG": 0.0, "Pos_0:Pos_5_GA": 0.0, "Pos_1:Pos_4_AC": 0.046711022855823965, "Pos_2:Pos_3_TG": 0.05923639472429224, "Pos_0:Pos_1_CT": 0.0, "Pos_2:Pos_3_TA": -0.06475462853258505, "Pos_4:Pos_5_GT": 0.0, "Pos_0:Pos_1_CA": 0.0, "Pos_0_C": 0.0, "Pos_0:Pos_3_GC": 0.0, "Pos_1:Pos_5_GG": 0.0, "Pos_2:Pos_4_GC": 0.10527430817222519, "Pos_2:Pos_3_AG": 0.0, "Pos_2:Pos_5_AC": 0.0, "Pos_5_A": 0.142527815914831, "Pos_2:Pos_4_TG": 0.026381197372731695, "Pos_1:Pos_4_AA": 0.0, "Pos_3:Pos_5_CG": 0.0, "Pos_2:Pos_5_CT": -0.05093593852628468, "Pos_0:Pos_4_CG": 0.13538146305319995, "Pos_0:Pos_2_AC": 0.0, "Pos_0:Pos_1_GG": 0.0, "Pos_3:Pos_4_AT": 0.0, "Pos_3_A": 0.0, "Pos_3:Pos_4_AG": 0.22796567603512824, "Pos_4:Pos_5_TA": 0.0, "Pos_1:Pos_2_GC": 0.0, "Pos_2:Pos_4_CT": -0.07388924916238232, "Pos_2:Pos_5_AA": -0.0019749941085925823, "Pos_0:Pos_2_GC": 0.0, "Pos_4:Pos_5_AA": 0.04099209589112229, "GtoA": -0.4488356657333257, "Pos_0:Pos_2_TT": 0.0, "Pos_0:Pos_2_TG": 0.0, "Pos_1:Pos_5_TC": 0.0, "Pos_2:Pos_3_GC": 0.07582639365439675, "Pos_0:Pos_4_CT": 0.0, "Pos_1:Pos_2_CA": 0.05650388524757963, "CtoT": -0.5220197878945346, "Pos_3:Pos_4_AC": -0.03753822193226649, "Pos_1:Pos_4_TG": 0.0, "Pos_2_T": 0.0, "Pos_3_T": 0.004598604895586845, "Pos_0:Pos_4_AC": 0.0, "Pos_1_A": 0.0, "Pos_0:Pos_4_CA": 0.0, "Pos_3:Pos_4_GA": -0.10287342612709492, "Pos_1:Pos_2_AA": 0.0, "Pos_2:Pos_5_TG": 0.0, "Pos_3:Pos_5_GC": -0.04043355748192984, "Pos_1:Pos_3_TA": 0.0, "Pos_1:Pos_3_CA": -0.14183144501187828, "Pos_0:Pos_5_AT": 0.06135020944971435, "AtoG": 0.10897046216320384, "Pos_1:Pos_2_TT": 0.0, "AtoT": 0.8434194277559223, "Pos_1:Pos_5_TT": 0.0, "Pos_0:Pos_3_AG": 0.0, "Pos_4:Pos_5_GC": 0.0, "Pos_2:Pos_3_AC": 0.0011365755008987605, "Pos_3:Pos_5_CT": 0.16989368762218263, "Pos_0:Pos_5_AG": 0.0, "Pos_1:Pos_4_AT": 0.002879888311229906, "Pos_0:Pos_3_CG": -0.1988938318529477, "Pos_4:Pos_5_CT": 0.021093341155339854, "Pos_0:Pos_5_GC": 0.0, "Pos_2:Pos_3_TC": -0.002247530516533455, "Pos_2_A": 0.0, "Pos_1:Pos_3_CT": 0.0, "Pos_0:Pos_1_CC": 0.0, "Pos_0:Pos_1_CG": 0.0, "Pos_1:Pos_4_GT": -0.06583098701231699, "Pos_1:Pos_5_TG": 0.0, "Pos_0:Pos_4_GC": 0.0, "Pos_0_T": 0.0817251182978643, "Pos_1:Pos_3_CG": 0.020683327116032012, "Pos_3:Pos_5_AT": 0.0, "CtoG": -1.678532590272067, "Pos_0:Pos_5_GT": -0.004454110627710356, "Pos_2:Pos_4_AG": 0.0, "Pos_0:Pos_3_AC": -0.023573889987916104, "Pos_0:Pos_1_AC": 0.07180679381742582, "Pos_0:Pos_3_CA": 0.0, "Pos_2:Pos_4_GG": -0.019442582983515554, "Pos_3:Pos_4_TG": 0.0, "Pos_1:Pos_3_AA": 0.03587905907580648, "Pos_1:Pos_3_CC": 0.022194238047018294, "Pos_1:Pos_5_AA": 0.0, "Pos_3:Pos_5_CA": 0.0, "Pos_4_C": 0.0, "Pos_1:Pos_5_GC": 0.0, "TtoG": 0.1131281141920465, "Pos_3:Pos_5_TG": 0.10255238418077582, "Pos_3:Pos_4_GG": 0.0, "Pos_0:Pos_1_GT": 0.08989794172970904, "Pos_0:Pos_3_TA": 0.0, "Pos_3:Pos_5_AC": 0.0, "Pos_0:Pos_4_TC": -0.08728196096598922, "Pos_0:Pos_4_AA": -0.043217388541045156, "Pos_0:Pos_5_CC": -0.034654555146881684, "Pos_4:Pos_5_AT": 0.0, "Pos_3:Pos_5_GT": 0.07548022886117431, "Pos_3:Pos_4_CA": 0.10575541587596352, "Pos_0:Pos_2_GG": 0.0, "Pos_2:Pos_4_GA": 0.0, "Pos_0:Pos_5_TC": -0.0025373212613786903, "Pos_2:Pos_4_CC": 0.0, "Pos_4:Pos_5_AG": 0.0, "Pos_0:Pos_2_TA": 0.0, "Pos_1:Pos_3_TT": 0.027885234919189945, "Pos_1:Pos_4_CC": -0.04178072775313944, "Pos_2:Pos_3_CA": -0.02375912206746496, "Pos_1:Pos_2_AG": 0.0, "Pos_0:Pos_1_AA": 0.005323318886115486, "TtoA": 0.964756823238173, "Pos_4:Pos_5_CG": 0.28377432911809813, "Pos_0:Pos_3_GA": -0.0005457874696727453, "Pos_1:Pos_2_GG": 0.03866377525677553, "Pos_2:Pos_4_TC": 0.0, "Pos_1:Pos_3_GT": 0.0, "Pos_0:Pos_1_GA": 0.0, "Pos_0:Pos_3_CC": 0.03376754128807191, "Pos_2:Pos_4_AC": 0.0, "Pos_2:Pos_3_CT": 0.08371061330839771, "Pos_1:Pos_2_CC": 0.021329485502626377, "Pos_1:Pos_3_TC": 0.0, "Pos_4:Pos_5_TG": 0.0, "Pos_0:Pos_2_AT": 0.11770420268735479, "Pos_1:Pos_2_TA": 0.0, "Pos_1:Pos_5_AG": 0.02863796430047996, "Pos_1_G": 0.0, "Pos_2:Pos_5_TC": 0.0, "Pos_0:Pos_1_TC": 0.12448780086063176, "Pos_2:Pos_3_GG": 0.0, "Pos_1:Pos_5_CG": -0.011711617096464459, "Pos_1:Pos_4_CT": 0.0, "CtoA": 0.0, "Pos_4_T": 0.0, "Pos_5_T": 0.021872562147234518, "Pos_0:Pos_1_TA": 0.0, "Pos_3:Pos_5_AG": -0.03351938806509721, "Pos_0:Pos_2_CA": 0.0, "Pos_1:Pos_3_AT": 0.17349270286396126, "Pos_1:Pos_3_AC": 0.0,