{"params": {"3": {"alpha": 2.0}, "0": {"alpha": 0.01}, "2": {"alpha": 1.0}, "1": {"alpha": 0.1}, "4": {"alpha": 3.0}}, "rank_test_score": {"3": 2, "0": 5, "2": 3, "1": 4, "4": 1}, "best_a_choice": 3.0, "split0_test_score": {"3": 0.6488460805, "0": 0.6259069235, "2": 0.6453728781, "1": 0.6355636086, "4": 0.6508716384}, "param_alpha": {"3": 2.0, "0": 0.01, "2": 1.0, "1": 0.1, "4": 3.0}}