{"CtoG": -1.3407956238646679, "TtoA": 1.117334523429914, "TtoC": 0.32035908342031094, "CtoA": 0.1104270306476035, "CtoT": -0.27815655795337585, "GtoT": 0.31455378884950846, "TtoG": 0.27699151588774856, "GtoA": -0.2881919850235095, "AtoG": 0.3970025076852271, "AtoT": 1.017033904434802, "AtoC": 0.0, "GtoC": -1.285837084340435}