{"best_a_choice": 3.0, "param_alpha": {"4": 3.0, "2": 1.0, "3": 2.0, "0": 0.01, "1": 0.1}, "rank_test_score": {"4": 1, "2": 3, "3": 2, "0": 5, "1": 4}, "split0_test_score": {"4": 0.675074837, "2": 0.6741084477, "3": 0.6746863724, "0": 0.6700537273, "1": 0.6722449176}, "params": {"4": {"alpha": 3.0}, "2": {"alpha": 1.0}, "3": {"alpha": 2.0}, "0": {"alpha": 0.01}, "1": {"alpha": 0.1}}}