{"rank_test_score": {"3": 2, "4": 1, "2": 3, "0": 5, "1": 4}, "param_alpha": {"3": 2.0, "4": 3.0, "2": 1.0, "0": 0.01, "1": 0.1}, "best_a_choice": 3.0, "split0_test_score": {"3": 0.6492389853, "4": 0.651232119, "2": 0.646191112, "0": 0.6277951554, "1": 0.6366755674}, "params": {"3": {"alpha": 2.0}, "4": {"alpha": 3.0}, "2": {"alpha": 1.0}, "0": {"alpha": 0.01}, "1": {"alpha": 0.1}}}