{"split0_test_score": {"2": 0.6607927097, "1": 0.6628474183, "4": 0.6625964615, "0": 0.6658118452, "3": 0.6613259928}, "rank_test_score": {"2": 5, "1": 2, "4": 3, "0": 1, "3": 4}, "param_alpha": {"2": 1.0, "1": 0.1, "4": 3.0, "0": 0.01, "3": 2.0}, "best_a_choice": 0.01, "params": {"2": {"alpha": 1.0}, "1": {"alpha": 0.1}, "4": {"alpha": 3.0}, "0": {"alpha": 0.01}, "3": {"alpha": 2.0}}}