{"params": {"2": {"alpha": 1.0}, "0": {"alpha": 0.01}, "1": {"alpha": 0.1}, "3": {"alpha": 2.0}, "4": {"alpha": 3.0}}, "param_alpha": {"2": 1.0, "0": 0.01, "1": 0.1, "3": 2.0, "4": 3.0}, "best_a_choice": 0.01, "split0_test_score": {"2": 0.7203598517, "0": 0.7247569799, "1": 0.7233329962, "3": 0.7190986277, "4": 0.7182736495}, "rank_test_score": {"2": 3, "0": 1, "1": 2, "3": 4, "4": 5}}