{"GtoT": 0.546008214666962, "Pos_1_G": -0.2485688776104064, "Pos_1_T": 0.12381925126073824, "AtoT": 1.244820941488409, "Pos_0_C": -0.126908382702952, "AtoC": 0.21030699989144316, "CtoT": -0.05236344635206008, "AtoG": 0.5641186879016078, "GtoA": -0.08359449323101298, "TtoA": 1.431592371003298, "Pos_0_T": 0.0, "CtoG": -2.3065252848509785, "GtoC": -2.250613387089012, "CtoA": 0.329237495366298, "Pos_1_C": 0.10260128777333263, "TtoG": 0.5414040876774248, "TtoC": 0.5272427639276495, "Pos_0_G": 0.2846659500926293, "Pos_0_A": 0.01838634586617547, "Pos_1_A": 0.0}