{"Pos_2_A": 0.14335890507933408, "AtoT": 1.170453919109636, "CtoA": 0.11828126409642836, "CtoG": -1.4235092662158833, "Pos_0_A": 0.02165780730223102, "TtoC": 0.2376347803288108, "Pos_3_T": 0.14797782736330456, "Pos_2_C": -0.17697810590493687, "Pos_4_G": -0.03641487701117536, "Pos_1_G": -0.1736736121785351, "Pos_5_G": 0.0, "Pos_2_G": 0.31748802566351186, "Pos_4_A": 0.0, "Pos_5_C": -0.09057533032487348, "Pos_5_A": 0.06020163372515918, "AtoC": 0.31795645874985246, "GtoT": 0.5080354206585266, "Pos_0_T": 0.09168081242935534, "Pos_2_T": 0.0, "Pos_4_T": 0.010113951266323877, "Pos_1_T": 0.34738702368314106, "GtoC": -1.6086855802691349, "Pos_5_T": 0.050723749736918934, "Pos_0_G": 0.0, "GtoA": -0.2813928493592565, "Pos_3_G": -0.015596970043948324, "AtoG": 0.2803557097712884, "Pos_1_C": 0.0, "Pos_1_A": 0.051562759381835965, "TtoA": 0.8500951838045799, "CtoT": -0.43026159615357285, "Pos_3_A": 0.0, "Pos_4_C": 0.020725576824016052, "Pos_3_C": 0.2607454820116544, "TtoG": 0.07753836479376469, "Pos_0_C": -0.21748567030894503}