{"best_c_choice": 1.0, "rank_test_score": {"3": 3, "0": 4, "1": 1, "2": 2}, "split0_test_score": {"3": 0.7663827718, "0": 0.738840266, "1": 0.7679669364, "2": 0.7666337286}, "params": {"3": {"C": 100.0, "penalty": "l1"}, "0": {"C": 0.1, "penalty": "l1"}, "1": {"C": 1.0, "penalty": "l1"}, "2": {"C": 10.0, "penalty": "l1"}}, "param_penalty": {"3": "l1", "0": "l1", "1": "l1", "2": "l1"}, "param_C": {"3": 100.0, "0": 0.1, "1": 1.0, "2": 10.0}}