{"best_a_choice": 0.01, "split0_test_score": {"3": 0.6946875588, "0": 0.7063727335, "4": 0.6941229061, "1": 0.70237311, "2": 0.6965854194}, "rank_test_score": {"3": 4, "0": 1, "4": 5, "1": 2, "2": 3}, "param_alpha": {"3": 2.0, "0": 0.01, "4": 3.0, "1": 0.1, "2": 1.0}, "params": {"3": {"alpha": 2.0}, "0": {"alpha": 0.01}, "4": {"alpha": 3.0}, "1": {"alpha": 0.1}, "2": {"alpha": 1.0}}}