{"best_a_choice": 1.0, "split0_test_score": {"4": 0.7452995735, "2": 0.7452995735, "3": 0.7452995735, "0": 0.7451192282, "1": 0.7451192282}, "param_alpha": {"4": 3.0, "2": 1.0, "3": 2.0, "0": 0.01, "1": 0.1}, "params": {"4": {"alpha": 3.0}, "2": {"alpha": 1.0}, "3": {"alpha": 2.0}, "0": {"alpha": 0.01}, "1": {"alpha": 0.1}}, "rank_test_score": {"4": 1, "2": 1, "3": 1, "0": 4, "1": 4}}