{"split0_test_score": {"2": 0.7367213427, "3": 0.7367213427, "4": 0.7367213427, "1": 0.7356189205, "0": 0.7356189205}, "param_alpha": {"2": 1.0, "3": 2.0, "4": 3.0, "1": 0.1, "0": 0.01}, "best_a_choice": 1.0, "params": {"2": {"alpha": 1.0}, "3": {"alpha": 2.0}, "4": {"alpha": 3.0}, "1": {"alpha": 0.1}, "0": {"alpha": 0.01}}, "rank_test_score": {"2": 1, "3": 1, "4": 1, "1": 4, "0": 4}}