{"param_alpha": {"0": 0.01, "3": 2.0, "1": 0.1, "4": 3.0, "2": 1.0}, "rank_test_score": {"0": 1, "3": 4, "1": 2, "4": 5, "2": 3}, "params": {"0": {"alpha": 0.01}, "3": {"alpha": 2.0}, "1": {"alpha": 0.1}, "4": {"alpha": 3.0}, "2": {"alpha": 1.0}}, "split0_test_score": {"0": 0.75586122, "3": 0.7541942194, "1": 0.755833548, "4": 0.7530978349, "2": 0.7552810618}, "best_a_choice": 0.01}