{"param_alpha": {"0": 0.01, "2": 1.0, "3": 2.0, "4": 3.0, "1": 0.1}, "best_a_choice": 0.01, "params": {"0": {"alpha": 0.01}, "2": {"alpha": 1.0}, "3": {"alpha": 2.0}, "4": {"alpha": 3.0}, "1": {"alpha": 0.1}}, "split0_test_score": {"0": 0.7474590627, "2": 0.7460474308, "3": 0.7437417655, "4": 0.7419380137, "1": 0.7474120083}, "rank_test_score": {"0": 1, "2": 3, "3": 4, "4": 5, "1": 2}}