{"rank_test_score": {"4": 5, "0": 2, "1": 2, "3": 4, "2": 1}, "best_a_choice": 1.0, "params": {"4": {"alpha": 3.0}, "0": {"alpha": 0.01}, "1": {"alpha": 0.1}, "3": {"alpha": 2.0}, "2": {"alpha": 1.0}}, "param_alpha": {"4": 3.0, "0": 0.01, "1": 0.1, "3": 2.0, "2": 1.0}, "split0_test_score": {"4": 0.775154088, "0": 0.7752277669, "1": 0.7752277669, "3": 0.775206359, "2": 0.7752349624}}