{"rank_test_score": {"2": 3, "0": 1, "3": 4, "4": 5, "1": 2}, "best_a_choice": 0.01, "split0_test_score": {"2": 0.7600591265, "0": 0.7601926378, "3": 0.7595288957, "4": 0.7588537097, "1": 0.7601850086}, "params": {"2": {"alpha": 1.0}, "0": {"alpha": 0.01}, "3": {"alpha": 2.0}, "4": {"alpha": 3.0}, "1": {"alpha": 0.1}}, "param_alpha": {"2": 1.0, "0": 0.01, "3": 2.0, "4": 3.0, "1": 0.1}}