{"CtoG": -2.0339404612813805, "Pos_1_T": 0.17080688123622692, "AtoC": 0.016071240154815994, "Pos_5_C": 0.0, "TtoC": 0.31238413090632267, "Pos_1_C": 0.0, "Pos_3_T": 0.09403384526999953, "Pos_2_C": -0.16631914595226865, "Pos_3_A": 0.0, "Pos_2_G": 0.28843466559970177, "Pos_0_T": 0.21643969665998386, "Pos_2_A": 0.05629915580648659, "Pos_4_G": 0.024542933191793008, "Pos_5_A": 0.14584828481589462, "CtoT": -0.18190883418705997, "Pos_3_C": 0.1325331054922717, "GtoA": -0.21215646448950914, "Pos_2_T": 0.0, "Pos_4_C": 0.0, "Pos_1_A": 0.15182008476217923, "Pos_3_G": -0.17915339094842805, "TtoG": 0.4796414713487815, "CtoA": 0.27245623172719713, "GtoT": 0.5159481951722906, "Pos_0_G": 0.0, "AtoT": 1.1266613624966755, "GtoC": -1.8884120665793493, "Pos_4_A": -0.017260283631077185, "Pos_1_G": -0.13976172501500556, "Pos_0_A": 0.06008001767509995, "Pos_5_G": 0.0, "Pos_5_T": 0.04564511868945977, "AtoG": 0.3592340740134578, "Pos_4_T": 0.08208795326451837, "Pos_0_C": -0.10898737284514391, "TtoA": 1.2508051841489363}