{"best_a_choice": 0.01, "split0_test_score": {"1": 0.7615204843, "4": 0.751827279, "3": 0.7537094548, "0": 0.7616773323, "2": 0.7565484033}, "params": {"1": {"alpha": 0.1}, "4": {"alpha": 3.0}, "3": {"alpha": 2.0}, "0": {"alpha": 0.01}, "2": {"alpha": 1.0}}, "param_alpha": {"1": 0.1, "4": 3.0, "3": 2.0, "0": 0.01, "2": 1.0}, "rank_test_score": {"1": 2, "4": 5, "3": 4, "0": 1, "2": 3}}