{"params": {"0": {"alpha": 0.01}, "1": {"alpha": 0.1}, "4": {"alpha": 3.0}, "2": {"alpha": 1.0}, "3": {"alpha": 2.0}}, "best_a_choice": 0.01, "split0_test_score": {"0": 0.7668597589, "1": 0.7668551949, "4": 0.766528109, "2": 0.7667824754, "3": 0.7666860231}, "param_alpha": {"0": 0.01, "1": 0.1, "4": 3.0, "2": 1.0, "3": 2.0}, "rank_test_score": {"0": 1, "1": 2, "4": 5, "2": 3, "3": 4}}