{"param_alpha": {"3": 2.0, "1": 0.1, "2": 1.0, "0": 0.01, "4": 3.0}, "params": {"3": {"alpha": 2.0}, "1": {"alpha": 0.1}, "2": {"alpha": 1.0}, "0": {"alpha": 0.01}, "4": {"alpha": 3.0}}, "best_a_choice": 3.0, "split0_test_score": {"3": 0.6486605182, "1": 0.6370537675, "2": 0.6447706882, "0": 0.6294152707, "4": 0.6523856578}, "rank_test_score": {"3": 2, "1": 4, "2": 3, "0": 5, "4": 1}}