{"AtoC": 0.09832289561515438, "AtoT": 1.2642572446246114, "CtoG": -1.80693948997143, "GtoT": 0.48527903473030415, "CtoT": -0.14000344754186672, "AtoG": 0.46644508153534353, "TtoC": 0.43416096201648624, "GtoC": -1.8707975388661793, "TtoA": 1.1426752955986783, "CtoA": 0.33961723537167227, "GtoA": -0.10761418777350988, "TtoG": 0.3196885397604578}