{"best_a_choice": 3.0, "params": {"1": {"alpha": 0.1}, "4": {"alpha": 3.0}, "2": {"alpha": 1.0}, "3": {"alpha": 2.0}, "0": {"alpha": 0.01}}, "param_alpha": {"1": 0.1, "4": 3.0, "2": 1.0, "3": 2.0, "0": 0.01}, "rank_test_score": {"1": 4, "4": 1, "2": 3, "3": 2, "0": 5}, "split0_test_score": {"1": 0.5928853755, "4": 0.6182712215, "2": 0.6084682226, "3": 0.6152283707, "0": 0.5883446264}}