{"pos0": {"df": 3, "deviance": 5.963165955240921, "prob": 0.1134160981456631, "rel_entropy": 0.005778261584535776, "formula": "count ~ group * mut * base - group : mut : base", "stats": "{\"group\":{\"8\":\"1\",\"9\":\"1\",\"10\":\"1\",\"11\":\"1\",\"12\":\"1\",\"13\":\"1\",\"14\":\"1\",\"15\":\"1\",\"0\":\"2\",\"1\":\"2\",\"2\":\"2\",\"3\":\"2\",\"4\":\"2\",\"5\":\"2\",\"6\":\"2\",\"7\":\"2\"},\"mut\":{\"8\":\"M\",\"9\":\"M\",\"10\":\"M\",\"11\":\"M\",\"12\":\"R\",\"13\":\"R\",\"14\":\"R\",\"15\":\"R\",\"0\":\"M\",\"1\":\"M\",\"2\":\"M\",\"3\":\"M\",\"4\":\"R\",\"5\":\"R\",\"6\":\"R\",\"7\":\"R\"},\"base\":{\"8\":\"A\",\"9\":\"C\",\"10\":\"G\",\"11\":\"T\",\"12\":\"A\",\"13\":\"C\",\"14\":\"G\",\"15\":\"T\",\"0\":\"A\",\"1\":\"C\",\"2\":\"G\",\"3\":\"T\",\"4\":\"A\",\"5\":\"C\",\"6\":\"G\",\"7\":\"T\"},\"count\":{\"8\":35,\"9\":35,\"10\":32,\"11\":40,\"12\":31,\"13\":33,\"14\":38,\"15\":40,\"0\":27,\"1\":38,\"2\":34,\"3\":17,\"4\":29,\"5\":25,\"6\":28,\"7\":34},\"fitted\":{\"8\":33.7228086701,\"9\":38.0868881228,\"10\":35.1973818383,\"11\":34.9929213688,\"12\":32.2771913299,\"13\":29.9131118772,\"14\":34.8026181617,\"15\":45.0070786312,\"0\":28.2771913299,\"1\":34.9131118772,\"2\":30.8026181617,\"3\":22.0070786312,\"4\":27.7228086701,\"5\":28.0868881228,\"6\":31.1973818383,\"7\":28.9929213688},\"ret\":{\"8\":0.0025214677,\"9\":-0.0057330826,\"10\":-0.005906096,\"11\":0.0103669504,\"12\":-0.0024255473,\"13\":0.0062809138,\"14\":0.0064727802,\"15\":-0.0091426609,\"0\":-0.0024184179,\"1\":0.0062393424,\"2\":0.0065074967,\"3\":-0.0085049687,\"4\":0.0025313368,\"5\":-0.0056408444,\"6\":-0.0058675012,\"7\":0.0104970925}}"}, "pos2": {"df": 3, "deviance": 2.8746717339304366, "prob": 0.41135467063838005, "rel_entropy": 0.002785534625901586, "formula": "count ~ group * mut * base - group : mut : base", "stats": "{\"group\":{\"8\":\"1\",\"9\":\"1\",\"10\":\"1\",\"11\":\"1\",\"12\":\"1\",\"13\":\"1\",\"14\":\"1\",\"15\":\"1\",\"0\":\"2\",\"1\":\"2\",\"2\":\"2\",\"3\":\"2\",\"4\":\"2\",\"5\":\"2\",\"6\":\"2\",\"7\":\"2\"},\"mut\":{\"8\":\"M\",\"9\":\"M\",\"10\":\"M\",\"11\":\"M\",\"12\":\"R\",\"13\":\"R\",\"14\":\"R\",\"15\":\"R\",\"0\":\"M\",\"1\":\"M\",\"2\":\"M\",\"3\":\"M\",\"4\":\"R\",\"5\":\"R\",\"6\":\"R\",\"7\":\"R\"},\"base\":{\"8\":\"A\",\"9\":\"C\",\"10\":\"G\",\"11\":\"T\",\"12\":\"A\",\"13\":\"C\",\"14\":\"G\",\"15\":\"T\",\"0\":\"A\",\"1\":\"C\",\"2\":\"G\",\"3\":\"T\",\"4\":\"A\",\"5\":\"C\",\"6\":\"G\",\"7\":\"T\"},\"count\":{\"8\":27,\"9\":34,\"10\":57,\"11\":24,\"12\":22,\"13\":45,\"14\":43,\"15\":32,\"0\":15,\"1\":35,\"2\":39,\"3\":27,\"4\":19,\"5\":31,\"6\":35,\"7\":31},\"fitted\":{\"8\":24.6976364532,\"9\":37.4187280175,\"10\":54.9679475383,\"11\":24.915687991,\"12\":24.3023635468,\"13\":41.5812719825,\"14\":45.0320524617,\"15\":31.084312009,\"0\":17.3023635468,\"1\":31.5812719825,\"2\":41.0320524617,\"3\":26.084312009,\"4\":16.6976364532,\"5\":34.4187280175,\"6\":32.9679475383,\"7\":31.915687991},\"ret\":{\"8\":0.0046637433,\"9\":-0.006313115,\"10\":0.0040099969,\"11\":-0.0017415728,\"12\":-0.0042435765,\"13\":0.0068906352,\"14\":-0.0038478665,\"15\":0.0018004743,\"0\":-0.0041509568,\"1\":0.0069717677,\"2\":-0.0038389214,\"3\":0.0018053793,\"4\":0.004756326,\"5\":-0.0062849274,\"6\":0.0040570331,\"7\":-0.0017488849}}"}, "pos1": {"df": 3, "deviance": 9.796296049880441, "prob": 0.02037947368645703, "rel_entropy": 0.00949253493205469, "formula": "count ~ group * mut * base - group : mut : base", "stats": "{\"group\":{\"8\":\"1\",\"9\":\"1\",\"10\":\"1\",\"11\":\"1\",\"12\":\"1\",\"13\":\"1\",\"14\":\"1\",\"15\":\"1\",\"0\":\"2\",\"1\":\"2\",\"2\":\"2\",\"3\":\"2\",\"4\":\"2\",\"5\":\"2\",\"6\":\"2\",\"7\":\"2\"},\"mut\":{\"8\":\"M\",\"9\":\"M\",\"10\":\"M\",\"11\":\"M\",\"12\":\"R\",\"13\":\"R\",\"14\":\"R\",\"15\":\"R\",\"0\":\"M\",\"1\":\"M\",\"2\":\"M\",\"3\":\"M\",\"4\":\"R\",\"5\":\"R\",\"6\":\"R\",\"7\":\"R\"},\"base\":{\"8\":\"A\",\"9\":\"C\",\"10\":\"G\",\"11\":\"T\",\"12\":\"A\",\"13\":\"C\",\"14\":\"G\",\"15\":\"T\",\"0\":\"A\",\"1\":\"C\",\"2\":\"G\",\"3\":\"T\",\"4\":\"A\",\"5\":\"C\",\"6\":\"G\",\"7\":\"T\"},\"count\":{\"8\":81,\"9\":16,\"10\":31,\"11\":14,\"12\":34,\"13\":37,\"14\":37,\"15\":34,\"0\":22,\"1\":57,\"2\":19,\"3\":18,\"4\":14,\"5\":43,\"6\":26,\"7\":33},\"fitted\":{\"8\":76.8434482629,\"9\":22.901431936,\"10\":28.2339789999,\"11\":14.0211408012,\"12\":38.1565517371,\"13\":30.098568064,\"14\":39.7660210001,\"15\":33.9788591988,\"0\":26.1565517371,\"1\":50.098568064,\"2\":21.7660210001,\"3\":17.9788591988,\"4\":9.8434482629,\"5\":49.901431936,\"6\":23.2339789999,\"7\":33.0211408012},\"ret\":{\"8\":0.0082693688,\"9\":-0.0111197121,\"10\":0.0056149064,\"11\":-0.0000409396,\"12\":-0.0075997218,\"13\":0.0148028908,\"14\":-0.0051695949,\"15\":0.0000409833,\"0\":-0.0073784099,\"1\":0.0142565,\"2\":-0.0050044787,\"3\":0.0000409946,\"4\":0.0095572044,\"5\":-0.0124041319,\"6\":0.0056676331,\"7\":-0.0000409574}}"}, "pos3": {"df": 3, "deviance": 0.9342965873006635, "prob": 0.8171443463005749, "rel_entropy": 0.000905326150485139, "formula": "count ~ group * mut * base - group : mut : base", "stats": "{\"group\":{\"8\":\"1\",\"9\":\"1\",\"10\":\"1\",\"11\":\"1\",\"12\":\"1\",\"13\":\"1\",\"14\":\"1\",\"15\":\"1\",\"0\":\"2\",\"1\":\"2\",\"2\":\"2\",\"3\":\"2\",\"4\":\"2\",\"5\":\"2\",\"6\":\"2\",\"7\":\"2\"},\"mut\":{\"8\":\"M\",\"9\":\"M\",\"10\":\"M\",\"11\":\"M\",\"12\":\"R\",\"13\":\"R\",\"14\":\"R\",\"15\":\"R\",\"0\":\"M\",\"1\":\"M\",\"2\":\"M\",\"3\":\"M\",\"4\":\"R\",\"5\":\"R\",\"6\":\"R\",\"7\":\"R\"},\"base\":{\"8\":\"A\",\"9\":\"C\",\"10\":\"G\",\"11\":\"T\",\"12\":\"A\",\"13\":\"C\",\"14\":\"G\",\"15\":\"T\",\"0\":\"A\",\"1\":\"C\",\"2\":\"G\",\"3\":\"T\",\"4\":\"A\",\"5\":\"C\",\"6\":\"G\",\"7\":\"T\"},\"count\":{\"8\":35,\"9\":31,\"10\":30,\"11\":46,\"12\":38,\"13\":25,\"14\":28,\"15\":51,\"0\":36,\"1\":33,\"2\":20,\"3\":27,\"4\":31,\"5\":29,\"6\":19,\"7\":37},\"fitted\":{\"8\":37.2236323388,\"9\":30.5419841632,\"10\":30.0317849782,\"11\":44.2025985198,\"12\":35.7763676613,\"13\":25.4580158368,\"14\":27.9682150218,\"15\":52.7974014802,\"0\":33.7763676614,\"1\":33.4580158368,\"2\":19.9682150218,\"3\":28.7974014802,\"4\":33.2236323388,\"5\":28.5419841632,\"6\":19.0317849782,\"7\":35.2025985199},\"ret\":{\"8\":-0.0041780081,\"9\":0.0008942501,\"10\":-0.0000615662,\"11\":0.0035532164,\"12\":0.004440595,\"13\":-0.0008795946,\"14\":0.0000616338,\"15\":-0.0034233594,\"0\":0.004448202,\"1\":-0.0008815242,\"2\":0.0000616478,\"3\":-0.0033722943,\"4\":-0.0041618242,\"5\":0.0008947117,\"6\":-0.0000615473,\"7\":0.0035707876}}"}}