{"best_a_choice": 3.0, "param_alpha": {"3": 2.0, "0": 0.01, "4": 3.0, "1": 0.1, "2": 1.0}, "params": {"3": {"alpha": 2.0}, "0": {"alpha": 0.01}, "4": {"alpha": 3.0}, "1": {"alpha": 0.1}, "2": {"alpha": 1.0}}, "split0_test_score": {"3": 0.6485742518, "0": 0.6366145931, "4": 0.6495937637, "1": 0.6416494134, "2": 0.6472567288}, "rank_test_score": {"3": 2, "0": 5, "4": 1, "1": 4, "2": 3}}