{"param_alpha": {"4": 3.0, "3": 2.0, "1": 0.1, "2": 1.0, "0": 0.01}, "best_a_choice": 0.01, "params": {"4": {"alpha": 3.0}, "3": {"alpha": 2.0}, "1": {"alpha": 0.1}, "2": {"alpha": 1.0}, "0": {"alpha": 0.01}}, "split0_test_score": {"4": 0.6896290441, "3": 0.6900587487, "1": 0.6941166207, "2": 0.6909749484, "0": 0.6964905217}, "rank_test_score": {"4": 5, "3": 4, "1": 2, "2": 3, "0": 1}}