{"best_a_choice": 0.01, "rank_test_score": {"1": 2, "3": 4, "2": 3, "0": 1, "4": 5}, "param_alpha": {"1": 0.1, "3": 2.0, "2": 1.0, "0": 0.01, "4": 3.0}, "split0_test_score": {"1": 0.6882804225, "3": 0.6817469632, "2": 0.6834798042, "0": 0.6916545005, "4": 0.6806935181}, "params": {"1": {"alpha": 0.1}, "3": {"alpha": 2.0}, "2": {"alpha": 1.0}, "0": {"alpha": 0.01}, "4": {"alpha": 3.0}}}