{"Pos_0:Pos_2:Pos_3_GGA": 0.0, "Pos_0:Pos_1:Pos_2_GGG": 0.0, "Pos_0:Pos_1:Pos_2_ACT": 0.0, "Pos_1:Pos_2_TG": 0.0, "Pos_0:Pos_2:Pos_3_GCA": 0.0, "Pos_0:Pos_2:Pos_3_GCC": 0.0, "Pos_0:Pos_1:Pos_2_ATA": 0.0, "Pos_0:Pos_1_GC": -0.0011930996994047054, "Pos_0:Pos_1_AG": 0.0, "Pos_1:Pos_2_AT": 0.0, "Pos_1:Pos_3_AT": 0.0, "Pos_1:Pos_2_AA": 0.0, "Pos_0:Pos_1:Pos_2_TCC": 0.0, "Pos_1:Pos_2:Pos_3_GAT": 0.049888940720441664, "Pos_0:Pos_1_AA": 0.0, "Pos_0:Pos_2:Pos_3_GTT": -0.006433052642014789, "Pos_0:Pos_2:Pos_3_ATT": 0.0007884992609656633, "Pos_0:Pos_2:Pos_3_GTC": -0.007932499601778425, "Pos_1:Pos_2:Pos_3_GAG": 0.0, "Pos_0:Pos_2:Pos_3_ACC": -0.050318027024572554, "Pos_1:Pos_2:Pos_3_CTG": 0.0, "Pos_1:Pos_2:Pos_3_AGT": 0.0, "Pos_2_G": -0.0506308468561685, "Pos_0:Pos_1:Pos_3_CGT": -0.04605309061464442, "Pos_0:Pos_2:Pos_3_CGA": -0.004890306212254707, "Pos_0:Pos_1:Pos_3_TTT": 0.0, "Pos_0:Pos_2:Pos_3_GAC": -0.0011277443620237718, "Pos_1:Pos_2:Pos_3_CCA": 0.0, "Pos_2:Pos_3_TA": 0.0, "Pos_1:Pos_2:Pos_3_TCC": 0.0, "CtoG": -0.645826869789842, "Pos_0:Pos_2_AC": 0.0, "Pos_0:Pos_1:Pos_3_CCA": -0.004086828292661499, "TtoA": 0.45030564863106304, "Pos_0:Pos_1:Pos_2_CTA": -0.062169403730774404, "Pos_0:Pos_1:Pos_2_CCG": 0.0, "Pos_0:Pos_1:Pos_2_CGA": -0.03577930547159145, "Pos_2_A": 0.0, "Pos_0:Pos_1:Pos_3_ATC": -0.024783225441935144, "Pos_0:Pos_1:Pos_2_GTG": -0.08221836700573704, "Pos_0:Pos_1:Pos_2_TGG": 0.0008799388642072553, "Pos_0:Pos_1:Pos_3_AAC": 0.0, "Pos_1:Pos_3_GG": 0.0, "Pos_1:Pos_2:Pos_3_AGA": 0.0, "Pos_0:Pos_1:Pos_2_CGG": -0.06331770390582883, "Pos_0:Pos_1_GA": -0.06811562776932063, "Pos_1:Pos_2:Pos_3_TGA": -0.0027101718333771034, "Pos_1:Pos_2:Pos_3_ATA": -0.021114348754953053, "Pos_0:Pos_2:Pos_3_TAG": 0.0, "Pos_0:Pos_2:Pos_3_TCG": 0.031376609084950755, "Pos_0:Pos_3_CA": 0.0, "Pos_1:Pos_2:Pos_3_AAG": 0.0115625868088377, "Pos_0:Pos_1:Pos_3_AAA": 0.0, "Pos_0:Pos_1:Pos_3_CAA": 0.0, "Pos_0:Pos_2_GC": 0.0, "Pos_0:Pos_1:Pos_3_TCT": -0.045867508576455496, "Pos_2:Pos_3_AG": 0.05222310703737158, "Pos_2:Pos_3_AA": 0.0, "Pos_0:Pos_2:Pos_3_CCG": 0.0, "Pos_0:Pos_2:Pos_3_TAT": 0.01399518041636975, "Pos_0:Pos_3_TA": 0.0, "AtoG": 0.0, "Pos_0:Pos_1:Pos_3_ATG": 0.0, "Pos_0:Pos_2_TC": 0.0, "Pos_1_C": -0.026696467940143277, "Pos_1:Pos_2:Pos_3_CAA": -0.08404444931515609, "Pos_0:Pos_2:Pos_3_CAA": 0.0, "Pos_0:Pos_1:Pos_2_AGG": 0.0, "Pos_2:Pos_3_GA": -0.06224479296609469, "Pos_0:Pos_1:Pos_2_CTT": -0.05127771001824147, "Pos_0:Pos_3_TT": 0.0, "Pos_0:Pos_1:Pos_3_ACC": 0.01319958535249363, "Pos_0:Pos_1:Pos_2_TAA": 0.032131585944796176, "Pos_0:Pos_1_CG": -0.013750897172355243, "Pos_0:Pos_1:Pos_2_ATT": 0.0404542189874112, "Pos_0:Pos_1:Pos_3_AAT": 0.0, "Pos_1:Pos_2:Pos_3_TTA": 0.0, "Pos_0:Pos_2:Pos_3_CAT": -0.06863729691288674, "Pos_1:Pos_2_GA": 0.0, "Pos_1:Pos_2:Pos_3_TGT": -0.014233264516252444, "Pos_3_G": 0.0, "Pos_0:Pos_1:Pos_3_GGG": 0.0, "Pos_0:Pos_1:Pos_3_ACA": 0.0, "Pos_0_G": 0.0, "Pos_0:Pos_2_CG": 0.0, "Pos_0:Pos_2:Pos_3_CTG": 0.0, "Pos_1:Pos_2:Pos_3_CAT": 0.0, "Pos_2:Pos_3_TG": 0.0, "Pos_0:Pos_1:Pos_2_TTA": -0.00015859585178056192, "Pos_0:Pos_1:Pos_3_GTT": -0.05113758649235202, "Pos_1:Pos_3_CT": -0.06559591840430203, "Pos_0:Pos_2:Pos_3_TCA": 0.0, "Pos_0:Pos_1:Pos_2_AGT": 0.04906405209548266, "Pos_0:Pos_2:Pos_3_ATA": -0.04543129803992678, "Pos_1:Pos_3_GA": 0.0, "Pos_0:Pos_1:Pos_3_ATA": -0.02464817808099043, "Pos_1:Pos_2:Pos_3_CCG": 0.00534560112334703, "Pos_0:Pos_1:Pos_2_CCC": 0.0, "Pos_0:Pos_1:Pos_2_CAA": 0.04120879362967456, "Pos_0:Pos_1:Pos_2_TTT": 0.09212597813357483, "Pos_1:Pos_2:Pos_3_CTT": 0.0, "Pos_0:Pos_1:Pos_2_GAG": 0.0, "Pos_0:Pos_1:Pos_2_GAA": 0.0, "Pos_2:Pos_3_GC": 0.0, "Pos_0:Pos_1_TG": 0.06182389422058035, "Pos_0:Pos_1:Pos_3_GGA": 0.0, "Pos_0:Pos_1:Pos_3_AAG": 0.0, "Pos_1:Pos_2:Pos_3_GAA": 0.02139420587305305, "Pos_0:Pos_1:Pos_2_CGC": 0.0, "Pos_1:Pos_2:Pos_3_AGC": 0.0, "Pos_0:Pos_3_AT": 0.0, "Pos_1:Pos_2:Pos_3_TCG": -0.058122969237771736, "Pos_1:Pos_2:Pos_3_GCA": 0.0, "Pos_1:Pos_2:Pos_3_TGC": 0.007658598107476985, "Pos_0:Pos_1:Pos_2_GCG": -0.03846090251525473, "Pos_0:Pos_2:Pos_3_AGG": 0.0, "Pos_0:Pos_1:Pos_3_CCT": 0.041608049473569206, "Pos_0:Pos_2_TT": 0.0, "Pos_0:Pos_2_TA": 0.0, "Pos_1:Pos_2_GG": 0.0, "Pos_0:Pos_1:Pos_3_TCG": 0.0, "Pos_0:Pos_1:Pos_2_GAT": -0.052098248775250176, "Pos_1:Pos_2:Pos_3_CGG": 0.0, "Pos_2:Pos_3_CT": 0.0, "Pos_0:Pos_1:Pos_3_GGT": 0.016126771853216492, "Pos_0:Pos_1:Pos_2_CCA": -0.029082372719118357, "Pos_0:Pos_1:Pos_2_TAC": 0.0024038592603558783, "Pos_0:Pos_1:Pos_2_ACC": -0.07121263552903072, "Pos_1:Pos_2:Pos_3_GGC": 0.01876254352915922, "Pos_0:Pos_1:Pos_2_TTG": 0.017909709916903185, "Pos_0:Pos_1:Pos_3_CGC": 0.0, "Pos_1:Pos_2:Pos_3_GCT": 0.0, "Pos_0:Pos_3_TC": 0.0, "GtoT": 0.03469720324822566, "Pos_1:Pos_2:Pos_3_CTC": 0.0, "Pos_0:Pos_2:Pos_3_TAA": 0.054412364144299265, "Pos_0:Pos_1_GT": 0.0, "Pos_0:Pos_1:Pos_3_GTC": 0.005114351452494195, "Pos_0:Pos_1:Pos_3_CTG": 0.0, "Pos_0:Pos_1:Pos_3_TCA": 0.0038792389636206543, "Pos_0:Pos_1:Pos_3_GAC": -0.004949678208283386, "Pos_0:Pos_2:Pos_3_CGC": -0.03636549818867349, "Pos_0:Pos_3_CC": 0.0, "Pos_0:Pos_1:Pos_2_AGC": 0.0, "Pos_0:Pos_2:Pos_3_AAT": -0.0029445113906326186, "Pos_0:Pos_3_GC": 0.0, "Pos_0:Pos_3_GA": 0.0, "Pos_1:Pos_2:Pos_3_TCA": 0.0, "Pos_0:Pos_1_CA": 0.0, "Pos_0_C": 0.0, "Pos_1:Pos_2:Pos_3_GTG": 0.0, "Pos_0:Pos_2:Pos_3_CAC": 0.0, "Pos_0:Pos_2_GA": 0.0, "Pos_0:Pos_2:Pos_3_ACT": 0.011143619082456034, "Pos_1:Pos_2:Pos_3_AAC": 0.006655588317111125, "Pos_1:Pos_3_AC": 0.0, "Pos_0:Pos_2:Pos_3_GGG": -0.009390572369578378, "Pos_1:Pos_3_GC": 0.033943045650533146, "Pos_0:Pos_1:Pos_2_AAC": 0.009579698431518619, "Pos_0:Pos_1:Pos_2_TAT": 0.0, "Pos_1:Pos_2:Pos_3_GGG": -0.004482454204180387, "Pos_0:Pos_2:Pos_3_TTA": -0.020882330215693617, "Pos_0:Pos_2_CC": 0.0, "Pos_0:Pos_2:Pos_3_TGA": 0.0, "Pos_0:Pos_1:Pos_3_TAG": 0.020529035551181567, "Pos_1:Pos_2:Pos_3_TTC": -0.0050175896779005216, "Pos_1:Pos_2_AC": 0.0, "Pos_1:Pos_2:Pos_3_TCT": 0.0, "Pos_0:Pos_3_TG": 0.0, "Pos_2_C": 0.10072530270561354, "Pos_0:Pos_1:Pos_3_CGG": 0.0, "Pos_1:Pos_2_TA": -0.0018271695863511007, "AtoT": 0.40808501484103654, "Pos_2:Pos_3_CG": 0.0, "Pos_1:Pos_2:Pos_3_ATT": 0.0, "Pos_0:Pos_2:Pos_3_GCG": 0.004352644824168744, "Pos_0:Pos_1_GG": 0.0, "Pos_0:Pos_3_CT": 0.0, "Pos_0:Pos_1:Pos_2_GTT": 0.0, "Pos_0:Pos_2:Pos_3_AGT": -0.02986460210784536, "Pos_0:Pos_2:Pos_3_CTC": 0.0, "GtoA": -0.41035794068328274, "Pos_0:Pos_1:Pos_3_ACT": -0.013790647446882296, "Pos_0:Pos_1:Pos_3_AGC": 0.025567809984753564, "Pos_0:Pos_1:Pos_2_CAT": 0.01569610720676951, "Pos_1:Pos_3_CG": 0.01241160706089751, "Pos_1:Pos_2:Pos_3_TTT": 0.007145040997145433, "Pos_0:Pos_1:Pos_3_TAC": 0.0, "Pos_0:Pos_1:Pos_3_CAG": -0.033036441694460954, "Pos_1:Pos_2:Pos_3_TAC": 0.0, "Pos_1:Pos_2:Pos_3_TAA": -0.03308260125229694, "Pos_0:Pos_2:Pos_3_CGT": 0.013060418220247191, "Pos_0:Pos_2:Pos_3_GTA": 0.0, "Pos_1_A": 0.0, "Pos_0:Pos_1_CC": 0.0, "Pos_0:Pos_2_TG": 0.0, "Pos_1:Pos_2_CG": -0.07065104055906854, "Pos_0:Pos_1:Pos_2_GCT": 0.0, "Pos_0:Pos_2:Pos_3_AGC": 0.02056882414068359, "CtoT": -0.48820284539397896, "Pos_0:Pos_2_CT": 0.0, "Pos_0:Pos_1:Pos_3_TAT": 0.03171516605323837, "Pos_3_C": 0.0, "Pos_0:Pos_2:Pos_3_GCT": 0.0, "Pos_1:Pos_2:Pos_3_ATC": 0.0, "Pos_0:Pos_1_TT": 0.0, "Pos_1:Pos_2:Pos_3_ACT": 0.033269019818346644, "Pos_1:Pos_3_CA": 0.0, "Pos_1:Pos_2:Pos_3_GGT": 0.0, "Pos_0:Pos_1:Pos_2_TAG": -0.0776445804575289, "Pos_0:Pos_1:Pos_3_GCG": 0.0, "Pos_0:Pos_2:Pos_3_GTG": 0.0050784821950110096, "Pos_0:Pos_2:Pos_3_ATC": 0.0, "Pos_0:Pos_2:Pos_3_TGC": 0.013555607353054258, "Pos_1:Pos_2_GT": 0.0, "Pos_0:Pos_1:Pos_3_CAC": 0.0, "Pos_0:Pos_1:Pos_2_ACA": 0.0008040806017489247, "Pos_0:Pos_1_AT": 0.0, "Pos_0:Pos_1:Pos_3_GAT": -0.012289178495878716, "Pos_0:Pos_1:Pos_3_TGG": 0.0, "Pos_0:Pos_1:Pos_2_GTA": 0.003908123215873978, "Pos_1:Pos_2:Pos_3_AGG": 0.0, "Pos_1:Pos_2_CA": 0.0, "Pos_0:Pos_1:Pos_3_GTA": 0.0, "Pos_1:Pos_3_AA": 0.0, "Pos_2:Pos_3_TC": 0.0, "Pos_1:Pos_2:Pos_3_ACC": -0.0023159651255185033, "Pos_2:Pos_3_AC": 0.0, "Pos_0:Pos_1:Pos_2_GCA": 0.0, "Pos_0:Pos_1:Pos_2_TCA": -0.013970990377138654,