{"param_alpha": {"2": 1.0, "4": 3.0, "0": 0.01, "3": 2.0, "1": 0.1}, "best_a_choice": 0.01, "split0_test_score": {"2": 0.6564046413, "4": 0.656090707, "0": 0.6613655665, "3": 0.656072577, "1": 0.6587591485}, "params": {"2": {"alpha": 1.0}, "4": {"alpha": 3.0}, "0": {"alpha": 0.01}, "3": {"alpha": 2.0}, "1": {"alpha": 0.1}}, "rank_test_score": {"2": 3, "4": 4, "0": 1, "3": 5, "1": 2}}