{"Pos_0_C": -0.000688205398248635, "Pos_3_G": -0.16314584518368164, "Pos_1_T": 0.15658608830853404, "AtoC": -0.03187427773767032, "Pos_4_T": 0.07531072755592029, "Pos_2_G": 0.2832384750259475, "Pos_0_T": 0.2374617642619052, "Pos_1_G": -0.04103141482948393, "TtoG": 0.5567119562421993, "Pos_3_A": 0.0, "TtoA": 1.1186334122110138, "Pos_0_A": 0.10476732634318779, "Pos_3_T": 0.11549992948727796, "Pos_5_A": 0.16752584701538006, "Pos_4_G": 0.061464722917141106, "Pos_4_A": 0.0, "Pos_1_C": 0.0, "Pos_4_C": -0.055869523586788726, "AtoT": 1.0979423517083224, "GtoA": -0.22208317824225857, "Pos_5_G": -0.00107725239874478, "Pos_5_C": 0.0, "AtoG": 0.33436276456752145, "Pos_1_A": 0.09719260936901766, "GtoC": -2.117184550300431, "CtoG": -2.0444079021476034, "GtoT": 0.587824243811508, "Pos_2_T": 0.0, "Pos_2_A": 0.029273634348626586, "Pos_5_T": 0.07266456757307187, "Pos_0_G": 0.0, "Pos_3_C": 0.23195411710796204, "Pos_2_C": -0.14407436232688103, "CtoT": -0.2752385700976472, "CtoA": 0.4705784255056623, "TtoC": 0.33548174429885164}